"MTU (CET/CEST)","Area","Sequence","Day-ahead Price (EUR/MWh)","Intraday Period (CET/CEST)","Intraday Price (EUR/MWh)"
"01/01/2024 00:00:00 - 01/01/2024 01:00:00","BZN|BE","Without sequence","0.1","",""
"01/01/2024 01:00:00 - 01/01/2024 02:00:00","BZN|BE","Without sequence","0.01","",""
"01/01/2024 02:00:00 - 01/01/2024 03:00:00","BZN|BE","Without sequence","0.0","",""
"01/01/2024 03:00:00 - 01/01/2024 04:00:00","BZN|BE","Without sequence","-0.01","",""
"01/01/2024 04:00:00 - 01/01/2024 05:00:00","BZN|BE","Without sequence","-0.03","",""
"01/01/2024 05:00:00 - 01/01/2024 06:00:00","BZN|BE","Without sequence","-0.02","",""
"01/01/2024 06:00:00 - 01/01/2024 07:00:00","BZN|BE","Without sequence","-0.05","",""
"01/01/2024 07:00:00 - 01/01/2024 08:00:00","BZN|BE","Without sequence","-0.02","",""
"01/01/2024 08:00:00 - 01/01/2024 09:00:00","BZN|BE","Without sequence","0.0","",""
"01/01/2024 09:00:00 - 01/01/2024 10:00:00","BZN|BE","Without sequence","0.04","",""
"01/01/2024 10:00:00 - 01/01/2024 11:00:00","BZN|BE","Without sequence","0.06","",""
"01/01/2024 11:00:00 - 01/01/2024 12:00:00","BZN|BE","Without sequence","0.54","",""
"01/01/2024 12:00:00 - 01/01/2024 13:00:00","BZN|BE","Without sequence","2.24","",""
"01/01/2024 13:00:00 - 01/01/2024 14:00:00","BZN|BE","Without sequence","2.0","",""
"01/01/2024 14:00:00 - 01/01/2024 15:00:00","BZN|BE","Without sequence","1.35","",""
"01/01/2024 15:00:00 - 01/01/2024 16:00:00","BZN|BE","Without sequence","4.13","",""
"01/01/2024 16:00:00 - 01/01/2024 17:00:00","BZN|BE","Without sequence","27.96","",""
"01/01/2024 17:00:00 - 01/01/2024 18:00:00","BZN|BE","Without sequence","50.37","",""
"01/01/2024 18:00:00 - 01/01/2024 19:00:00","BZN|BE","Without sequence","53.76","",""
"01/01/2024 19:00:00 - 01/01/2024 20:00:00","BZN|BE","Without sequence","56.77","",""
"01/01/2024 20:00:00 - 01/01/2024 21:00:00","BZN|BE","Without sequence","51.4","",""
"01/01/2024 21:00:00 - 01/01/2024 22:00:00","BZN|BE","Without sequence","35.39","",""
"01/01/2024 22:00:00 - 01/01/2024 23:00:00","BZN|BE","Without sequence","40.74","",""
"01/01/2024 23:00:00 - 02/01/2024 00:00:00","BZN|BE","Without sequence","35.55","",""
"02/01/2024 00:00:00 - 02/01/2024 01:00:00","BZN|BE","Without sequence","23.92","",""
"02/01/2024 01:00:00 - 02/01/2024 02:00:00","BZN|BE","Without sequence","17.7","",""
"02/01/2024 02:00:00 - 02/01/2024 03:00:00","BZN|BE","Without sequence","12.39","",""
"02/01/2024 03:00:00 - 02/01/2024 04:00:00","BZN|BE","Without sequence","7.35","",""
"02/01/2024 04:00:00 - 02/01/2024 05:00:00","BZN|BE","Without sequence","4.19","",""
"02/01/2024 05:00:00 - 02/01/2024 06:00:00","BZN|BE","Without sequence","4.75","",""
"02/01/2024 06:00:00 - 02/01/2024 07:00:00","BZN|BE","Without sequence","31.59","",""
"02/01/2024 07:00:00 - 02/01/2024 08:00:00","BZN|BE","Without sequence","49.96","",""
"02/01/2024 08:00:00 - 02/01/2024 09:00:00","BZN|BE","Without sequence","58.46","",""
"02/01/2024 09:00:00 - 02/01/2024 10:00:00","BZN|BE","Without sequence","59.05","",""
"02/01/2024 10:00:00 - 02/01/2024 11:00:00","BZN|BE","Without sequence","68.65","",""
"02/01/2024 11:00:00 - 02/01/2024 12:00:00","BZN|BE","Without sequence","74.18","",""
"02/01/2024 12:00:00 - 02/01/2024 13:00:00","BZN|BE","Without sequence","65.02","",""
"02/01/2024 13:00:00 - 02/01/2024 14:00:00","BZN|BE","Without sequence","64.71","",""
"02/01/2024 14:00:00 - 02/01/2024 15:00:00","BZN|BE","Without sequence","66.74","",""
"02/01/2024 15:00:00 - 02/01/2024 16:00:00","BZN|BE","Without sequence","64.43","",""
"02/01/2024 16:00:00 - 02/01/2024 17:00:00","BZN|BE","Without sequence","65.04","",""
"02/01/2024 17:00:00 - 02/01/2024 18:00:00","BZN|BE","Without sequence","73.85","",""
"02/01/2024 18:00:00 - 02/01/2024 19:00:00","BZN|BE","Without sequence","66.62","",""
"02/01/2024 19:00:00 - 02/01/2024 20:00:00","BZN|BE","Without sequence","64.36","",""
"02/01/2024 20:00:00 - 02/01/2024 21:00:00","BZN|BE","Without sequence","60.0","",""
"02/01/2024 21:00:00 - 02/01/2024 22:00:00","BZN|BE","Without sequence","49.5","",""
"02/01/2024 22:00:00 - 02/01/2024 23:00:00","BZN|BE","Without sequence","44.19","",""
"02/01/2024 23:00:00 - 03/01/2024 00:00:00","BZN|BE","Without sequence","26.83","",""
"03/01/2024 00:00:00 - 03/01/2024 01:00:00","BZN|BE","Without sequence","0.0","",""
"03/01/2024 01:00:00 - 03/01/2024 02:00:00","BZN|BE","Without sequence","-1.23","",""
"03/01/2024 02:00:00 - 03/01/2024 03:00:00","BZN|BE","Without sequence","-1.26","",""
"03/01/2024 03:00:00 - 03/01/2024 04:00:00","BZN|BE","Without sequence","-1.31","",""
"03/01/2024 04:00:00 - 03/01/2024 05:00:00","BZN|BE","Without sequence","-1.39","",""
"03/01/2024 05:00:00 - 03/01/2024 06:00:00","BZN|BE","Without sequence","-1.26","",""
"03/01/2024 06:00:00 - 03/01/2024 07:00:00","BZN|BE","Without sequence","2.58","",""
"03/01/2024 07:00:00 - 03/01/2024 08:00:00","BZN|BE","Without sequence","40.8","",""
"03/01/2024 08:00:00 - 03/01/2024 09:00:00","BZN|BE","Without sequence","62.56","",""
"03/01/2024 09:00:00 - 03/01/2024 10:00:00","BZN|BE","Without sequence","67.39","",""
"03/01/2024 10:00:00 - 03/01/2024 11:00:00","BZN|BE","Without sequence","62.92","",""
"03/01/2024 11:00:00 - 03/01/2024 12:00:00","BZN|BE","Without sequence","58.84","",""
"03/01/2024 12:00:00 - 03/01/2024 13:00:00","BZN|BE","Without sequence","55.94","",""
"03/01/2024 13:00:00 - 03/01/2024 14:00:00","BZN|BE","Without sequence","56.18","",""
"03/01/2024 14:00:00 - 03/01/2024 15:00:00","BZN|BE","Without sequence","60.91","",""
"03/01/2024 15:00:00 - 03/01/2024 16:00:00","BZN|BE","Without sequence","68.72","",""
"03/01/2024 16:00:00 - 03/01/2024 17:00:00","BZN|BE","Without sequence","71.56","",""
"03/01/2024 17:00:00 - 03/01/2024 18:00:00","BZN|BE","Without sequence","85.72","",""
"03/01/2024 18:00:00 - 03/01/2024 19:00:00","BZN|BE","Without sequence","92.38","",""
"03/01/2024 19:00:00 - 03/01/2024 20:00:00","BZN|BE","Without sequence","86.07","",""
"03/01/2024 20:00:00 - 03/01/2024 21:00:00","BZN|BE","Without sequence","73.23","",""
"03/01/2024 21:00:00 - 03/01/2024 22:00:00","BZN|BE","Without sequence","67.41","",""
"03/01/2024 22:00:00 - 03/01/2024 23:00:00","BZN|BE","Without sequence","65.0","",""
"03/01/2024 23:00:00 - 04/01/2024 00:00:00","BZN|BE","Without sequence","58.12","",""
"04/01/2024 00:00:00 - 04/01/2024 01:00:00","BZN|BE","Without sequence","57.3","",""
"04/01/2024 01:00:00 - 04/01/2024 02:00:00","BZN|BE","Without sequence","50.46","",""
"04/01/2024 02:00:00 - 04/01/2024 03:00:00","BZN|BE","Without sequence","40.0","",""
"04/01/2024 03:00:00 - 04/01/2024 04:00:00","BZN|BE","Without sequence","25.48","",""
"04/01/2024 04:00:00 - 04/01/2024 05:00:00","BZN|BE","Without sequence","35.0","",""
"04/01/2024 05:00:00 - 04/01/2024 06:00:00","BZN|BE","Without sequence","57.73","",""
"04/01/2024 06:00:00 - 04/01/2024 07:00:00","BZN|BE","Without sequence","72.65","",""
"04/01/2024 07:00:00 - 04/01/2024 08:00:00","BZN|BE","Without sequence","85.02","",""
"04/01/2024 08:00:00 - 04/01/2024 09:00:00","BZN|BE","Without sequence","91.47","",""
"04/01/2024 09:00:00 - 04/01/2024 10:00:00","BZN|BE","Without sequence","94.2","",""
"04/01/2024 10:00:00 - 04/01/2024 11:00:00","BZN|BE","Without sequence","91.59","",""
"04/01/2024 11:00:00 - 04/01/2024 12:00:00","BZN|BE","Without sequence","90.0","",""
"04/01/2024 12:00:00 - 04/01/2024 13:00:00","BZN|BE","Without sequence","86.26","",""
"04/01/2024 13:00:00 - 04/01/2024 14:00:00","BZN|BE","Without sequence","85.96","",""
"04/01/2024 14:00:00 - 04/01/2024 15:00:00","BZN|BE","Without sequence","92.11","",""
"04/01/2024 15:00:00 - 04/01/2024 16:00:00","BZN|BE","Without sequence","98.62","",""
"04/01/2024 16:00:00 - 04/01/2024 17:00:00","BZN|BE","Without sequence","101.93","",""
"04/01/2024 17:00:00 - 04/01/2024 18:00:00","BZN|BE","Without sequence","121.22","",""
"04/01/2024 18:00:00 - 04/01/2024 19:00:00","BZN|BE","Without sequence","129.28","",""
"04/01/2024 19:00:00 - 04/01/2024 20:00:00","BZN|BE","Without sequence","110.95","",""
"04/01/2024 20:00:00 - 04/01/2024 21:00:00","BZN|BE","Without sequence","96.94","",""
"04/01/2024 21:00:00 - 04/01/2024 22:00:00","BZN|BE","Without sequence","88.5","",""
"04/01/2024 22:00:00 - 04/01/2024 23:00:00","BZN|BE","Without sequence","85.07","",""
"04/01/2024 23:00:00 - 05/01/2024 00:00:00","BZN|BE","Without sequence","87.67","",""
"05/01/2024 00:00:00 - 05/01/2024 01:00:00","BZN|BE","Without sequence","86.08","",""
"05/01/2024 01:00:00 - 05/01/2024 02:00:00","BZN|BE","Without sequence","80.51","",""
"05/01/2024 02:00:00 - 05/01/2024 03:00:00","BZN|BE","Without sequence","77.01","",""
"05/01/2024 03:00:00 - 05/01/2024 04:00:00","BZN|BE","Without sequence","71.7","",""
"05/01/2024 04:00:00 - 05/01/2024 05:00:00","BZN|BE","Without sequence","66.34","",""
"05/01/2024 05:00:00 - 05/01/2024 06:00:00","BZN|BE","Without sequence","71.42","",""
"05/01/2024 06:00:00 - 05/01/2024 07:00:00","BZN|BE","Without sequence","77.3","",""
"05/01/2024 07:00:00 - 05/01/2024 08:00:00","BZN|BE","Without sequence","87.6","",""
"05/01/2024 08:00:00 - 05/01/2024 09:00:00","BZN|BE","Without sequence","90.14","",""
"05/01/2024 09:00:00 - 05/01/2024 10:00:00","BZN|BE","Without sequence","95.12","",""
"05/01/2024 10:00:00 - 05/01/2024 11:00:00","BZN|BE","Without sequence","96.32","",""
"05/01/2024 11:00:00 - 05/01/2024 12:00:00","BZN|BE","Without sequence","98.23","",""
"05/01/2024 12:00:00 - 05/01/2024 13:00:00","BZN|BE","Without sequence","92.4","",""
"05/01/2024 13:00:00 - 05/01/2024 14:00:00","BZN|BE","Without sequence","91.92","",""
"05/01/2024 14:00:00 - 05/01/2024 15:00:00","BZN|BE","Without sequence","96.87","",""
"05/01/2024 15:00:00 - 05/01/2024 16:00:00","BZN|BE","Without sequence","100.46","",""
"05/01/2024 16:00:00 - 05/01/2024 17:00:00","BZN|BE","Without sequence","103.33","",""
"05/01/2024 17:00:00 - 05/01/2024 18:00:00","BZN|BE","Without sequence","107.65","",""
"05/01/2024 18:00:00 - 05/01/2024 19:00:00","BZN|BE","Without sequence","108.58","",""
"05/01/2024 19:00:00 - 05/01/2024 20:00:00","BZN|BE","Without sequence","104.15","",""
"05/01/2024 20:00:00 - 05/01/2024 21:00:00","BZN|BE","Without sequence","100.28","",""
"05/01/2024 21:00:00 - 05/01/2024 22:00:00","BZN|BE","Without sequence","94.29","",""
"05/01/2024 22:00:00 - 05/01/2024 23:00:00","BZN|BE","Without sequence","94.92","",""
"05/01/2024 23:00:00 - 06/01/2024 00:00:00","BZN|BE","Without sequence","86.8","",""
"06/01/2024 00:00:00 - 06/01/2024 01:00:00","BZN|BE","Without sequence","82.25","",""
"06/01/2024 01:00:00 - 06/01/2024 02:00:00","BZN|BE","Without sequence","80.2","",""
"06/01/2024 02:00:00 - 06/01/2024 03:00:00","BZN|BE","Without sequence","76.13","",""
"06/01/2024 03:00:00 - 06/01/2024 04:00:00","BZN|BE","Without sequence","73.01","",""
"06/01/2024 04:00:00 - 06/01/2024 05:00:00","BZN|BE","Without sequence","73.01","",""
"06/01/2024 05:00:00 - 06/01/2024 06:00:00","BZN|BE","Without sequence","74.59","",""
"06/01/2024 06:00:00 - 06/01/2024 07:00:00","BZN|BE","Without sequence","75.1","",""
"06/01/2024 07:00:00 - 06/01/2024 08:00:00","BZN|BE","Without sequence","81.39","",""
"06/01/2024 08:00:00 - 06/01/2024 09:00:00","BZN|BE","Without sequence","88.4","",""
"06/01/2024 09:00:00 - 06/01/2024 10:00:00","BZN|BE","Without sequence","92.23","",""
"06/01/2024 10:00:00 - 06/01/2024 11:00:00","BZN|BE","Without sequence","97.3","",""
"06/01/2024 11:00:00 - 06/01/2024 12:00:00","BZN|BE","Without sequence","100.42","",""
"06/01/2024 12:00:00 - 06/01/2024 13:00:00","BZN|BE","Without sequence","99.16","",""
"06/01/2024 13:00:00 - 06/01/2024 14:00:00","BZN|BE","Without sequence","92.2","",""
"06/01/2024 14:00:00 - 06/01/2024 15:00:00","BZN|BE","Without sequence","92.11","",""
"06/01/2024 15:00:00 - 06/01/2024 16:00:00","BZN|BE","Without sequence","90.42","",""
"06/01/2024 16:00:00 - 06/01/2024 17:00:00","BZN|BE","Without sequence","91.33","",""
"06/01/2024 17:00:00 - 06/01/2024 18:00:00","BZN|BE","Without sequence","104.41","",""
"06/01/2024 18:00:00 - 06/01/2024 19:00:00","BZN|BE","Without sequence","103.63","",""
"06/01/2024 19:00:00 - 06/01/2024 20:00:00","BZN|BE","Without sequence","99.0","",""
"06/01/2024 20:00:00 - 06/01/2024 21:00:00","BZN|BE","Without sequence","92.14","",""
"06/01/2024 21:00:00 - 06/01/2024 22:00:00","BZN|BE","Without sequence","88.0","",""
"06/01/2024 22:00:00 - 06/01/2024 23:00:00","BZN|BE","Without sequence","86.57","",""
"06/01/2024 23:00:00 - 07/01/2024 00:00:00","BZN|BE","Without sequence","79.87","",""
"07/01/2024 00:00:00 - 07/01/2024 01:00:00","BZN|BE","Without sequence","84.08","",""
"07/01/2024 01:00:00 - 07/01/2024 02:00:00","BZN|BE","Without sequence","79.82","",""
"07/01/2024 02:00:00 - 07/01/2024 03:00:00","BZN|BE","Without sequence","76.76","",""
"07/01/2024 03:00:00 - 07/01/2024 04:00:00","BZN|BE","Without sequence","73.46","",""
"07/01/2024 04:00:00 - 07/01/2024 05:00:00","BZN|BE","Without sequence","71.86","",""
"07/01/2024 05:00:00 - 07/01/2024 06:00:00","BZN|BE","Without sequence","72.08","",""
"07/01/2024 06:00:00 - 07/01/2024 07:00:00","BZN|BE","Without sequence","74.9","",""
"07/01/2024 07:00:00 - 07/01/2024 08:00:00","BZN|BE","Without sequence","77.69","",""
"07/01/2024 08:00:00 - 07/01/2024 09:00:00","BZN|BE","Without sequence","81.79","",""
"07/01/2024 09:00:00 - 07/01/2024 10:00:00","BZN|BE","Without sequence","84.86","",""
"07/01/2024 10:00:00 - 07/01/2024 11:00:00","BZN|BE","Without sequence","87.14","",""
"07/01/2024 11:00:00 - 07/01/2024 12:00:00","BZN|BE","Without sequence","89.13","",""
"07/01/2024 12:00:00 - 07/01/2024 13:00:00","BZN|BE","Without sequence","88.66","",""
"07/01/2024 13:00:00 - 07/01/2024 14:00:00","BZN|BE","Without sequence","84.81","",""
"07/01/2024 14:00:00 - 07/01/2024 15:00:00","BZN|BE","Without sequence","84.34","",""
"07/01/2024 15:00:00 - 07/01/2024 16:00:00","BZN|BE","Without sequence","88.01","",""
"07/01/2024 16:00:00 - 07/01/2024 17:00:00","BZN|BE","Without sequence","93.42","",""
"07/01/2024 17:00:00 - 07/01/2024 18:00:00","BZN|BE","Without sequence","101.77","",""
"07/01/2024 18:00:00 - 07/01/2024 19:00:00","BZN|BE","Without sequence","104.85","",""
"07/01/2024 19:00:00 - 07/01/2024 20:00:00","BZN|BE","Without sequence","103.55","",""
"07/01/2024 20:00:00 - 07/01/2024 21:00:00","BZN|BE","Without sequence","100.5","",""
"07/01/2024 21:00:00 - 07/01/2024 22:00:00","BZN|BE","Without sequence","93.31","",""
"07/01/2024 22:00:00 - 07/01/2024 23:00:00","BZN|BE","Without sequence","91.17","",""
"07/01/2024 23:00:00 - 08/01/2024 00:00:00","BZN|BE","Without sequence","83.86","",""
"08/01/2024 00:00:00 - 08/01/2024 01:00:00","BZN|BE","Without sequence","87.03","",""
"08/01/2024 01:00:00 - 08/01/2024 02:00:00","BZN|BE","Without sequence","84.3","",""
"08/01/2024 02:00:00 - 08/01/2024 03:00:00","BZN|BE","Without sequence","81.69","",""
"08/01/2024 03:00:00 - 08/01/2024 04:00:00","BZN|BE","Without sequence","78.97","",""
"08/01/2024 04:00:00 - 08/01/2024 05:00:00","BZN|BE","Without sequence","78.46","",""
"08/01/2024 05:00:00 - 08/01/2024 06:00:00","BZN|BE","Without sequence","82.1","",""
"08/01/2024 06:00:00 - 08/01/2024 07:00:00","BZN|BE","Without sequence","94.3","",""
"08/01/2024 07:00:00 - 08/01/2024 08:00:00","BZN|BE","Without sequence","111.08","",""
"08/01/2024 08:00:00 - 08/01/2024 09:00:00","BZN|BE","Without sequence","121.11","",""
"08/01/2024 09:00:00 - 08/01/2024 10:00:00","BZN|BE","Without sequence","117.83","",""
"08/01/2024 10:00:00 - 08/01/2024 11:00:00","BZN|BE","Without sequence","110.59","",""
"08/01/2024 11:00:00 - 08/01/2024 12:00:00","BZN|BE","Without sequence","103.0","",""
"08/01/2024 12:00:00 - 08/01/2024 13:00:00","BZN|BE","Without sequence","95.46","",""
"08/01/2024 13:00:00 - 08/01/2024 14:00:00","BZN|BE","Without sequence","94.58","",""
"08/01/2024 14:00:00 - 08/01/2024 15:00:00","BZN|BE","Without sequence","100.0","",""
"08/01/2024 15:00:00 - 08/01/2024 16:00:00","BZN|BE","Without sequence","107.98","",""
"08/01/2024 16:00:00 - 08/01/2024 17:00:00","BZN|BE","Without sequence","116.81","",""
"08/01/2024 17:00:00 - 08/01/2024 18:00:00","BZN|BE","Without sequence","129.19","",""
"08/01/2024 18:00:00 - 08/01/2024 19:00:00","BZN|BE","Without sequence","129.99","",""
"08/01/2024 19:00:00 - 08/01/2024 20:00:00","BZN|BE","Without sequence","121.85","",""
"08/01/2024 20:00:00 - 08/01/2024 21:00:00","BZN|BE","Without sequence","114.16","",""
"08/01/2024 21:00:00 - 08/01/2024 22:00:00","BZN|BE","Without sequence","102.48","",""
"08/01/2024 22:00:00 - 08/01/2024 23:00:00","BZN|BE","Without sequence","99.75","",""
"08/01/2024 23:00:00 - 09/01/2024 00:00:00","BZN|BE","Without sequence","91.49","",""
"09/01/2024 00:00:00 - 09/01/2024 01:00:00","BZN|BE","Without sequence","84.51","",""
"09/01/2024 01:00:00 - 09/01/2024 02:00:00","BZN|BE","Without sequence","83.29","",""
"09/01/2024 02:00:00 - 09/01/2024 03:00:00","BZN|BE","Without sequence","85.0","",""
"09/01/2024 03:00:00 - 09/01/2024 04:00:00","BZN|BE","Without sequence","83.89","",""
"09/01/2024 04:00:00 - 09/01/2024 05:00:00","BZN|BE","Without sequence","82.45","",""
"09/01/2024 05:00:00 - 09/01/2024 06:00:00","BZN|BE","Without sequence","88.29","",""
"09/01/2024 06:00:00 - 09/01/2024 07:00:00","BZN|BE","Without sequence","99.83","",""
"09/01/2024 07:00:00 - 09/01/2024 08:00:00","BZN|BE","Without sequence","112.16","",""
"09/01/2024 08:00:00 - 09/01/2024 09:00:00","BZN|BE","Without sequence","130.5","",""
"09/01/2024 09:00:00 - 09/01/2024 10:00:00","BZN|BE","Without sequence","120.69","",""
"09/01/2024 10:00:00 - 09/01/2024 11:00:00","BZN|BE","Without sequence","109.08","",""
"09/01/2024 11:00:00 - 09/01/2024 12:00:00","BZN|BE","Without sequence","102.1","",""
"09/01/2024 12:00:00 - 09/01/2024 13:00:00","BZN|BE","Without sequence","92.22","",""
"09/01/2024 13:00:00 - 09/01/2024 14:00:00","BZN|BE","Without sequence","92.11","",""
"09/01/2024 14:00:00 - 09/01/2024 15:00:00","BZN|BE","Without sequence","101.19","",""
"09/01/2024 15:00:00 - 09/01/2024 16:00:00","BZN|BE","Without sequence","112.35","",""
"09/01/2024 16:00:00 - 09/01/2024 17:00:00","BZN|BE","Without sequence","122.38","",""
"09/01/2024 17:00:00 - 09/01/2024 18:00:00","BZN|BE","Without sequence","137.1","",""
"09/01/2024 18:00:00 - 09/01/2024 19:00:00","BZN|BE","Without sequence","136.7","",""
"09/01/2024 19:00:00 - 09/01/2024 20:00:00","BZN|BE","Without sequence","129.74","",""
"09/01/2024 20:00:00 - 09/01/2024 21:00:00","BZN|BE","Without sequence","116.34","",""
"09/01/2024 21:00:00 - 09/01/2024 22:00:00","BZN|BE","Without sequence","105.57","",""
"09/01/2024 22:00:00 - 09/01/2024 23:00:00","BZN|BE","Without sequence","98.4","",""
"09/01/2024 23:00:00 - 10/01/2024 00:00:00","BZN|BE","Without sequence","93.69","",""
"10/01/2024 00:00:00 - 10/01/2024 01:00:00","BZN|BE","Without sequence","83.0","",""
"10/01/2024 01:00:00 - 10/01/2024 02:00:00","BZN|BE","Without sequence","86.76","",""
"10/01/2024 02:00:00 - 10/01/2024 03:00:00","BZN|BE","Without sequence","86.73","",""
"10/01/2024 03:00:00 - 10/01/2024 04:00:00","BZN|BE","Without sequence","84.06","",""
"10/01/2024 04:00:00 - 10/01/2024 05:00:00","BZN|BE","Without sequence","84.18","",""
"10/01/2024 05:00:00 - 10/01/2024 06:00:00","BZN|BE","Without sequence","84.64","",""
"10/01/2024 06:00:00 - 10/01/2024 07:00:00","BZN|BE","Without sequence","99.03","",""
"10/01/2024 07:00:00 - 10/01/2024 08:00:00","BZN|BE","Without sequence","115.35","",""
"10/01/2024 08:00:00 - 10/01/2024 09:00:00","BZN|BE","Without sequence","138.09","",""
"10/01/2024 09:00:00 - 10/01/2024 10:00:00","BZN|BE","Without sequence","130.39","",""
"10/01/2024 10:00:00 - 10/01/2024 11:00:00","BZN|BE","Without sequence","116.31","",""
"10/01/2024 11:00:00 - 10/01/2024 12:00:00","BZN|BE","Without sequence","109.13","",""
"10/01/2024 12:00:00 - 10/01/2024 13:00:00","BZN|BE","Without sequence","99.0","",""
"10/01/2024 13:00:00 - 10/01/2024 14:00:00","BZN|BE","Without sequence","98.8","",""
"10/01/2024 14:00:00 - 10/01/2024 15:00:00","BZN|BE","Without sequence","102.38","",""
"10/01/2024 15:00:00 - 10/01/2024 16:00:00","BZN|BE","Without sequence","117.49","",""
"10/01/2024 16:00:00 - 10/01/2024 17:00:00","BZN|BE","Without sequence","132.23","",""
"10/01/2024 17:00:00 - 10/01/2024 18:00:00","BZN|BE","Without sequence","143.79","",""
"10/01/2024 18:00:00 - 10/01/2024 19:00:00","BZN|BE","Without sequence","140.0","",""
"10/01/2024 19:00:00 - 10/01/2024 20:00:00","BZN|BE","Without sequence","132.15","",""
"10/01/2024 20:00:00 - 10/01/2024 21:00:00","BZN|BE","Without sequence","120.0","",""
"10/01/2024 21:00:00 - 10/01/2024 22:00:00","BZN|BE","Without sequence","106.73","",""
"10/01/2024 22:00:00 - 10/01/2024 23:00:00","BZN|BE","Without sequence","99.6","",""
"10/01/2024 23:00:00 - 11/01/2024 00:00:00","BZN|BE","Without sequence","90.93","",""
"11/01/2024 00:00:00 - 11/01/2024 01:00:00","BZN|BE","Without sequence","91.75","",""
"11/01/2024 01:00:00 - 11/01/2024 02:00:00","BZN|BE","Without sequence","88.59","",""
"11/01/2024 02:00:00 - 11/01/2024 03:00:00","BZN|BE","Without sequence","87.25","",""
"11/01/2024 03:00:00 - 11/01/2024 04:00:00","BZN|BE","Without sequence","82.38","",""
"11/01/2024 04:00:00 - 11/01/2024 05:00:00","BZN|BE","Without sequence","80.72","",""
"11/01/2024 05:00:00 - 11/01/2024 06:00:00","BZN|BE","Without sequence","85.65","",""
"11/01/2024 06:00:00 - 11/01/2024 07:00:00","BZN|BE","Without sequence","97.88","",""
"11/01/2024 07:00:00 - 11/01/2024 08:00:00","BZN|BE","Without sequence","116.87","",""
"11/01/2024 08:00:00 - 11/01/2024 09:00:00","BZN|BE","Without sequence","141.0","",""
"11/01/2024 09:00:00 - 11/01/2024 10:00:00","BZN|BE","Without sequence","129.16","",""
"11/01/2024 10:00:00 - 11/01/2024 11:00:00","BZN|BE","Without sequence","113.65","",""
"11/01/2024 11:00:00 - 11/01/2024 12:00:00","BZN|BE","Without sequence","106.48","",""
"11/01/2024 12:00:00 - 11/01/2024 13:00:00","BZN|BE","Without sequence","99.38","",""
"11/01/2024 13:00:00 - 11/01/2024 14:00:00","BZN|BE","Without sequence","99.0","",""
"11/01/2024 14:00:00 - 11/01/2024 15:00:00","BZN|BE","Without sequence","105.98","",""
"11/01/2024 15:00:00 - 11/01/2024 16:00:00","BZN|BE","Without sequence","115.38","",""
"11/01/2024 16:00:00 - 11/01/2024 17:00:00","BZN|BE","Without sequence","118.57","",""
"11/01/2024 17:00:00 - 11/01/2024 18:00:00","BZN|BE","Without sequence","136.43","",""
"11/01/2024 18:00:00 - 11/01/2024 19:00:00","BZN|BE","Without sequence","136.7","",""
"11/01/2024 19:00:00 - 11/01/2024 20:00:00","BZN|BE","Without sequence","132.31","",""
"11/01/2024 20:00:00 - 11/01/2024 21:00:00","BZN|BE","Without sequence","117.9","",""
"11/01/2024 21:00:00 - 11/01/2024 22:00:00","BZN|BE","Without sequence","107.19","",""
"11/01/2024 22:00:00 - 11/01/2024 23:00:00","BZN|BE","Without sequence","100.0","",""
"11/01/2024 23:00:00 - 12/01/2024 00:00:00","BZN|BE","Without sequence","91.22","",""
"12/01/2024 00:00:00 - 12/01/2024 01:00:00","BZN|BE","Without sequence","87.92","",""
"12/01/2024 01:00:00 - 12/01/2024 02:00:00","BZN|BE","Without sequence","85.54","",""
"12/01/2024 02:00:00 - 12/01/2024 03:00:00","BZN|BE","Without sequence","84.86","",""
"12/01/2024 03:00:00 - 12/01/2024 04:00:00","BZN|BE","Without sequence","82.07","",""
"12/01/2024 04:00:00 - 12/01/2024 05:00:00","BZN|BE","Without sequence","82.21","",""
"12/01/2024 05:00:00 - 12/01/2024 06:00:00","BZN|BE","Without sequence","83.17","",""
"12/01/2024 06:00:00 - 12/01/2024 07:00:00","BZN|BE","Without sequence","88.96","",""
"12/01/2024 07:00:00 - 12/01/2024 08:00:00","BZN|BE","Without sequence","118.3","",""
"12/01/2024 08:00:00 - 12/01/2024 09:00:00","BZN|BE","Without sequence","140.74","",""
"12/01/2024 09:00:00 - 12/01/2024 10:00:00","BZN|BE","Without sequence","134.96","",""
"12/01/2024 10:00:00 - 12/01/2024 11:00:00","BZN|BE","Without sequence","122.01","",""
"12/01/2024 11:00:00 - 12/01/2024 12:00:00","BZN|BE","Without sequence","114.73","",""
"12/01/2024 12:00:00 - 12/01/2024 13:00:00","BZN|BE","Without sequence","106.98","",""
"12/01/2024 13:00:00 - 12/01/2024 14:00:00","BZN|BE","Without sequence","103.08","",""
"12/01/2024 14:00:00 - 12/01/2024 15:00:00","BZN|BE","Without sequence","104.54","",""
"12/01/2024 15:00:00 - 12/01/2024 16:00:00","BZN|BE","Without sequence","110.0","",""
"12/01/2024 16:00:00 - 12/01/2024 17:00:00","BZN|BE","Without sequence","120.0","",""
"12/01/2024 17:00:00 - 12/01/2024 18:00:00","BZN|BE","Without sequence","127.5","",""
"12/01/2024 18:00:00 - 12/01/2024 19:00:00","BZN|BE","Without sequence","126.0","",""
"12/01/2024 19:00:00 - 12/01/2024 20:00:00","BZN|BE","Without sequence","119.47","",""
"12/01/2024 20:00:00 - 12/01/2024 21:00:00","BZN|BE","Without sequence","111.01","",""
"12/01/2024 21:00:00 - 12/01/2024 22:00:00","BZN|BE","Without sequence","104.73","",""
"12/01/2024 22:00:00 - 12/01/2024 23:00:00","BZN|BE","Without sequence","101.03","",""
"12/01/2024 23:00:00 - 13/01/2024 00:00:00","BZN|BE","Without sequence","93.02","",""
"13/01/2024 00:00:00 - 13/01/2024 01:00:00","BZN|BE","Without sequence","90.0","",""
"13/01/2024 01:00:00 - 13/01/2024 02:00:00","BZN|BE","Without sequence","87.49","",""
"13/01/2024 02:00:00 - 13/01/2024 03:00:00","BZN|BE","Without sequence","82.0","",""
"13/01/2024 03:00:00 - 13/01/2024 04:00:00","BZN|BE","Without sequence","78.47","",""
"13/01/2024 04:00:00 - 13/01/2024 05:00:00","BZN|BE","Without sequence","75.0","",""
"13/01/2024 05:00:00 - 13/01/2024 06:00:00","BZN|BE","Without sequence","74.96","",""
"13/01/2024 06:00:00 - 13/01/2024 07:00:00","BZN|BE","Without sequence","78.2","",""
"13/01/2024 07:00:00 - 13/01/2024 08:00:00","BZN|BE","Without sequence","88.32","",""
"13/01/2024 08:00:00 - 13/01/2024 09:00:00","BZN|BE","Without sequence","98.28","",""
"13/01/2024 09:00:00 - 13/01/2024 10:00:00","BZN|BE","Without sequence","107.8","",""
"13/01/2024 10:00:00 - 13/01/2024 11:00:00","BZN|BE","Without sequence","101.64","",""
"13/01/2024 11:00:00 - 13/01/2024 12:00:00","BZN|BE","Without sequence","99.12","",""
"13/01/2024 12:00:00 - 13/01/2024 13:00:00","BZN|BE","Without sequence","75.99","",""
"13/01/2024 13:00:00 - 13/01/2024 14:00:00","BZN|BE","Without sequence","74.77","",""
"13/01/2024 14:00:00 - 13/01/2024 15:00:00","BZN|BE","Without sequence","75.22","",""
"13/01/2024 15:00:00 - 13/01/2024 16:00:00","BZN|BE","Without sequence","82.47","",""
"13/01/2024 16:00:00 - 13/01/2024 17:00:00","BZN|BE","Without sequence","99.3","",""
"13/01/2024 17:00:00 - 13/01/2024 18:00:00","BZN|BE","Without sequence","111.06","",""
"13/01/2024 18:00:00 - 13/01/2024 19:00:00","BZN|BE","Without sequence","127.25","",""
"13/01/2024 19:00:00 - 13/01/2024 20:00:00","BZN|BE","Without sequence","121.27","",""
"13/01/2024 20:00:00 - 13/01/2024 21:00:00","BZN|BE","Without sequence","117.0","",""
"13/01/2024 21:00:00 - 13/01/2024 22:00:00","BZN|BE","Without sequence","104.12","",""
"13/01/2024 22:00:00 - 13/01/2024 23:00:00","BZN|BE","Without sequence","113.71","",""
"13/01/2024 23:00:00 - 14/01/2024 00:00:00","BZN|BE","Without sequence","90.7","",""
"14/01/2024 00:00:00 - 14/01/2024 01:00:00","BZN|BE","Without sequence","99.3","",""
"14/01/2024 01:00:00 - 14/01/2024 02:00:00","BZN|BE","Without sequence","98.82","",""
"14/01/2024 02:00:00 - 14/01/2024 03:00:00","BZN|BE","Without sequence","87.5","",""
"14/01/2024 03:00:00 - 14/01/2024 04:00:00","BZN|BE","Without sequence","79.12","",""
"14/01/2024 04:00:00 - 14/01/2024 05:00:00","BZN|BE","Without sequence","74.9","",""
"14/01/2024 05:00:00 - 14/01/2024 06:00:00","BZN|BE","Without sequence","78.64","",""
"14/01/2024 06:00:00 - 14/01/2024 07:00:00","BZN|BE","Without sequence","71.36","",""
"14/01/2024 07:00:00 - 14/01/2024 08:00:00","BZN|BE","Without sequence","76.3","",""
"14/01/2024 08:00:00 - 14/01/2024 09:00:00","BZN|BE","Without sequence","78.04","",""
"14/01/2024 09:00:00 - 14/01/2024 10:00:00","BZN|BE","Without sequence","87.38","",""
"14/01/2024 10:00:00 - 14/01/2024 11:00:00","BZN|BE","Without sequence","93.9","",""
"14/01/2024 11:00:00 - 14/01/2024 12:00:00","BZN|BE","Without sequence","95.5","",""
"14/01/2024 12:00:00 - 14/01/2024 13:00:00","BZN|BE","Without sequence","87.95","",""
"14/01/2024 13:00:00 - 14/01/2024 14:00:00","BZN|BE","Without sequence","77.04","",""
"14/01/2024 14:00:00 - 14/01/2024 15:00:00","BZN|BE","Without sequence","79.15","",""
"14/01/2024 15:00:00 - 14/01/2024 16:00:00","BZN|BE","Without sequence","82.32","",""
"14/01/2024 16:00:00 - 14/01/2024 17:00:00","BZN|BE","Without sequence","86.62","",""
"14/01/2024 17:00:00 - 14/01/2024 18:00:00","BZN|BE","Without sequence","91.86","",""
"14/01/2024 18:00:00 - 14/01/2024 19:00:00","BZN|BE","Without sequence","102.34","",""
"14/01/2024 19:00:00 - 14/01/2024 20:00:00","BZN|BE","Without sequence","94.59","",""
"14/01/2024 20:00:00 - 14/01/2024 21:00:00","BZN|BE","Without sequence","90.0","",""
"14/01/2024 21:00:00 - 14/01/2024 22:00:00","BZN|BE","Without sequence","82.17","",""
"14/01/2024 22:00:00 - 14/01/2024 23:00:00","BZN|BE","Without sequence","79.76","",""
"14/01/2024 23:00:00 - 15/01/2024 00:00:00","BZN|BE","Without sequence","70.26","",""
"15/01/2024 00:00:00 - 15/01/2024 01:00:00","BZN|BE","Without sequence","83.8","",""
"15/01/2024 01:00:00 - 15/01/2024 02:00:00","BZN|BE","Without sequence","76.83","",""
"15/01/2024 02:00:00 - 15/01/2024 03:00:00","BZN|BE","Without sequence","69.0","",""
"15/01/2024 03:00:00 - 15/01/2024 04:00:00","BZN|BE","Without sequence","62.04","",""
"15/01/2024 04:00:00 - 15/01/2024 05:00:00","BZN|BE","Without sequence","62.07","",""
"15/01/2024 05:00:00 - 15/01/2024 06:00:00","BZN|BE","Without sequence","69.36","",""
"15/01/2024 06:00:00 - 15/01/2024 07:00:00","BZN|BE","Without sequence","80.51","",""
"15/01/2024 07:00:00 - 15/01/2024 08:00:00","BZN|BE","Without sequence","85.26","",""
"15/01/2024 08:00:00 - 15/01/2024 09:00:00","BZN|BE","Without sequence","99.4","",""
"15/01/2024 09:00:00 - 15/01/2024 10:00:00","BZN|BE","Without sequence","100.31","",""
"15/01/2024 10:00:00 - 15/01/2024 11:00:00","BZN|BE","Without sequence","94.9","",""
"15/01/2024 11:00:00 - 15/01/2024 12:00:00","BZN|BE","Without sequence","90.33","",""
"15/01/2024 12:00:00 - 15/01/2024 13:00:00","BZN|BE","Without sequence","86.84","",""
"15/01/2024 13:00:00 - 15/01/2024 14:00:00","BZN|BE","Without sequence","82.27","",""
"15/01/2024 14:00:00 - 15/01/2024 15:00:00","BZN|BE","Without sequence","84.73","",""
"15/01/2024 15:00:00 - 15/01/2024 16:00:00","BZN|BE","Without sequence","89.75","",""
"15/01/2024 16:00:00 - 15/01/2024 17:00:00","BZN|BE","Without sequence","97.76","",""
"15/01/2024 17:00:00 - 15/01/2024 18:00:00","BZN|BE","Without sequence","106.57","",""
"15/01/2024 18:00:00 - 15/01/2024 19:00:00","BZN|BE","Without sequence","112.82","",""
"15/01/2024 19:00:00 - 15/01/2024 20:00:00","BZN|BE","Without sequence","116.12","",""
"15/01/2024 20:00:00 - 15/01/2024 21:00:00","BZN|BE","Without sequence","111.01","",""
"15/01/2024 21:00:00 - 15/01/2024 22:00:00","BZN|BE","Without sequence","105.45","",""
"15/01/2024 22:00:00 - 15/01/2024 23:00:00","BZN|BE","Without sequence","102.32","",""
"15/01/2024 23:00:00 - 16/01/2024 00:00:00","BZN|BE","Without sequence","93.99","",""
"16/01/2024 00:00:00 - 16/01/2024 01:00:00","BZN|BE","Without sequence","89.97","",""
"16/01/2024 01:00:00 - 16/01/2024 02:00:00","BZN|BE","Without sequence","84.83","",""
"16/01/2024 02:00:00 - 16/01/2024 03:00:00","BZN|BE","Without sequence","81.61","",""
"16/01/2024 03:00:00 - 16/01/2024 04:00:00","BZN|BE","Without sequence","78.95","",""
"16/01/2024 04:00:00 - 16/01/2024 05:00:00","BZN|BE","Without sequence","79.24","",""
"16/01/2024 05:00:00 - 16/01/2024 06:00:00","BZN|BE","Without sequence","87.15","",""
"16/01/2024 06:00:00 - 16/01/2024 07:00:00","BZN|BE","Without sequence","96.17","",""
"16/01/2024 07:00:00 - 16/01/2024 08:00:00","BZN|BE","Without sequence","116.28","",""
"16/01/2024 08:00:00 - 16/01/2024 09:00:00","BZN|BE","Without sequence","144.11","",""
"16/01/2024 09:00:00 - 16/01/2024 10:00:00","BZN|BE","Without sequence","138.6","",""
"16/01/2024 10:00:00 - 16/01/2024 11:00:00","BZN|BE","Without sequence","122.0","",""
"16/01/2024 11:00:00 - 16/01/2024 12:00:00","BZN|BE","Without sequence","110.0","",""
"16/01/2024 12:00:00 - 16/01/2024 13:00:00","BZN|BE","Without sequence","102.39","",""
"16/01/2024 13:00:00 - 16/01/2024 14:00:00","BZN|BE","Without sequence","94.49","",""
"16/01/2024 14:00:00 - 16/01/2024 15:00:00","BZN|BE","Without sequence","102.2","",""
"16/01/2024 15:00:00 - 16/01/2024 16:00:00","BZN|BE","Without sequence","110.85","",""
"16/01/2024 16:00:00 - 16/01/2024 17:00:00","BZN|BE","Without sequence","112.39","",""
"16/01/2024 17:00:00 - 16/01/2024 18:00:00","BZN|BE","Without sequence","128.69","",""
"16/01/2024 18:00:00 - 16/01/2024 19:00:00","BZN|BE","Without sequence","131.06","",""
"16/01/2024 19:00:00 - 16/01/2024 20:00:00","BZN|BE","Without sequence","118.91","",""
"16/01/2024 20:00:00 - 16/01/2024 21:00:00","BZN|BE","Without sequence","100.21","",""
"16/01/2024 21:00:00 - 16/01/2024 22:00:00","BZN|BE","Without sequence","88.49","",""
"16/01/2024 22:00:00 - 16/01/2024 23:00:00","BZN|BE","Without sequence","82.73","",""
"16/01/2024 23:00:00 - 17/01/2024 00:00:00","BZN|BE","Without sequence","80.16","",""
"17/01/2024 00:00:00 - 17/01/2024 01:00:00","BZN|BE","Without sequence","72.16","",""
"17/01/2024 01:00:00 - 17/01/2024 02:00:00","BZN|BE","Without sequence","71.9","",""
"17/01/2024 02:00:00 - 17/01/2024 03:00:00","BZN|BE","Without sequence","70.83","",""
"17/01/2024 03:00:00 - 17/01/2024 04:00:00","BZN|BE","Without sequence","69.89","",""
"17/01/2024 04:00:00 - 17/01/2024 05:00:00","BZN|BE","Without sequence","69.66","",""
"17/01/2024 05:00:00 - 17/01/2024 06:00:00","BZN|BE","Without sequence","71.82","",""
"17/01/2024 06:00:00 - 17/01/2024 07:00:00","BZN|BE","Without sequence","76.3","",""
"17/01/2024 07:00:00 - 17/01/2024 08:00:00","BZN|BE","Without sequence","85.64","",""
"17/01/2024 08:00:00 - 17/01/2024 09:00:00","BZN|BE","Without sequence","97.07","",""
"17/01/2024 09:00:00 - 17/01/2024 10:00:00","BZN|BE","Without sequence","106.2","",""
"17/01/2024 10:00:00 - 17/01/2024 11:00:00","BZN|BE","Without sequence","110.33","",""
"17/01/2024 11:00:00 - 17/01/2024 12:00:00","BZN|BE","Without sequence","111.1","",""
"17/01/2024 12:00:00 - 17/01/2024 13:00:00","BZN|BE","Without sequence","101.66","",""
"17/01/2024 13:00:00 - 17/01/2024 14:00:00","BZN|BE","Without sequence","100.63","",""
"17/01/2024 14:00:00 - 17/01/2024 15:00:00","BZN|BE","Without sequence","104.57","",""
"17/01/2024 15:00:00 - 17/01/2024 16:00:00","BZN|BE","Without sequence","106.68","",""
"17/01/2024 16:00:00 - 17/01/2024 17:00:00","BZN|BE","Without sequence","113.76","",""
"17/01/2024 17:00:00 - 17/01/2024 18:00:00","BZN|BE","Without sequence","120.0","",""
"17/01/2024 18:00:00 - 17/01/2024 19:00:00","BZN|BE","Without sequence","117.59","",""
"17/01/2024 19:00:00 - 17/01/2024 20:00:00","BZN|BE","Without sequence","110.34","",""
"17/01/2024 20:00:00 - 17/01/2024 21:00:00","BZN|BE","Without sequence","98.1","",""
"17/01/2024 21:00:00 - 17/01/2024 22:00:00","BZN|BE","Without sequence","89.77","",""
"17/01/2024 22:00:00 - 17/01/2024 23:00:00","BZN|BE","Without sequence","84.33","",""
"17/01/2024 23:00:00 - 18/01/2024 00:00:00","BZN|BE","Without sequence","79.95","",""
"18/01/2024 00:00:00 - 18/01/2024 01:00:00","BZN|BE","Without sequence","75.71","",""
"18/01/2024 01:00:00 - 18/01/2024 02:00:00","BZN|BE","Without sequence","76.36","",""
"18/01/2024 02:00:00 - 18/01/2024 03:00:00","BZN|BE","Without sequence","72.61","",""
"18/01/2024 03:00:00 - 18/01/2024 04:00:00","BZN|BE","Without sequence","71.41","",""
"18/01/2024 04:00:00 - 18/01/2024 05:00:00","BZN|BE","Without sequence","69.82","",""
"18/01/2024 05:00:00 - 18/01/2024 06:00:00","BZN|BE","Without sequence","71.68","",""
"18/01/2024 06:00:00 - 18/01/2024 07:00:00","BZN|BE","Without sequence","80.87","",""
"18/01/2024 07:00:00 - 18/01/2024 08:00:00","BZN|BE","Without sequence","98.54","",""
"18/01/2024 08:00:00 - 18/01/2024 09:00:00","BZN|BE","Without sequence","109.92","",""
"18/01/2024 09:00:00 - 18/01/2024 10:00:00","BZN|BE","Without sequence","109.72","",""
"18/01/2024 10:00:00 - 18/01/2024 11:00:00","BZN|BE","Without sequence","108.42","",""
"18/01/2024 11:00:00 - 18/01/2024 12:00:00","BZN|BE","Without sequence","96.76","",""
"18/01/2024 12:00:00 - 18/01/2024 13:00:00","BZN|BE","Without sequence","90.27","",""
"18/01/2024 13:00:00 - 18/01/2024 14:00:00","BZN|BE","Without sequence","81.24","",""
"18/01/2024 14:00:00 - 18/01/2024 15:00:00","BZN|BE","Without sequence","86.86","",""
"18/01/2024 15:00:00 - 18/01/2024 16:00:00","BZN|BE","Without sequence","90.14","",""
"18/01/2024 16:00:00 - 18/01/2024 17:00:00","BZN|BE","Without sequence","94.61","",""
"18/01/2024 17:00:00 - 18/01/2024 18:00:00","BZN|BE","Without sequence","99.72","",""
"18/01/2024 18:00:00 - 18/01/2024 19:00:00","BZN|BE","Without sequence","103.48","",""
"18/01/2024 19:00:00 - 18/01/2024 20:00:00","BZN|BE","Without sequence","101.99","",""
"18/01/2024 20:00:00 - 18/01/2024 21:00:00","BZN|BE","Without sequence","93.79","",""
"18/01/2024 21:00:00 - 18/01/2024 22:00:00","BZN|BE","Without sequence","83.17","",""
"18/01/2024 22:00:00 - 18/01/2024 23:00:00","BZN|BE","Without sequence","84.51","",""
"18/01/2024 23:00:00 - 19/01/2024 00:00:00","BZN|BE","Without sequence","73.61","",""
"19/01/2024 00:00:00 - 19/01/2024 01:00:00","BZN|BE","Without sequence","72.9","",""
"19/01/2024 01:00:00 - 19/01/2024 02:00:00","BZN|BE","Without sequence","67.93","",""
"19/01/2024 02:00:00 - 19/01/2024 03:00:00","BZN|BE","Without sequence","68.2","",""
"19/01/2024 03:00:00 - 19/01/2024 04:00:00","BZN|BE","Without sequence","62.76","",""
"19/01/2024 04:00:00 - 19/01/2024 05:00:00","BZN|BE","Without sequence","63.32","",""
"19/01/2024 05:00:00 - 19/01/2024 06:00:00","BZN|BE","Without sequence","67.86","",""
"19/01/2024 06:00:00 - 19/01/2024 07:00:00","BZN|BE","Without sequence","80.19","",""
"19/01/2024 07:00:00 - 19/01/2024 08:00:00","BZN|BE","Without sequence","88.24","",""
"19/01/2024 08:00:00 - 19/01/2024 09:00:00","BZN|BE","Without sequence","104.27","",""
"19/01/2024 09:00:00 - 19/01/2024 10:00:00","BZN|BE","Without sequence","111.49","",""
"19/01/2024 10:00:00 - 19/01/2024 11:00:00","BZN|BE","Without sequence","104.92","",""
"19/01/2024 11:00:00 - 19/01/2024 12:00:00","BZN|BE","Without sequence","89.36","",""
"19/01/2024 12:00:00 - 19/01/2024 13:00:00","BZN|BE","Without sequence","82.74","",""
"19/01/2024 13:00:00 - 19/01/2024 14:00:00","BZN|BE","Without sequence","73.38","",""
"19/01/2024 14:00:00 - 19/01/2024 15:00:00","BZN|BE","Without sequence","75.24","",""
"19/01/2024 15:00:00 - 19/01/2024 16:00:00","BZN|BE","Without sequence","81.07","",""
"19/01/2024 16:00:00 - 19/01/2024 17:00:00","BZN|BE","Without sequence","85.26","",""
"19/01/2024 17:00:00 - 19/01/2024 18:00:00","BZN|BE","Without sequence","93.99","",""
"19/01/2024 18:00:00 - 19/01/2024 19:00:00","BZN|BE","Without sequence","97.83","",""
"19/01/2024 19:00:00 - 19/01/2024 20:00:00","BZN|BE","Without sequence","99.44","",""
"19/01/2024 20:00:00 - 19/01/2024 21:00:00","BZN|BE","Without sequence","87.04","",""
"19/01/2024 21:00:00 - 19/01/2024 22:00:00","BZN|BE","Without sequence","85.89","",""
"19/01/2024 22:00:00 - 19/01/2024 23:00:00","BZN|BE","Without sequence","85.25","",""
"19/01/2024 23:00:00 - 20/01/2024 00:00:00","BZN|BE","Without sequence","81.64","",""
"20/01/2024 00:00:00 - 20/01/2024 01:00:00","BZN|BE","Without sequence","87.07","",""
"20/01/2024 01:00:00 - 20/01/2024 02:00:00","BZN|BE","Without sequence","68.7","",""
"20/01/2024 02:00:00 - 20/01/2024 03:00:00","BZN|BE","Without sequence","75.0","",""
"20/01/2024 03:00:00 - 20/01/2024 04:00:00","BZN|BE","Without sequence","68.7","",""
"20/01/2024 04:00:00 - 20/01/2024 05:00:00","BZN|BE","Without sequence","64.79","",""
"20/01/2024 05:00:00 - 20/01/2024 06:00:00","BZN|BE","Without sequence","68.7","",""
"20/01/2024 06:00:00 - 20/01/2024 07:00:00","BZN|BE","Without sequence","75.1","",""
"20/01/2024 07:00:00 - 20/01/2024 08:00:00","BZN|BE","Without sequence","81.6","",""
"20/01/2024 08:00:00 - 20/01/2024 09:00:00","BZN|BE","Without sequence","89.92","",""
"20/01/2024 09:00:00 - 20/01/2024 10:00:00","BZN|BE","Without sequence","94.94","",""
"20/01/2024 10:00:00 - 20/01/2024 11:00:00","BZN|BE","Without sequence","89.64","",""
"20/01/2024 11:00:00 - 20/01/2024 12:00:00","BZN|BE","Without sequence","80.3","",""
"20/01/2024 12:00:00 - 20/01/2024 13:00:00","BZN|BE","Without sequence","79.06","",""
"20/01/2024 13:00:00 - 20/01/2024 14:00:00","BZN|BE","Without sequence","70.51","",""
"20/01/2024 14:00:00 - 20/01/2024 15:00:00","BZN|BE","Without sequence","73.42","",""
"20/01/2024 15:00:00 - 20/01/2024 16:00:00","BZN|BE","Without sequence","79.17","",""
"20/01/2024 16:00:00 - 20/01/2024 17:00:00","BZN|BE","Without sequence","87.89","",""
"20/01/2024 17:00:00 - 20/01/2024 18:00:00","BZN|BE","Without sequence","95.0","",""
"20/01/2024 18:00:00 - 20/01/2024 19:00:00","BZN|BE","Without sequence","99.91","",""
"20/01/2024 19:00:00 - 20/01/2024 20:00:00","BZN|BE","Without sequence","91.65","",""
"20/01/2024 20:00:00 - 20/01/2024 21:00:00","BZN|BE","Without sequence","84.5","",""
"20/01/2024 21:00:00 - 20/01/2024 22:00:00","BZN|BE","Without sequence","75.75","",""
"20/01/2024 22:00:00 - 20/01/2024 23:00:00","BZN|BE","Without sequence","80.08","",""
"20/01/2024 23:00:00 - 21/01/2024 00:00:00","BZN|BE","Without sequence","69.13","",""
"21/01/2024 00:00:00 - 21/01/2024 01:00:00","BZN|BE","Without sequence","70.35","",""
"21/01/2024 01:00:00 - 21/01/2024 02:00:00","BZN|BE","Without sequence","58.07","",""
"21/01/2024 02:00:00 - 21/01/2024 03:00:00","BZN|BE","Without sequence","55.15","",""
"21/01/2024 03:00:00 - 21/01/2024 04:00:00","BZN|BE","Without sequence","50.89","",""
"21/01/2024 04:00:00 - 21/01/2024 05:00:00","BZN|BE","Without sequence","48.61","",""
"21/01/2024 05:00:00 - 21/01/2024 06:00:00","BZN|BE","Without sequence","47.69","",""
"21/01/2024 06:00:00 - 21/01/2024 07:00:00","BZN|BE","Without sequence","45.87","",""
"21/01/2024 07:00:00 - 21/01/2024 08:00:00","BZN|BE","Without sequence","48.0","",""
"21/01/2024 08:00:00 - 21/01/2024 09:00:00","BZN|BE","Without sequence","53.45","",""
"21/01/2024 09:00:00 - 21/01/2024 10:00:00","BZN|BE","Without sequence","61.11","",""
"21/01/2024 10:00:00 - 21/01/2024 11:00:00","BZN|BE","Without sequence","65.23","",""
"21/01/2024 11:00:00 - 21/01/2024 12:00:00","BZN|BE","Without sequence","61.13","",""
"21/01/2024 12:00:00 - 21/01/2024 13:00:00","BZN|BE","Without sequence","66.0","",""
"21/01/2024 13:00:00 - 21/01/2024 14:00:00","BZN|BE","Without sequence","51.7","",""
"21/01/2024 14:00:00 - 21/01/2024 15:00:00","BZN|BE","Without sequence","55.84","",""
"21/01/2024 15:00:00 - 21/01/2024 16:00:00","BZN|BE","Without sequence","53.12","",""
"21/01/2024 16:00:00 - 21/01/2024 17:00:00","BZN|BE","Without sequence","54.79","",""
"21/01/2024 17:00:00 - 21/01/2024 18:00:00","BZN|BE","Without sequence","64.04","",""
"21/01/2024 18:00:00 - 21/01/2024 19:00:00","BZN|BE","Without sequence","81.42","",""
"21/01/2024 19:00:00 - 21/01/2024 20:00:00","BZN|BE","Without sequence","86.58","",""
"21/01/2024 20:00:00 - 21/01/2024 21:00:00","BZN|BE","Without sequence","82.51","",""
"21/01/2024 21:00:00 - 21/01/2024 22:00:00","BZN|BE","Without sequence","56.26","",""
"21/01/2024 22:00:00 - 21/01/2024 23:00:00","BZN|BE","Without sequence","69.78","",""
"21/01/2024 23:00:00 - 22/01/2024 00:00:00","BZN|BE","Without sequence","65.0","",""
"22/01/2024 00:00:00 - 22/01/2024 01:00:00","BZN|BE","Without sequence","40.66","",""
"22/01/2024 01:00:00 - 22/01/2024 02:00:00","BZN|BE","Without sequence","34.75","",""
"22/01/2024 02:00:00 - 22/01/2024 03:00:00","BZN|BE","Without sequence","29.55","",""
"22/01/2024 03:00:00 - 22/01/2024 04:00:00","BZN|BE","Without sequence","15.28","",""
"22/01/2024 04:00:00 - 22/01/2024 05:00:00","BZN|BE","Without sequence","12.04","",""
"22/01/2024 05:00:00 - 22/01/2024 06:00:00","BZN|BE","Without sequence","22.2","",""
"22/01/2024 06:00:00 - 22/01/2024 07:00:00","BZN|BE","Without sequence","45.32","",""
"22/01/2024 07:00:00 - 22/01/2024 08:00:00","BZN|BE","Without sequence","67.3","",""
"22/01/2024 08:00:00 - 22/01/2024 09:00:00","BZN|BE","Without sequence","90.1","",""
"22/01/2024 09:00:00 - 22/01/2024 10:00:00","BZN|BE","Without sequence","86.66","",""
"22/01/2024 10:00:00 - 22/01/2024 11:00:00","BZN|BE","Without sequence","74.3","",""
"22/01/2024 11:00:00 - 22/01/2024 12:00:00","BZN|BE","Without sequence","61.08","",""
"22/01/2024 12:00:00 - 22/01/2024 13:00:00","BZN|BE","Without sequence","57.24","",""
"22/01/2024 13:00:00 - 22/01/2024 14:00:00","BZN|BE","Without sequence","57.15","",""
"22/01/2024 14:00:00 - 22/01/2024 15:00:00","BZN|BE","Without sequence","59.41","",""
"22/01/2024 15:00:00 - 22/01/2024 16:00:00","BZN|BE","Without sequence","61.39","",""
"22/01/2024 16:00:00 - 22/01/2024 17:00:00","BZN|BE","Without sequence","64.73","",""
"22/01/2024 17:00:00 - 22/01/2024 18:00:00","BZN|BE","Without sequence","80.36","",""
"22/01/2024 18:00:00 - 22/01/2024 19:00:00","BZN|BE","Without sequence","95.47","",""
"22/01/2024 19:00:00 - 22/01/2024 20:00:00","BZN|BE","Without sequence","82.94","",""
"22/01/2024 20:00:00 - 22/01/2024 21:00:00","BZN|BE","Without sequence","68.49","",""
"22/01/2024 21:00:00 - 22/01/2024 22:00:00","BZN|BE","Without sequence","60.95","",""
"22/01/2024 22:00:00 - 22/01/2024 23:00:00","BZN|BE","Without sequence","57.19","",""
"22/01/2024 23:00:00 - 23/01/2024 00:00:00","BZN|BE","Without sequence","51.22","",""
"23/01/2024 00:00:00 - 23/01/2024 01:00:00","BZN|BE","Without sequence","18.05","",""
"23/01/2024 01:00:00 - 23/01/2024 02:00:00","BZN|BE","Without sequence","12.51","",""
"23/01/2024 02:00:00 - 23/01/2024 03:00:00","BZN|BE","Without sequence","11.58","",""
"23/01/2024 03:00:00 - 23/01/2024 04:00:00","BZN|BE","Without sequence","6.61","",""
"23/01/2024 04:00:00 - 23/01/2024 05:00:00","BZN|BE","Without sequence","12.27","",""
"23/01/2024 05:00:00 - 23/01/2024 06:00:00","BZN|BE","Without sequence","40.3","",""
"23/01/2024 06:00:00 - 23/01/2024 07:00:00","BZN|BE","Without sequence","63.03","",""
"23/01/2024 07:00:00 - 23/01/2024 08:00:00","BZN|BE","Without sequence","83.01","",""
"23/01/2024 08:00:00 - 23/01/2024 09:00:00","BZN|BE","Without sequence","90.63","",""
"23/01/2024 09:00:00 - 23/01/2024 10:00:00","BZN|BE","Without sequence","87.82","",""
"23/01/2024 10:00:00 - 23/01/2024 11:00:00","BZN|BE","Without sequence","90.68","",""
"23/01/2024 11:00:00 - 23/01/2024 12:00:00","BZN|BE","Without sequence","69.58","",""
"23/01/2024 12:00:00 - 23/01/2024 13:00:00","BZN|BE","Without sequence","63.11","",""
"23/01/2024 13:00:00 - 23/01/2024 14:00:00","BZN|BE","Without sequence","61.31","",""
"23/01/2024 14:00:00 - 23/01/2024 15:00:00","BZN|BE","Without sequence","66.08","",""
"23/01/2024 15:00:00 - 23/01/2024 16:00:00","BZN|BE","Without sequence","72.97","",""
"23/01/2024 16:00:00 - 23/01/2024 17:00:00","BZN|BE","Without sequence","71.52","",""
"23/01/2024 17:00:00 - 23/01/2024 18:00:00","BZN|BE","Without sequence","81.2","",""
"23/01/2024 18:00:00 - 23/01/2024 19:00:00","BZN|BE","Without sequence","85.19","",""
"23/01/2024 19:00:00 - 23/01/2024 20:00:00","BZN|BE","Without sequence","76.01","",""
"23/01/2024 20:00:00 - 23/01/2024 21:00:00","BZN|BE","Without sequence","65.02","",""
"23/01/2024 21:00:00 - 23/01/2024 22:00:00","BZN|BE","Without sequence","59.18","",""
"23/01/2024 22:00:00 - 23/01/2024 23:00:00","BZN|BE","Without sequence","49.44","",""
"23/01/2024 23:00:00 - 24/01/2024 00:00:00","BZN|BE","Without sequence","35.17","",""
"24/01/2024 00:00:00 - 24/01/2024 01:00:00","BZN|BE","Without sequence","7.03","",""
"24/01/2024 01:00:00 - 24/01/2024 02:00:00","BZN|BE","Without sequence","4.49","",""
"24/01/2024 02:00:00 - 24/01/2024 03:00:00","BZN|BE","Without sequence","2.58","",""
"24/01/2024 03:00:00 - 24/01/2024 04:00:00","BZN|BE","Without sequence","-1.54","",""
"24/01/2024 04:00:00 - 24/01/2024 05:00:00","BZN|BE","Without sequence","-3.25","",""
"24/01/2024 05:00:00 - 24/01/2024 06:00:00","BZN|BE","Without sequence","1.81","",""
"24/01/2024 06:00:00 - 24/01/2024 07:00:00","BZN|BE","Without sequence","19.75","",""
"24/01/2024 07:00:00 - 24/01/2024 08:00:00","BZN|BE","Without sequence","54.63","",""
"24/01/2024 08:00:00 - 24/01/2024 09:00:00","BZN|BE","Without sequence","69.49","",""
"24/01/2024 09:00:00 - 24/01/2024 10:00:00","BZN|BE","Without sequence","67.86","",""
"24/01/2024 10:00:00 - 24/01/2024 11:00:00","BZN|BE","Without sequence","59.12","",""
"24/01/2024 11:00:00 - 24/01/2024 12:00:00","BZN|BE","Without sequence","53.98","",""
"24/01/2024 12:00:00 - 24/01/2024 13:00:00","BZN|BE","Without sequence","44.05","",""
"24/01/2024 13:00:00 - 24/01/2024 14:00:00","BZN|BE","Without sequence","40.69","",""
"24/01/2024 14:00:00 - 24/01/2024 15:00:00","BZN|BE","Without sequence","48.46","",""
"24/01/2024 15:00:00 - 24/01/2024 16:00:00","BZN|BE","Without sequence","60.32","",""
"24/01/2024 16:00:00 - 24/01/2024 17:00:00","BZN|BE","Without sequence","65.43","",""
"24/01/2024 17:00:00 - 24/01/2024 18:00:00","BZN|BE","Without sequence","74.61","",""
"24/01/2024 18:00:00 - 24/01/2024 19:00:00","BZN|BE","Without sequence","95.9","",""
"24/01/2024 19:00:00 - 24/01/2024 20:00:00","BZN|BE","Without sequence","98.72","",""
"24/01/2024 20:00:00 - 24/01/2024 21:00:00","BZN|BE","Without sequence","95.47","",""
"24/01/2024 21:00:00 - 24/01/2024 22:00:00","BZN|BE","Without sequence","83.42","",""
"24/01/2024 22:00:00 - 24/01/2024 23:00:00","BZN|BE","Without sequence","87.7","",""
"24/01/2024 23:00:00 - 25/01/2024 00:00:00","BZN|BE","Without sequence","92.64","",""
"25/01/2024 00:00:00 - 25/01/2024 01:00:00","BZN|BE","Without sequence","73.8","",""
"25/01/2024 01:00:00 - 25/01/2024 02:00:00","BZN|BE","Without sequence","68.31","",""
"25/01/2024 02:00:00 - 25/01/2024 03:00:00","BZN|BE","Without sequence","69.56","",""
"25/01/2024 03:00:00 - 25/01/2024 04:00:00","BZN|BE","Without sequence","61.26","",""
"25/01/2024 04:00:00 - 25/01/2024 05:00:00","BZN|BE","Without sequence","63.0","",""
"25/01/2024 05:00:00 - 25/01/2024 06:00:00","BZN|BE","Without sequence","68.44","",""
"25/01/2024 06:00:00 - 25/01/2024 07:00:00","BZN|BE","Without sequence","73.29","",""
"25/01/2024 07:00:00 - 25/01/2024 08:00:00","BZN|BE","Without sequence","84.41","",""
"25/01/2024 08:00:00 - 25/01/2024 09:00:00","BZN|BE","Without sequence","96.83","",""
"25/01/2024 09:00:00 - 25/01/2024 10:00:00","BZN|BE","Without sequence","90.61","",""
"25/01/2024 10:00:00 - 25/01/2024 11:00:00","BZN|BE","Without sequence","83.96","",""
"25/01/2024 11:00:00 - 25/01/2024 12:00:00","BZN|BE","Without sequence","78.66","",""
"25/01/2024 12:00:00 - 25/01/2024 13:00:00","BZN|BE","Without sequence","74.95","",""
"25/01/2024 13:00:00 - 25/01/2024 14:00:00","BZN|BE","Without sequence","73.01","",""
"25/01/2024 14:00:00 - 25/01/2024 15:00:00","BZN|BE","Without sequence","74.59","",""
"25/01/2024 15:00:00 - 25/01/2024 16:00:00","BZN|BE","Without sequence","74.78","",""
"25/01/2024 16:00:00 - 25/01/2024 17:00:00","BZN|BE","Without sequence","81.64","",""
"25/01/2024 17:00:00 - 25/01/2024 18:00:00","BZN|BE","Without sequence","94.69","",""
"25/01/2024 18:00:00 - 25/01/2024 19:00:00","BZN|BE","Without sequence","102.98","",""
"25/01/2024 19:00:00 - 25/01/2024 20:00:00","BZN|BE","Without sequence","97.16","",""
"25/01/2024 20:00:00 - 25/01/2024 21:00:00","BZN|BE","Without sequence","84.0","",""
"25/01/2024 21:00:00 - 25/01/2024 22:00:00","BZN|BE","Without sequence","77.81","",""
"25/01/2024 22:00:00 - 25/01/2024 23:00:00","BZN|BE","Without sequence","75.01","",""
"25/01/2024 23:00:00 - 26/01/2024 00:00:00","BZN|BE","Without sequence","70.48","",""
"26/01/2024 00:00:00 - 26/01/2024 01:00:00","BZN|BE","Without sequence","62.8","",""
"26/01/2024 01:00:00 - 26/01/2024 02:00:00","BZN|BE","Without sequence","62.0","",""
"26/01/2024 02:00:00 - 26/01/2024 03:00:00","BZN|BE","Without sequence","58.49","",""
"26/01/2024 03:00:00 - 26/01/2024 04:00:00","BZN|BE","Without sequence","53.24","",""
"26/01/2024 04:00:00 - 26/01/2024 05:00:00","BZN|BE","Without sequence","41.51","",""
"26/01/2024 05:00:00 - 26/01/2024 06:00:00","BZN|BE","Without sequence","50.24","",""
"26/01/2024 06:00:00 - 26/01/2024 07:00:00","BZN|BE","Without sequence","59.56","",""
"26/01/2024 07:00:00 - 26/01/2024 08:00:00","BZN|BE","Without sequence","72.56","",""
"26/01/2024 08:00:00 - 26/01/2024 09:00:00","BZN|BE","Without sequence","78.57","",""
"26/01/2024 09:00:00 - 26/01/2024 10:00:00","BZN|BE","Without sequence","75.21","",""
"26/01/2024 10:00:00 - 26/01/2024 11:00:00","BZN|BE","Without sequence","65.88","",""
"26/01/2024 11:00:00 - 26/01/2024 12:00:00","BZN|BE","Without sequence","60.49","",""
"26/01/2024 12:00:00 - 26/01/2024 13:00:00","BZN|BE","Without sequence","53.75","",""
"26/01/2024 13:00:00 - 26/01/2024 14:00:00","BZN|BE","Without sequence","48.27","",""
"26/01/2024 14:00:00 - 26/01/2024 15:00:00","BZN|BE","Without sequence","51.41","",""
"26/01/2024 15:00:00 - 26/01/2024 16:00:00","BZN|BE","Without sequence","52.92","",""
"26/01/2024 16:00:00 - 26/01/2024 17:00:00","BZN|BE","Without sequence","63.37","",""
"26/01/2024 17:00:00 - 26/01/2024 18:00:00","BZN|BE","Without sequence","75.47","",""
"26/01/2024 18:00:00 - 26/01/2024 19:00:00","BZN|BE","Without sequence","102.08","",""
"26/01/2024 19:00:00 - 26/01/2024 20:00:00","BZN|BE","Without sequence","100.79","",""
"26/01/2024 20:00:00 - 26/01/2024 21:00:00","BZN|BE","Without sequence","96.86","",""
"26/01/2024 21:00:00 - 26/01/2024 22:00:00","BZN|BE","Without sequence","75.0","",""
"26/01/2024 22:00:00 - 26/01/2024 23:00:00","BZN|BE","Without sequence","84.86","",""
"26/01/2024 23:00:00 - 27/01/2024 00:00:00","BZN|BE","Without sequence","78.2","",""
"27/01/2024 00:00:00 - 27/01/2024 01:00:00","BZN|BE","Without sequence","70.44","",""
"27/01/2024 01:00:00 - 27/01/2024 02:00:00","BZN|BE","Without sequence","64.85","",""
"27/01/2024 02:00:00 - 27/01/2024 03:00:00","BZN|BE","Without sequence","60.5","",""
"27/01/2024 03:00:00 - 27/01/2024 04:00:00","BZN|BE","Without sequence","56.3","",""
"27/01/2024 04:00:00 - 27/01/2024 05:00:00","BZN|BE","Without sequence","55.98","",""
"27/01/2024 05:00:00 - 27/01/2024 06:00:00","BZN|BE","Without sequence","57.38","",""
"27/01/2024 06:00:00 - 27/01/2024 07:00:00","BZN|BE","Without sequence","59.41","",""
"27/01/2024 07:00:00 - 27/01/2024 08:00:00","BZN|BE","Without sequence","66.26","",""
"27/01/2024 08:00:00 - 27/01/2024 09:00:00","BZN|BE","Without sequence","79.16","",""
"27/01/2024 09:00:00 - 27/01/2024 10:00:00","BZN|BE","Without sequence","77.0","",""
"27/01/2024 10:00:00 - 27/01/2024 11:00:00","BZN|BE","Without sequence","66.57","",""
"27/01/2024 11:00:00 - 27/01/2024 12:00:00","BZN|BE","Without sequence","58.07","",""
"27/01/2024 12:00:00 - 27/01/2024 13:00:00","BZN|BE","Without sequence","55.84","",""
"27/01/2024 13:00:00 - 27/01/2024 14:00:00","BZN|BE","Without sequence","53.88","",""
"27/01/2024 14:00:00 - 27/01/2024 15:00:00","BZN|BE","Without sequence","59.74","",""
"27/01/2024 15:00:00 - 27/01/2024 16:00:00","BZN|BE","Without sequence","73.58","",""
"27/01/2024 16:00:00 - 27/01/2024 17:00:00","BZN|BE","Without sequence","76.81","",""
"27/01/2024 17:00:00 - 27/01/2024 18:00:00","BZN|BE","Without sequence","82.12","",""
"27/01/2024 18:00:00 - 27/01/2024 19:00:00","BZN|BE","Without sequence","95.96","",""
"27/01/2024 19:00:00 - 27/01/2024 20:00:00","BZN|BE","Without sequence","92.53","",""
"27/01/2024 20:00:00 - 27/01/2024 21:00:00","BZN|BE","Without sequence","84.45","",""
"27/01/2024 21:00:00 - 27/01/2024 22:00:00","BZN|BE","Without sequence","76.15","",""
"27/01/2024 22:00:00 - 27/01/2024 23:00:00","BZN|BE","Without sequence","75.97","",""
"27/01/2024 23:00:00 - 28/01/2024 00:00:00","BZN|BE","Without sequence","72.7","",""
"28/01/2024 00:00:00 - 28/01/2024 01:00:00","BZN|BE","Without sequence","66.77","",""
"28/01/2024 01:00:00 - 28/01/2024 02:00:00","BZN|BE","Without sequence","59.33","",""
"28/01/2024 02:00:00 - 28/01/2024 03:00:00","BZN|BE","Without sequence","55.71","",""
"28/01/2024 03:00:00 - 28/01/2024 04:00:00","BZN|BE","Without sequence","52.51","",""
"28/01/2024 04:00:00 - 28/01/2024 05:00:00","BZN|BE","Without sequence","51.24","",""
"28/01/2024 05:00:00 - 28/01/2024 06:00:00","BZN|BE","Without sequence","51.9","",""
"28/01/2024 06:00:00 - 28/01/2024 07:00:00","BZN|BE","Without sequence","52.62","",""
"28/01/2024 07:00:00 - 28/01/2024 08:00:00","BZN|BE","Without sequence","54.74","",""
"28/01/2024 08:00:00 - 28/01/2024 09:00:00","BZN|BE","Without sequence","57.0","",""
"28/01/2024 09:00:00 - 28/01/2024 10:00:00","BZN|BE","Without sequence","55.42","",""
"28/01/2024 10:00:00 - 28/01/2024 11:00:00","BZN|BE","Without sequence","51.73","",""
"28/01/2024 11:00:00 - 28/01/2024 12:00:00","BZN|BE","Without sequence","46.48","",""
"28/01/2024 12:00:00 - 28/01/2024 13:00:00","BZN|BE","Without sequence","41.78","",""
"28/01/2024 13:00:00 - 28/01/2024 14:00:00","BZN|BE","Without sequence","40.22","",""
"28/01/2024 14:00:00 - 28/01/2024 15:00:00","BZN|BE","Without sequence","44.31","",""
"28/01/2024 15:00:00 - 28/01/2024 16:00:00","BZN|BE","Without sequence","45.42","",""
"28/01/2024 16:00:00 - 28/01/2024 17:00:00","BZN|BE","Without sequence","53.5","",""
"28/01/2024 17:00:00 - 28/01/2024 18:00:00","BZN|BE","Without sequence","67.73","",""
"28/01/2024 18:00:00 - 28/01/2024 19:00:00","BZN|BE","Without sequence","73.11","",""
"28/01/2024 19:00:00 - 28/01/2024 20:00:00","BZN|BE","Without sequence","70.72","",""
"28/01/2024 20:00:00 - 28/01/2024 21:00:00","BZN|BE","Without sequence","69.09","",""
"28/01/2024 21:00:00 - 28/01/2024 22:00:00","BZN|BE","Without sequence","58.04","",""
"28/01/2024 22:00:00 - 28/01/2024 23:00:00","BZN|BE","Without sequence","59.91","",""
"28/01/2024 23:00:00 - 29/01/2024 00:00:00","BZN|BE","Without sequence","56.0","",""
"29/01/2024 00:00:00 - 29/01/2024 01:00:00","BZN|BE","Without sequence","49.97","",""
"29/01/2024 01:00:00 - 29/01/2024 02:00:00","BZN|BE","Without sequence","47.26","",""
"29/01/2024 02:00:00 - 29/01/2024 03:00:00","BZN|BE","Without sequence","48.12","",""
"29/01/2024 03:00:00 - 29/01/2024 04:00:00","BZN|BE","Without sequence","47.97","",""
"29/01/2024 04:00:00 - 29/01/2024 05:00:00","BZN|BE","Without sequence","51.58","",""
"29/01/2024 05:00:00 - 29/01/2024 06:00:00","BZN|BE","Without sequence","60.06","",""
"29/01/2024 06:00:00 - 29/01/2024 07:00:00","BZN|BE","Without sequence","80.34","",""
"29/01/2024 07:00:00 - 29/01/2024 08:00:00","BZN|BE","Without sequence","90.51","",""
"29/01/2024 08:00:00 - 29/01/2024 09:00:00","BZN|BE","Without sequence","99.21","",""
"29/01/2024 09:00:00 - 29/01/2024 10:00:00","BZN|BE","Without sequence","88.39","",""
"29/01/2024 10:00:00 - 29/01/2024 11:00:00","BZN|BE","Without sequence","78.9","",""
"29/01/2024 11:00:00 - 29/01/2024 12:00:00","BZN|BE","Without sequence","71.27","",""
"29/01/2024 12:00:00 - 29/01/2024 13:00:00","BZN|BE","Without sequence","70.24","",""
"29/01/2024 13:00:00 - 29/01/2024 14:00:00","BZN|BE","Without sequence","74.44","",""
"29/01/2024 14:00:00 - 29/01/2024 15:00:00","BZN|BE","Without sequence","80.41","",""
"29/01/2024 15:00:00 - 29/01/2024 16:00:00","BZN|BE","Without sequence","88.77","",""
"29/01/2024 16:00:00 - 29/01/2024 17:00:00","BZN|BE","Without sequence","94.46","",""
"29/01/2024 17:00:00 - 29/01/2024 18:00:00","BZN|BE","Without sequence","105.06","",""
"29/01/2024 18:00:00 - 29/01/2024 19:00:00","BZN|BE","Without sequence","112.92","",""
"29/01/2024 19:00:00 - 29/01/2024 20:00:00","BZN|BE","Without sequence","107.52","",""
"29/01/2024 20:00:00 - 29/01/2024 21:00:00","BZN|BE","Without sequence","88.56","",""
"29/01/2024 21:00:00 - 29/01/2024 22:00:00","BZN|BE","Without sequence","83.39","",""
"29/01/2024 22:00:00 - 29/01/2024 23:00:00","BZN|BE","Without sequence","82.9","",""
"29/01/2024 23:00:00 - 30/01/2024 00:00:00","BZN|BE","Without sequence","80.29","",""
"30/01/2024 00:00:00 - 30/01/2024 01:00:00","BZN|BE","Without sequence","71.94","",""
"30/01/2024 01:00:00 - 30/01/2024 02:00:00","BZN|BE","Without sequence","68.7","",""
"30/01/2024 02:00:00 - 30/01/2024 03:00:00","BZN|BE","Without sequence","69.37","",""
"30/01/2024 03:00:00 - 30/01/2024 04:00:00","BZN|BE","Without sequence","66.06","",""
"30/01/2024 04:00:00 - 30/01/2024 05:00:00","BZN|BE","Without sequence","65.29","",""
"30/01/2024 05:00:00 - 30/01/2024 06:00:00","BZN|BE","Without sequence","69.37","",""
"30/01/2024 06:00:00 - 30/01/2024 07:00:00","BZN|BE","Without sequence","78.7","",""
"30/01/2024 07:00:00 - 30/01/2024 08:00:00","BZN|BE","Without sequence","90.82","",""
"30/01/2024 08:00:00 - 30/01/2024 09:00:00","BZN|BE","Without sequence","95.94","",""
"30/01/2024 09:00:00 - 30/01/2024 10:00:00","BZN|BE","Without sequence","84.93","",""
"30/01/2024 10:00:00 - 30/01/2024 11:00:00","BZN|BE","Without sequence","77.15","",""
"30/01/2024 11:00:00 - 30/01/2024 12:00:00","BZN|BE","Without sequence","70.1","",""
"30/01/2024 12:00:00 - 30/01/2024 13:00:00","BZN|BE","Without sequence","68.1","",""
"30/01/2024 13:00:00 - 30/01/2024 14:00:00","BZN|BE","Without sequence","68.23","",""
"30/01/2024 14:00:00 - 30/01/2024 15:00:00","BZN|BE","Without sequence","71.93","",""
"30/01/2024 15:00:00 - 30/01/2024 16:00:00","BZN|BE","Without sequence","75.0","",""
"30/01/2024 16:00:00 - 30/01/2024 17:00:00","BZN|BE","Without sequence","80.22","",""
"30/01/2024 17:00:00 - 30/01/2024 18:00:00","BZN|BE","Without sequence","88.42","",""
"30/01/2024 18:00:00 - 30/01/2024 19:00:00","BZN|BE","Without sequence","99.49","",""
"30/01/2024 19:00:00 - 30/01/2024 20:00:00","BZN|BE","Without sequence","101.39","",""
"30/01/2024 20:00:00 - 30/01/2024 21:00:00","BZN|BE","Without sequence","88.31","",""
"30/01/2024 21:00:00 - 30/01/2024 22:00:00","BZN|BE","Without sequence","79.18","",""
"30/01/2024 22:00:00 - 30/01/2024 23:00:00","BZN|BE","Without sequence","79.59","",""
"30/01/2024 23:00:00 - 31/01/2024 00:00:00","BZN|BE","Without sequence","76.34","",""
"31/01/2024 00:00:00 - 31/01/2024 01:00:00","BZN|BE","Without sequence","75.1","",""
"31/01/2024 01:00:00 - 31/01/2024 02:00:00","BZN|BE","Without sequence","71.96","",""
"31/01/2024 02:00:00 - 31/01/2024 03:00:00","BZN|BE","Without sequence","70.89","",""
"31/01/2024 03:00:00 - 31/01/2024 04:00:00","BZN|BE","Without sequence","69.82","",""
"31/01/2024 04:00:00 - 31/01/2024 05:00:00","BZN|BE","Without sequence","69.19","",""
"31/01/2024 05:00:00 - 31/01/2024 06:00:00","BZN|BE","Without sequence","73.91","",""
"31/01/2024 06:00:00 - 31/01/2024 07:00:00","BZN|BE","Without sequence","84.57","",""
"31/01/2024 07:00:00 - 31/01/2024 08:00:00","BZN|BE","Without sequence","99.21","",""
"31/01/2024 08:00:00 - 31/01/2024 09:00:00","BZN|BE","Without sequence","120.06","",""
"31/01/2024 09:00:00 - 31/01/2024 10:00:00","BZN|BE","Without sequence","93.38","",""
"31/01/2024 10:00:00 - 31/01/2024 11:00:00","BZN|BE","Without sequence","82.98","",""
"31/01/2024 11:00:00 - 31/01/2024 12:00:00","BZN|BE","Without sequence","77.09","",""
"31/01/2024 12:00:00 - 31/01/2024 13:00:00","BZN|BE","Without sequence","74.91","",""
"31/01/2024 13:00:00 - 31/01/2024 14:00:00","BZN|BE","Without sequence","66.93","",""
"31/01/2024 14:00:00 - 31/01/2024 15:00:00","BZN|BE","Without sequence","66.07","",""
"31/01/2024 15:00:00 - 31/01/2024 16:00:00","BZN|BE","Without sequence","69.23","",""
"31/01/2024 16:00:00 - 31/01/2024 17:00:00","BZN|BE","Without sequence","72.23","",""
"31/01/2024 17:00:00 - 31/01/2024 18:00:00","BZN|BE","Without sequence","80.96","",""
"31/01/2024 18:00:00 - 31/01/2024 19:00:00","BZN|BE","Without sequence","89.26","",""
"31/01/2024 19:00:00 - 31/01/2024 20:00:00","BZN|BE","Without sequence","81.04","",""
"31/01/2024 20:00:00 - 31/01/2024 21:00:00","BZN|BE","Without sequence","72.77","",""
"31/01/2024 21:00:00 - 31/01/2024 22:00:00","BZN|BE","Without sequence","59.33","",""
"31/01/2024 22:00:00 - 31/01/2024 23:00:00","BZN|BE","Without sequence","56.97","",""
"31/01/2024 23:00:00 - 01/02/2024 00:00:00","BZN|BE","Without sequence","41.96","",""
"01/02/2024 00:00:00 - 01/02/2024 01:00:00","BZN|BE","Without sequence","49.53","",""
"01/02/2024 01:00:00 - 01/02/2024 02:00:00","BZN|BE","Without sequence","44.19","",""
"01/02/2024 02:00:00 - 01/02/2024 03:00:00","BZN|BE","Without sequence","44.47","",""
"01/02/2024 03:00:00 - 01/02/2024 04:00:00","BZN|BE","Without sequence","45.15","",""
"01/02/2024 04:00:00 - 01/02/2024 05:00:00","BZN|BE","Without sequence","49.02","",""
"01/02/2024 05:00:00 - 01/02/2024 06:00:00","BZN|BE","Without sequence","57.56","",""
"01/02/2024 06:00:00 - 01/02/2024 07:00:00","BZN|BE","Without sequence","70.56","",""
"01/02/2024 07:00:00 - 01/02/2024 08:00:00","BZN|BE","Without sequence","87.22","",""
"01/02/2024 08:00:00 - 01/02/2024 09:00:00","BZN|BE","Without sequence","96.72","",""
"01/02/2024 09:00:00 - 01/02/2024 10:00:00","BZN|BE","Without sequence","89.84","",""
"01/02/2024 10:00:00 - 01/02/2024 11:00:00","BZN|BE","Without sequence","83.78","",""
"01/02/2024 11:00:00 - 01/02/2024 12:00:00","BZN|BE","Without sequence","80.0","",""
"01/02/2024 12:00:00 - 01/02/2024 13:00:00","BZN|BE","Without sequence","68.99","",""
"01/02/2024 13:00:00 - 01/02/2024 14:00:00","BZN|BE","Without sequence","60.96","",""
"01/02/2024 14:00:00 - 01/02/2024 15:00:00","BZN|BE","Without sequence","70.8","",""
"01/02/2024 15:00:00 - 01/02/2024 16:00:00","BZN|BE","Without sequence","81.49","",""
"01/02/2024 16:00:00 - 01/02/2024 17:00:00","BZN|BE","Without sequence","80.97","",""
"01/02/2024 17:00:00 - 01/02/2024 18:00:00","BZN|BE","Without sequence","99.0","",""
"01/02/2024 18:00:00 - 01/02/2024 19:00:00","BZN|BE","Without sequence","103.85","",""
"01/02/2024 19:00:00 - 01/02/2024 20:00:00","BZN|BE","Without sequence","98.4","",""
"01/02/2024 20:00:00 - 01/02/2024 21:00:00","BZN|BE","Without sequence","91.18","",""
"01/02/2024 21:00:00 - 01/02/2024 22:00:00","BZN|BE","Without sequence","83.46","",""
"01/02/2024 22:00:00 - 01/02/2024 23:00:00","BZN|BE","Without sequence","81.99","",""
"01/02/2024 23:00:00 - 02/02/2024 00:00:00","BZN|BE","Without sequence","73.52","",""
"02/02/2024 00:00:00 - 02/02/2024 01:00:00","BZN|BE","Without sequence","64.42","",""
"02/02/2024 01:00:00 - 02/02/2024 02:00:00","BZN|BE","Without sequence","59.99","",""
"02/02/2024 02:00:00 - 02/02/2024 03:00:00","BZN|BE","Without sequence","58.0","",""
"02/02/2024 03:00:00 - 02/02/2024 04:00:00","BZN|BE","Without sequence","54.69","",""
"02/02/2024 04:00:00 - 02/02/2024 05:00:00","BZN|BE","Without sequence","52.72","",""
"02/02/2024 05:00:00 - 02/02/2024 06:00:00","BZN|BE","Without sequence","54.94","",""
"02/02/2024 06:00:00 - 02/02/2024 07:00:00","BZN|BE","Without sequence","64.47","",""
"02/02/2024 07:00:00 - 02/02/2024 08:00:00","BZN|BE","Without sequence","78.77","",""
"02/02/2024 08:00:00 - 02/02/2024 09:00:00","BZN|BE","Without sequence","90.06","",""
"02/02/2024 09:00:00 - 02/02/2024 10:00:00","BZN|BE","Without sequence","86.21","",""
"02/02/2024 10:00:00 - 02/02/2024 11:00:00","BZN|BE","Without sequence","80.84","",""
"02/02/2024 11:00:00 - 02/02/2024 12:00:00","BZN|BE","Without sequence","75.2","",""
"02/02/2024 12:00:00 - 02/02/2024 13:00:00","BZN|BE","Without sequence","65.01","",""
"02/02/2024 13:00:00 - 02/02/2024 14:00:00","BZN|BE","Without sequence","60.0","",""
"02/02/2024 14:00:00 - 02/02/2024 15:00:00","BZN|BE","Without sequence","59.75","",""
"02/02/2024 15:00:00 - 02/02/2024 16:00:00","BZN|BE","Without sequence","59.78","",""
"02/02/2024 16:00:00 - 02/02/2024 17:00:00","BZN|BE","Without sequence","64.66","",""
"02/02/2024 17:00:00 - 02/02/2024 18:00:00","BZN|BE","Without sequence","71.35","",""
"02/02/2024 18:00:00 - 02/02/2024 19:00:00","BZN|BE","Without sequence","81.04","",""
"02/02/2024 19:00:00 - 02/02/2024 20:00:00","BZN|BE","Without sequence","87.8","",""
"02/02/2024 20:00:00 - 02/02/2024 21:00:00","BZN|BE","Without sequence","79.9","",""
"02/02/2024 21:00:00 - 02/02/2024 22:00:00","BZN|BE","Without sequence","65.05","",""
"02/02/2024 22:00:00 - 02/02/2024 23:00:00","BZN|BE","Without sequence","69.38","",""
"02/02/2024 23:00:00 - 03/02/2024 00:00:00","BZN|BE","Without sequence","60.71","",""
"03/02/2024 00:00:00 - 03/02/2024 01:00:00","BZN|BE","Without sequence","42.13","",""
"03/02/2024 01:00:00 - 03/02/2024 02:00:00","BZN|BE","Without sequence","46.94","",""
"03/02/2024 02:00:00 - 03/02/2024 03:00:00","BZN|BE","Without sequence","41.82","",""
"03/02/2024 03:00:00 - 03/02/2024 04:00:00","BZN|BE","Without sequence","19.73","",""
"03/02/2024 04:00:00 - 03/02/2024 05:00:00","BZN|BE","Without sequence","12.54","",""
"03/02/2024 05:00:00 - 03/02/2024 06:00:00","BZN|BE","Without sequence","13.21","",""
"03/02/2024 06:00:00 - 03/02/2024 07:00:00","BZN|BE","Without sequence","24.47","",""
"03/02/2024 07:00:00 - 03/02/2024 08:00:00","BZN|BE","Without sequence","39.75","",""
"03/02/2024 08:00:00 - 03/02/2024 09:00:00","BZN|BE","Without sequence","52.1","",""
"03/02/2024 09:00:00 - 03/02/2024 10:00:00","BZN|BE","Without sequence","64.96","",""
"03/02/2024 10:00:00 - 03/02/2024 11:00:00","BZN|BE","Without sequence","61.59","",""
"03/02/2024 11:00:00 - 03/02/2024 12:00:00","BZN|BE","Without sequence","52.13","",""
"03/02/2024 12:00:00 - 03/02/2024 13:00:00","BZN|BE","Without sequence","46.71","",""
"03/02/2024 13:00:00 - 03/02/2024 14:00:00","BZN|BE","Without sequence","43.83","",""
"03/02/2024 14:00:00 - 03/02/2024 15:00:00","BZN|BE","Without sequence","41.76","",""
"03/02/2024 15:00:00 - 03/02/2024 16:00:00","BZN|BE","Without sequence","45.27","",""
"03/02/2024 16:00:00 - 03/02/2024 17:00:00","BZN|BE","Without sequence","51.43","",""
"03/02/2024 17:00:00 - 03/02/2024 18:00:00","BZN|BE","Without sequence","64.86","",""
"03/02/2024 18:00:00 - 03/02/2024 19:00:00","BZN|BE","Without sequence","85.88","",""
"03/02/2024 19:00:00 - 03/02/2024 20:00:00","BZN|BE","Without sequence","80.28","",""
"03/02/2024 20:00:00 - 03/02/2024 21:00:00","BZN|BE","Without sequence","64.17","",""
"03/02/2024 21:00:00 - 03/02/2024 22:00:00","BZN|BE","Without sequence","59.74","",""
"03/02/2024 22:00:00 - 03/02/2024 23:00:00","BZN|BE","Without sequence","51.75","",""
"03/02/2024 23:00:00 - 04/02/2024 00:00:00","BZN|BE","Without sequence","42.6","",""
"04/02/2024 00:00:00 - 04/02/2024 01:00:00","BZN|BE","Without sequence","39.47","",""
"04/02/2024 01:00:00 - 04/02/2024 02:00:00","BZN|BE","Without sequence","29.0","",""
"04/02/2024 02:00:00 - 04/02/2024 03:00:00","BZN|BE","Without sequence","11.5","",""
"04/02/2024 03:00:00 - 04/02/2024 04:00:00","BZN|BE","Without sequence","2.54","",""
"04/02/2024 04:00:00 - 04/02/2024 05:00:00","BZN|BE","Without sequence","0.65","",""
"04/02/2024 05:00:00 - 04/02/2024 06:00:00","BZN|BE","Without sequence","3.5","",""
"04/02/2024 06:00:00 - 04/02/2024 07:00:00","BZN|BE","Without sequence","5.45","",""
"04/02/2024 07:00:00 - 04/02/2024 08:00:00","BZN|BE","Without sequence","7.66","",""
"04/02/2024 08:00:00 - 04/02/2024 09:00:00","BZN|BE","Without sequence","15.32","",""
"04/02/2024 09:00:00 - 04/02/2024 10:00:00","BZN|BE","Without sequence","21.85","",""
"04/02/2024 10:00:00 - 04/02/2024 11:00:00","BZN|BE","Without sequence","26.64","",""
"04/02/2024 11:00:00 - 04/02/2024 12:00:00","BZN|BE","Without sequence","20.2","",""
"04/02/2024 12:00:00 - 04/02/2024 13:00:00","BZN|BE","Without sequence","17.45","",""
"04/02/2024 13:00:00 - 04/02/2024 14:00:00","BZN|BE","Without sequence","5.48","",""
"04/02/2024 14:00:00 - 04/02/2024 15:00:00","BZN|BE","Without sequence","12.47","",""
"04/02/2024 15:00:00 - 04/02/2024 16:00:00","BZN|BE","Without sequence","24.4","",""
"04/02/2024 16:00:00 - 04/02/2024 17:00:00","BZN|BE","Without sequence","34.81","",""
"04/02/2024 17:00:00 - 04/02/2024 18:00:00","BZN|BE","Without sequence","56.21","",""
"04/02/2024 18:00:00 - 04/02/2024 19:00:00","BZN|BE","Without sequence","70.0","",""
"04/02/2024 19:00:00 - 04/02/2024 20:00:00","BZN|BE","Without sequence","84.85","",""
"04/02/2024 20:00:00 - 04/02/2024 21:00:00","BZN|BE","Without sequence","56.47","",""
"04/02/2024 21:00:00 - 04/02/2024 22:00:00","BZN|BE","Without sequence","59.72","",""
"04/02/2024 22:00:00 - 04/02/2024 23:00:00","BZN|BE","Without sequence","58.26","",""
"04/02/2024 23:00:00 - 05/02/2024 00:00:00","BZN|BE","Without sequence","42.0","",""
"05/02/2024 00:00:00 - 05/02/2024 01:00:00","BZN|BE","Without sequence","11.2","",""
"05/02/2024 01:00:00 - 05/02/2024 02:00:00","BZN|BE","Without sequence","21.74","",""
"05/02/2024 02:00:00 - 05/02/2024 03:00:00","BZN|BE","Without sequence","11.87","",""
"05/02/2024 03:00:00 - 05/02/2024 04:00:00","BZN|BE","Without sequence","0.75","",""
"05/02/2024 04:00:00 - 05/02/2024 05:00:00","BZN|BE","Without sequence","0.68","",""
"05/02/2024 05:00:00 - 05/02/2024 06:00:00","BZN|BE","Without sequence","3.47","",""
"05/02/2024 06:00:00 - 05/02/2024 07:00:00","BZN|BE","Without sequence","43.37","",""
"05/02/2024 07:00:00 - 05/02/2024 08:00:00","BZN|BE","Without sequence","80.28","",""
"05/02/2024 08:00:00 - 05/02/2024 09:00:00","BZN|BE","Without sequence","97.61","",""
"05/02/2024 09:00:00 - 05/02/2024 10:00:00","BZN|BE","Without sequence","104.08","",""
"05/02/2024 10:00:00 - 05/02/2024 11:00:00","BZN|BE","Without sequence","92.32","",""
"05/02/2024 11:00:00 - 05/02/2024 12:00:00","BZN|BE","Without sequence","88.87","",""
"05/02/2024 12:00:00 - 05/02/2024 13:00:00","BZN|BE","Without sequence","90.93","",""
"05/02/2024 13:00:00 - 05/02/2024 14:00:00","BZN|BE","Without sequence","65.69","",""
"05/02/2024 14:00:00 - 05/02/2024 15:00:00","BZN|BE","Without sequence","72.08","",""
"05/02/2024 15:00:00 - 05/02/2024 16:00:00","BZN|BE","Without sequence","61.1","",""
"05/02/2024 16:00:00 - 05/02/2024 17:00:00","BZN|BE","Without sequence","63.74","",""
"05/02/2024 17:00:00 - 05/02/2024 18:00:00","BZN|BE","Without sequence","77.74","",""
"05/02/2024 18:00:00 - 05/02/2024 19:00:00","BZN|BE","Without sequence","98.73","",""
"05/02/2024 19:00:00 - 05/02/2024 20:00:00","BZN|BE","Without sequence","100.0","",""
"05/02/2024 20:00:00 - 05/02/2024 21:00:00","BZN|BE","Without sequence","90.55","",""
"05/02/2024 21:00:00 - 05/02/2024 22:00:00","BZN|BE","Without sequence","68.12","",""
"05/02/2024 22:00:00 - 05/02/2024 23:00:00","BZN|BE","Without sequence","56.46","",""
"05/02/2024 23:00:00 - 06/02/2024 00:00:00","BZN|BE","Without sequence","47.65","",""
"06/02/2024 00:00:00 - 06/02/2024 01:00:00","BZN|BE","Without sequence","35.95","",""
"06/02/2024 01:00:00 - 06/02/2024 02:00:00","BZN|BE","Without sequence","28.93","",""
"06/02/2024 02:00:00 - 06/02/2024 03:00:00","BZN|BE","Without sequence","12.2","",""
"06/02/2024 03:00:00 - 06/02/2024 04:00:00","BZN|BE","Without sequence","6.81","",""
"06/02/2024 04:00:00 - 06/02/2024 05:00:00","BZN|BE","Without sequence","4.6","",""
"06/02/2024 05:00:00 - 06/02/2024 06:00:00","BZN|BE","Without sequence","21.2","",""
"06/02/2024 06:00:00 - 06/02/2024 07:00:00","BZN|BE","Without sequence","52.2","",""
"06/02/2024 07:00:00 - 06/02/2024 08:00:00","BZN|BE","Without sequence","70.27","",""
"06/02/2024 08:00:00 - 06/02/2024 09:00:00","BZN|BE","Without sequence","88.87","",""
"06/02/2024 09:00:00 - 06/02/2024 10:00:00","BZN|BE","Without sequence","87.3","",""
"06/02/2024 10:00:00 - 06/02/2024 11:00:00","BZN|BE","Without sequence","84.18","",""
"06/02/2024 11:00:00 - 06/02/2024 12:00:00","BZN|BE","Without sequence","64.13","",""
"06/02/2024 12:00:00 - 06/02/2024 13:00:00","BZN|BE","Without sequence","53.96","",""
"06/02/2024 13:00:00 - 06/02/2024 14:00:00","BZN|BE","Without sequence","50.95","",""
"06/02/2024 14:00:00 - 06/02/2024 15:00:00","BZN|BE","Without sequence","52.43","",""
"06/02/2024 15:00:00 - 06/02/2024 16:00:00","BZN|BE","Without sequence","56.89","",""
"06/02/2024 16:00:00 - 06/02/2024 17:00:00","BZN|BE","Without sequence","61.33","",""
"06/02/2024 17:00:00 - 06/02/2024 18:00:00","BZN|BE","Without sequence","71.98","",""
"06/02/2024 18:00:00 - 06/02/2024 19:00:00","BZN|BE","Without sequence","84.73","",""
"06/02/2024 19:00:00 - 06/02/2024 20:00:00","BZN|BE","Without sequence","88.5","",""
"06/02/2024 20:00:00 - 06/02/2024 21:00:00","BZN|BE","Without sequence","65.54","",""
"06/02/2024 21:00:00 - 06/02/2024 22:00:00","BZN|BE","Without sequence","59.98","",""
"06/02/2024 22:00:00 - 06/02/2024 23:00:00","BZN|BE","Without sequence","56.93","",""
"06/02/2024 23:00:00 - 07/02/2024 00:00:00","BZN|BE","Without sequence","52.83","",""
"07/02/2024 00:00:00 - 07/02/2024 01:00:00","BZN|BE","Without sequence","41.34","",""
"07/02/2024 01:00:00 - 07/02/2024 02:00:00","BZN|BE","Without sequence","40.03","",""
"07/02/2024 02:00:00 - 07/02/2024 03:00:00","BZN|BE","Without sequence","40.08","",""
"07/02/2024 03:00:00 - 07/02/2024 04:00:00","BZN|BE","Without sequence","43.56","",""
"07/02/2024 04:00:00 - 07/02/2024 05:00:00","BZN|BE","Without sequence","35.47","",""
"07/02/2024 05:00:00 - 07/02/2024 06:00:00","BZN|BE","Without sequence","49.6","",""
"07/02/2024 06:00:00 - 07/02/2024 07:00:00","BZN|BE","Without sequence","60.71","",""
"07/02/2024 07:00:00 - 07/02/2024 08:00:00","BZN|BE","Without sequence","78.6","",""
"07/02/2024 08:00:00 - 07/02/2024 09:00:00","BZN|BE","Without sequence","82.53","",""
"07/02/2024 09:00:00 - 07/02/2024 10:00:00","BZN|BE","Without sequence","88.38","",""
"07/02/2024 10:00:00 - 07/02/2024 11:00:00","BZN|BE","Without sequence","80.4","",""
"07/02/2024 11:00:00 - 07/02/2024 12:00:00","BZN|BE","Without sequence","77.3","",""
"07/02/2024 12:00:00 - 07/02/2024 13:00:00","BZN|BE","Without sequence","66.38","",""
"07/02/2024 13:00:00 - 07/02/2024 14:00:00","BZN|BE","Without sequence","62.26","",""
"07/02/2024 14:00:00 - 07/02/2024 15:00:00","BZN|BE","Without sequence","69.48","",""
"07/02/2024 15:00:00 - 07/02/2024 16:00:00","BZN|BE","Without sequence","77.1","",""
"07/02/2024 16:00:00 - 07/02/2024 17:00:00","BZN|BE","Without sequence","83.74","",""
"07/02/2024 17:00:00 - 07/02/2024 18:00:00","BZN|BE","Without sequence","109.45","",""
"07/02/2024 18:00:00 - 07/02/2024 19:00:00","BZN|BE","Without sequence","127.15","",""
"07/02/2024 19:00:00 - 07/02/2024 20:00:00","BZN|BE","Without sequence","108.53","",""
"07/02/2024 20:00:00 - 07/02/2024 21:00:00","BZN|BE","Without sequence","92.3","",""
"07/02/2024 21:00:00 - 07/02/2024 22:00:00","BZN|BE","Without sequence","75.41","",""
"07/02/2024 22:00:00 - 07/02/2024 23:00:00","BZN|BE","Without sequence","70.42","",""
"07/02/2024 23:00:00 - 08/02/2024 00:00:00","BZN|BE","Without sequence","77.45","",""
"08/02/2024 00:00:00 - 08/02/2024 01:00:00","BZN|BE","Without sequence","73.7","",""
"08/02/2024 01:00:00 - 08/02/2024 02:00:00","BZN|BE","Without sequence","73.2","",""
"08/02/2024 02:00:00 - 08/02/2024 03:00:00","BZN|BE","Without sequence","72.15","",""
"08/02/2024 03:00:00 - 08/02/2024 04:00:00","BZN|BE","Without sequence","61.65","",""
"08/02/2024 04:00:00 - 08/02/2024 05:00:00","BZN|BE","Without sequence","56.7","",""
"08/02/2024 05:00:00 - 08/02/2024 06:00:00","BZN|BE","Without sequence","59.27","",""
"08/02/2024 06:00:00 - 08/02/2024 07:00:00","BZN|BE","Without sequence","73.51","",""
"08/02/2024 07:00:00 - 08/02/2024 08:00:00","BZN|BE","Without sequence","95.58","",""
"08/02/2024 08:00:00 - 08/02/2024 09:00:00","BZN|BE","Without sequence","120.32","",""
"08/02/2024 09:00:00 - 08/02/2024 10:00:00","BZN|BE","Without sequence","106.2","",""
"08/02/2024 10:00:00 - 08/02/2024 11:00:00","BZN|BE","Without sequence","91.1","",""
"08/02/2024 11:00:00 - 08/02/2024 12:00:00","BZN|BE","Without sequence","80.01","",""
"08/02/2024 12:00:00 - 08/02/2024 13:00:00","BZN|BE","Without sequence","85.25","",""
"08/02/2024 13:00:00 - 08/02/2024 14:00:00","BZN|BE","Without sequence","69.26","",""
"08/02/2024 14:00:00 - 08/02/2024 15:00:00","BZN|BE","Without sequence","57.8","",""
"08/02/2024 15:00:00 - 08/02/2024 16:00:00","BZN|BE","Without sequence","57.35","",""
"08/02/2024 16:00:00 - 08/02/2024 17:00:00","BZN|BE","Without sequence","58.23","",""
"08/02/2024 17:00:00 - 08/02/2024 18:00:00","BZN|BE","Without sequence","61.83","",""
"08/02/2024 18:00:00 - 08/02/2024 19:00:00","BZN|BE","Without sequence","63.56","",""
"08/02/2024 19:00:00 - 08/02/2024 20:00:00","BZN|BE","Without sequence","70.08","",""
"08/02/2024 20:00:00 - 08/02/2024 21:00:00","BZN|BE","Without sequence","64.21","",""
"08/02/2024 21:00:00 - 08/02/2024 22:00:00","BZN|BE","Without sequence","59.3","",""
"08/02/2024 22:00:00 - 08/02/2024 23:00:00","BZN|BE","Without sequence","56.01","",""
"08/02/2024 23:00:00 - 09/02/2024 00:00:00","BZN|BE","Without sequence","50.0","",""
"09/02/2024 00:00:00 - 09/02/2024 01:00:00","BZN|BE","Without sequence","38.98","",""
"09/02/2024 01:00:00 - 09/02/2024 02:00:00","BZN|BE","Without sequence","29.96","",""
"09/02/2024 02:00:00 - 09/02/2024 03:00:00","BZN|BE","Without sequence","24.57","",""
"09/02/2024 03:00:00 - 09/02/2024 04:00:00","BZN|BE","Without sequence","21.81","",""
"09/02/2024 04:00:00 - 09/02/2024 05:00:00","BZN|BE","Without sequence","21.03","",""
"09/02/2024 05:00:00 - 09/02/2024 06:00:00","BZN|BE","Without sequence","26.8","",""
"09/02/2024 06:00:00 - 09/02/2024 07:00:00","BZN|BE","Without sequence","40.47","",""
"09/02/2024 07:00:00 - 09/02/2024 08:00:00","BZN|BE","Without sequence","58.42","",""
"09/02/2024 08:00:00 - 09/02/2024 09:00:00","BZN|BE","Without sequence","63.24","",""
"09/02/2024 09:00:00 - 09/02/2024 10:00:00","BZN|BE","Without sequence","67.15","",""
"09/02/2024 10:00:00 - 09/02/2024 11:00:00","BZN|BE","Without sequence","67.46","",""
"09/02/2024 11:00:00 - 09/02/2024 12:00:00","BZN|BE","Without sequence","62.5","",""
"09/02/2024 12:00:00 - 09/02/2024 13:00:00","BZN|BE","Without sequence","57.23","",""
"09/02/2024 13:00:00 - 09/02/2024 14:00:00","BZN|BE","Without sequence","54.82","",""
"09/02/2024 14:00:00 - 09/02/2024 15:00:00","BZN|BE","Without sequence","57.74","",""
"09/02/2024 15:00:00 - 09/02/2024 16:00:00","BZN|BE","Without sequence","60.42","",""
"09/02/2024 16:00:00 - 09/02/2024 17:00:00","BZN|BE","Without sequence","62.85","",""
"09/02/2024 17:00:00 - 09/02/2024 18:00:00","BZN|BE","Without sequence","82.19","",""
"09/02/2024 18:00:00 - 09/02/2024 19:00:00","BZN|BE","Without sequence","90.26","",""
"09/02/2024 19:00:00 - 09/02/2024 20:00:00","BZN|BE","Without sequence","87.17","",""
"09/02/2024 20:00:00 - 09/02/2024 21:00:00","BZN|BE","Without sequence","80.7","",""
"09/02/2024 21:00:00 - 09/02/2024 22:00:00","BZN|BE","Without sequence","75.26","",""
"09/02/2024 22:00:00 - 09/02/2024 23:00:00","BZN|BE","Without sequence","74.91","",""
"09/02/2024 23:00:00 - 10/02/2024 00:00:00","BZN|BE","Without sequence","70.94","",""
"10/02/2024 00:00:00 - 10/02/2024 01:00:00","BZN|BE","Without sequence","63.1","",""
"10/02/2024 01:00:00 - 10/02/2024 02:00:00","BZN|BE","Without sequence","64.08","",""
"10/02/2024 02:00:00 - 10/02/2024 03:00:00","BZN|BE","Without sequence","64.4","",""
"10/02/2024 03:00:00 - 10/02/2024 04:00:00","BZN|BE","Without sequence","64.39","",""
"10/02/2024 04:00:00 - 10/02/2024 05:00:00","BZN|BE","Without sequence","64.41","",""
"10/02/2024 05:00:00 - 10/02/2024 06:00:00","BZN|BE","Without sequence","65.82","",""
"10/02/2024 06:00:00 - 10/02/2024 07:00:00","BZN|BE","Without sequence","70.91","",""
"10/02/2024 07:00:00 - 10/02/2024 08:00:00","BZN|BE","Without sequence","74.86","",""
"10/02/2024 08:00:00 - 10/02/2024 09:00:00","BZN|BE","Without sequence","77.7","",""
"10/02/2024 09:00:00 - 10/02/2024 10:00:00","BZN|BE","Without sequence","80.38","",""
"10/02/2024 10:00:00 - 10/02/2024 11:00:00","BZN|BE","Without sequence","74.94","",""
"10/02/2024 11:00:00 - 10/02/2024 12:00:00","BZN|BE","Without sequence","69.84","",""
"10/02/2024 12:00:00 - 10/02/2024 13:00:00","BZN|BE","Without sequence","68.42","",""
"10/02/2024 13:00:00 - 10/02/2024 14:00:00","BZN|BE","Without sequence","66.72","",""
"10/02/2024 14:00:00 - 10/02/2024 15:00:00","BZN|BE","Without sequence","69.53","",""
"10/02/2024 15:00:00 - 10/02/2024 16:00:00","BZN|BE","Without sequence","77.17","",""
"10/02/2024 16:00:00 - 10/02/2024 17:00:00","BZN|BE","Without sequence","81.94","",""
"10/02/2024 17:00:00 - 10/02/2024 18:00:00","BZN|BE","Without sequence","85.91","",""
"10/02/2024 18:00:00 - 10/02/2024 19:00:00","BZN|BE","Without sequence","95.76","",""
"10/02/2024 19:00:00 - 10/02/2024 20:00:00","BZN|BE","Without sequence","83.86","",""
"10/02/2024 20:00:00 - 10/02/2024 21:00:00","BZN|BE","Without sequence","74.4","",""
"10/02/2024 21:00:00 - 10/02/2024 22:00:00","BZN|BE","Without sequence","68.91","",""
"10/02/2024 22:00:00 - 10/02/2024 23:00:00","BZN|BE","Without sequence","71.47","",""
"10/02/2024 23:00:00 - 11/02/2024 00:00:00","BZN|BE","Without sequence","64.0","",""
"11/02/2024 00:00:00 - 11/02/2024 01:00:00","BZN|BE","Without sequence","63.39","",""
"11/02/2024 01:00:00 - 11/02/2024 02:00:00","BZN|BE","Without sequence","56.94","",""
"11/02/2024 02:00:00 - 11/02/2024 03:00:00","BZN|BE","Without sequence","52.6","",""
"11/02/2024 03:00:00 - 11/02/2024 04:00:00","BZN|BE","Without sequence","46.83","",""
"11/02/2024 04:00:00 - 11/02/2024 05:00:00","BZN|BE","Without sequence","42.54","",""
"11/02/2024 05:00:00 - 11/02/2024 06:00:00","BZN|BE","Without sequence","45.57","",""
"11/02/2024 06:00:00 - 11/02/2024 07:00:00","BZN|BE","Without sequence","50.37","",""
"11/02/2024 07:00:00 - 11/02/2024 08:00:00","BZN|BE","Without sequence","54.95","",""
"11/02/2024 08:00:00 - 11/02/2024 09:00:00","BZN|BE","Without sequence","62.54","",""
"11/02/2024 09:00:00 - 11/02/2024 10:00:00","BZN|BE","Without sequence","60.94","",""
"11/02/2024 10:00:00 - 11/02/2024 11:00:00","BZN|BE","Without sequence","63.4","",""
"11/02/2024 11:00:00 - 11/02/2024 12:00:00","BZN|BE","Without sequence","65.25","",""
"11/02/2024 12:00:00 - 11/02/2024 13:00:00","BZN|BE","Without sequence","63.48","",""
"11/02/2024 13:00:00 - 11/02/2024 14:00:00","BZN|BE","Without sequence","60.87","",""
"11/02/2024 14:00:00 - 11/02/2024 15:00:00","BZN|BE","Without sequence","57.96","",""
"11/02/2024 15:00:00 - 11/02/2024 16:00:00","BZN|BE","Without sequence","64.51","",""
"11/02/2024 16:00:00 - 11/02/2024 17:00:00","BZN|BE","Without sequence","69.09","",""
"11/02/2024 17:00:00 - 11/02/2024 18:00:00","BZN|BE","Without sequence","77.38","",""
"11/02/2024 18:00:00 - 11/02/2024 19:00:00","BZN|BE","Without sequence","90.35","",""
"11/02/2024 19:00:00 - 11/02/2024 20:00:00","BZN|BE","Without sequence","86.49","",""
"11/02/2024 20:00:00 - 11/02/2024 21:00:00","BZN|BE","Without sequence","76.86","",""
"11/02/2024 21:00:00 - 11/02/2024 22:00:00","BZN|BE","Without sequence","70.72","",""
"11/02/2024 22:00:00 - 11/02/2024 23:00:00","BZN|BE","Without sequence","68.39","",""
"11/02/2024 23:00:00 - 12/02/2024 00:00:00","BZN|BE","Without sequence","64.01","",""
"12/02/2024 00:00:00 - 12/02/2024 01:00:00","BZN|BE","Without sequence","64.35","",""
"12/02/2024 01:00:00 - 12/02/2024 02:00:00","BZN|BE","Without sequence","61.74","",""
"12/02/2024 02:00:00 - 12/02/2024 03:00:00","BZN|BE","Without sequence","60.83","",""
"12/02/2024 03:00:00 - 12/02/2024 04:00:00","BZN|BE","Without sequence","59.57","",""
"12/02/2024 04:00:00 - 12/02/2024 05:00:00","BZN|BE","Without sequence","59.21","",""
"12/02/2024 05:00:00 - 12/02/2024 06:00:00","BZN|BE","Without sequence","65.0","",""
"12/02/2024 06:00:00 - 12/02/2024 07:00:00","BZN|BE","Without sequence","76.0","",""
"12/02/2024 07:00:00 - 12/02/2024 08:00:00","BZN|BE","Without sequence","85.41","",""
"12/02/2024 08:00:00 - 12/02/2024 09:00:00","BZN|BE","Without sequence","104.0","",""
"12/02/2024 09:00:00 - 12/02/2024 10:00:00","BZN|BE","Without sequence","96.5","",""
"12/02/2024 10:00:00 - 12/02/2024 11:00:00","BZN|BE","Without sequence","85.47","",""
"12/02/2024 11:00:00 - 12/02/2024 12:00:00","BZN|BE","Without sequence","79.05","",""
"12/02/2024 12:00:00 - 12/02/2024 13:00:00","BZN|BE","Without sequence","67.51","",""
"12/02/2024 13:00:00 - 12/02/2024 14:00:00","BZN|BE","Without sequence","64.05","",""
"12/02/2024 14:00:00 - 12/02/2024 15:00:00","BZN|BE","Without sequence","64.39","",""
"12/02/2024 15:00:00 - 12/02/2024 16:00:00","BZN|BE","Without sequence","66.82","",""
"12/02/2024 16:00:00 - 12/02/2024 17:00:00","BZN|BE","Without sequence","73.37","",""
"12/02/2024 17:00:00 - 12/02/2024 18:00:00","BZN|BE","Without sequence","78.13","",""
"12/02/2024 18:00:00 - 12/02/2024 19:00:00","BZN|BE","Without sequence","96.0","",""
"12/02/2024 19:00:00 - 12/02/2024 20:00:00","BZN|BE","Without sequence","89.08","",""
"12/02/2024 20:00:00 - 12/02/2024 21:00:00","BZN|BE","Without sequence","79.15","",""
"12/02/2024 21:00:00 - 12/02/2024 22:00:00","BZN|BE","Without sequence","71.54","",""
"12/02/2024 22:00:00 - 12/02/2024 23:00:00","BZN|BE","Without sequence","65.87","",""
"12/02/2024 23:00:00 - 13/02/2024 00:00:00","BZN|BE","Without sequence","61.9","",""
"13/02/2024 00:00:00 - 13/02/2024 01:00:00","BZN|BE","Without sequence","68.59","",""
"13/02/2024 01:00:00 - 13/02/2024 02:00:00","BZN|BE","Without sequence","65.37","",""
"13/02/2024 02:00:00 - 13/02/2024 03:00:00","BZN|BE","Without sequence","63.41","",""
"13/02/2024 03:00:00 - 13/02/2024 04:00:00","BZN|BE","Without sequence","60.49","",""
"13/02/2024 04:00:00 - 13/02/2024 05:00:00","BZN|BE","Without sequence","60.06","",""
"13/02/2024 05:00:00 - 13/02/2024 06:00:00","BZN|BE","Without sequence","63.59","",""
"13/02/2024 06:00:00 - 13/02/2024 07:00:00","BZN|BE","Without sequence","70.71","",""
"13/02/2024 07:00:00 - 13/02/2024 08:00:00","BZN|BE","Without sequence","82.51","",""
"13/02/2024 08:00:00 - 13/02/2024 09:00:00","BZN|BE","Without sequence","89.11","",""
"13/02/2024 09:00:00 - 13/02/2024 10:00:00","BZN|BE","Without sequence","75.12","",""
"13/02/2024 10:00:00 - 13/02/2024 11:00:00","BZN|BE","Without sequence","69.21","",""
"13/02/2024 11:00:00 - 13/02/2024 12:00:00","BZN|BE","Without sequence","63.87","",""
"13/02/2024 12:00:00 - 13/02/2024 13:00:00","BZN|BE","Without sequence","60.53","",""
"13/02/2024 13:00:00 - 13/02/2024 14:00:00","BZN|BE","Without sequence","60.26","",""
"13/02/2024 14:00:00 - 13/02/2024 15:00:00","BZN|BE","Without sequence","63.1","",""
"13/02/2024 15:00:00 - 13/02/2024 16:00:00","BZN|BE","Without sequence","70.7","",""
"13/02/2024 16:00:00 - 13/02/2024 17:00:00","BZN|BE","Without sequence","76.05","",""
"13/02/2024 17:00:00 - 13/02/2024 18:00:00","BZN|BE","Without sequence","80.53","",""
"13/02/2024 18:00:00 - 13/02/2024 19:00:00","BZN|BE","Without sequence","96.74","",""
"13/02/2024 19:00:00 - 13/02/2024 20:00:00","BZN|BE","Without sequence","91.37","",""
"13/02/2024 20:00:00 - 13/02/2024 21:00:00","BZN|BE","Without sequence","78.58","",""
"13/02/2024 21:00:00 - 13/02/2024 22:00:00","BZN|BE","Without sequence","72.5","",""
"13/02/2024 22:00:00 - 13/02/2024 23:00:00","BZN|BE","Without sequence","68.78","",""
"13/02/2024 23:00:00 - 14/02/2024 00:00:00","BZN|BE","Without sequence","64.86","",""
"14/02/2024 00:00:00 - 14/02/2024 01:00:00","BZN|BE","Without sequence","60.63","",""
"14/02/2024 01:00:00 - 14/02/2024 02:00:00","BZN|BE","Without sequence","59.34","",""
"14/02/2024 02:00:00 - 14/02/2024 03:00:00","BZN|BE","Without sequence","55.76","",""
"14/02/2024 03:00:00 - 14/02/2024 04:00:00","BZN|BE","Without sequence","54.79","",""
"14/02/2024 04:00:00 - 14/02/2024 05:00:00","BZN|BE","Without sequence","55.06","",""
"14/02/2024 05:00:00 - 14/02/2024 06:00:00","BZN|BE","Without sequence","58.74","",""
"14/02/2024 06:00:00 - 14/02/2024 07:00:00","BZN|BE","Without sequence","63.93","",""
"14/02/2024 07:00:00 - 14/02/2024 08:00:00","BZN|BE","Without sequence","73.41","",""
"14/02/2024 08:00:00 - 14/02/2024 09:00:00","BZN|BE","Without sequence","80.13","",""
"14/02/2024 09:00:00 - 14/02/2024 10:00:00","BZN|BE","Without sequence","69.65","",""
"14/02/2024 10:00:00 - 14/02/2024 11:00:00","BZN|BE","Without sequence","63.86","",""
"14/02/2024 11:00:00 - 14/02/2024 12:00:00","BZN|BE","Without sequence","63.29","",""
"14/02/2024 12:00:00 - 14/02/2024 13:00:00","BZN|BE","Without sequence","60.19","",""
"14/02/2024 13:00:00 - 14/02/2024 14:00:00","BZN|BE","Without sequence","53.92","",""
"14/02/2024 14:00:00 - 14/02/2024 15:00:00","BZN|BE","Without sequence","60.0","",""
"14/02/2024 15:00:00 - 14/02/2024 16:00:00","BZN|BE","Without sequence","64.55","",""
"14/02/2024 16:00:00 - 14/02/2024 17:00:00","BZN|BE","Without sequence","66.65","",""
"14/02/2024 17:00:00 - 14/02/2024 18:00:00","BZN|BE","Without sequence","76.3","",""
"14/02/2024 18:00:00 - 14/02/2024 19:00:00","BZN|BE","Without sequence","87.8","",""
"14/02/2024 19:00:00 - 14/02/2024 20:00:00","BZN|BE","Without sequence","84.79","",""
"14/02/2024 20:00:00 - 14/02/2024 21:00:00","BZN|BE","Without sequence","76.77","",""
"14/02/2024 21:00:00 - 14/02/2024 22:00:00","BZN|BE","Without sequence","69.58","",""
"14/02/2024 22:00:00 - 14/02/2024 23:00:00","BZN|BE","Without sequence","68.2","",""
"14/02/2024 23:00:00 - 15/02/2024 00:00:00","BZN|BE","Without sequence","63.8","",""
"15/02/2024 00:00:00 - 15/02/2024 01:00:00","BZN|BE","Without sequence","61.62","",""
"15/02/2024 01:00:00 - 15/02/2024 02:00:00","BZN|BE","Without sequence","57.51","",""
"15/02/2024 02:00:00 - 15/02/2024 03:00:00","BZN|BE","Without sequence","54.53","",""
"15/02/2024 03:00:00 - 15/02/2024 04:00:00","BZN|BE","Without sequence","50.41","",""
"15/02/2024 04:00:00 - 15/02/2024 05:00:00","BZN|BE","Without sequence","48.06","",""
"15/02/2024 05:00:00 - 15/02/2024 06:00:00","BZN|BE","Without sequence","53.04","",""
"15/02/2024 06:00:00 - 15/02/2024 07:00:00","BZN|BE","Without sequence","63.89","",""
"15/02/2024 07:00:00 - 15/02/2024 08:00:00","BZN|BE","Without sequence","73.16","",""
"15/02/2024 08:00:00 - 15/02/2024 09:00:00","BZN|BE","Without sequence","79.44","",""
"15/02/2024 09:00:00 - 15/02/2024 10:00:00","BZN|BE","Without sequence","75.02","",""
"15/02/2024 10:00:00 - 15/02/2024 11:00:00","BZN|BE","Without sequence","70.99","",""
"15/02/2024 11:00:00 - 15/02/2024 12:00:00","BZN|BE","Without sequence","63.54","",""
"15/02/2024 12:00:00 - 15/02/2024 13:00:00","BZN|BE","Without sequence","58.43","",""
"15/02/2024 13:00:00 - 15/02/2024 14:00:00","BZN|BE","Without sequence","55.54","",""
"15/02/2024 14:00:00 - 15/02/2024 15:00:00","BZN|BE","Without sequence","55.67","",""
"15/02/2024 15:00:00 - 15/02/2024 16:00:00","BZN|BE","Without sequence","58.54","",""
"15/02/2024 16:00:00 - 15/02/2024 17:00:00","BZN|BE","Without sequence","59.25","",""
"15/02/2024 17:00:00 - 15/02/2024 18:00:00","BZN|BE","Without sequence","67.14","",""
"15/02/2024 18:00:00 - 15/02/2024 19:00:00","BZN|BE","Without sequence","76.38","",""
"15/02/2024 19:00:00 - 15/02/2024 20:00:00","BZN|BE","Without sequence","72.94","",""
"15/02/2024 20:00:00 - 15/02/2024 21:00:00","BZN|BE","Without sequence","66.14","",""
"15/02/2024 21:00:00 - 15/02/2024 22:00:00","BZN|BE","Without sequence","61.12","",""
"15/02/2024 22:00:00 - 15/02/2024 23:00:00","BZN|BE","Without sequence","60.92","",""
"15/02/2024 23:00:00 - 16/02/2024 00:00:00","BZN|BE","Without sequence","56.97","",""
"16/02/2024 00:00:00 - 16/02/2024 01:00:00","BZN|BE","Without sequence","51.76","",""
"16/02/2024 01:00:00 - 16/02/2024 02:00:00","BZN|BE","Without sequence","51.08","",""
"16/02/2024 02:00:00 - 16/02/2024 03:00:00","BZN|BE","Without sequence","49.92","",""
"16/02/2024 03:00:00 - 16/02/2024 04:00:00","BZN|BE","Without sequence","47.81","",""
"16/02/2024 04:00:00 - 16/02/2024 05:00:00","BZN|BE","Without sequence","46.02","",""
"16/02/2024 05:00:00 - 16/02/2024 06:00:00","BZN|BE","Without sequence","49.09","",""
"16/02/2024 06:00:00 - 16/02/2024 07:00:00","BZN|BE","Without sequence","55.22","",""
"16/02/2024 07:00:00 - 16/02/2024 08:00:00","BZN|BE","Without sequence","69.27","",""
"16/02/2024 08:00:00 - 16/02/2024 09:00:00","BZN|BE","Without sequence","70.5","",""
"16/02/2024 09:00:00 - 16/02/2024 10:00:00","BZN|BE","Without sequence","66.08","",""
"16/02/2024 10:00:00 - 16/02/2024 11:00:00","BZN|BE","Without sequence","57.51","",""
"16/02/2024 11:00:00 - 16/02/2024 12:00:00","BZN|BE","Without sequence","59.0","",""
"16/02/2024 12:00:00 - 16/02/2024 13:00:00","BZN|BE","Without sequence","57.15","",""
"16/02/2024 13:00:00 - 16/02/2024 14:00:00","BZN|BE","Without sequence","55.53","",""
"16/02/2024 14:00:00 - 16/02/2024 15:00:00","BZN|BE","Without sequence","57.6","",""
"16/02/2024 15:00:00 - 16/02/2024 16:00:00","BZN|BE","Without sequence","63.21","",""
"16/02/2024 16:00:00 - 16/02/2024 17:00:00","BZN|BE","Without sequence","70.01","",""
"16/02/2024 17:00:00 - 16/02/2024 18:00:00","BZN|BE","Without sequence","71.11","",""
"16/02/2024 18:00:00 - 16/02/2024 19:00:00","BZN|BE","Without sequence","78.32","",""
"16/02/2024 19:00:00 - 16/02/2024 20:00:00","BZN|BE","Without sequence","78.37","",""
"16/02/2024 20:00:00 - 16/02/2024 21:00:00","BZN|BE","Without sequence","73.29","",""
"16/02/2024 21:00:00 - 16/02/2024 22:00:00","BZN|BE","Without sequence","69.67","",""
"16/02/2024 22:00:00 - 16/02/2024 23:00:00","BZN|BE","Without sequence","68.63","",""
"16/02/2024 23:00:00 - 17/02/2024 00:00:00","BZN|BE","Without sequence","62.22","",""
"17/02/2024 00:00:00 - 17/02/2024 01:00:00","BZN|BE","Without sequence","60.87","",""
"17/02/2024 01:00:00 - 17/02/2024 02:00:00","BZN|BE","Without sequence","59.38","",""
"17/02/2024 02:00:00 - 17/02/2024 03:00:00","BZN|BE","Without sequence","59.42","",""
"17/02/2024 03:00:00 - 17/02/2024 04:00:00","BZN|BE","Without sequence","56.65","",""
"17/02/2024 04:00:00 - 17/02/2024 05:00:00","BZN|BE","Without sequence","56.11","",""
"17/02/2024 05:00:00 - 17/02/2024 06:00:00","BZN|BE","Without sequence","59.3","",""
"17/02/2024 06:00:00 - 17/02/2024 07:00:00","BZN|BE","Without sequence","56.94","",""
"17/02/2024 07:00:00 - 17/02/2024 08:00:00","BZN|BE","Without sequence","60.81","",""
"17/02/2024 08:00:00 - 17/02/2024 09:00:00","BZN|BE","Without sequence","68.4","",""
"17/02/2024 09:00:00 - 17/02/2024 10:00:00","BZN|BE","Without sequence","70.86","",""
"17/02/2024 10:00:00 - 17/02/2024 11:00:00","BZN|BE","Without sequence","63.57","",""
"17/02/2024 11:00:00 - 17/02/2024 12:00:00","BZN|BE","Without sequence","60.69","",""
"17/02/2024 12:00:00 - 17/02/2024 13:00:00","BZN|BE","Without sequence","58.22","",""
"17/02/2024 13:00:00 - 17/02/2024 14:00:00","BZN|BE","Without sequence","55.24","",""
"17/02/2024 14:00:00 - 17/02/2024 15:00:00","BZN|BE","Without sequence","59.09","",""
"17/02/2024 15:00:00 - 17/02/2024 16:00:00","BZN|BE","Without sequence","59.03","",""
"17/02/2024 16:00:00 - 17/02/2024 17:00:00","BZN|BE","Without sequence","59.65","",""
"17/02/2024 17:00:00 - 17/02/2024 18:00:00","BZN|BE","Without sequence","75.18","",""
"17/02/2024 18:00:00 - 17/02/2024 19:00:00","BZN|BE","Without sequence","84.23","",""
"17/02/2024 19:00:00 - 17/02/2024 20:00:00","BZN|BE","Without sequence","85.81","",""
"17/02/2024 20:00:00 - 17/02/2024 21:00:00","BZN|BE","Without sequence","77.36","",""
"17/02/2024 21:00:00 - 17/02/2024 22:00:00","BZN|BE","Without sequence","72.27","",""
"17/02/2024 22:00:00 - 17/02/2024 23:00:00","BZN|BE","Without sequence","69.91","",""
"17/02/2024 23:00:00 - 18/02/2024 00:00:00","BZN|BE","Without sequence","69.11","",""
"18/02/2024 00:00:00 - 18/02/2024 01:00:00","BZN|BE","Without sequence","60.93","",""
"18/02/2024 01:00:00 - 18/02/2024 02:00:00","BZN|BE","Without sequence","54.81","",""
"18/02/2024 02:00:00 - 18/02/2024 03:00:00","BZN|BE","Without sequence","51.2","",""
"18/02/2024 03:00:00 - 18/02/2024 04:00:00","BZN|BE","Without sequence","49.62","",""
"18/02/2024 04:00:00 - 18/02/2024 05:00:00","BZN|BE","Without sequence","48.7","",""
"18/02/2024 05:00:00 - 18/02/2024 06:00:00","BZN|BE","Without sequence","48.47","",""
"18/02/2024 06:00:00 - 18/02/2024 07:00:00","BZN|BE","Without sequence","46.02","",""
"18/02/2024 07:00:00 - 18/02/2024 08:00:00","BZN|BE","Without sequence","48.97","",""
"18/02/2024 08:00:00 - 18/02/2024 09:00:00","BZN|BE","Without sequence","47.28","",""
"18/02/2024 09:00:00 - 18/02/2024 10:00:00","BZN|BE","Without sequence","43.03","",""
"18/02/2024 10:00:00 - 18/02/2024 11:00:00","BZN|BE","Without sequence","40.45","",""
"18/02/2024 11:00:00 - 18/02/2024 12:00:00","BZN|BE","Without sequence","41.0","",""
"18/02/2024 12:00:00 - 18/02/2024 13:00:00","BZN|BE","Without sequence","38.51","",""
"18/02/2024 13:00:00 - 18/02/2024 14:00:00","BZN|BE","Without sequence","37.71","",""
"18/02/2024 14:00:00 - 18/02/2024 15:00:00","BZN|BE","Without sequence","40.36","",""
"18/02/2024 15:00:00 - 18/02/2024 16:00:00","BZN|BE","Without sequence","42.53","",""
"18/02/2024 16:00:00 - 18/02/2024 17:00:00","BZN|BE","Without sequence","45.44","",""
"18/02/2024 17:00:00 - 18/02/2024 18:00:00","BZN|BE","Without sequence","54.05","",""
"18/02/2024 18:00:00 - 18/02/2024 19:00:00","BZN|BE","Without sequence","62.8","",""
"18/02/2024 19:00:00 - 18/02/2024 20:00:00","BZN|BE","Without sequence","68.48","",""
"18/02/2024 20:00:00 - 18/02/2024 21:00:00","BZN|BE","Without sequence","64.71","",""
"18/02/2024 21:00:00 - 18/02/2024 22:00:00","BZN|BE","Without sequence","59.83","",""
"18/02/2024 22:00:00 - 18/02/2024 23:00:00","BZN|BE","Without sequence","57.33","",""
"18/02/2024 23:00:00 - 19/02/2024 00:00:00","BZN|BE","Without sequence","53.94","",""
"19/02/2024 00:00:00 - 19/02/2024 01:00:00","BZN|BE","Without sequence","44.0","",""
"19/02/2024 01:00:00 - 19/02/2024 02:00:00","BZN|BE","Without sequence","44.84","",""
"19/02/2024 02:00:00 - 19/02/2024 03:00:00","BZN|BE","Without sequence","44.79","",""
"19/02/2024 03:00:00 - 19/02/2024 04:00:00","BZN|BE","Without sequence","43.91","",""
"19/02/2024 04:00:00 - 19/02/2024 05:00:00","BZN|BE","Without sequence","44.92","",""
"19/02/2024 05:00:00 - 19/02/2024 06:00:00","BZN|BE","Without sequence","51.57","",""
"19/02/2024 06:00:00 - 19/02/2024 07:00:00","BZN|BE","Without sequence","68.71","",""
"19/02/2024 07:00:00 - 19/02/2024 08:00:00","BZN|BE","Without sequence","79.17","",""
"19/02/2024 08:00:00 - 19/02/2024 09:00:00","BZN|BE","Without sequence","83.9","",""
"19/02/2024 09:00:00 - 19/02/2024 10:00:00","BZN|BE","Without sequence","75.08","",""
"19/02/2024 10:00:00 - 19/02/2024 11:00:00","BZN|BE","Without sequence","70.93","",""
"19/02/2024 11:00:00 - 19/02/2024 12:00:00","BZN|BE","Without sequence","69.3","",""
"19/02/2024 12:00:00 - 19/02/2024 13:00:00","BZN|BE","Without sequence","61.28","",""
"19/02/2024 13:00:00 - 19/02/2024 14:00:00","BZN|BE","Without sequence","54.84","",""
"19/02/2024 14:00:00 - 19/02/2024 15:00:00","BZN|BE","Without sequence","54.68","",""
"19/02/2024 15:00:00 - 19/02/2024 16:00:00","BZN|BE","Without sequence","57.14","",""
"19/02/2024 16:00:00 - 19/02/2024 17:00:00","BZN|BE","Without sequence","62.91","",""
"19/02/2024 17:00:00 - 19/02/2024 18:00:00","BZN|BE","Without sequence","72.04","",""
"19/02/2024 18:00:00 - 19/02/2024 19:00:00","BZN|BE","Without sequence","97.54","",""
"19/02/2024 19:00:00 - 19/02/2024 20:00:00","BZN|BE","Without sequence","80.07","",""
"19/02/2024 20:00:00 - 19/02/2024 21:00:00","BZN|BE","Without sequence","72.04","",""
"19/02/2024 21:00:00 - 19/02/2024 22:00:00","BZN|BE","Without sequence","67.51","",""
"19/02/2024 22:00:00 - 19/02/2024 23:00:00","BZN|BE","Without sequence","66.27","",""
"19/02/2024 23:00:00 - 20/02/2024 00:00:00","BZN|BE","Without sequence","59.07","",""
"20/02/2024 00:00:00 - 20/02/2024 01:00:00","BZN|BE","Without sequence","58.06","",""
"20/02/2024 01:00:00 - 20/02/2024 02:00:00","BZN|BE","Without sequence","54.32","",""
"20/02/2024 02:00:00 - 20/02/2024 03:00:00","BZN|BE","Without sequence","53.96","",""
"20/02/2024 03:00:00 - 20/02/2024 04:00:00","BZN|BE","Without sequence","54.65","",""
"20/02/2024 04:00:00 - 20/02/2024 05:00:00","BZN|BE","Without sequence","53.02","",""
"20/02/2024 05:00:00 - 20/02/2024 06:00:00","BZN|BE","Without sequence","54.85","",""
"20/02/2024 06:00:00 - 20/02/2024 07:00:00","BZN|BE","Without sequence","70.89","",""
"20/02/2024 07:00:00 - 20/02/2024 08:00:00","BZN|BE","Without sequence","79.11","",""
"20/02/2024 08:00:00 - 20/02/2024 09:00:00","BZN|BE","Without sequence","85.29","",""
"20/02/2024 09:00:00 - 20/02/2024 10:00:00","BZN|BE","Without sequence","78.71","",""
"20/02/2024 10:00:00 - 20/02/2024 11:00:00","BZN|BE","Without sequence","69.86","",""
"20/02/2024 11:00:00 - 20/02/2024 12:00:00","BZN|BE","Without sequence","60.98","",""
"20/02/2024 12:00:00 - 20/02/2024 13:00:00","BZN|BE","Without sequence","53.63","",""
"20/02/2024 13:00:00 - 20/02/2024 14:00:00","BZN|BE","Without sequence","51.67","",""
"20/02/2024 14:00:00 - 20/02/2024 15:00:00","BZN|BE","Without sequence","52.04","",""
"20/02/2024 15:00:00 - 20/02/2024 16:00:00","BZN|BE","Without sequence","56.27","",""
"20/02/2024 16:00:00 - 20/02/2024 17:00:00","BZN|BE","Without sequence","61.5","",""
"20/02/2024 17:00:00 - 20/02/2024 18:00:00","BZN|BE","Without sequence","66.02","",""
"20/02/2024 18:00:00 - 20/02/2024 19:00:00","BZN|BE","Without sequence","71.59","",""
"20/02/2024 19:00:00 - 20/02/2024 20:00:00","BZN|BE","Without sequence","75.31","",""
"20/02/2024 20:00:00 - 20/02/2024 21:00:00","BZN|BE","Without sequence","68.44","",""
"20/02/2024 21:00:00 - 20/02/2024 22:00:00","BZN|BE","Without sequence","65.92","",""
"20/02/2024 22:00:00 - 20/02/2024 23:00:00","BZN|BE","Without sequence","65.73","",""
"20/02/2024 23:00:00 - 21/02/2024 00:00:00","BZN|BE","Without sequence","55.3","",""
"21/02/2024 00:00:00 - 21/02/2024 01:00:00","BZN|BE","Without sequence","53.95","",""
"21/02/2024 01:00:00 - 21/02/2024 02:00:00","BZN|BE","Without sequence","49.99","",""
"21/02/2024 02:00:00 - 21/02/2024 03:00:00","BZN|BE","Without sequence","46.9","",""
"21/02/2024 03:00:00 - 21/02/2024 04:00:00","BZN|BE","Without sequence","44.85","",""
"21/02/2024 04:00:00 - 21/02/2024 05:00:00","BZN|BE","Without sequence","45.51","",""
"21/02/2024 05:00:00 - 21/02/2024 06:00:00","BZN|BE","Without sequence","50.14","",""
"21/02/2024 06:00:00 - 21/02/2024 07:00:00","BZN|BE","Without sequence","63.1","",""
"21/02/2024 07:00:00 - 21/02/2024 08:00:00","BZN|BE","Without sequence","74.24","",""
"21/02/2024 08:00:00 - 21/02/2024 09:00:00","BZN|BE","Without sequence","80.1","",""
"21/02/2024 09:00:00 - 21/02/2024 10:00:00","BZN|BE","Without sequence","67.53","",""
"21/02/2024 10:00:00 - 21/02/2024 11:00:00","BZN|BE","Without sequence","64.1","",""
"21/02/2024 11:00:00 - 21/02/2024 12:00:00","BZN|BE","Without sequence","60.39","",""
"21/02/2024 12:00:00 - 21/02/2024 13:00:00","BZN|BE","Without sequence","53.01","",""
"21/02/2024 13:00:00 - 21/02/2024 14:00:00","BZN|BE","Without sequence","51.22","",""
"21/02/2024 14:00:00 - 21/02/2024 15:00:00","BZN|BE","Without sequence","53.79","",""
"21/02/2024 15:00:00 - 21/02/2024 16:00:00","BZN|BE","Without sequence","59.84","",""
"21/02/2024 16:00:00 - 21/02/2024 17:00:00","BZN|BE","Without sequence","58.6","",""
"21/02/2024 17:00:00 - 21/02/2024 18:00:00","BZN|BE","Without sequence","60.9","",""
"21/02/2024 18:00:00 - 21/02/2024 19:00:00","BZN|BE","Without sequence","66.93","",""
"21/02/2024 19:00:00 - 21/02/2024 20:00:00","BZN|BE","Without sequence","62.34","",""
"21/02/2024 20:00:00 - 21/02/2024 21:00:00","BZN|BE","Without sequence","53.41","",""
"21/02/2024 21:00:00 - 21/02/2024 22:00:00","BZN|BE","Without sequence","46.89","",""
"21/02/2024 22:00:00 - 21/02/2024 23:00:00","BZN|BE","Without sequence","42.72","",""
"21/02/2024 23:00:00 - 22/02/2024 00:00:00","BZN|BE","Without sequence","36.22","",""
"22/02/2024 00:00:00 - 22/02/2024 01:00:00","BZN|BE","Without sequence","31.69","",""
"22/02/2024 01:00:00 - 22/02/2024 02:00:00","BZN|BE","Without sequence","28.33","",""
"22/02/2024 02:00:00 - 22/02/2024 03:00:00","BZN|BE","Without sequence","28.37","",""
"22/02/2024 03:00:00 - 22/02/2024 04:00:00","BZN|BE","Without sequence","27.34","",""
"22/02/2024 04:00:00 - 22/02/2024 05:00:00","BZN|BE","Without sequence","24.08","",""
"22/02/2024 05:00:00 - 22/02/2024 06:00:00","BZN|BE","Without sequence","40.86","",""
"22/02/2024 06:00:00 - 22/02/2024 07:00:00","BZN|BE","Without sequence","57.22","",""
"22/02/2024 07:00:00 - 22/02/2024 08:00:00","BZN|BE","Without sequence","67.99","",""
"22/02/2024 08:00:00 - 22/02/2024 09:00:00","BZN|BE","Without sequence","77.07","",""
"22/02/2024 09:00:00 - 22/02/2024 10:00:00","BZN|BE","Without sequence","69.1","",""
"22/02/2024 10:00:00 - 22/02/2024 11:00:00","BZN|BE","Without sequence","56.83","",""
"22/02/2024 11:00:00 - 22/02/2024 12:00:00","BZN|BE","Without sequence","58.72","",""
"22/02/2024 12:00:00 - 22/02/2024 13:00:00","BZN|BE","Without sequence","54.23","",""
"22/02/2024 13:00:00 - 22/02/2024 14:00:00","BZN|BE","Without sequence","48.72","",""
"22/02/2024 14:00:00 - 22/02/2024 15:00:00","BZN|BE","Without sequence","55.78","",""
"22/02/2024 15:00:00 - 22/02/2024 16:00:00","BZN|BE","Without sequence","52.95","",""
"22/02/2024 16:00:00 - 22/02/2024 17:00:00","BZN|BE","Without sequence","47.03","",""
"22/02/2024 17:00:00 - 22/02/2024 18:00:00","BZN|BE","Without sequence","52.8","",""
"22/02/2024 18:00:00 - 22/02/2024 19:00:00","BZN|BE","Without sequence","60.43","",""
"22/02/2024 19:00:00 - 22/02/2024 20:00:00","BZN|BE","Without sequence","55.27","",""
"22/02/2024 20:00:00 - 22/02/2024 21:00:00","BZN|BE","Without sequence","44.32","",""
"22/02/2024 21:00:00 - 22/02/2024 22:00:00","BZN|BE","Without sequence","29.99","",""
"22/02/2024 22:00:00 - 22/02/2024 23:00:00","BZN|BE","Without sequence","18.0","",""
"22/02/2024 23:00:00 - 23/02/2024 00:00:00","BZN|BE","Without sequence","7.05","",""
"23/02/2024 00:00:00 - 23/02/2024 01:00:00","BZN|BE","Without sequence","9.4","",""
"23/02/2024 01:00:00 - 23/02/2024 02:00:00","BZN|BE","Without sequence","2.6","",""
"23/02/2024 02:00:00 - 23/02/2024 03:00:00","BZN|BE","Without sequence","2.33","",""
"23/02/2024 03:00:00 - 23/02/2024 04:00:00","BZN|BE","Without sequence","1.07","",""
"23/02/2024 04:00:00 - 23/02/2024 05:00:00","BZN|BE","Without sequence","1.27","",""
"23/02/2024 05:00:00 - 23/02/2024 06:00:00","BZN|BE","Without sequence","3.65","",""
"23/02/2024 06:00:00 - 23/02/2024 07:00:00","BZN|BE","Without sequence","41.17","",""
"23/02/2024 07:00:00 - 23/02/2024 08:00:00","BZN|BE","Without sequence","59.07","",""
"23/02/2024 08:00:00 - 23/02/2024 09:00:00","BZN|BE","Without sequence","61.01","",""
"23/02/2024 09:00:00 - 23/02/2024 10:00:00","BZN|BE","Without sequence","53.81","",""
"23/02/2024 10:00:00 - 23/02/2024 11:00:00","BZN|BE","Without sequence","47.78","",""
"23/02/2024 11:00:00 - 23/02/2024 12:00:00","BZN|BE","Without sequence","42.89","",""
"23/02/2024 12:00:00 - 23/02/2024 13:00:00","BZN|BE","Without sequence","38.48","",""
"23/02/2024 13:00:00 - 23/02/2024 14:00:00","BZN|BE","Without sequence","34.53","",""
"23/02/2024 14:00:00 - 23/02/2024 15:00:00","BZN|BE","Without sequence","39.87","",""
"23/02/2024 15:00:00 - 23/02/2024 16:00:00","BZN|BE","Without sequence","50.1","",""
"23/02/2024 16:00:00 - 23/02/2024 17:00:00","BZN|BE","Without sequence","63.5","",""
"23/02/2024 17:00:00 - 23/02/2024 18:00:00","BZN|BE","Without sequence","73.03","",""
"23/02/2024 18:00:00 - 23/02/2024 19:00:00","BZN|BE","Without sequence","86.44","",""
"23/02/2024 19:00:00 - 23/02/2024 20:00:00","BZN|BE","Without sequence","84.01","",""
"23/02/2024 20:00:00 - 23/02/2024 21:00:00","BZN|BE","Without sequence","72.97","",""
"23/02/2024 21:00:00 - 23/02/2024 22:00:00","BZN|BE","Without sequence","69.26","",""
"23/02/2024 22:00:00 - 23/02/2024 23:00:00","BZN|BE","Without sequence","67.98","",""
"23/02/2024 23:00:00 - 24/02/2024 00:00:00","BZN|BE","Without sequence","65.1","",""
"24/02/2024 00:00:00 - 24/02/2024 01:00:00","BZN|BE","Without sequence","66.47","",""
"24/02/2024 01:00:00 - 24/02/2024 02:00:00","BZN|BE","Without sequence","63.9","",""
"24/02/2024 02:00:00 - 24/02/2024 03:00:00","BZN|BE","Without sequence","59.5","",""
"24/02/2024 03:00:00 - 24/02/2024 04:00:00","BZN|BE","Without sequence","55.2","",""
"24/02/2024 04:00:00 - 24/02/2024 05:00:00","BZN|BE","Without sequence","55.39","",""
"24/02/2024 05:00:00 - 24/02/2024 06:00:00","BZN|BE","Without sequence","57.1","",""
"24/02/2024 06:00:00 - 24/02/2024 07:00:00","BZN|BE","Without sequence","61.67","",""
"24/02/2024 07:00:00 - 24/02/2024 08:00:00","BZN|BE","Without sequence","66.11","",""
"24/02/2024 08:00:00 - 24/02/2024 09:00:00","BZN|BE","Without sequence","64.4","",""
"24/02/2024 09:00:00 - 24/02/2024 10:00:00","BZN|BE","Without sequence","57.6","",""
"24/02/2024 10:00:00 - 24/02/2024 11:00:00","BZN|BE","Without sequence","49.15","",""
"24/02/2024 11:00:00 - 24/02/2024 12:00:00","BZN|BE","Without sequence","45.77","",""
"24/02/2024 12:00:00 - 24/02/2024 13:00:00","BZN|BE","Without sequence","40.31","",""
"24/02/2024 13:00:00 - 24/02/2024 14:00:00","BZN|BE","Without sequence","32.22","",""
"24/02/2024 14:00:00 - 24/02/2024 15:00:00","BZN|BE","Without sequence","37.6","",""
"24/02/2024 15:00:00 - 24/02/2024 16:00:00","BZN|BE","Without sequence","45.0","",""
"24/02/2024 16:00:00 - 24/02/2024 17:00:00","BZN|BE","Without sequence","55.96","",""
"24/02/2024 17:00:00 - 24/02/2024 18:00:00","BZN|BE","Without sequence","72.56","",""
"24/02/2024 18:00:00 - 24/02/2024 19:00:00","BZN|BE","Without sequence","81.34","",""
"24/02/2024 19:00:00 - 24/02/2024 20:00:00","BZN|BE","Without sequence","74.13","",""
"24/02/2024 20:00:00 - 24/02/2024 21:00:00","BZN|BE","Without sequence","65.17","",""
"24/02/2024 21:00:00 - 24/02/2024 22:00:00","BZN|BE","Without sequence","59.94","",""
"24/02/2024 22:00:00 - 24/02/2024 23:00:00","BZN|BE","Without sequence","58.99","",""
"24/02/2024 23:00:00 - 25/02/2024 00:00:00","BZN|BE","Without sequence","56.39","",""
"25/02/2024 00:00:00 - 25/02/2024 01:00:00","BZN|BE","Without sequence","56.57","",""
"25/02/2024 01:00:00 - 25/02/2024 02:00:00","BZN|BE","Without sequence","55.44","",""
"25/02/2024 02:00:00 - 25/02/2024 03:00:00","BZN|BE","Without sequence","55.4","",""
"25/02/2024 03:00:00 - 25/02/2024 04:00:00","BZN|BE","Without sequence","54.9","",""
"25/02/2024 04:00:00 - 25/02/2024 05:00:00","BZN|BE","Without sequence","55.2","",""
"25/02/2024 05:00:00 - 25/02/2024 06:00:00","BZN|BE","Without sequence","55.07","",""
"25/02/2024 06:00:00 - 25/02/2024 07:00:00","BZN|BE","Without sequence","57.19","",""
"25/02/2024 07:00:00 - 25/02/2024 08:00:00","BZN|BE","Without sequence","59.92","",""
"25/02/2024 08:00:00 - 25/02/2024 09:00:00","BZN|BE","Without sequence","65.04","",""
"25/02/2024 09:00:00 - 25/02/2024 10:00:00","BZN|BE","Without sequence","64.28","",""
"25/02/2024 10:00:00 - 25/02/2024 11:00:00","BZN|BE","Without sequence","56.67","",""
"25/02/2024 11:00:00 - 25/02/2024 12:00:00","BZN|BE","Without sequence","54.36","",""
"25/02/2024 12:00:00 - 25/02/2024 13:00:00","BZN|BE","Without sequence","50.0","",""
"25/02/2024 13:00:00 - 25/02/2024 14:00:00","BZN|BE","Without sequence","46.03","",""
"25/02/2024 14:00:00 - 25/02/2024 15:00:00","BZN|BE","Without sequence","49.84","",""
"25/02/2024 15:00:00 - 25/02/2024 16:00:00","BZN|BE","Without sequence","55.0","",""
"25/02/2024 16:00:00 - 25/02/2024 17:00:00","BZN|BE","Without sequence","68.54","",""
"25/02/2024 17:00:00 - 25/02/2024 18:00:00","BZN|BE","Without sequence","84.57","",""
"25/02/2024 18:00:00 - 25/02/2024 19:00:00","BZN|BE","Without sequence","85.17","",""
"25/02/2024 19:00:00 - 25/02/2024 20:00:00","BZN|BE","Without sequence","77.52","",""
"25/02/2024 20:00:00 - 25/02/2024 21:00:00","BZN|BE","Without sequence","69.78","",""
"25/02/2024 21:00:00 - 25/02/2024 22:00:00","BZN|BE","Without sequence","65.11","",""
"25/02/2024 22:00:00 - 25/02/2024 23:00:00","BZN|BE","Without sequence","65.23","",""
"25/02/2024 23:00:00 - 26/02/2024 00:00:00","BZN|BE","Without sequence","58.38","",""
"26/02/2024 00:00:00 - 26/02/2024 01:00:00","BZN|BE","Without sequence","57.83","",""
"26/02/2024 01:00:00 - 26/02/2024 02:00:00","BZN|BE","Without sequence","56.82","",""
"26/02/2024 02:00:00 - 26/02/2024 03:00:00","BZN|BE","Without sequence","55.69","",""
"26/02/2024 03:00:00 - 26/02/2024 04:00:00","BZN|BE","Without sequence","51.8","",""
"26/02/2024 04:00:00 - 26/02/2024 05:00:00","BZN|BE","Without sequence","52.84","",""
"26/02/2024 05:00:00 - 26/02/2024 06:00:00","BZN|BE","Without sequence","57.92","",""
"26/02/2024 06:00:00 - 26/02/2024 07:00:00","BZN|BE","Without sequence","65.52","",""
"26/02/2024 07:00:00 - 26/02/2024 08:00:00","BZN|BE","Without sequence","76.73","",""
"26/02/2024 08:00:00 - 26/02/2024 09:00:00","BZN|BE","Without sequence","81.6","",""
"26/02/2024 09:00:00 - 26/02/2024 10:00:00","BZN|BE","Without sequence","73.83","",""
"26/02/2024 10:00:00 - 26/02/2024 11:00:00","BZN|BE","Without sequence","66.65","",""
"26/02/2024 11:00:00 - 26/02/2024 12:00:00","BZN|BE","Without sequence","65.03","",""
"26/02/2024 12:00:00 - 26/02/2024 13:00:00","BZN|BE","Without sequence","58.42","",""
"26/02/2024 13:00:00 - 26/02/2024 14:00:00","BZN|BE","Without sequence","58.19","",""
"26/02/2024 14:00:00 - 26/02/2024 15:00:00","BZN|BE","Without sequence","61.29","",""
"26/02/2024 15:00:00 - 26/02/2024 16:00:00","BZN|BE","Without sequence","64.95","",""
"26/02/2024 16:00:00 - 26/02/2024 17:00:00","BZN|BE","Without sequence","69.66","",""
"26/02/2024 17:00:00 - 26/02/2024 18:00:00","BZN|BE","Without sequence","77.0","",""
"26/02/2024 18:00:00 - 26/02/2024 19:00:00","BZN|BE","Without sequence","85.37","",""
"26/02/2024 19:00:00 - 26/02/2024 20:00:00","BZN|BE","Without sequence","81.27","",""
"26/02/2024 20:00:00 - 26/02/2024 21:00:00","BZN|BE","Without sequence","72.67","",""
"26/02/2024 21:00:00 - 26/02/2024 22:00:00","BZN|BE","Without sequence","65.85","",""
"26/02/2024 22:00:00 - 26/02/2024 23:00:00","BZN|BE","Without sequence","65.21","",""
"26/02/2024 23:00:00 - 27/02/2024 00:00:00","BZN|BE","Without sequence","60.76","",""
"27/02/2024 00:00:00 - 27/02/2024 01:00:00","BZN|BE","Without sequence","57.62","",""
"27/02/2024 01:00:00 - 27/02/2024 02:00:00","BZN|BE","Without sequence","57.55","",""
"27/02/2024 02:00:00 - 27/02/2024 03:00:00","BZN|BE","Without sequence","57.35","",""
"27/02/2024 03:00:00 - 27/02/2024 04:00:00","BZN|BE","Without sequence","56.87","",""
"27/02/2024 04:00:00 - 27/02/2024 05:00:00","BZN|BE","Without sequence","57.35","",""
"27/02/2024 05:00:00 - 27/02/2024 06:00:00","BZN|BE","Without sequence","61.92","",""
"27/02/2024 06:00:00 - 27/02/2024 07:00:00","BZN|BE","Without sequence","69.14","",""
"27/02/2024 07:00:00 - 27/02/2024 08:00:00","BZN|BE","Without sequence","80.62","",""
"27/02/2024 08:00:00 - 27/02/2024 09:00:00","BZN|BE","Without sequence","92.92","",""
"27/02/2024 09:00:00 - 27/02/2024 10:00:00","BZN|BE","Without sequence","80.81","",""
"27/02/2024 10:00:00 - 27/02/2024 11:00:00","BZN|BE","Without sequence","68.71","",""
"27/02/2024 11:00:00 - 27/02/2024 12:00:00","BZN|BE","Without sequence","63.33","",""
"27/02/2024 12:00:00 - 27/02/2024 13:00:00","BZN|BE","Without sequence","57.66","",""
"27/02/2024 13:00:00 - 27/02/2024 14:00:00","BZN|BE","Without sequence","57.7","",""
"27/02/2024 14:00:00 - 27/02/2024 15:00:00","BZN|BE","Without sequence","61.11","",""
"27/02/2024 15:00:00 - 27/02/2024 16:00:00","BZN|BE","Without sequence","63.87","",""
"27/02/2024 16:00:00 - 27/02/2024 17:00:00","BZN|BE","Without sequence","63.0","",""
"27/02/2024 17:00:00 - 27/02/2024 18:00:00","BZN|BE","Without sequence","76.18","",""
"27/02/2024 18:00:00 - 27/02/2024 19:00:00","BZN|BE","Without sequence","103.17","",""
"27/02/2024 19:00:00 - 27/02/2024 20:00:00","BZN|BE","Without sequence","105.17","",""
"27/02/2024 20:00:00 - 27/02/2024 21:00:00","BZN|BE","Without sequence","84.49","",""
"27/02/2024 21:00:00 - 27/02/2024 22:00:00","BZN|BE","Without sequence","72.65","",""
"27/02/2024 22:00:00 - 27/02/2024 23:00:00","BZN|BE","Without sequence","70.35","",""
"27/02/2024 23:00:00 - 28/02/2024 00:00:00","BZN|BE","Without sequence","64.97","",""
"28/02/2024 00:00:00 - 28/02/2024 01:00:00","BZN|BE","Without sequence","60.36","",""
"28/02/2024 01:00:00 - 28/02/2024 02:00:00","BZN|BE","Without sequence","59.4","",""
"28/02/2024 02:00:00 - 28/02/2024 03:00:00","BZN|BE","Without sequence","61.34","",""
"28/02/2024 03:00:00 - 28/02/2024 04:00:00","BZN|BE","Without sequence","63.46","",""
"28/02/2024 04:00:00 - 28/02/2024 05:00:00","BZN|BE","Without sequence","63.78","",""
"28/02/2024 05:00:00 - 28/02/2024 06:00:00","BZN|BE","Without sequence","67.52","",""
"28/02/2024 06:00:00 - 28/02/2024 07:00:00","BZN|BE","Without sequence","72.38","",""
"28/02/2024 07:00:00 - 28/02/2024 08:00:00","BZN|BE","Without sequence","88.39","",""
"28/02/2024 08:00:00 - 28/02/2024 09:00:00","BZN|BE","Without sequence","104.49","",""
"28/02/2024 09:00:00 - 28/02/2024 10:00:00","BZN|BE","Without sequence","85.46","",""
"28/02/2024 10:00:00 - 28/02/2024 11:00:00","BZN|BE","Without sequence","73.99","",""
"28/02/2024 11:00:00 - 28/02/2024 12:00:00","BZN|BE","Without sequence","67.55","",""
"28/02/2024 12:00:00 - 28/02/2024 13:00:00","BZN|BE","Without sequence","63.93","",""
"28/02/2024 13:00:00 - 28/02/2024 14:00:00","BZN|BE","Without sequence","58.5","",""
"28/02/2024 14:00:00 - 28/02/2024 15:00:00","BZN|BE","Without sequence","58.63","",""
"28/02/2024 15:00:00 - 28/02/2024 16:00:00","BZN|BE","Without sequence","58.63","",""
"28/02/2024 16:00:00 - 28/02/2024 17:00:00","BZN|BE","Without sequence","60.88","",""
"28/02/2024 17:00:00 - 28/02/2024 18:00:00","BZN|BE","Without sequence","66.2","",""
"28/02/2024 18:00:00 - 28/02/2024 19:00:00","BZN|BE","Without sequence","82.8","",""
"28/02/2024 19:00:00 - 28/02/2024 20:00:00","BZN|BE","Without sequence","78.5","",""
"28/02/2024 20:00:00 - 28/02/2024 21:00:00","BZN|BE","Without sequence","66.01","",""
"28/02/2024 21:00:00 - 28/02/2024 22:00:00","BZN|BE","Without sequence","63.14","",""
"28/02/2024 22:00:00 - 28/02/2024 23:00:00","BZN|BE","Without sequence","64.31","",""
"28/02/2024 23:00:00 - 29/02/2024 00:00:00","BZN|BE","Without sequence","55.37","",""
"29/02/2024 00:00:00 - 29/02/2024 01:00:00","BZN|BE","Without sequence","55.19","",""
"29/02/2024 01:00:00 - 29/02/2024 02:00:00","BZN|BE","Without sequence","53.41","",""
"29/02/2024 02:00:00 - 29/02/2024 03:00:00","BZN|BE","Without sequence","50.16","",""
"29/02/2024 03:00:00 - 29/02/2024 04:00:00","BZN|BE","Without sequence","47.15","",""
"29/02/2024 04:00:00 - 29/02/2024 05:00:00","BZN|BE","Without sequence","44.24","",""
"29/02/2024 05:00:00 - 29/02/2024 06:00:00","BZN|BE","Without sequence","48.51","",""
"29/02/2024 06:00:00 - 29/02/2024 07:00:00","BZN|BE","Without sequence","62.2","",""
"29/02/2024 07:00:00 - 29/02/2024 08:00:00","BZN|BE","Without sequence","73.98","",""
"29/02/2024 08:00:00 - 29/02/2024 09:00:00","BZN|BE","Without sequence","74.3","",""
"29/02/2024 09:00:00 - 29/02/2024 10:00:00","BZN|BE","Without sequence","70.53","",""
"29/02/2024 10:00:00 - 29/02/2024 11:00:00","BZN|BE","Without sequence","65.65","",""
"29/02/2024 11:00:00 - 29/02/2024 12:00:00","BZN|BE","Without sequence","65.6","",""
"29/02/2024 12:00:00 - 29/02/2024 13:00:00","BZN|BE","Without sequence","58.99","",""
"29/02/2024 13:00:00 - 29/02/2024 14:00:00","BZN|BE","Without sequence","57.03","",""
"29/02/2024 14:00:00 - 29/02/2024 15:00:00","BZN|BE","Without sequence","59.2","",""
"29/02/2024 15:00:00 - 29/02/2024 16:00:00","BZN|BE","Without sequence","65.21","",""
"29/02/2024 16:00:00 - 29/02/2024 17:00:00","BZN|BE","Without sequence","71.66","",""
"29/02/2024 17:00:00 - 29/02/2024 18:00:00","BZN|BE","Without sequence","74.48","",""
"29/02/2024 18:00:00 - 29/02/2024 19:00:00","BZN|BE","Without sequence","86.26","",""
"29/02/2024 19:00:00 - 29/02/2024 20:00:00","BZN|BE","Without sequence","80.99","",""
"29/02/2024 20:00:00 - 29/02/2024 21:00:00","BZN|BE","Without sequence","72.77","",""
"29/02/2024 21:00:00 - 29/02/2024 22:00:00","BZN|BE","Without sequence","67.25","",""
"29/02/2024 22:00:00 - 29/02/2024 23:00:00","BZN|BE","Without sequence","64.9","",""
"29/02/2024 23:00:00 - 01/03/2024 00:00:00","BZN|BE","Without sequence","60.9","",""
"01/03/2024 00:00:00 - 01/03/2024 01:00:00","BZN|BE","Without sequence","62.04","",""
"01/03/2024 01:00:00 - 01/03/2024 02:00:00","BZN|BE","Without sequence","61.42","",""
"01/03/2024 02:00:00 - 01/03/2024 03:00:00","BZN|BE","Without sequence","58.14","",""
"01/03/2024 03:00:00 - 01/03/2024 04:00:00","BZN|BE","Without sequence","57.83","",""
"01/03/2024 04:00:00 - 01/03/2024 05:00:00","BZN|BE","Without sequence","58.3","",""
"01/03/2024 05:00:00 - 01/03/2024 06:00:00","BZN|BE","Without sequence","62.49","",""
"01/03/2024 06:00:00 - 01/03/2024 07:00:00","BZN|BE","Without sequence","71.58","",""
"01/03/2024 07:00:00 - 01/03/2024 08:00:00","BZN|BE","Without sequence","79.36","",""
"01/03/2024 08:00:00 - 01/03/2024 09:00:00","BZN|BE","Without sequence","87.8","",""
"01/03/2024 09:00:00 - 01/03/2024 10:00:00","BZN|BE","Without sequence","79.83","",""
"01/03/2024 10:00:00 - 01/03/2024 11:00:00","BZN|BE","Without sequence","66.53","",""
"01/03/2024 11:00:00 - 01/03/2024 12:00:00","BZN|BE","Without sequence","64.76","",""
"01/03/2024 12:00:00 - 01/03/2024 13:00:00","BZN|BE","Without sequence","63.16","",""
"01/03/2024 13:00:00 - 01/03/2024 14:00:00","BZN|BE","Without sequence","68.2","",""
"01/03/2024 14:00:00 - 01/03/2024 15:00:00","BZN|BE","Without sequence","66.89","",""
"01/03/2024 15:00:00 - 01/03/2024 16:00:00","BZN|BE","Without sequence","67.2","",""
"01/03/2024 16:00:00 - 01/03/2024 17:00:00","BZN|BE","Without sequence","72.49","",""
"01/03/2024 17:00:00 - 01/03/2024 18:00:00","BZN|BE","Without sequence","89.4","",""
"01/03/2024 18:00:00 - 01/03/2024 19:00:00","BZN|BE","Without sequence","91.88","",""
"01/03/2024 19:00:00 - 01/03/2024 20:00:00","BZN|BE","Without sequence","87.19","",""
"01/03/2024 20:00:00 - 01/03/2024 21:00:00","BZN|BE","Without sequence","77.49","",""
"01/03/2024 21:00:00 - 01/03/2024 22:00:00","BZN|BE","Without sequence","71.62","",""
"01/03/2024 22:00:00 - 01/03/2024 23:00:00","BZN|BE","Without sequence","70.06","",""
"01/03/2024 23:00:00 - 02/03/2024 00:00:00","BZN|BE","Without sequence","66.39","",""
"02/03/2024 00:00:00 - 02/03/2024 01:00:00","BZN|BE","Without sequence","59.95","",""
"02/03/2024 01:00:00 - 02/03/2024 02:00:00","BZN|BE","Without sequence","56.03","",""
"02/03/2024 02:00:00 - 02/03/2024 03:00:00","BZN|BE","Without sequence","56.02","",""
"02/03/2024 03:00:00 - 02/03/2024 04:00:00","BZN|BE","Without sequence","55.48","",""
"02/03/2024 04:00:00 - 02/03/2024 05:00:00","BZN|BE","Without sequence","54.88","",""
"02/03/2024 05:00:00 - 02/03/2024 06:00:00","BZN|BE","Without sequence","55.99","",""
"02/03/2024 06:00:00 - 02/03/2024 07:00:00","BZN|BE","Without sequence","56.58","",""
"02/03/2024 07:00:00 - 02/03/2024 08:00:00","BZN|BE","Without sequence","60.67","",""
"02/03/2024 08:00:00 - 02/03/2024 09:00:00","BZN|BE","Without sequence","63.76","",""
"02/03/2024 09:00:00 - 02/03/2024 10:00:00","BZN|BE","Without sequence","65.75","",""
"02/03/2024 10:00:00 - 02/03/2024 11:00:00","BZN|BE","Without sequence","60.44","",""
"02/03/2024 11:00:00 - 02/03/2024 12:00:00","BZN|BE","Without sequence","61.1","",""
"02/03/2024 12:00:00 - 02/03/2024 13:00:00","BZN|BE","Without sequence","57.85","",""
"02/03/2024 13:00:00 - 02/03/2024 14:00:00","BZN|BE","Without sequence","54.9","",""
"02/03/2024 14:00:00 - 02/03/2024 15:00:00","BZN|BE","Without sequence","59.86","",""
"02/03/2024 15:00:00 - 02/03/2024 16:00:00","BZN|BE","Without sequence","66.08","",""
"02/03/2024 16:00:00 - 02/03/2024 17:00:00","BZN|BE","Without sequence","73.0","",""
"02/03/2024 17:00:00 - 02/03/2024 18:00:00","BZN|BE","Without sequence","81.61","",""
"02/03/2024 18:00:00 - 02/03/2024 19:00:00","BZN|BE","Without sequence","93.6","",""
"02/03/2024 19:00:00 - 02/03/2024 20:00:00","BZN|BE","Without sequence","89.9","",""
"02/03/2024 20:00:00 - 02/03/2024 21:00:00","BZN|BE","Without sequence","76.98","",""
"02/03/2024 21:00:00 - 02/03/2024 22:00:00","BZN|BE","Without sequence","72.8","",""
"02/03/2024 22:00:00 - 02/03/2024 23:00:00","BZN|BE","Without sequence","84.9","",""
"02/03/2024 23:00:00 - 03/03/2024 00:00:00","BZN|BE","Without sequence","79.4","",""
"03/03/2024 00:00:00 - 03/03/2024 01:00:00","BZN|BE","Without sequence","63.7","",""
"03/03/2024 01:00:00 - 03/03/2024 02:00:00","BZN|BE","Without sequence","68.8","",""
"03/03/2024 02:00:00 - 03/03/2024 03:00:00","BZN|BE","Without sequence","66.74","",""
"03/03/2024 03:00:00 - 03/03/2024 04:00:00","BZN|BE","Without sequence","57.91","",""
"03/03/2024 04:00:00 - 03/03/2024 05:00:00","BZN|BE","Without sequence","55.48","",""
"03/03/2024 05:00:00 - 03/03/2024 06:00:00","BZN|BE","Without sequence","58.88","",""
"03/03/2024 06:00:00 - 03/03/2024 07:00:00","BZN|BE","Without sequence","65.05","",""
"03/03/2024 07:00:00 - 03/03/2024 08:00:00","BZN|BE","Without sequence","68.97","",""
"03/03/2024 08:00:00 - 03/03/2024 09:00:00","BZN|BE","Without sequence","69.9","",""
"03/03/2024 09:00:00 - 03/03/2024 10:00:00","BZN|BE","Without sequence","70.36","",""
"03/03/2024 10:00:00 - 03/03/2024 11:00:00","BZN|BE","Without sequence","71.24","",""
"03/03/2024 11:00:00 - 03/03/2024 12:00:00","BZN|BE","Without sequence","70.51","",""
"03/03/2024 12:00:00 - 03/03/2024 13:00:00","BZN|BE","Without sequence","54.02","",""
"03/03/2024 13:00:00 - 03/03/2024 14:00:00","BZN|BE","Without sequence","42.51","",""
"03/03/2024 14:00:00 - 03/03/2024 15:00:00","BZN|BE","Without sequence","46.84","",""
"03/03/2024 15:00:00 - 03/03/2024 16:00:00","BZN|BE","Without sequence","55.58","",""
"03/03/2024 16:00:00 - 03/03/2024 17:00:00","BZN|BE","Without sequence","60.28","",""
"03/03/2024 17:00:00 - 03/03/2024 18:00:00","BZN|BE","Without sequence","80.0","",""
"03/03/2024 18:00:00 - 03/03/2024 19:00:00","BZN|BE","Without sequence","92.01","",""
"03/03/2024 19:00:00 - 03/03/2024 20:00:00","BZN|BE","Without sequence","86.96","",""
"03/03/2024 20:00:00 - 03/03/2024 21:00:00","BZN|BE","Without sequence","81.8","",""
"03/03/2024 21:00:00 - 03/03/2024 22:00:00","BZN|BE","Without sequence","75.0","",""
"03/03/2024 22:00:00 - 03/03/2024 23:00:00","BZN|BE","Without sequence","72.18","",""
"03/03/2024 23:00:00 - 04/03/2024 00:00:00","BZN|BE","Without sequence","72.42","",""
"04/03/2024 00:00:00 - 04/03/2024 01:00:00","BZN|BE","Without sequence","69.13","",""
"04/03/2024 01:00:00 - 04/03/2024 02:00:00","BZN|BE","Without sequence","67.9","",""
"04/03/2024 02:00:00 - 04/03/2024 03:00:00","BZN|BE","Without sequence","67.41","",""
"04/03/2024 03:00:00 - 04/03/2024 04:00:00","BZN|BE","Without sequence","66.22","",""
"04/03/2024 04:00:00 - 04/03/2024 05:00:00","BZN|BE","Without sequence","65.59","",""
"04/03/2024 05:00:00 - 04/03/2024 06:00:00","BZN|BE","Without sequence","70.83","",""
"04/03/2024 06:00:00 - 04/03/2024 07:00:00","BZN|BE","Without sequence","81.18","",""
"04/03/2024 07:00:00 - 04/03/2024 08:00:00","BZN|BE","Without sequence","96.67","",""
"04/03/2024 08:00:00 - 04/03/2024 09:00:00","BZN|BE","Without sequence","102.97","",""
"04/03/2024 09:00:00 - 04/03/2024 10:00:00","BZN|BE","Without sequence","85.02","",""
"04/03/2024 10:00:00 - 04/03/2024 11:00:00","BZN|BE","Without sequence","72.16","",""
"04/03/2024 11:00:00 - 04/03/2024 12:00:00","BZN|BE","Without sequence","65.07","",""
"04/03/2024 12:00:00 - 04/03/2024 13:00:00","BZN|BE","Without sequence","63.93","",""
"04/03/2024 13:00:00 - 04/03/2024 14:00:00","BZN|BE","Without sequence","61.14","",""
"04/03/2024 14:00:00 - 04/03/2024 15:00:00","BZN|BE","Without sequence","62.5","",""
"04/03/2024 15:00:00 - 04/03/2024 16:00:00","BZN|BE","Without sequence","69.86","",""
"04/03/2024 16:00:00 - 04/03/2024 17:00:00","BZN|BE","Without sequence","79.18","",""
"04/03/2024 17:00:00 - 04/03/2024 18:00:00","BZN|BE","Without sequence","99.4","",""
"04/03/2024 18:00:00 - 04/03/2024 19:00:00","BZN|BE","Without sequence","105.18","",""
"04/03/2024 19:00:00 - 04/03/2024 20:00:00","BZN|BE","Without sequence","99.13","",""
"04/03/2024 20:00:00 - 04/03/2024 21:00:00","BZN|BE","Without sequence","80.52","",""
"04/03/2024 21:00:00 - 04/03/2024 22:00:00","BZN|BE","Without sequence","71.39","",""
"04/03/2024 22:00:00 - 04/03/2024 23:00:00","BZN|BE","Without sequence","67.49","",""
"04/03/2024 23:00:00 - 05/03/2024 00:00:00","BZN|BE","Without sequence","63.93","",""
"05/03/2024 00:00:00 - 05/03/2024 01:00:00","BZN|BE","Without sequence","61.96","",""
"05/03/2024 01:00:00 - 05/03/2024 02:00:00","BZN|BE","Without sequence","61.67","",""
"05/03/2024 02:00:00 - 05/03/2024 03:00:00","BZN|BE","Without sequence","61.33","",""
"05/03/2024 03:00:00 - 05/03/2024 04:00:00","BZN|BE","Without sequence","59.86","",""
"05/03/2024 04:00:00 - 05/03/2024 05:00:00","BZN|BE","Without sequence","60.56","",""
"05/03/2024 05:00:00 - 05/03/2024 06:00:00","BZN|BE","Without sequence","61.67","",""
"05/03/2024 06:00:00 - 05/03/2024 07:00:00","BZN|BE","Without sequence","71.53","",""
"05/03/2024 07:00:00 - 05/03/2024 08:00:00","BZN|BE","Without sequence","79.28","",""
"05/03/2024 08:00:00 - 05/03/2024 09:00:00","BZN|BE","Without sequence","83.02","",""
"05/03/2024 09:00:00 - 05/03/2024 10:00:00","BZN|BE","Without sequence","77.0","",""
"05/03/2024 10:00:00 - 05/03/2024 11:00:00","BZN|BE","Without sequence","71.15","",""
"05/03/2024 11:00:00 - 05/03/2024 12:00:00","BZN|BE","Without sequence","69.72","",""
"05/03/2024 12:00:00 - 05/03/2024 13:00:00","BZN|BE","Without sequence","66.06","",""
"05/03/2024 13:00:00 - 05/03/2024 14:00:00","BZN|BE","Without sequence","65.91","",""
"05/03/2024 14:00:00 - 05/03/2024 15:00:00","BZN|BE","Without sequence","69.71","",""
"05/03/2024 15:00:00 - 05/03/2024 16:00:00","BZN|BE","Without sequence","70.85","",""
"05/03/2024 16:00:00 - 05/03/2024 17:00:00","BZN|BE","Without sequence","76.33","",""
"05/03/2024 17:00:00 - 05/03/2024 18:00:00","BZN|BE","Without sequence","82.41","",""
"05/03/2024 18:00:00 - 05/03/2024 19:00:00","BZN|BE","Without sequence","104.49","",""
"05/03/2024 19:00:00 - 05/03/2024 20:00:00","BZN|BE","Without sequence","126.68","",""
"05/03/2024 20:00:00 - 05/03/2024 21:00:00","BZN|BE","Without sequence","105.2","",""
"05/03/2024 21:00:00 - 05/03/2024 22:00:00","BZN|BE","Without sequence","90.68","",""
"05/03/2024 22:00:00 - 05/03/2024 23:00:00","BZN|BE","Without sequence","86.1","",""
"05/03/2024 23:00:00 - 06/03/2024 00:00:00","BZN|BE","Without sequence","72.98","",""
"06/03/2024 00:00:00 - 06/03/2024 01:00:00","BZN|BE","Without sequence","71.0","",""
"06/03/2024 01:00:00 - 06/03/2024 02:00:00","BZN|BE","Without sequence","70.7","",""
"06/03/2024 02:00:00 - 06/03/2024 03:00:00","BZN|BE","Without sequence","70.46","",""
"06/03/2024 03:00:00 - 06/03/2024 04:00:00","BZN|BE","Without sequence","69.74","",""
"06/03/2024 04:00:00 - 06/03/2024 05:00:00","BZN|BE","Without sequence","70.46","",""
"06/03/2024 05:00:00 - 06/03/2024 06:00:00","BZN|BE","Without sequence","73.91","",""
"06/03/2024 06:00:00 - 06/03/2024 07:00:00","BZN|BE","Without sequence","83.98","",""
"06/03/2024 07:00:00 - 06/03/2024 08:00:00","BZN|BE","Without sequence","106.64","",""
"06/03/2024 08:00:00 - 06/03/2024 09:00:00","BZN|BE","Without sequence","108.7","",""
"06/03/2024 09:00:00 - 06/03/2024 10:00:00","BZN|BE","Without sequence","87.21","",""
"06/03/2024 10:00:00 - 06/03/2024 11:00:00","BZN|BE","Without sequence","76.1","",""
"06/03/2024 11:00:00 - 06/03/2024 12:00:00","BZN|BE","Without sequence","72.17","",""
"06/03/2024 12:00:00 - 06/03/2024 13:00:00","BZN|BE","Without sequence","69.35","",""
"06/03/2024 13:00:00 - 06/03/2024 14:00:00","BZN|BE","Without sequence","69.29","",""
"06/03/2024 14:00:00 - 06/03/2024 15:00:00","BZN|BE","Without sequence","70.64","",""
"06/03/2024 15:00:00 - 06/03/2024 16:00:00","BZN|BE","Without sequence","72.3","",""
"06/03/2024 16:00:00 - 06/03/2024 17:00:00","BZN|BE","Without sequence","77.01","",""
"06/03/2024 17:00:00 - 06/03/2024 18:00:00","BZN|BE","Without sequence","87.09","",""
"06/03/2024 18:00:00 - 06/03/2024 19:00:00","BZN|BE","Without sequence","117.8","",""
"06/03/2024 19:00:00 - 06/03/2024 20:00:00","BZN|BE","Without sequence","119.26","",""
"06/03/2024 20:00:00 - 06/03/2024 21:00:00","BZN|BE","Without sequence","93.44","",""
"06/03/2024 21:00:00 - 06/03/2024 22:00:00","BZN|BE","Without sequence","80.15","",""
"06/03/2024 22:00:00 - 06/03/2024 23:00:00","BZN|BE","Without sequence","77.98","",""
"06/03/2024 23:00:00 - 07/03/2024 00:00:00","BZN|BE","Without sequence","74.34","",""
"07/03/2024 00:00:00 - 07/03/2024 01:00:00","BZN|BE","Without sequence","73.33","",""
"07/03/2024 01:00:00 - 07/03/2024 02:00:00","BZN|BE","Without sequence","72.32","",""
"07/03/2024 02:00:00 - 07/03/2024 03:00:00","BZN|BE","Without sequence","70.34","",""
"07/03/2024 03:00:00 - 07/03/2024 04:00:00","BZN|BE","Without sequence","68.71","",""
"07/03/2024 04:00:00 - 07/03/2024 05:00:00","BZN|BE","Without sequence","69.89","",""
"07/03/2024 05:00:00 - 07/03/2024 06:00:00","BZN|BE","Without sequence","73.13","",""
"07/03/2024 06:00:00 - 07/03/2024 07:00:00","BZN|BE","Without sequence","84.27","",""
"07/03/2024 07:00:00 - 07/03/2024 08:00:00","BZN|BE","Without sequence","103.2","",""
"07/03/2024 08:00:00 - 07/03/2024 09:00:00","BZN|BE","Without sequence","96.7","",""
"07/03/2024 09:00:00 - 07/03/2024 10:00:00","BZN|BE","Without sequence","79.09","",""
"07/03/2024 10:00:00 - 07/03/2024 11:00:00","BZN|BE","Without sequence","71.31","",""
"07/03/2024 11:00:00 - 07/03/2024 12:00:00","BZN|BE","Without sequence","66.16","",""
"07/03/2024 12:00:00 - 07/03/2024 13:00:00","BZN|BE","Without sequence","61.58","",""
"07/03/2024 13:00:00 - 07/03/2024 14:00:00","BZN|BE","Without sequence","59.99","",""
"07/03/2024 14:00:00 - 07/03/2024 15:00:00","BZN|BE","Without sequence","63.25","",""
"07/03/2024 15:00:00 - 07/03/2024 16:00:00","BZN|BE","Without sequence","65.3","",""
"07/03/2024 16:00:00 - 07/03/2024 17:00:00","BZN|BE","Without sequence","69.4","",""
"07/03/2024 17:00:00 - 07/03/2024 18:00:00","BZN|BE","Without sequence","87.6","",""
"07/03/2024 18:00:00 - 07/03/2024 19:00:00","BZN|BE","Without sequence","104.1","",""
"07/03/2024 19:00:00 - 07/03/2024 20:00:00","BZN|BE","Without sequence","90.59","",""
"07/03/2024 20:00:00 - 07/03/2024 21:00:00","BZN|BE","Without sequence","83.29","",""
"07/03/2024 21:00:00 - 07/03/2024 22:00:00","BZN|BE","Without sequence","73.37","",""
"07/03/2024 22:00:00 - 07/03/2024 23:00:00","BZN|BE","Without sequence","73.38","",""
"07/03/2024 23:00:00 - 08/03/2024 00:00:00","BZN|BE","Without sequence","67.79","",""
"08/03/2024 00:00:00 - 08/03/2024 01:00:00","BZN|BE","Without sequence","68.49","",""
"08/03/2024 01:00:00 - 08/03/2024 02:00:00","BZN|BE","Without sequence","66.96","",""
"08/03/2024 02:00:00 - 08/03/2024 03:00:00","BZN|BE","Without sequence","67.01","",""
"08/03/2024 03:00:00 - 08/03/2024 04:00:00","BZN|BE","Without sequence","65.99","",""
"08/03/2024 04:00:00 - 08/03/2024 05:00:00","BZN|BE","Without sequence","65.0","",""
"08/03/2024 05:00:00 - 08/03/2024 06:00:00","BZN|BE","Without sequence","67.1","",""
"08/03/2024 06:00:00 - 08/03/2024 07:00:00","BZN|BE","Without sequence","78.79","",""
"08/03/2024 07:00:00 - 08/03/2024 08:00:00","BZN|BE","Without sequence","94.81","",""
"08/03/2024 08:00:00 - 08/03/2024 09:00:00","BZN|BE","Without sequence","88.89","",""
"08/03/2024 09:00:00 - 08/03/2024 10:00:00","BZN|BE","Without sequence","74.36","",""
"08/03/2024 10:00:00 - 08/03/2024 11:00:00","BZN|BE","Without sequence","59.66","",""
"08/03/2024 11:00:00 - 08/03/2024 12:00:00","BZN|BE","Without sequence","52.25","",""
"08/03/2024 12:00:00 - 08/03/2024 13:00:00","BZN|BE","Without sequence","42.94","",""
"08/03/2024 13:00:00 - 08/03/2024 14:00:00","BZN|BE","Without sequence","25.0","",""
"08/03/2024 14:00:00 - 08/03/2024 15:00:00","BZN|BE","Without sequence","44.06","",""
"08/03/2024 15:00:00 - 08/03/2024 16:00:00","BZN|BE","Without sequence","48.91","",""
"08/03/2024 16:00:00 - 08/03/2024 17:00:00","BZN|BE","Without sequence","56.46","",""
"08/03/2024 17:00:00 - 08/03/2024 18:00:00","BZN|BE","Without sequence","72.8","",""
"08/03/2024 18:00:00 - 08/03/2024 19:00:00","BZN|BE","Without sequence","84.51","",""
"08/03/2024 19:00:00 - 08/03/2024 20:00:00","BZN|BE","Without sequence","80.81","",""
"08/03/2024 20:00:00 - 08/03/2024 21:00:00","BZN|BE","Without sequence","71.95","",""
"08/03/2024 21:00:00 - 08/03/2024 22:00:00","BZN|BE","Without sequence","65.29","",""
"08/03/2024 22:00:00 - 08/03/2024 23:00:00","BZN|BE","Without sequence","65.17","",""
"08/03/2024 23:00:00 - 09/03/2024 00:00:00","BZN|BE","Without sequence","60.04","",""
"09/03/2024 00:00:00 - 09/03/2024 01:00:00","BZN|BE","Without sequence","56.71","",""
"09/03/2024 01:00:00 - 09/03/2024 02:00:00","BZN|BE","Without sequence","55.05","",""
"09/03/2024 02:00:00 - 09/03/2024 03:00:00","BZN|BE","Without sequence","53.87","",""
"09/03/2024 03:00:00 - 09/03/2024 04:00:00","BZN|BE","Without sequence","52.69","",""
"09/03/2024 04:00:00 - 09/03/2024 05:00:00","BZN|BE","Without sequence","48.76","",""
"09/03/2024 05:00:00 - 09/03/2024 06:00:00","BZN|BE","Without sequence","47.96","",""
"09/03/2024 06:00:00 - 09/03/2024 07:00:00","BZN|BE","Without sequence","50.66","",""
"09/03/2024 07:00:00 - 09/03/2024 08:00:00","BZN|BE","Without sequence","53.06","",""
"09/03/2024 08:00:00 - 09/03/2024 09:00:00","BZN|BE","Without sequence","53.06","",""
"09/03/2024 09:00:00 - 09/03/2024 10:00:00","BZN|BE","Without sequence","48.12","",""
"09/03/2024 10:00:00 - 09/03/2024 11:00:00","BZN|BE","Without sequence","38.69","",""
"09/03/2024 11:00:00 - 09/03/2024 12:00:00","BZN|BE","Without sequence","26.44","",""
"09/03/2024 12:00:00 - 09/03/2024 13:00:00","BZN|BE","Without sequence","15.85","",""
"09/03/2024 13:00:00 - 09/03/2024 14:00:00","BZN|BE","Without sequence","15.67","",""
"09/03/2024 14:00:00 - 09/03/2024 15:00:00","BZN|BE","Without sequence","28.16","",""
"09/03/2024 15:00:00 - 09/03/2024 16:00:00","BZN|BE","Without sequence","28.57","",""
"09/03/2024 16:00:00 - 09/03/2024 17:00:00","BZN|BE","Without sequence","52.65","",""
"09/03/2024 17:00:00 - 09/03/2024 18:00:00","BZN|BE","Without sequence","69.66","",""
"09/03/2024 18:00:00 - 09/03/2024 19:00:00","BZN|BE","Without sequence","78.17","",""
"09/03/2024 19:00:00 - 09/03/2024 20:00:00","BZN|BE","Without sequence","79.03","",""
"09/03/2024 20:00:00 - 09/03/2024 21:00:00","BZN|BE","Without sequence","70.0","",""
"09/03/2024 21:00:00 - 09/03/2024 22:00:00","BZN|BE","Without sequence","60.47","",""
"09/03/2024 22:00:00 - 09/03/2024 23:00:00","BZN|BE","Without sequence","67.64","",""
"09/03/2024 23:00:00 - 10/03/2024 00:00:00","BZN|BE","Without sequence","68.3","",""
"10/03/2024 00:00:00 - 10/03/2024 01:00:00","BZN|BE","Without sequence","48.65","",""
"10/03/2024 01:00:00 - 10/03/2024 02:00:00","BZN|BE","Without sequence","46.06","",""
"10/03/2024 02:00:00 - 10/03/2024 03:00:00","BZN|BE","Without sequence","40.98","",""
"10/03/2024 03:00:00 - 10/03/2024 04:00:00","BZN|BE","Without sequence","35.55","",""
"10/03/2024 04:00:00 - 10/03/2024 05:00:00","BZN|BE","Without sequence","32.39","",""
"10/03/2024 05:00:00 - 10/03/2024 06:00:00","BZN|BE","Without sequence","32.28","",""
"10/03/2024 06:00:00 - 10/03/2024 07:00:00","BZN|BE","Without sequence","33.91","",""
"10/03/2024 07:00:00 - 10/03/2024 08:00:00","BZN|BE","Without sequence","39.49","",""
"10/03/2024 08:00:00 - 10/03/2024 09:00:00","BZN|BE","Without sequence","55.58","",""
"10/03/2024 09:00:00 - 10/03/2024 10:00:00","BZN|BE","Without sequence","69.69","",""
"10/03/2024 10:00:00 - 10/03/2024 11:00:00","BZN|BE","Without sequence","60.1","",""
"10/03/2024 11:00:00 - 10/03/2024 12:00:00","BZN|BE","Without sequence","80.97","",""
"10/03/2024 12:00:00 - 10/03/2024 13:00:00","BZN|BE","Without sequence","90.9","",""
"10/03/2024 13:00:00 - 10/03/2024 14:00:00","BZN|BE","Without sequence","80.8","",""
"10/03/2024 14:00:00 - 10/03/2024 15:00:00","BZN|BE","Without sequence","65.17","",""
"10/03/2024 15:00:00 - 10/03/2024 16:00:00","BZN|BE","Without sequence","65.85","",""
"10/03/2024 16:00:00 - 10/03/2024 17:00:00","BZN|BE","Without sequence","70.2","",""
"10/03/2024 17:00:00 - 10/03/2024 18:00:00","BZN|BE","Without sequence","84.92","",""
"10/03/2024 18:00:00 - 10/03/2024 19:00:00","BZN|BE","Without sequence","87.3","",""
"10/03/2024 19:00:00 - 10/03/2024 20:00:00","BZN|BE","Without sequence","106.4","",""
"10/03/2024 20:00:00 - 10/03/2024 21:00:00","BZN|BE","Without sequence","95.6","",""
"10/03/2024 21:00:00 - 10/03/2024 22:00:00","BZN|BE","Without sequence","87.3","",""
"10/03/2024 22:00:00 - 10/03/2024 23:00:00","BZN|BE","Without sequence","86.83","",""
"10/03/2024 23:00:00 - 11/03/2024 00:00:00","BZN|BE","Without sequence","82.27","",""
"11/03/2024 00:00:00 - 11/03/2024 01:00:00","BZN|BE","Without sequence","64.8","",""
"11/03/2024 01:00:00 - 11/03/2024 02:00:00","BZN|BE","Without sequence","63.0","",""
"11/03/2024 02:00:00 - 11/03/2024 03:00:00","BZN|BE","Without sequence","56.61","",""
"11/03/2024 03:00:00 - 11/03/2024 04:00:00","BZN|BE","Without sequence","54.81","",""
"11/03/2024 04:00:00 - 11/03/2024 05:00:00","BZN|BE","Without sequence","53.51","",""
"11/03/2024 05:00:00 - 11/03/2024 06:00:00","BZN|BE","Without sequence","57.0","",""
"11/03/2024 06:00:00 - 11/03/2024 07:00:00","BZN|BE","Without sequence","76.69","",""
"11/03/2024 07:00:00 - 11/03/2024 08:00:00","BZN|BE","Without sequence","82.76","",""
"11/03/2024 08:00:00 - 11/03/2024 09:00:00","BZN|BE","Without sequence","85.71","",""
"11/03/2024 09:00:00 - 11/03/2024 10:00:00","BZN|BE","Without sequence","82.57","",""
"11/03/2024 10:00:00 - 11/03/2024 11:00:00","BZN|BE","Without sequence","76.61","",""
"11/03/2024 11:00:00 - 11/03/2024 12:00:00","BZN|BE","Without sequence","68.52","",""
"11/03/2024 12:00:00 - 11/03/2024 13:00:00","BZN|BE","Without sequence","68.8","",""
"11/03/2024 13:00:00 - 11/03/2024 14:00:00","BZN|BE","Without sequence","66.96","",""
"11/03/2024 14:00:00 - 11/03/2024 15:00:00","BZN|BE","Without sequence","67.0","",""
"11/03/2024 15:00:00 - 11/03/2024 16:00:00","BZN|BE","Without sequence","73.43","",""
"11/03/2024 16:00:00 - 11/03/2024 17:00:00","BZN|BE","Without sequence","75.76","",""
"11/03/2024 17:00:00 - 11/03/2024 18:00:00","BZN|BE","Without sequence","85.58","",""
"11/03/2024 18:00:00 - 11/03/2024 19:00:00","BZN|BE","Without sequence","98.71","",""
"11/03/2024 19:00:00 - 11/03/2024 20:00:00","BZN|BE","Without sequence","107.98","",""
"11/03/2024 20:00:00 - 11/03/2024 21:00:00","BZN|BE","Without sequence","87.99","",""
"11/03/2024 21:00:00 - 11/03/2024 22:00:00","BZN|BE","Without sequence","76.68","",""
"11/03/2024 22:00:00 - 11/03/2024 23:00:00","BZN|BE","Without sequence","75.02","",""
"11/03/2024 23:00:00 - 12/03/2024 00:00:00","BZN|BE","Without sequence","67.08","",""
"12/03/2024 00:00:00 - 12/03/2024 01:00:00","BZN|BE","Without sequence","69.18","",""
"12/03/2024 01:00:00 - 12/03/2024 02:00:00","BZN|BE","Without sequence","65.56","",""
"12/03/2024 02:00:00 - 12/03/2024 03:00:00","BZN|BE","Without sequence","66.51","",""
"12/03/2024 03:00:00 - 12/03/2024 04:00:00","BZN|BE","Without sequence","65.2","",""
"12/03/2024 04:00:00 - 12/03/2024 05:00:00","BZN|BE","Without sequence","64.23","",""
"12/03/2024 05:00:00 - 12/03/2024 06:00:00","BZN|BE","Without sequence","69.39","",""
"12/03/2024 06:00:00 - 12/03/2024 07:00:00","BZN|BE","Without sequence","78.88","",""
"12/03/2024 07:00:00 - 12/03/2024 08:00:00","BZN|BE","Without sequence","92.36","",""
"12/03/2024 08:00:00 - 12/03/2024 09:00:00","BZN|BE","Without sequence","100.3","",""
"12/03/2024 09:00:00 - 12/03/2024 10:00:00","BZN|BE","Without sequence","93.8","",""
"12/03/2024 10:00:00 - 12/03/2024 11:00:00","BZN|BE","Without sequence","84.07","",""
"12/03/2024 11:00:00 - 12/03/2024 12:00:00","BZN|BE","Without sequence","74.93","",""
"12/03/2024 12:00:00 - 12/03/2024 13:00:00","BZN|BE","Without sequence","73.89","",""
"12/03/2024 13:00:00 - 12/03/2024 14:00:00","BZN|BE","Without sequence","71.31","",""
"12/03/2024 14:00:00 - 12/03/2024 15:00:00","BZN|BE","Without sequence","71.84","",""
"12/03/2024 15:00:00 - 12/03/2024 16:00:00","BZN|BE","Without sequence","77.38","",""
"12/03/2024 16:00:00 - 12/03/2024 17:00:00","BZN|BE","Without sequence","80.0","",""
"12/03/2024 17:00:00 - 12/03/2024 18:00:00","BZN|BE","Without sequence","76.24","",""
"12/03/2024 18:00:00 - 12/03/2024 19:00:00","BZN|BE","Without sequence","87.0","",""
"12/03/2024 19:00:00 - 12/03/2024 20:00:00","BZN|BE","Without sequence","105.01","",""
"12/03/2024 20:00:00 - 12/03/2024 21:00:00","BZN|BE","Without sequence","87.93","",""
"12/03/2024 21:00:00 - 12/03/2024 22:00:00","BZN|BE","Without sequence","77.16","",""
"12/03/2024 22:00:00 - 12/03/2024 23:00:00","BZN|BE","Without sequence","74.94","",""
"12/03/2024 23:00:00 - 13/03/2024 00:00:00","BZN|BE","Without sequence","64.91","",""
"13/03/2024 00:00:00 - 13/03/2024 01:00:00","BZN|BE","Without sequence","58.14","",""
"13/03/2024 01:00:00 - 13/03/2024 02:00:00","BZN|BE","Without sequence","54.54","",""
"13/03/2024 02:00:00 - 13/03/2024 03:00:00","BZN|BE","Without sequence","52.79","",""
"13/03/2024 03:00:00 - 13/03/2024 04:00:00","BZN|BE","Without sequence","51.29","",""
"13/03/2024 04:00:00 - 13/03/2024 05:00:00","BZN|BE","Without sequence","51.25","",""
"13/03/2024 05:00:00 - 13/03/2024 06:00:00","BZN|BE","Without sequence","56.66","",""
"13/03/2024 06:00:00 - 13/03/2024 07:00:00","BZN|BE","Without sequence","69.64","",""
"13/03/2024 07:00:00 - 13/03/2024 08:00:00","BZN|BE","Without sequence","89.29","",""
"13/03/2024 08:00:00 - 13/03/2024 09:00:00","BZN|BE","Without sequence","89.31","",""
"13/03/2024 09:00:00 - 13/03/2024 10:00:00","BZN|BE","Without sequence","75.0","",""
"13/03/2024 10:00:00 - 13/03/2024 11:00:00","BZN|BE","Without sequence","64.99","",""
"13/03/2024 11:00:00 - 13/03/2024 12:00:00","BZN|BE","Without sequence","59.21","",""
"13/03/2024 12:00:00 - 13/03/2024 13:00:00","BZN|BE","Without sequence","55.14","",""
"13/03/2024 13:00:00 - 13/03/2024 14:00:00","BZN|BE","Without sequence","48.55","",""
"13/03/2024 14:00:00 - 13/03/2024 15:00:00","BZN|BE","Without sequence","50.0","",""
"13/03/2024 15:00:00 - 13/03/2024 16:00:00","BZN|BE","Without sequence","53.94","",""
"13/03/2024 16:00:00 - 13/03/2024 17:00:00","BZN|BE","Without sequence","58.14","",""
"13/03/2024 17:00:00 - 13/03/2024 18:00:00","BZN|BE","Without sequence","77.4","",""
"13/03/2024 18:00:00 - 13/03/2024 19:00:00","BZN|BE","Without sequence","91.97","",""
"13/03/2024 19:00:00 - 13/03/2024 20:00:00","BZN|BE","Without sequence","100.2","",""
"13/03/2024 20:00:00 - 13/03/2024 21:00:00","BZN|BE","Without sequence","85.18","",""
"13/03/2024 21:00:00 - 13/03/2024 22:00:00","BZN|BE","Without sequence","66.87","",""
"13/03/2024 22:00:00 - 13/03/2024 23:00:00","BZN|BE","Without sequence","68.18","",""
"13/03/2024 23:00:00 - 14/03/2024 00:00:00","BZN|BE","Without sequence","63.88","",""
"14/03/2024 00:00:00 - 14/03/2024 01:00:00","BZN|BE","Without sequence","63.29","",""
"14/03/2024 01:00:00 - 14/03/2024 02:00:00","BZN|BE","Without sequence","56.9","",""
"14/03/2024 02:00:00 - 14/03/2024 03:00:00","BZN|BE","Without sequence","57.52","",""
"14/03/2024 03:00:00 - 14/03/2024 04:00:00","BZN|BE","Without sequence","57.0","",""
"14/03/2024 04:00:00 - 14/03/2024 05:00:00","BZN|BE","Without sequence","51.1","",""
"14/03/2024 05:00:00 - 14/03/2024 06:00:00","BZN|BE","Without sequence","57.92","",""
"14/03/2024 06:00:00 - 14/03/2024 07:00:00","BZN|BE","Without sequence","70.0","",""
"14/03/2024 07:00:00 - 14/03/2024 08:00:00","BZN|BE","Without sequence","87.05","",""
"14/03/2024 08:00:00 - 14/03/2024 09:00:00","BZN|BE","Without sequence","81.99","",""
"14/03/2024 09:00:00 - 14/03/2024 10:00:00","BZN|BE","Without sequence","65.71","",""
"14/03/2024 10:00:00 - 14/03/2024 11:00:00","BZN|BE","Without sequence","54.32","",""
"14/03/2024 11:00:00 - 14/03/2024 12:00:00","BZN|BE","Without sequence","42.23","",""
"14/03/2024 12:00:00 - 14/03/2024 13:00:00","BZN|BE","Without sequence","19.8","",""
"14/03/2024 13:00:00 - 14/03/2024 14:00:00","BZN|BE","Without sequence","29.61","",""
"14/03/2024 14:00:00 - 14/03/2024 15:00:00","BZN|BE","Without sequence","42.82","",""
"14/03/2024 15:00:00 - 14/03/2024 16:00:00","BZN|BE","Without sequence","47.24","",""
"14/03/2024 16:00:00 - 14/03/2024 17:00:00","BZN|BE","Without sequence","51.03","",""
"14/03/2024 17:00:00 - 14/03/2024 18:00:00","BZN|BE","Without sequence","71.14","",""
"14/03/2024 18:00:00 - 14/03/2024 19:00:00","BZN|BE","Without sequence","85.43","",""
"14/03/2024 19:00:00 - 14/03/2024 20:00:00","BZN|BE","Without sequence","87.45","",""
"14/03/2024 20:00:00 - 14/03/2024 21:00:00","BZN|BE","Without sequence","74.11","",""
"14/03/2024 21:00:00 - 14/03/2024 22:00:00","BZN|BE","Without sequence","62.83","",""
"14/03/2024 22:00:00 - 14/03/2024 23:00:00","BZN|BE","Without sequence","59.61","",""
"14/03/2024 23:00:00 - 15/03/2024 00:00:00","BZN|BE","Without sequence","50.0","",""
"15/03/2024 00:00:00 - 15/03/2024 01:00:00","BZN|BE","Without sequence","46.87","",""
"15/03/2024 01:00:00 - 15/03/2024 02:00:00","BZN|BE","Without sequence","42.21","",""
"15/03/2024 02:00:00 - 15/03/2024 03:00:00","BZN|BE","Without sequence","41.22","",""
"15/03/2024 03:00:00 - 15/03/2024 04:00:00","BZN|BE","Without sequence","37.63","",""
"15/03/2024 04:00:00 - 15/03/2024 05:00:00","BZN|BE","Without sequence","31.23","",""
"15/03/2024 05:00:00 - 15/03/2024 06:00:00","BZN|BE","Without sequence","36.45","",""
"15/03/2024 06:00:00 - 15/03/2024 07:00:00","BZN|BE","Without sequence","48.25","",""
"15/03/2024 07:00:00 - 15/03/2024 08:00:00","BZN|BE","Without sequence","58.4","",""
"15/03/2024 08:00:00 - 15/03/2024 09:00:00","BZN|BE","Without sequence","64.73","",""
"15/03/2024 09:00:00 - 15/03/2024 10:00:00","BZN|BE","Without sequence","53.8","",""
"15/03/2024 10:00:00 - 15/03/2024 11:00:00","BZN|BE","Without sequence","44.54","",""
"15/03/2024 11:00:00 - 15/03/2024 12:00:00","BZN|BE","Without sequence","37.92","",""
"15/03/2024 12:00:00 - 15/03/2024 13:00:00","BZN|BE","Without sequence","33.48","",""
"15/03/2024 13:00:00 - 15/03/2024 14:00:00","BZN|BE","Without sequence","30.36","",""
"15/03/2024 14:00:00 - 15/03/2024 15:00:00","BZN|BE","Without sequence","26.74","",""
"15/03/2024 15:00:00 - 15/03/2024 16:00:00","BZN|BE","Without sequence","25.51","",""
"15/03/2024 16:00:00 - 15/03/2024 17:00:00","BZN|BE","Without sequence","40.42","",""
"15/03/2024 17:00:00 - 15/03/2024 18:00:00","BZN|BE","Without sequence","53.79","",""
"15/03/2024 18:00:00 - 15/03/2024 19:00:00","BZN|BE","Without sequence","64.11","",""
"15/03/2024 19:00:00 - 15/03/2024 20:00:00","BZN|BE","Without sequence","88.0","",""
"15/03/2024 20:00:00 - 15/03/2024 21:00:00","BZN|BE","Without sequence","64.29","",""
"15/03/2024 21:00:00 - 15/03/2024 22:00:00","BZN|BE","Without sequence","55.5","",""
"15/03/2024 22:00:00 - 15/03/2024 23:00:00","BZN|BE","Without sequence","56.38","",""
"15/03/2024 23:00:00 - 16/03/2024 00:00:00","BZN|BE","Without sequence","49.45","",""
"16/03/2024 00:00:00 - 16/03/2024 01:00:00","BZN|BE","Without sequence","44.31","",""
"16/03/2024 01:00:00 - 16/03/2024 02:00:00","BZN|BE","Without sequence","42.15","",""
"16/03/2024 02:00:00 - 16/03/2024 03:00:00","BZN|BE","Without sequence","40.69","",""
"16/03/2024 03:00:00 - 16/03/2024 04:00:00","BZN|BE","Without sequence","38.93","",""
"16/03/2024 04:00:00 - 16/03/2024 05:00:00","BZN|BE","Without sequence","38.76","",""
"16/03/2024 05:00:00 - 16/03/2024 06:00:00","BZN|BE","Without sequence","40.55","",""
"16/03/2024 06:00:00 - 16/03/2024 07:00:00","BZN|BE","Without sequence","47.68","",""
"16/03/2024 07:00:00 - 16/03/2024 08:00:00","BZN|BE","Without sequence","54.13","",""
"16/03/2024 08:00:00 - 16/03/2024 09:00:00","BZN|BE","Without sequence","53.11","",""
"16/03/2024 09:00:00 - 16/03/2024 10:00:00","BZN|BE","Without sequence","47.01","",""
"16/03/2024 10:00:00 - 16/03/2024 11:00:00","BZN|BE","Without sequence","44.88","",""
"16/03/2024 11:00:00 - 16/03/2024 12:00:00","BZN|BE","Without sequence","41.66","",""
"16/03/2024 12:00:00 - 16/03/2024 13:00:00","BZN|BE","Without sequence","36.87","",""
"16/03/2024 13:00:00 - 16/03/2024 14:00:00","BZN|BE","Without sequence","21.56","",""
"16/03/2024 14:00:00 - 16/03/2024 15:00:00","BZN|BE","Without sequence","13.74","",""
"16/03/2024 15:00:00 - 16/03/2024 16:00:00","BZN|BE","Without sequence","32.47","",""
"16/03/2024 16:00:00 - 16/03/2024 17:00:00","BZN|BE","Without sequence","50.27","",""
"16/03/2024 17:00:00 - 16/03/2024 18:00:00","BZN|BE","Without sequence","74.04","",""
"16/03/2024 18:00:00 - 16/03/2024 19:00:00","BZN|BE","Without sequence","85.35","",""
"16/03/2024 19:00:00 - 16/03/2024 20:00:00","BZN|BE","Without sequence","94.48","",""
"16/03/2024 20:00:00 - 16/03/2024 21:00:00","BZN|BE","Without sequence","84.12","",""
"16/03/2024 21:00:00 - 16/03/2024 22:00:00","BZN|BE","Without sequence","73.5","",""
"16/03/2024 22:00:00 - 16/03/2024 23:00:00","BZN|BE","Without sequence","72.84","",""
"16/03/2024 23:00:00 - 17/03/2024 00:00:00","BZN|BE","Without sequence","67.1","",""
"17/03/2024 00:00:00 - 17/03/2024 01:00:00","BZN|BE","Without sequence","64.99","",""
"17/03/2024 01:00:00 - 17/03/2024 02:00:00","BZN|BE","Without sequence","60.0","",""
"17/03/2024 02:00:00 - 17/03/2024 03:00:00","BZN|BE","Without sequence","55.14","",""
"17/03/2024 03:00:00 - 17/03/2024 04:00:00","BZN|BE","Without sequence","50.51","",""
"17/03/2024 04:00:00 - 17/03/2024 05:00:00","BZN|BE","Without sequence","47.59","",""
"17/03/2024 05:00:00 - 17/03/2024 06:00:00","BZN|BE","Without sequence","52.07","",""
"17/03/2024 06:00:00 - 17/03/2024 07:00:00","BZN|BE","Without sequence","47.92","",""
"17/03/2024 07:00:00 - 17/03/2024 08:00:00","BZN|BE","Without sequence","51.43","",""
"17/03/2024 08:00:00 - 17/03/2024 09:00:00","BZN|BE","Without sequence","44.85","",""
"17/03/2024 09:00:00 - 17/03/2024 10:00:00","BZN|BE","Without sequence","47.06","",""
"17/03/2024 10:00:00 - 17/03/2024 11:00:00","BZN|BE","Without sequence","45.28","",""
"17/03/2024 11:00:00 - 17/03/2024 12:00:00","BZN|BE","Without sequence","45.87","",""
"17/03/2024 12:00:00 - 17/03/2024 13:00:00","BZN|BE","Without sequence","41.76","",""
"17/03/2024 13:00:00 - 17/03/2024 14:00:00","BZN|BE","Without sequence","40.0","",""
"17/03/2024 14:00:00 - 17/03/2024 15:00:00","BZN|BE","Without sequence","47.79","",""
"17/03/2024 15:00:00 - 17/03/2024 16:00:00","BZN|BE","Without sequence","55.78","",""
"17/03/2024 16:00:00 - 17/03/2024 17:00:00","BZN|BE","Without sequence","47.59","",""
"17/03/2024 17:00:00 - 17/03/2024 18:00:00","BZN|BE","Without sequence","71.12","",""
"17/03/2024 18:00:00 - 17/03/2024 19:00:00","BZN|BE","Without sequence","69.67","",""
"17/03/2024 19:00:00 - 17/03/2024 20:00:00","BZN|BE","Without sequence","82.69","",""
"17/03/2024 20:00:00 - 17/03/2024 21:00:00","BZN|BE","Without sequence","77.89","",""
"17/03/2024 21:00:00 - 17/03/2024 22:00:00","BZN|BE","Without sequence","72.33","",""
"17/03/2024 22:00:00 - 17/03/2024 23:00:00","BZN|BE","Without sequence","72.1","",""
"17/03/2024 23:00:00 - 18/03/2024 00:00:00","BZN|BE","Without sequence","65.91","",""
"18/03/2024 00:00:00 - 18/03/2024 01:00:00","BZN|BE","Without sequence","64.12","",""
"18/03/2024 01:00:00 - 18/03/2024 02:00:00","BZN|BE","Without sequence","57.14","",""
"18/03/2024 02:00:00 - 18/03/2024 03:00:00","BZN|BE","Without sequence","58.31","",""
"18/03/2024 03:00:00 - 18/03/2024 04:00:00","BZN|BE","Without sequence","52.83","",""
"18/03/2024 04:00:00 - 18/03/2024 05:00:00","BZN|BE","Without sequence","51.63","",""
"18/03/2024 05:00:00 - 18/03/2024 06:00:00","BZN|BE","Without sequence","52.36","",""
"18/03/2024 06:00:00 - 18/03/2024 07:00:00","BZN|BE","Without sequence","69.93","",""
"18/03/2024 07:00:00 - 18/03/2024 08:00:00","BZN|BE","Without sequence","96.5","",""
"18/03/2024 08:00:00 - 18/03/2024 09:00:00","BZN|BE","Without sequence","94.45","",""
"18/03/2024 09:00:00 - 18/03/2024 10:00:00","BZN|BE","Without sequence","82.8","",""
"18/03/2024 10:00:00 - 18/03/2024 11:00:00","BZN|BE","Without sequence","72.83","",""
"18/03/2024 11:00:00 - 18/03/2024 12:00:00","BZN|BE","Without sequence","66.64","",""
"18/03/2024 12:00:00 - 18/03/2024 13:00:00","BZN|BE","Without sequence","64.45","",""
"18/03/2024 13:00:00 - 18/03/2024 14:00:00","BZN|BE","Without sequence","56.54","",""
"18/03/2024 14:00:00 - 18/03/2024 15:00:00","BZN|BE","Without sequence","47.15","",""
"18/03/2024 15:00:00 - 18/03/2024 16:00:00","BZN|BE","Without sequence","49.28","",""
"18/03/2024 16:00:00 - 18/03/2024 17:00:00","BZN|BE","Without sequence","54.75","",""
"18/03/2024 17:00:00 - 18/03/2024 18:00:00","BZN|BE","Without sequence","67.32","",""
"18/03/2024 18:00:00 - 18/03/2024 19:00:00","BZN|BE","Without sequence","109.0","",""
"18/03/2024 19:00:00 - 18/03/2024 20:00:00","BZN|BE","Without sequence","125.6","",""
"18/03/2024 20:00:00 - 18/03/2024 21:00:00","BZN|BE","Without sequence","102.86","",""
"18/03/2024 21:00:00 - 18/03/2024 22:00:00","BZN|BE","Without sequence","79.4","",""
"18/03/2024 22:00:00 - 18/03/2024 23:00:00","BZN|BE","Without sequence","77.62","",""
"18/03/2024 23:00:00 - 19/03/2024 00:00:00","BZN|BE","Without sequence","71.64","",""
"19/03/2024 00:00:00 - 19/03/2024 01:00:00","BZN|BE","Without sequence","70.0","",""
"19/03/2024 01:00:00 - 19/03/2024 02:00:00","BZN|BE","Without sequence","66.92","",""
"19/03/2024 02:00:00 - 19/03/2024 03:00:00","BZN|BE","Without sequence","63.28","",""
"19/03/2024 03:00:00 - 19/03/2024 04:00:00","BZN|BE","Without sequence","60.81","",""
"19/03/2024 04:00:00 - 19/03/2024 05:00:00","BZN|BE","Without sequence","58.43","",""
"19/03/2024 05:00:00 - 19/03/2024 06:00:00","BZN|BE","Without sequence","62.41","",""
"19/03/2024 06:00:00 - 19/03/2024 07:00:00","BZN|BE","Without sequence","79.87","",""
"19/03/2024 07:00:00 - 19/03/2024 08:00:00","BZN|BE","Without sequence","104.89","",""
"19/03/2024 08:00:00 - 19/03/2024 09:00:00","BZN|BE","Without sequence","95.87","",""
"19/03/2024 09:00:00 - 19/03/2024 10:00:00","BZN|BE","Without sequence","72.06","",""
"19/03/2024 10:00:00 - 19/03/2024 11:00:00","BZN|BE","Without sequence","59.66","",""
"19/03/2024 11:00:00 - 19/03/2024 12:00:00","BZN|BE","Without sequence","53.44","",""
"19/03/2024 12:00:00 - 19/03/2024 13:00:00","BZN|BE","Without sequence","50.11","",""
"19/03/2024 13:00:00 - 19/03/2024 14:00:00","BZN|BE","Without sequence","44.81","",""
"19/03/2024 14:00:00 - 19/03/2024 15:00:00","BZN|BE","Without sequence","45.13","",""
"19/03/2024 15:00:00 - 19/03/2024 16:00:00","BZN|BE","Without sequence","49.26","",""
"19/03/2024 16:00:00 - 19/03/2024 17:00:00","BZN|BE","Without sequence","54.37","",""
"19/03/2024 17:00:00 - 19/03/2024 18:00:00","BZN|BE","Without sequence","77.23","",""
"19/03/2024 18:00:00 - 19/03/2024 19:00:00","BZN|BE","Without sequence","98.6","",""
"19/03/2024 19:00:00 - 19/03/2024 20:00:00","BZN|BE","Without sequence","128.96","",""
"19/03/2024 20:00:00 - 19/03/2024 21:00:00","BZN|BE","Without sequence","110.0","",""
"19/03/2024 21:00:00 - 19/03/2024 22:00:00","BZN|BE","Without sequence","89.06","",""
"19/03/2024 22:00:00 - 19/03/2024 23:00:00","BZN|BE","Without sequence","81.73","",""
"19/03/2024 23:00:00 - 20/03/2024 00:00:00","BZN|BE","Without sequence","76.1","",""
"20/03/2024 00:00:00 - 20/03/2024 01:00:00","BZN|BE","Without sequence","76.01","",""
"20/03/2024 01:00:00 - 20/03/2024 02:00:00","BZN|BE","Without sequence","70.44","",""
"20/03/2024 02:00:00 - 20/03/2024 03:00:00","BZN|BE","Without sequence","65.76","",""
"20/03/2024 03:00:00 - 20/03/2024 04:00:00","BZN|BE","Without sequence","58.81","",""
"20/03/2024 04:00:00 - 20/03/2024 05:00:00","BZN|BE","Without sequence","60.0","",""
"20/03/2024 05:00:00 - 20/03/2024 06:00:00","BZN|BE","Without sequence","66.77","",""
"20/03/2024 06:00:00 - 20/03/2024 07:00:00","BZN|BE","Without sequence","93.3","",""
"20/03/2024 07:00:00 - 20/03/2024 08:00:00","BZN|BE","Without sequence","103.15","",""
"20/03/2024 08:00:00 - 20/03/2024 09:00:00","BZN|BE","Without sequence","98.92","",""
"20/03/2024 09:00:00 - 20/03/2024 10:00:00","BZN|BE","Without sequence","70.84","",""
"20/03/2024 10:00:00 - 20/03/2024 11:00:00","BZN|BE","Without sequence","61.75","",""
"20/03/2024 11:00:00 - 20/03/2024 12:00:00","BZN|BE","Without sequence","57.18","",""
"20/03/2024 12:00:00 - 20/03/2024 13:00:00","BZN|BE","Without sequence","62.48","",""
"20/03/2024 13:00:00 - 20/03/2024 14:00:00","BZN|BE","Without sequence","65.49","",""
"20/03/2024 14:00:00 - 20/03/2024 15:00:00","BZN|BE","Without sequence","59.09","",""
"20/03/2024 15:00:00 - 20/03/2024 16:00:00","BZN|BE","Without sequence","64.08","",""
"20/03/2024 16:00:00 - 20/03/2024 17:00:00","BZN|BE","Without sequence","71.27","",""
"20/03/2024 17:00:00 - 20/03/2024 18:00:00","BZN|BE","Without sequence","97.86","",""
"20/03/2024 18:00:00 - 20/03/2024 19:00:00","BZN|BE","Without sequence","144.85","",""
"20/03/2024 19:00:00 - 20/03/2024 20:00:00","BZN|BE","Without sequence","141.56","",""
"20/03/2024 20:00:00 - 20/03/2024 21:00:00","BZN|BE","Without sequence","115.15","",""
"20/03/2024 21:00:00 - 20/03/2024 22:00:00","BZN|BE","Without sequence","99.38","",""
"20/03/2024 22:00:00 - 20/03/2024 23:00:00","BZN|BE","Without sequence","82.9","",""
"20/03/2024 23:00:00 - 21/03/2024 00:00:00","BZN|BE","Without sequence","78.92","",""
"21/03/2024 00:00:00 - 21/03/2024 01:00:00","BZN|BE","Without sequence","70.43","",""
"21/03/2024 01:00:00 - 21/03/2024 02:00:00","BZN|BE","Without sequence","70.0","",""
"21/03/2024 02:00:00 - 21/03/2024 03:00:00","BZN|BE","Without sequence","64.72","",""
"21/03/2024 03:00:00 - 21/03/2024 04:00:00","BZN|BE","Without sequence","54.56","",""
"21/03/2024 04:00:00 - 21/03/2024 05:00:00","BZN|BE","Without sequence","45.86","",""
"21/03/2024 05:00:00 - 21/03/2024 06:00:00","BZN|BE","Without sequence","46.8","",""
"21/03/2024 06:00:00 - 21/03/2024 07:00:00","BZN|BE","Without sequence","65.82","",""
"21/03/2024 07:00:00 - 21/03/2024 08:00:00","BZN|BE","Without sequence","89.07","",""
"21/03/2024 08:00:00 - 21/03/2024 09:00:00","BZN|BE","Without sequence","101.1","",""
"21/03/2024 09:00:00 - 21/03/2024 10:00:00","BZN|BE","Without sequence","80.42","",""
"21/03/2024 10:00:00 - 21/03/2024 11:00:00","BZN|BE","Without sequence","72.41","",""
"21/03/2024 11:00:00 - 21/03/2024 12:00:00","BZN|BE","Without sequence","63.34","",""
"21/03/2024 12:00:00 - 21/03/2024 13:00:00","BZN|BE","Without sequence","62.15","",""
"21/03/2024 13:00:00 - 21/03/2024 14:00:00","BZN|BE","Without sequence","53.98","",""
"21/03/2024 14:00:00 - 21/03/2024 15:00:00","BZN|BE","Without sequence","54.43","",""
"21/03/2024 15:00:00 - 21/03/2024 16:00:00","BZN|BE","Without sequence","44.73","",""
"21/03/2024 16:00:00 - 21/03/2024 17:00:00","BZN|BE","Without sequence","53.44","",""
"21/03/2024 17:00:00 - 21/03/2024 18:00:00","BZN|BE","Without sequence","71.13","",""
"21/03/2024 18:00:00 - 21/03/2024 19:00:00","BZN|BE","Without sequence","101.08","",""
"21/03/2024 19:00:00 - 21/03/2024 20:00:00","BZN|BE","Without sequence","115.41","",""
"21/03/2024 20:00:00 - 21/03/2024 21:00:00","BZN|BE","Without sequence","91.31","",""
"21/03/2024 21:00:00 - 21/03/2024 22:00:00","BZN|BE","Without sequence","69.71","",""
"21/03/2024 22:00:00 - 21/03/2024 23:00:00","BZN|BE","Without sequence","61.4","",""
"21/03/2024 23:00:00 - 22/03/2024 00:00:00","BZN|BE","Without sequence","52.12","",""
"22/03/2024 00:00:00 - 22/03/2024 01:00:00","BZN|BE","Without sequence","44.5","",""
"22/03/2024 01:00:00 - 22/03/2024 02:00:00","BZN|BE","Without sequence","42.14","",""
"22/03/2024 02:00:00 - 22/03/2024 03:00:00","BZN|BE","Without sequence","39.26","",""
"22/03/2024 03:00:00 - 22/03/2024 04:00:00","BZN|BE","Without sequence","34.36","",""
"22/03/2024 04:00:00 - 22/03/2024 05:00:00","BZN|BE","Without sequence","30.37","",""
"22/03/2024 05:00:00 - 22/03/2024 06:00:00","BZN|BE","Without sequence","34.97","",""
"22/03/2024 06:00:00 - 22/03/2024 07:00:00","BZN|BE","Without sequence","45.95","",""
"22/03/2024 07:00:00 - 22/03/2024 08:00:00","BZN|BE","Without sequence","61.02","",""
"22/03/2024 08:00:00 - 22/03/2024 09:00:00","BZN|BE","Without sequence","64.01","",""
"22/03/2024 09:00:00 - 22/03/2024 10:00:00","BZN|BE","Without sequence","44.86","",""
"22/03/2024 10:00:00 - 22/03/2024 11:00:00","BZN|BE","Without sequence","40.37","",""
"22/03/2024 11:00:00 - 22/03/2024 12:00:00","BZN|BE","Without sequence","50.76","",""
"22/03/2024 12:00:00 - 22/03/2024 13:00:00","BZN|BE","Without sequence","49.94","",""
"22/03/2024 13:00:00 - 22/03/2024 14:00:00","BZN|BE","Without sequence","60.8","",""
"22/03/2024 14:00:00 - 22/03/2024 15:00:00","BZN|BE","Without sequence","61.1","",""
"22/03/2024 15:00:00 - 22/03/2024 16:00:00","BZN|BE","Without sequence","65.6","",""
"22/03/2024 16:00:00 - 22/03/2024 17:00:00","BZN|BE","Without sequence","64.4","",""
"22/03/2024 17:00:00 - 22/03/2024 18:00:00","BZN|BE","Without sequence","76.8","",""
"22/03/2024 18:00:00 - 22/03/2024 19:00:00","BZN|BE","Without sequence","84.53","",""
"22/03/2024 19:00:00 - 22/03/2024 20:00:00","BZN|BE","Without sequence","94.95","",""
"22/03/2024 20:00:00 - 22/03/2024 21:00:00","BZN|BE","Without sequence","87.9","",""
"22/03/2024 21:00:00 - 22/03/2024 22:00:00","BZN|BE","Without sequence","56.39","",""
"22/03/2024 22:00:00 - 22/03/2024 23:00:00","BZN|BE","Without sequence","52.35","",""
"22/03/2024 23:00:00 - 23/03/2024 00:00:00","BZN|BE","Without sequence","48.39","",""
"23/03/2024 00:00:00 - 23/03/2024 01:00:00","BZN|BE","Without sequence","45.53","",""
"23/03/2024 01:00:00 - 23/03/2024 02:00:00","BZN|BE","Without sequence","42.82","",""
"23/03/2024 02:00:00 - 23/03/2024 03:00:00","BZN|BE","Without sequence","27.64","",""
"23/03/2024 03:00:00 - 23/03/2024 04:00:00","BZN|BE","Without sequence","23.62","",""
"23/03/2024 04:00:00 - 23/03/2024 05:00:00","BZN|BE","Without sequence","21.46","",""
"23/03/2024 05:00:00 - 23/03/2024 06:00:00","BZN|BE","Without sequence","21.72","",""
"23/03/2024 06:00:00 - 23/03/2024 07:00:00","BZN|BE","Without sequence","22.58","",""
"23/03/2024 07:00:00 - 23/03/2024 08:00:00","BZN|BE","Without sequence","21.92","",""
"23/03/2024 08:00:00 - 23/03/2024 09:00:00","BZN|BE","Without sequence","19.37","",""
"23/03/2024 09:00:00 - 23/03/2024 10:00:00","BZN|BE","Without sequence","5.26","",""
"23/03/2024 10:00:00 - 23/03/2024 11:00:00","BZN|BE","Without sequence","0.01","",""
"23/03/2024 11:00:00 - 23/03/2024 12:00:00","BZN|BE","Without sequence","-0.05","",""
"23/03/2024 12:00:00 - 23/03/2024 13:00:00","BZN|BE","Without sequence","0.2","",""
"23/03/2024 13:00:00 - 23/03/2024 14:00:00","BZN|BE","Without sequence","-0.15","",""
"23/03/2024 14:00:00 - 23/03/2024 15:00:00","BZN|BE","Without sequence","-7.95","",""
"23/03/2024 15:00:00 - 23/03/2024 16:00:00","BZN|BE","Without sequence","-0.93","",""
"23/03/2024 16:00:00 - 23/03/2024 17:00:00","BZN|BE","Without sequence","-1.47","",""
"23/03/2024 17:00:00 - 23/03/2024 18:00:00","BZN|BE","Without sequence","18.27","",""
"23/03/2024 18:00:00 - 23/03/2024 19:00:00","BZN|BE","Without sequence","41.32","",""
"23/03/2024 19:00:00 - 23/03/2024 20:00:00","BZN|BE","Without sequence","52.96","",""
"23/03/2024 20:00:00 - 23/03/2024 21:00:00","BZN|BE","Without sequence","44.97","",""
"23/03/2024 21:00:00 - 23/03/2024 22:00:00","BZN|BE","Without sequence","36.52","",""
"23/03/2024 22:00:00 - 23/03/2024 23:00:00","BZN|BE","Without sequence","33.17","",""
"23/03/2024 23:00:00 - 24/03/2024 00:00:00","BZN|BE","Without sequence","25.19","",""
"24/03/2024 00:00:00 - 24/03/2024 01:00:00","BZN|BE","Without sequence","15.02","",""
"24/03/2024 01:00:00 - 24/03/2024 02:00:00","BZN|BE","Without sequence","7.3","",""
"24/03/2024 02:00:00 - 24/03/2024 03:00:00","BZN|BE","Without sequence","6.16","",""
"24/03/2024 03:00:00 - 24/03/2024 04:00:00","BZN|BE","Without sequence","4.8","",""
"24/03/2024 04:00:00 - 24/03/2024 05:00:00","BZN|BE","Without sequence","4.89","",""
"24/03/2024 05:00:00 - 24/03/2024 06:00:00","BZN|BE","Without sequence","4.51","",""
"24/03/2024 06:00:00 - 24/03/2024 07:00:00","BZN|BE","Without sequence","4.18","",""
"24/03/2024 07:00:00 - 24/03/2024 08:00:00","BZN|BE","Without sequence","1.19","",""
"24/03/2024 08:00:00 - 24/03/2024 09:00:00","BZN|BE","Without sequence","0.0","",""
"24/03/2024 09:00:00 - 24/03/2024 10:00:00","BZN|BE","Without sequence","0.0","",""
"24/03/2024 10:00:00 - 24/03/2024 11:00:00","BZN|BE","Without sequence","0.0","",""
"24/03/2024 11:00:00 - 24/03/2024 12:00:00","BZN|BE","Without sequence","0.0","",""
"24/03/2024 12:00:00 - 24/03/2024 13:00:00","BZN|BE","Without sequence","0.0","",""
"24/03/2024 13:00:00 - 24/03/2024 14:00:00","BZN|BE","Without sequence","0.0","",""
"24/03/2024 14:00:00 - 24/03/2024 15:00:00","BZN|BE","Without sequence","0.0","",""
"24/03/2024 15:00:00 - 24/03/2024 16:00:00","BZN|BE","Without sequence","0.0","",""
"24/03/2024 16:00:00 - 24/03/2024 17:00:00","BZN|BE","Without sequence","3.89","",""
"24/03/2024 17:00:00 - 24/03/2024 18:00:00","BZN|BE","Without sequence","34.35","",""
"24/03/2024 18:00:00 - 24/03/2024 19:00:00","BZN|BE","Without sequence","62.91","",""
"24/03/2024 19:00:00 - 24/03/2024 20:00:00","BZN|BE","Without sequence","74.9","",""
"24/03/2024 20:00:00 - 24/03/2024 21:00:00","BZN|BE","Without sequence","66.44","",""
"24/03/2024 21:00:00 - 24/03/2024 22:00:00","BZN|BE","Without sequence","66.0","",""
"24/03/2024 22:00:00 - 24/03/2024 23:00:00","BZN|BE","Without sequence","63.05","",""
"24/03/2024 23:00:00 - 25/03/2024 00:00:00","BZN|BE","Without sequence","63.11","",""
"25/03/2024 00:00:00 - 25/03/2024 01:00:00","BZN|BE","Without sequence","62.66","",""
"25/03/2024 01:00:00 - 25/03/2024 02:00:00","BZN|BE","Without sequence","58.45","",""
"25/03/2024 02:00:00 - 25/03/2024 03:00:00","BZN|BE","Without sequence","57.74","",""
"25/03/2024 03:00:00 - 25/03/2024 04:00:00","BZN|BE","Without sequence","60.53","",""
"25/03/2024 04:00:00 - 25/03/2024 05:00:00","BZN|BE","Without sequence","59.26","",""
"25/03/2024 05:00:00 - 25/03/2024 06:00:00","BZN|BE","Without sequence","71.66","",""
"25/03/2024 06:00:00 - 25/03/2024 07:00:00","BZN|BE","Without sequence","86.59","",""
"25/03/2024 07:00:00 - 25/03/2024 08:00:00","BZN|BE","Without sequence","113.87","",""
"25/03/2024 08:00:00 - 25/03/2024 09:00:00","BZN|BE","Without sequence","99.68","",""
"25/03/2024 09:00:00 - 25/03/2024 10:00:00","BZN|BE","Without sequence","62.62","",""
"25/03/2024 10:00:00 - 25/03/2024 11:00:00","BZN|BE","Without sequence","52.53","",""
"25/03/2024 11:00:00 - 25/03/2024 12:00:00","BZN|BE","Without sequence","47.2","",""
"25/03/2024 12:00:00 - 25/03/2024 13:00:00","BZN|BE","Without sequence","46.35","",""
"25/03/2024 13:00:00 - 25/03/2024 14:00:00","BZN|BE","Without sequence","43.53","",""
"25/03/2024 14:00:00 - 25/03/2024 15:00:00","BZN|BE","Without sequence","45.14","",""
"25/03/2024 15:00:00 - 25/03/2024 16:00:00","BZN|BE","Without sequence","51.45","",""
"25/03/2024 16:00:00 - 25/03/2024 17:00:00","BZN|BE","Without sequence","59.23","",""
"25/03/2024 17:00:00 - 25/03/2024 18:00:00","BZN|BE","Without sequence","83.28","",""
"25/03/2024 18:00:00 - 25/03/2024 19:00:00","BZN|BE","Without sequence","137.6","",""
"25/03/2024 19:00:00 - 25/03/2024 20:00:00","BZN|BE","Without sequence","129.65","",""
"25/03/2024 20:00:00 - 25/03/2024 21:00:00","BZN|BE","Without sequence","76.85","",""
"25/03/2024 21:00:00 - 25/03/2024 22:00:00","BZN|BE","Without sequence","65.02","",""
"25/03/2024 22:00:00 - 25/03/2024 23:00:00","BZN|BE","Without sequence","66.14","",""
"25/03/2024 23:00:00 - 26/03/2024 00:00:00","BZN|BE","Without sequence","65.1","",""
"26/03/2024 00:00:00 - 26/03/2024 01:00:00","BZN|BE","Without sequence","61.57","",""
"26/03/2024 01:00:00 - 26/03/2024 02:00:00","BZN|BE","Without sequence","53.83","",""
"26/03/2024 02:00:00 - 26/03/2024 03:00:00","BZN|BE","Without sequence","47.08","",""
"26/03/2024 03:00:00 - 26/03/2024 04:00:00","BZN|BE","Without sequence","45.71","",""
"26/03/2024 04:00:00 - 26/03/2024 05:00:00","BZN|BE","Without sequence","57.74","",""
"26/03/2024 05:00:00 - 26/03/2024 06:00:00","BZN|BE","Without sequence","62.29","",""
"26/03/2024 06:00:00 - 26/03/2024 07:00:00","BZN|BE","Without sequence","75.33","",""
"26/03/2024 07:00:00 - 26/03/2024 08:00:00","BZN|BE","Without sequence","79.2","",""
"26/03/2024 08:00:00 - 26/03/2024 09:00:00","BZN|BE","Without sequence","72.08","",""
"26/03/2024 09:00:00 - 26/03/2024 10:00:00","BZN|BE","Without sequence","62.0","",""
"26/03/2024 10:00:00 - 26/03/2024 11:00:00","BZN|BE","Without sequence","49.5","",""
"26/03/2024 11:00:00 - 26/03/2024 12:00:00","BZN|BE","Without sequence","37.03","",""
"26/03/2024 12:00:00 - 26/03/2024 13:00:00","BZN|BE","Without sequence","27.84","",""
"26/03/2024 13:00:00 - 26/03/2024 14:00:00","BZN|BE","Without sequence","29.57","",""
"26/03/2024 14:00:00 - 26/03/2024 15:00:00","BZN|BE","Without sequence","37.1","",""
"26/03/2024 15:00:00 - 26/03/2024 16:00:00","BZN|BE","Without sequence","50.23","",""
"26/03/2024 16:00:00 - 26/03/2024 17:00:00","BZN|BE","Without sequence","63.74","",""
"26/03/2024 17:00:00 - 26/03/2024 18:00:00","BZN|BE","Without sequence","81.05","",""
"26/03/2024 18:00:00 - 26/03/2024 19:00:00","BZN|BE","Without sequence","103.29","",""
"26/03/2024 19:00:00 - 26/03/2024 20:00:00","BZN|BE","Without sequence","100.3","",""
"26/03/2024 20:00:00 - 26/03/2024 21:00:00","BZN|BE","Without sequence","79.23","",""
"26/03/2024 21:00:00 - 26/03/2024 22:00:00","BZN|BE","Without sequence","77.05","",""
"26/03/2024 22:00:00 - 26/03/2024 23:00:00","BZN|BE","Without sequence","69.78","",""
"26/03/2024 23:00:00 - 27/03/2024 00:00:00","BZN|BE","Without sequence","63.31","",""
"27/03/2024 00:00:00 - 27/03/2024 01:00:00","BZN|BE","Without sequence","58.35","",""
"27/03/2024 01:00:00 - 27/03/2024 02:00:00","BZN|BE","Without sequence","57.09","",""
"27/03/2024 02:00:00 - 27/03/2024 03:00:00","BZN|BE","Without sequence","57.28","",""
"27/03/2024 03:00:00 - 27/03/2024 04:00:00","BZN|BE","Without sequence","51.08","",""
"27/03/2024 04:00:00 - 27/03/2024 05:00:00","BZN|BE","Without sequence","50.39","",""
"27/03/2024 05:00:00 - 27/03/2024 06:00:00","BZN|BE","Without sequence","44.47","",""
"27/03/2024 06:00:00 - 27/03/2024 07:00:00","BZN|BE","Without sequence","72.5","",""
"27/03/2024 07:00:00 - 27/03/2024 08:00:00","BZN|BE","Without sequence","82.77","",""
"27/03/2024 08:00:00 - 27/03/2024 09:00:00","BZN|BE","Without sequence","79.92","",""
"27/03/2024 09:00:00 - 27/03/2024 10:00:00","BZN|BE","Without sequence","68.1","",""
"27/03/2024 10:00:00 - 27/03/2024 11:00:00","BZN|BE","Without sequence","63.71","",""
"27/03/2024 11:00:00 - 27/03/2024 12:00:00","BZN|BE","Without sequence","57.52","",""
"27/03/2024 12:00:00 - 27/03/2024 13:00:00","BZN|BE","Without sequence","54.8","",""
"27/03/2024 13:00:00 - 27/03/2024 14:00:00","BZN|BE","Without sequence","55.54","",""
"27/03/2024 14:00:00 - 27/03/2024 15:00:00","BZN|BE","Without sequence","42.73","",""
"27/03/2024 15:00:00 - 27/03/2024 16:00:00","BZN|BE","Without sequence","47.42","",""
"27/03/2024 16:00:00 - 27/03/2024 17:00:00","BZN|BE","Without sequence","55.22","",""
"27/03/2024 17:00:00 - 27/03/2024 18:00:00","BZN|BE","Without sequence","83.4","",""
"27/03/2024 18:00:00 - 27/03/2024 19:00:00","BZN|BE","Without sequence","104.97","",""
"27/03/2024 19:00:00 - 27/03/2024 20:00:00","BZN|BE","Without sequence","112.76","",""
"27/03/2024 20:00:00 - 27/03/2024 21:00:00","BZN|BE","Without sequence","87.78","",""
"27/03/2024 21:00:00 - 27/03/2024 22:00:00","BZN|BE","Without sequence","65.9","",""
"27/03/2024 22:00:00 - 27/03/2024 23:00:00","BZN|BE","Without sequence","63.62","",""
"27/03/2024 23:00:00 - 28/03/2024 00:00:00","BZN|BE","Without sequence","53.14","",""
"28/03/2024 00:00:00 - 28/03/2024 01:00:00","BZN|BE","Without sequence","59.57","",""
"28/03/2024 01:00:00 - 28/03/2024 02:00:00","BZN|BE","Without sequence","41.08","",""
"28/03/2024 02:00:00 - 28/03/2024 03:00:00","BZN|BE","Without sequence","37.24","",""
"28/03/2024 03:00:00 - 28/03/2024 04:00:00","BZN|BE","Without sequence","36.48","",""
"28/03/2024 04:00:00 - 28/03/2024 05:00:00","BZN|BE","Without sequence","30.14","",""
"28/03/2024 05:00:00 - 28/03/2024 06:00:00","BZN|BE","Without sequence","30.53","",""
"28/03/2024 06:00:00 - 28/03/2024 07:00:00","BZN|BE","Without sequence","37.57","",""
"28/03/2024 07:00:00 - 28/03/2024 08:00:00","BZN|BE","Without sequence","54.88","",""
"28/03/2024 08:00:00 - 28/03/2024 09:00:00","BZN|BE","Without sequence","48.95","",""
"28/03/2024 09:00:00 - 28/03/2024 10:00:00","BZN|BE","Without sequence","42.34","",""
"28/03/2024 10:00:00 - 28/03/2024 11:00:00","BZN|BE","Without sequence","20.65","",""
"28/03/2024 11:00:00 - 28/03/2024 12:00:00","BZN|BE","Without sequence","13.98","",""
"28/03/2024 12:00:00 - 28/03/2024 13:00:00","BZN|BE","Without sequence","6.72","",""
"28/03/2024 13:00:00 - 28/03/2024 14:00:00","BZN|BE","Without sequence","0.05","",""
"28/03/2024 14:00:00 - 28/03/2024 15:00:00","BZN|BE","Without sequence","0.03","",""
"28/03/2024 15:00:00 - 28/03/2024 16:00:00","BZN|BE","Without sequence","6.35","",""
"28/03/2024 16:00:00 - 28/03/2024 17:00:00","BZN|BE","Without sequence","15.27","",""
"28/03/2024 17:00:00 - 28/03/2024 18:00:00","BZN|BE","Without sequence","25.8","",""
"28/03/2024 18:00:00 - 28/03/2024 19:00:00","BZN|BE","Without sequence","40.35","",""
"28/03/2024 19:00:00 - 28/03/2024 20:00:00","BZN|BE","Without sequence","62.65","",""
"28/03/2024 20:00:00 - 28/03/2024 21:00:00","BZN|BE","Without sequence","42.32","",""
"28/03/2024 21:00:00 - 28/03/2024 22:00:00","BZN|BE","Without sequence","28.21","",""
"28/03/2024 22:00:00 - 28/03/2024 23:00:00","BZN|BE","Without sequence","32.14","",""
"28/03/2024 23:00:00 - 29/03/2024 00:00:00","BZN|BE","Without sequence","25.0","",""
"29/03/2024 00:00:00 - 29/03/2024 01:00:00","BZN|BE","Without sequence","20.6","",""
"29/03/2024 01:00:00 - 29/03/2024 02:00:00","BZN|BE","Without sequence","18.83","",""
"29/03/2024 02:00:00 - 29/03/2024 03:00:00","BZN|BE","Without sequence","12.43","",""
"29/03/2024 03:00:00 - 29/03/2024 04:00:00","BZN|BE","Without sequence","10.24","",""
"29/03/2024 04:00:00 - 29/03/2024 05:00:00","BZN|BE","Without sequence","12.59","",""
"29/03/2024 05:00:00 - 29/03/2024 06:00:00","BZN|BE","Without sequence","14.32","",""
"29/03/2024 06:00:00 - 29/03/2024 07:00:00","BZN|BE","Without sequence","22.02","",""
"29/03/2024 07:00:00 - 29/03/2024 08:00:00","BZN|BE","Without sequence","31.4","",""
"29/03/2024 08:00:00 - 29/03/2024 09:00:00","BZN|BE","Without sequence","37.43","",""
"29/03/2024 09:00:00 - 29/03/2024 10:00:00","BZN|BE","Without sequence","33.09","",""
"29/03/2024 10:00:00 - 29/03/2024 11:00:00","BZN|BE","Without sequence","22.62","",""
"29/03/2024 11:00:00 - 29/03/2024 12:00:00","BZN|BE","Without sequence","18.79","",""
"29/03/2024 12:00:00 - 29/03/2024 13:00:00","BZN|BE","Without sequence","12.98","",""
"29/03/2024 13:00:00 - 29/03/2024 14:00:00","BZN|BE","Without sequence","9.86","",""
"29/03/2024 14:00:00 - 29/03/2024 15:00:00","BZN|BE","Without sequence","13.44","",""
"29/03/2024 15:00:00 - 29/03/2024 16:00:00","BZN|BE","Without sequence","20.2","",""
"29/03/2024 16:00:00 - 29/03/2024 17:00:00","BZN|BE","Without sequence","31.39","",""
"29/03/2024 17:00:00 - 29/03/2024 18:00:00","BZN|BE","Without sequence","61.38","",""
"29/03/2024 18:00:00 - 29/03/2024 19:00:00","BZN|BE","Without sequence","94.02","",""
"29/03/2024 19:00:00 - 29/03/2024 20:00:00","BZN|BE","Without sequence","106.06","",""
"29/03/2024 20:00:00 - 29/03/2024 21:00:00","BZN|BE","Without sequence","87.4","",""
"29/03/2024 21:00:00 - 29/03/2024 22:00:00","BZN|BE","Without sequence","70.03","",""
"29/03/2024 22:00:00 - 29/03/2024 23:00:00","BZN|BE","Without sequence","75.89","",""
"29/03/2024 23:00:00 - 30/03/2024 00:00:00","BZN|BE","Without sequence","70.0","",""
"30/03/2024 00:00:00 - 30/03/2024 01:00:00","BZN|BE","Without sequence","69.3","",""
"30/03/2024 01:00:00 - 30/03/2024 02:00:00","BZN|BE","Without sequence","58.16","",""
"30/03/2024 02:00:00 - 30/03/2024 03:00:00","BZN|BE","Without sequence","56.7","",""
"30/03/2024 03:00:00 - 30/03/2024 04:00:00","BZN|BE","Without sequence","60.66","",""
"30/03/2024 04:00:00 - 30/03/2024 05:00:00","BZN|BE","Without sequence","65.38","",""
"30/03/2024 05:00:00 - 30/03/2024 06:00:00","BZN|BE","Without sequence","65.05","",""
"30/03/2024 06:00:00 - 30/03/2024 07:00:00","BZN|BE","Without sequence","63.8","",""
"30/03/2024 07:00:00 - 30/03/2024 08:00:00","BZN|BE","Without sequence","52.93","",""
"30/03/2024 08:00:00 - 30/03/2024 09:00:00","BZN|BE","Without sequence","48.92","",""
"30/03/2024 09:00:00 - 30/03/2024 10:00:00","BZN|BE","Without sequence","44.45","",""
"30/03/2024 10:00:00 - 30/03/2024 11:00:00","BZN|BE","Without sequence","35.91","",""
"30/03/2024 11:00:00 - 30/03/2024 12:00:00","BZN|BE","Without sequence","24.7","",""
"30/03/2024 12:00:00 - 30/03/2024 13:00:00","BZN|BE","Without sequence","22.9","",""
"30/03/2024 13:00:00 - 30/03/2024 14:00:00","BZN|BE","Without sequence","11.48","",""
"30/03/2024 14:00:00 - 30/03/2024 15:00:00","BZN|BE","Without sequence","15.94","",""
"30/03/2024 15:00:00 - 30/03/2024 16:00:00","BZN|BE","Without sequence","38.78","",""
"30/03/2024 16:00:00 - 30/03/2024 17:00:00","BZN|BE","Without sequence","52.52","",""
"30/03/2024 17:00:00 - 30/03/2024 18:00:00","BZN|BE","Without sequence","77.78","",""
"30/03/2024 18:00:00 - 30/03/2024 19:00:00","BZN|BE","Without sequence","90.84","",""
"30/03/2024 19:00:00 - 30/03/2024 20:00:00","BZN|BE","Without sequence","98.98","",""
"30/03/2024 20:00:00 - 30/03/2024 21:00:00","BZN|BE","Without sequence","86.99","",""
"30/03/2024 21:00:00 - 30/03/2024 22:00:00","BZN|BE","Without sequence","73.66","",""
"30/03/2024 22:00:00 - 30/03/2024 23:00:00","BZN|BE","Without sequence","70.83","",""
"30/03/2024 23:00:00 - 31/03/2024 00:00:00","BZN|BE","Without sequence","65.74","",""
"31/03/2024 00:00:00 - 31/03/2024 01:00:00 (CET)","BZN|BE","Without sequence","84.33","",""
"31/03/2024 01:00:00 (CET) - 31/03/2024 03:00:00 (CEST)","BZN|BE","Without sequence","76.83","",""
"31/03/2024 03:00:00 (CEST) - 31/03/2024 04:00:00","BZN|BE","Without sequence","52.68","",""
"31/03/2024 04:00:00 - 31/03/2024 05:00:00","BZN|BE","Without sequence","62.36","",""
"31/03/2024 05:00:00 - 31/03/2024 06:00:00","BZN|BE","Without sequence","59.37","",""
"31/03/2024 06:00:00 - 31/03/2024 07:00:00","BZN|BE","Without sequence","65.92","",""
"31/03/2024 07:00:00 - 31/03/2024 08:00:00","BZN|BE","Without sequence","70.0","",""
"31/03/2024 08:00:00 - 31/03/2024 09:00:00","BZN|BE","Without sequence","70.0","",""
"31/03/2024 09:00:00 - 31/03/2024 10:00:00","BZN|BE","Without sequence","49.34","",""
"31/03/2024 10:00:00 - 31/03/2024 11:00:00","BZN|BE","Without sequence","36.07","",""
"31/03/2024 11:00:00 - 31/03/2024 12:00:00","BZN|BE","Without sequence","28.49","",""
"31/03/2024 12:00:00 - 31/03/2024 13:00:00","BZN|BE","Without sequence","19.49","",""
"31/03/2024 13:00:00 - 31/03/2024 14:00:00","BZN|BE","Without sequence","2.99","",""
"31/03/2024 14:00:00 - 31/03/2024 15:00:00","BZN|BE","Without sequence","1.0","",""
"31/03/2024 15:00:00 - 31/03/2024 16:00:00","BZN|BE","Without sequence","13.21","",""
"31/03/2024 16:00:00 - 31/03/2024 17:00:00","BZN|BE","Without sequence","34.13","",""
"31/03/2024 17:00:00 - 31/03/2024 18:00:00","BZN|BE","Without sequence","54.04","",""
"31/03/2024 18:00:00 - 31/03/2024 19:00:00","BZN|BE","Without sequence","63.36","",""
"31/03/2024 19:00:00 - 31/03/2024 20:00:00","BZN|BE","Without sequence","92.98","",""
"31/03/2024 20:00:00 - 31/03/2024 21:00:00","BZN|BE","Without sequence","70.84","",""
"31/03/2024 21:00:00 - 31/03/2024 22:00:00","BZN|BE","Without sequence","47.01","",""
"31/03/2024 22:00:00 - 31/03/2024 23:00:00","BZN|BE","Without sequence","43.7","",""
"31/03/2024 23:00:00 - 01/04/2024 00:00:00","BZN|BE","Without sequence","50.29","",""
"01/04/2024 00:00:00 - 01/04/2024 01:00:00","BZN|BE","Without sequence","50.32","",""
"01/04/2024 01:00:00 - 01/04/2024 02:00:00","BZN|BE","Without sequence","44.39","",""
"01/04/2024 02:00:00 - 01/04/2024 03:00:00","BZN|BE","Without sequence","37.29","",""
"01/04/2024 03:00:00 - 01/04/2024 04:00:00","BZN|BE","Without sequence","31.64","",""
"01/04/2024 04:00:00 - 01/04/2024 05:00:00","BZN|BE","Without sequence","29.65","",""
"01/04/2024 05:00:00 - 01/04/2024 06:00:00","BZN|BE","Without sequence","44.43","",""
"01/04/2024 06:00:00 - 01/04/2024 07:00:00","BZN|BE","Without sequence","37.18","",""
"01/04/2024 07:00:00 - 01/04/2024 08:00:00","BZN|BE","Without sequence","38.85","",""
"01/04/2024 08:00:00 - 01/04/2024 09:00:00","BZN|BE","Without sequence","39.29","",""
"01/04/2024 09:00:00 - 01/04/2024 10:00:00","BZN|BE","Without sequence","37.5","",""
"01/04/2024 10:00:00 - 01/04/2024 11:00:00","BZN|BE","Without sequence","30.6","",""
"01/04/2024 11:00:00 - 01/04/2024 12:00:00","BZN|BE","Without sequence","13.99","",""
"01/04/2024 12:00:00 - 01/04/2024 13:00:00","BZN|BE","Without sequence","3.16","",""
"01/04/2024 13:00:00 - 01/04/2024 14:00:00","BZN|BE","Without sequence","0.03","",""
"01/04/2024 14:00:00 - 01/04/2024 15:00:00","BZN|BE","Without sequence","-0.01","",""
"01/04/2024 15:00:00 - 01/04/2024 16:00:00","BZN|BE","Without sequence","-0.01","",""
"01/04/2024 16:00:00 - 01/04/2024 17:00:00","BZN|BE","Without sequence","-0.01","",""
"01/04/2024 17:00:00 - 01/04/2024 18:00:00","BZN|BE","Without sequence","5.79","",""
"01/04/2024 18:00:00 - 01/04/2024 19:00:00","BZN|BE","Without sequence","30.34","",""
"01/04/2024 19:00:00 - 01/04/2024 20:00:00","BZN|BE","Without sequence","53.99","",""
"01/04/2024 20:00:00 - 01/04/2024 21:00:00","BZN|BE","Without sequence","52.81","",""
"01/04/2024 21:00:00 - 01/04/2024 22:00:00","BZN|BE","Without sequence","48.3","",""
"01/04/2024 22:00:00 - 01/04/2024 23:00:00","BZN|BE","Without sequence","29.98","",""
"01/04/2024 23:00:00 - 02/04/2024 00:00:00","BZN|BE","Without sequence","14.9","",""
"02/04/2024 00:00:00 - 02/04/2024 01:00:00","BZN|BE","Without sequence","18.61","",""
"02/04/2024 01:00:00 - 02/04/2024 02:00:00","BZN|BE","Without sequence","11.4","",""
"02/04/2024 02:00:00 - 02/04/2024 03:00:00","BZN|BE","Without sequence","5.65","",""
"02/04/2024 03:00:00 - 02/04/2024 04:00:00","BZN|BE","Without sequence","2.76","",""
"02/04/2024 04:00:00 - 02/04/2024 05:00:00","BZN|BE","Without sequence","1.96","",""
"02/04/2024 05:00:00 - 02/04/2024 06:00:00","BZN|BE","Without sequence","7.28","",""
"02/04/2024 06:00:00 - 02/04/2024 07:00:00","BZN|BE","Without sequence","35.33","",""
"02/04/2024 07:00:00 - 02/04/2024 08:00:00","BZN|BE","Without sequence","59.97","",""
"02/04/2024 08:00:00 - 02/04/2024 09:00:00","BZN|BE","Without sequence","47.16","",""
"02/04/2024 09:00:00 - 02/04/2024 10:00:00","BZN|BE","Without sequence","25.14","",""
"02/04/2024 10:00:00 - 02/04/2024 11:00:00","BZN|BE","Without sequence","8.66","",""
"02/04/2024 11:00:00 - 02/04/2024 12:00:00","BZN|BE","Without sequence","7.14","",""
"02/04/2024 12:00:00 - 02/04/2024 13:00:00","BZN|BE","Without sequence","1.62","",""
"02/04/2024 13:00:00 - 02/04/2024 14:00:00","BZN|BE","Without sequence","0.36","",""
"02/04/2024 14:00:00 - 02/04/2024 15:00:00","BZN|BE","Without sequence","0.03","",""
"02/04/2024 15:00:00 - 02/04/2024 16:00:00","BZN|BE","Without sequence","0.0","",""
"02/04/2024 16:00:00 - 02/04/2024 17:00:00","BZN|BE","Without sequence","4.31","",""
"02/04/2024 17:00:00 - 02/04/2024 18:00:00","BZN|BE","Without sequence","22.02","",""
"02/04/2024 18:00:00 - 02/04/2024 19:00:00","BZN|BE","Without sequence","53.81","",""
"02/04/2024 19:00:00 - 02/04/2024 20:00:00","BZN|BE","Without sequence","69.3","",""
"02/04/2024 20:00:00 - 02/04/2024 21:00:00","BZN|BE","Without sequence","90.05","",""
"02/04/2024 21:00:00 - 02/04/2024 22:00:00","BZN|BE","Without sequence","65.33","",""
"02/04/2024 22:00:00 - 02/04/2024 23:00:00","BZN|BE","Without sequence","73.25","",""
"02/04/2024 23:00:00 - 03/04/2024 00:00:00","BZN|BE","Without sequence","69.5","",""
"03/04/2024 00:00:00 - 03/04/2024 01:00:00","BZN|BE","Without sequence","40.85","",""
"03/04/2024 01:00:00 - 03/04/2024 02:00:00","BZN|BE","Without sequence","44.07","",""
"03/04/2024 02:00:00 - 03/04/2024 03:00:00","BZN|BE","Without sequence","44.28","",""
"03/04/2024 03:00:00 - 03/04/2024 04:00:00","BZN|BE","Without sequence","44.38","",""
"03/04/2024 04:00:00 - 03/04/2024 05:00:00","BZN|BE","Without sequence","46.93","",""
"03/04/2024 05:00:00 - 03/04/2024 06:00:00","BZN|BE","Without sequence","44.18","",""
"03/04/2024 06:00:00 - 03/04/2024 07:00:00","BZN|BE","Without sequence","57.0","",""
"03/04/2024 07:00:00 - 03/04/2024 08:00:00","BZN|BE","Without sequence","80.0","",""
"03/04/2024 08:00:00 - 03/04/2024 09:00:00","BZN|BE","Without sequence","103.24","",""
"03/04/2024 09:00:00 - 03/04/2024 10:00:00","BZN|BE","Without sequence","92.33","",""
"03/04/2024 10:00:00 - 03/04/2024 11:00:00","BZN|BE","Without sequence","93.5","",""
"03/04/2024 11:00:00 - 03/04/2024 12:00:00","BZN|BE","Without sequence","81.4","",""
"03/04/2024 12:00:00 - 03/04/2024 13:00:00","BZN|BE","Without sequence","57.95","",""
"03/04/2024 13:00:00 - 03/04/2024 14:00:00","BZN|BE","Without sequence","34.17","",""
"03/04/2024 14:00:00 - 03/04/2024 15:00:00","BZN|BE","Without sequence","25.48","",""
"03/04/2024 15:00:00 - 03/04/2024 16:00:00","BZN|BE","Without sequence","22.72","",""
"03/04/2024 16:00:00 - 03/04/2024 17:00:00","BZN|BE","Without sequence","23.83","",""
"03/04/2024 17:00:00 - 03/04/2024 18:00:00","BZN|BE","Without sequence","28.52","",""
"03/04/2024 18:00:00 - 03/04/2024 19:00:00","BZN|BE","Without sequence","46.63","",""
"03/04/2024 19:00:00 - 03/04/2024 20:00:00","BZN|BE","Without sequence","71.24","",""
"03/04/2024 20:00:00 - 03/04/2024 21:00:00","BZN|BE","Without sequence","66.09","",""
"03/04/2024 21:00:00 - 03/04/2024 22:00:00","BZN|BE","Without sequence","48.85","",""
"03/04/2024 22:00:00 - 03/04/2024 23:00:00","BZN|BE","Without sequence","45.01","",""
"03/04/2024 23:00:00 - 04/04/2024 00:00:00","BZN|BE","Without sequence","37.01","",""
"04/04/2024 00:00:00 - 04/04/2024 01:00:00","BZN|BE","Without sequence","17.73","",""
"04/04/2024 01:00:00 - 04/04/2024 02:00:00","BZN|BE","Without sequence","15.7","",""
"04/04/2024 02:00:00 - 04/04/2024 03:00:00","BZN|BE","Without sequence","17.93","",""
"04/04/2024 03:00:00 - 04/04/2024 04:00:00","BZN|BE","Without sequence","18.72","",""
"04/04/2024 04:00:00 - 04/04/2024 05:00:00","BZN|BE","Without sequence","17.41","",""
"04/04/2024 05:00:00 - 04/04/2024 06:00:00","BZN|BE","Without sequence","20.13","",""
"04/04/2024 06:00:00 - 04/04/2024 07:00:00","BZN|BE","Without sequence","21.67","",""
"04/04/2024 07:00:00 - 04/04/2024 08:00:00","BZN|BE","Without sequence","31.45","",""
"04/04/2024 08:00:00 - 04/04/2024 09:00:00","BZN|BE","Without sequence","35.0","",""
"04/04/2024 09:00:00 - 04/04/2024 10:00:00","BZN|BE","Without sequence","27.43","",""
"04/04/2024 10:00:00 - 04/04/2024 11:00:00","BZN|BE","Without sequence","35.86","",""
"04/04/2024 11:00:00 - 04/04/2024 12:00:00","BZN|BE","Without sequence","21.08","",""
"04/04/2024 12:00:00 - 04/04/2024 13:00:00","BZN|BE","Without sequence","18.0","",""
"04/04/2024 13:00:00 - 04/04/2024 14:00:00","BZN|BE","Without sequence","16.92","",""
"04/04/2024 14:00:00 - 04/04/2024 15:00:00","BZN|BE","Without sequence","16.71","",""
"04/04/2024 15:00:00 - 04/04/2024 16:00:00","BZN|BE","Without sequence","17.09","",""
"04/04/2024 16:00:00 - 04/04/2024 17:00:00","BZN|BE","Without sequence","17.39","",""
"04/04/2024 17:00:00 - 04/04/2024 18:00:00","BZN|BE","Without sequence","21.15","",""
"04/04/2024 18:00:00 - 04/04/2024 19:00:00","BZN|BE","Without sequence","36.14","",""
"04/04/2024 19:00:00 - 04/04/2024 20:00:00","BZN|BE","Without sequence","57.66","",""
"04/04/2024 20:00:00 - 04/04/2024 21:00:00","BZN|BE","Without sequence","58.47","",""
"04/04/2024 21:00:00 - 04/04/2024 22:00:00","BZN|BE","Without sequence","45.23","",""
"04/04/2024 22:00:00 - 04/04/2024 23:00:00","BZN|BE","Without sequence","42.15","",""
"04/04/2024 23:00:00 - 05/04/2024 00:00:00","BZN|BE","Without sequence","32.99","",""
"05/04/2024 00:00:00 - 05/04/2024 01:00:00","BZN|BE","Without sequence","35.64","",""
"05/04/2024 01:00:00 - 05/04/2024 02:00:00","BZN|BE","Without sequence","31.89","",""
"05/04/2024 02:00:00 - 05/04/2024 03:00:00","BZN|BE","Without sequence","27.85","",""
"05/04/2024 03:00:00 - 05/04/2024 04:00:00","BZN|BE","Without sequence","21.59","",""
"05/04/2024 04:00:00 - 05/04/2024 05:00:00","BZN|BE","Without sequence","23.17","",""
"05/04/2024 05:00:00 - 05/04/2024 06:00:00","BZN|BE","Without sequence","21.39","",""
"05/04/2024 06:00:00 - 05/04/2024 07:00:00","BZN|BE","Without sequence","29.47","",""
"05/04/2024 07:00:00 - 05/04/2024 08:00:00","BZN|BE","Without sequence","42.68","",""
"05/04/2024 08:00:00 - 05/04/2024 09:00:00","BZN|BE","Without sequence","47.07","",""
"05/04/2024 09:00:00 - 05/04/2024 10:00:00","BZN|BE","Without sequence","35.62","",""
"05/04/2024 10:00:00 - 05/04/2024 11:00:00","BZN|BE","Without sequence","26.74","",""
"05/04/2024 11:00:00 - 05/04/2024 12:00:00","BZN|BE","Without sequence","13.33","",""
"05/04/2024 12:00:00 - 05/04/2024 13:00:00","BZN|BE","Without sequence","5.41","",""
"05/04/2024 13:00:00 - 05/04/2024 14:00:00","BZN|BE","Without sequence","0.0","",""
"05/04/2024 14:00:00 - 05/04/2024 15:00:00","BZN|BE","Without sequence","-0.08","",""
"05/04/2024 15:00:00 - 05/04/2024 16:00:00","BZN|BE","Without sequence","-1.87","",""
"05/04/2024 16:00:00 - 05/04/2024 17:00:00","BZN|BE","Without sequence","-1.46","",""
"05/04/2024 17:00:00 - 05/04/2024 18:00:00","BZN|BE","Without sequence","11.61","",""
"05/04/2024 18:00:00 - 05/04/2024 19:00:00","BZN|BE","Without sequence","27.74","",""
"05/04/2024 19:00:00 - 05/04/2024 20:00:00","BZN|BE","Without sequence","35.04","",""
"05/04/2024 20:00:00 - 05/04/2024 21:00:00","BZN|BE","Without sequence","38.46","",""
"05/04/2024 21:00:00 - 05/04/2024 22:00:00","BZN|BE","Without sequence","33.22","",""
"05/04/2024 22:00:00 - 05/04/2024 23:00:00","BZN|BE","Without sequence","36.94","",""
"05/04/2024 23:00:00 - 06/04/2024 00:00:00","BZN|BE","Without sequence","34.73","",""
"06/04/2024 00:00:00 - 06/04/2024 01:00:00","BZN|BE","Without sequence","26.24","",""
"06/04/2024 01:00:00 - 06/04/2024 02:00:00","BZN|BE","Without sequence","24.78","",""
"06/04/2024 02:00:00 - 06/04/2024 03:00:00","BZN|BE","Without sequence","25.88","",""
"06/04/2024 03:00:00 - 06/04/2024 04:00:00","BZN|BE","Without sequence","26.17","",""
"06/04/2024 04:00:00 - 06/04/2024 05:00:00","BZN|BE","Without sequence","27.93","",""
"06/04/2024 05:00:00 - 06/04/2024 06:00:00","BZN|BE","Without sequence","22.7","",""
"06/04/2024 06:00:00 - 06/04/2024 07:00:00","BZN|BE","Without sequence","21.43","",""
"06/04/2024 07:00:00 - 06/04/2024 08:00:00","BZN|BE","Without sequence","21.92","",""
"06/04/2024 08:00:00 - 06/04/2024 09:00:00","BZN|BE","Without sequence","18.32","",""
"06/04/2024 09:00:00 - 06/04/2024 10:00:00","BZN|BE","Without sequence","4.11","",""
"06/04/2024 10:00:00 - 06/04/2024 11:00:00","BZN|BE","Without sequence","-10.0","",""
"06/04/2024 11:00:00 - 06/04/2024 12:00:00","BZN|BE","Without sequence","-10.8","",""
"06/04/2024 12:00:00 - 06/04/2024 13:00:00","BZN|BE","Without sequence","-20.0","",""
"06/04/2024 13:00:00 - 06/04/2024 14:00:00","BZN|BE","Without sequence","-54.42","",""
"06/04/2024 14:00:00 - 06/04/2024 15:00:00","BZN|BE","Without sequence","-45.66","",""
"06/04/2024 15:00:00 - 06/04/2024 16:00:00","BZN|BE","Without sequence","-33.01","",""
"06/04/2024 16:00:00 - 06/04/2024 17:00:00","BZN|BE","Without sequence","-0.49","",""
"06/04/2024 17:00:00 - 06/04/2024 18:00:00","BZN|BE","Without sequence","2.59","",""
"06/04/2024 18:00:00 - 06/04/2024 19:00:00","BZN|BE","Without sequence","33.3","",""
"06/04/2024 19:00:00 - 06/04/2024 20:00:00","BZN|BE","Without sequence","40.11","",""
"06/04/2024 20:00:00 - 06/04/2024 21:00:00","BZN|BE","Without sequence","37.97","",""
"06/04/2024 21:00:00 - 06/04/2024 22:00:00","BZN|BE","Without sequence","33.44","",""
"06/04/2024 22:00:00 - 06/04/2024 23:00:00","BZN|BE","Without sequence","28.56","",""
"06/04/2024 23:00:00 - 07/04/2024 00:00:00","BZN|BE","Without sequence","17.04","",""
"07/04/2024 00:00:00 - 07/04/2024 01:00:00","BZN|BE","Without sequence","6.3","",""
"07/04/2024 01:00:00 - 07/04/2024 02:00:00","BZN|BE","Without sequence","0.11","",""
"07/04/2024 02:00:00 - 07/04/2024 03:00:00","BZN|BE","Without sequence","0.0","",""
"07/04/2024 03:00:00 - 07/04/2024 04:00:00","BZN|BE","Without sequence","0.0","",""
"07/04/2024 04:00:00 - 07/04/2024 05:00:00","BZN|BE","Without sequence","0.0","",""
"07/04/2024 05:00:00 - 07/04/2024 06:00:00","BZN|BE","Without sequence","0.0","",""
"07/04/2024 06:00:00 - 07/04/2024 07:00:00","BZN|BE","Without sequence","0.0","",""
"07/04/2024 07:00:00 - 07/04/2024 08:00:00","BZN|BE","Without sequence","0.0","",""
"07/04/2024 08:00:00 - 07/04/2024 09:00:00","BZN|BE","Without sequence","0.0","",""
"07/04/2024 09:00:00 - 07/04/2024 10:00:00","BZN|BE","Without sequence","-0.01","",""
"07/04/2024 10:00:00 - 07/04/2024 11:00:00","BZN|BE","Without sequence","-0.16","",""
"07/04/2024 11:00:00 - 07/04/2024 12:00:00","BZN|BE","Without sequence","-3.26","",""
"07/04/2024 12:00:00 - 07/04/2024 13:00:00","BZN|BE","Without sequence","-8.62","",""
"07/04/2024 13:00:00 - 07/04/2024 14:00:00","BZN|BE","Without sequence","-23.32","",""
"07/04/2024 14:00:00 - 07/04/2024 15:00:00","BZN|BE","Without sequence","-19.95","",""
"07/04/2024 15:00:00 - 07/04/2024 16:00:00","BZN|BE","Without sequence","-5.04","",""
"07/04/2024 16:00:00 - 07/04/2024 17:00:00","BZN|BE","Without sequence","-0.15","",""
"07/04/2024 17:00:00 - 07/04/2024 18:00:00","BZN|BE","Without sequence","4.91","",""
"07/04/2024 18:00:00 - 07/04/2024 19:00:00","BZN|BE","Without sequence","51.32","",""
"07/04/2024 19:00:00 - 07/04/2024 20:00:00","BZN|BE","Without sequence","82.94","",""
"07/04/2024 20:00:00 - 07/04/2024 21:00:00","BZN|BE","Without sequence","69.21","",""
"07/04/2024 21:00:00 - 07/04/2024 22:00:00","BZN|BE","Without sequence","64.87","",""
"07/04/2024 22:00:00 - 07/04/2024 23:00:00","BZN|BE","Without sequence","53.66","",""
"07/04/2024 23:00:00 - 08/04/2024 00:00:00","BZN|BE","Without sequence","44.21","",""
"08/04/2024 00:00:00 - 08/04/2024 01:00:00","BZN|BE","Without sequence","43.3","",""
"08/04/2024 01:00:00 - 08/04/2024 02:00:00","BZN|BE","Without sequence","50.07","",""
"08/04/2024 02:00:00 - 08/04/2024 03:00:00","BZN|BE","Without sequence","46.74","",""
"08/04/2024 03:00:00 - 08/04/2024 04:00:00","BZN|BE","Without sequence","46.71","",""
"08/04/2024 04:00:00 - 08/04/2024 05:00:00","BZN|BE","Without sequence","46.66","",""
"08/04/2024 05:00:00 - 08/04/2024 06:00:00","BZN|BE","Without sequence","50.26","",""
"08/04/2024 06:00:00 - 08/04/2024 07:00:00","BZN|BE","Without sequence","71.63","",""
"08/04/2024 07:00:00 - 08/04/2024 08:00:00","BZN|BE","Without sequence","115.87","",""
"08/04/2024 08:00:00 - 08/04/2024 09:00:00","BZN|BE","Without sequence","119.61","",""
"08/04/2024 09:00:00 - 08/04/2024 10:00:00","BZN|BE","Without sequence","85.51","",""
"08/04/2024 10:00:00 - 08/04/2024 11:00:00","BZN|BE","Without sequence","69.89","",""
"08/04/2024 11:00:00 - 08/04/2024 12:00:00","BZN|BE","Without sequence","67.1","",""
"08/04/2024 12:00:00 - 08/04/2024 13:00:00","BZN|BE","Without sequence","65.0","",""
"08/04/2024 13:00:00 - 08/04/2024 14:00:00","BZN|BE","Without sequence","63.29","",""
"08/04/2024 14:00:00 - 08/04/2024 15:00:00","BZN|BE","Without sequence","60.5","",""
"08/04/2024 15:00:00 - 08/04/2024 16:00:00","BZN|BE","Without sequence","63.4","",""
"08/04/2024 16:00:00 - 08/04/2024 17:00:00","BZN|BE","Without sequence","70.0","",""
"08/04/2024 17:00:00 - 08/04/2024 18:00:00","BZN|BE","Without sequence","75.01","",""
"08/04/2024 18:00:00 - 08/04/2024 19:00:00","BZN|BE","Without sequence","104.9","",""
"08/04/2024 19:00:00 - 08/04/2024 20:00:00","BZN|BE","Without sequence","137.3","",""
"08/04/2024 20:00:00 - 08/04/2024 21:00:00","BZN|BE","Without sequence","122.0","",""
"08/04/2024 21:00:00 - 08/04/2024 22:00:00","BZN|BE","Without sequence","70.0","",""
"08/04/2024 22:00:00 - 08/04/2024 23:00:00","BZN|BE","Without sequence","76.22","",""
"08/04/2024 23:00:00 - 09/04/2024 00:00:00","BZN|BE","Without sequence","65.0","",""
"09/04/2024 00:00:00 - 09/04/2024 01:00:00","BZN|BE","Without sequence","78.21","",""
"09/04/2024 01:00:00 - 09/04/2024 02:00:00","BZN|BE","Without sequence","60.0","",""
"09/04/2024 02:00:00 - 09/04/2024 03:00:00","BZN|BE","Without sequence","48.59","",""
"09/04/2024 03:00:00 - 09/04/2024 04:00:00","BZN|BE","Without sequence","38.15","",""
"09/04/2024 04:00:00 - 09/04/2024 05:00:00","BZN|BE","Without sequence","38.54","",""
"09/04/2024 05:00:00 - 09/04/2024 06:00:00","BZN|BE","Without sequence","41.84","",""
"09/04/2024 06:00:00 - 09/04/2024 07:00:00","BZN|BE","Without sequence","41.1","",""
"09/04/2024 07:00:00 - 09/04/2024 08:00:00","BZN|BE","Without sequence","58.65","",""
"09/04/2024 08:00:00 - 09/04/2024 09:00:00","BZN|BE","Without sequence","63.05","",""
"09/04/2024 09:00:00 - 09/04/2024 10:00:00","BZN|BE","Without sequence","46.47","",""
"09/04/2024 10:00:00 - 09/04/2024 11:00:00","BZN|BE","Without sequence","32.52","",""
"09/04/2024 11:00:00 - 09/04/2024 12:00:00","BZN|BE","Without sequence","27.12","",""
"09/04/2024 12:00:00 - 09/04/2024 13:00:00","BZN|BE","Without sequence","17.48","",""
"09/04/2024 13:00:00 - 09/04/2024 14:00:00","BZN|BE","Without sequence","4.08","",""
"09/04/2024 14:00:00 - 09/04/2024 15:00:00","BZN|BE","Without sequence","4.28","",""
"09/04/2024 15:00:00 - 09/04/2024 16:00:00","BZN|BE","Without sequence","19.69","",""
"09/04/2024 16:00:00 - 09/04/2024 17:00:00","BZN|BE","Without sequence","13.22","",""
"09/04/2024 17:00:00 - 09/04/2024 18:00:00","BZN|BE","Without sequence","22.92","",""
"09/04/2024 18:00:00 - 09/04/2024 19:00:00","BZN|BE","Without sequence","41.91","",""
"09/04/2024 19:00:00 - 09/04/2024 20:00:00","BZN|BE","Without sequence","57.73","",""
"09/04/2024 20:00:00 - 09/04/2024 21:00:00","BZN|BE","Without sequence","53.42","",""
"09/04/2024 21:00:00 - 09/04/2024 22:00:00","BZN|BE","Without sequence","48.34","",""
"09/04/2024 22:00:00 - 09/04/2024 23:00:00","BZN|BE","Without sequence","40.43","",""
"09/04/2024 23:00:00 - 10/04/2024 00:00:00","BZN|BE","Without sequence","25.0","",""
"10/04/2024 00:00:00 - 10/04/2024 01:00:00","BZN|BE","Without sequence","25.84","",""
"10/04/2024 01:00:00 - 10/04/2024 02:00:00","BZN|BE","Without sequence","6.65","",""
"10/04/2024 02:00:00 - 10/04/2024 03:00:00","BZN|BE","Without sequence","6.91","",""
"10/04/2024 03:00:00 - 10/04/2024 04:00:00","BZN|BE","Without sequence","9.09","",""
"10/04/2024 04:00:00 - 10/04/2024 05:00:00","BZN|BE","Without sequence","20.53","",""
"10/04/2024 05:00:00 - 10/04/2024 06:00:00","BZN|BE","Without sequence","38.22","",""
"10/04/2024 06:00:00 - 10/04/2024 07:00:00","BZN|BE","Without sequence","69.15","",""
"10/04/2024 07:00:00 - 10/04/2024 08:00:00","BZN|BE","Without sequence","99.63","",""
"10/04/2024 08:00:00 - 10/04/2024 09:00:00","BZN|BE","Without sequence","109.28","",""
"10/04/2024 09:00:00 - 10/04/2024 10:00:00","BZN|BE","Without sequence","83.56","",""
"10/04/2024 10:00:00 - 10/04/2024 11:00:00","BZN|BE","Without sequence","67.58","",""
"10/04/2024 11:00:00 - 10/04/2024 12:00:00","BZN|BE","Without sequence","52.99","",""
"10/04/2024 12:00:00 - 10/04/2024 13:00:00","BZN|BE","Without sequence","42.51","",""
"10/04/2024 13:00:00 - 10/04/2024 14:00:00","BZN|BE","Without sequence","25.8","",""
"10/04/2024 14:00:00 - 10/04/2024 15:00:00","BZN|BE","Without sequence","22.18","",""
"10/04/2024 15:00:00 - 10/04/2024 16:00:00","BZN|BE","Without sequence","28.3","",""
"10/04/2024 16:00:00 - 10/04/2024 17:00:00","BZN|BE","Without sequence","31.6","",""
"10/04/2024 17:00:00 - 10/04/2024 18:00:00","BZN|BE","Without sequence","64.77","",""
"10/04/2024 18:00:00 - 10/04/2024 19:00:00","BZN|BE","Without sequence","77.92","",""
"10/04/2024 19:00:00 - 10/04/2024 20:00:00","BZN|BE","Without sequence","102.85","",""
"10/04/2024 20:00:00 - 10/04/2024 21:00:00","BZN|BE","Without sequence","113.8","",""
"10/04/2024 21:00:00 - 10/04/2024 22:00:00","BZN|BE","Without sequence","88.28","",""
"10/04/2024 22:00:00 - 10/04/2024 23:00:00","BZN|BE","Without sequence","72.35","",""
"10/04/2024 23:00:00 - 11/04/2024 00:00:00","BZN|BE","Without sequence","50.0","",""
"11/04/2024 00:00:00 - 11/04/2024 01:00:00","BZN|BE","Without sequence","30.49","",""
"11/04/2024 01:00:00 - 11/04/2024 02:00:00","BZN|BE","Without sequence","22.93","",""
"11/04/2024 02:00:00 - 11/04/2024 03:00:00","BZN|BE","Without sequence","20.54","",""
"11/04/2024 03:00:00 - 11/04/2024 04:00:00","BZN|BE","Without sequence","36.64","",""
"11/04/2024 04:00:00 - 11/04/2024 05:00:00","BZN|BE","Without sequence","37.61","",""
"11/04/2024 05:00:00 - 11/04/2024 06:00:00","BZN|BE","Without sequence","32.5","",""
"11/04/2024 06:00:00 - 11/04/2024 07:00:00","BZN|BE","Without sequence","38.66","",""
"11/04/2024 07:00:00 - 11/04/2024 08:00:00","BZN|BE","Without sequence","52.01","",""
"11/04/2024 08:00:00 - 11/04/2024 09:00:00","BZN|BE","Without sequence","52.2","",""
"11/04/2024 09:00:00 - 11/04/2024 10:00:00","BZN|BE","Without sequence","46.39","",""
"11/04/2024 10:00:00 - 11/04/2024 11:00:00","BZN|BE","Without sequence","33.29","",""
"11/04/2024 11:00:00 - 11/04/2024 12:00:00","BZN|BE","Without sequence","29.96","",""
"11/04/2024 12:00:00 - 11/04/2024 13:00:00","BZN|BE","Without sequence","32.77","",""
"11/04/2024 13:00:00 - 11/04/2024 14:00:00","BZN|BE","Without sequence","31.99","",""
"11/04/2024 14:00:00 - 11/04/2024 15:00:00","BZN|BE","Without sequence","36.11","",""
"11/04/2024 15:00:00 - 11/04/2024 16:00:00","BZN|BE","Without sequence","50.27","",""
"11/04/2024 16:00:00 - 11/04/2024 17:00:00","BZN|BE","Without sequence","66.34","",""
"11/04/2024 17:00:00 - 11/04/2024 18:00:00","BZN|BE","Without sequence","82.84","",""
"11/04/2024 18:00:00 - 11/04/2024 19:00:00","BZN|BE","Without sequence","100.7","",""
"11/04/2024 19:00:00 - 11/04/2024 20:00:00","BZN|BE","Without sequence","129.0","",""
"11/04/2024 20:00:00 - 11/04/2024 21:00:00","BZN|BE","Without sequence","113.25","",""
"11/04/2024 21:00:00 - 11/04/2024 22:00:00","BZN|BE","Without sequence","90.46","",""
"11/04/2024 22:00:00 - 11/04/2024 23:00:00","BZN|BE","Without sequence","77.67","",""
"11/04/2024 23:00:00 - 12/04/2024 00:00:00","BZN|BE","Without sequence","68.94","",""
"12/04/2024 00:00:00 - 12/04/2024 01:00:00","BZN|BE","Without sequence","55.88","",""
"12/04/2024 01:00:00 - 12/04/2024 02:00:00","BZN|BE","Without sequence","50.09","",""
"12/04/2024 02:00:00 - 12/04/2024 03:00:00","BZN|BE","Without sequence","46.94","",""
"12/04/2024 03:00:00 - 12/04/2024 04:00:00","BZN|BE","Without sequence","45.58","",""
"12/04/2024 04:00:00 - 12/04/2024 05:00:00","BZN|BE","Without sequence","40.0","",""
"12/04/2024 05:00:00 - 12/04/2024 06:00:00","BZN|BE","Without sequence","41.28","",""
"12/04/2024 06:00:00 - 12/04/2024 07:00:00","BZN|BE","Without sequence","66.45","",""
"12/04/2024 07:00:00 - 12/04/2024 08:00:00","BZN|BE","Without sequence","87.35","",""
"12/04/2024 08:00:00 - 12/04/2024 09:00:00","BZN|BE","Without sequence","81.67","",""
"12/04/2024 09:00:00 - 12/04/2024 10:00:00","BZN|BE","Without sequence","69.3","",""
"12/04/2024 10:00:00 - 12/04/2024 11:00:00","BZN|BE","Without sequence","30.99","",""
"12/04/2024 11:00:00 - 12/04/2024 12:00:00","BZN|BE","Without sequence","18.79","",""
"12/04/2024 12:00:00 - 12/04/2024 13:00:00","BZN|BE","Without sequence","0.0","",""
"12/04/2024 13:00:00 - 12/04/2024 14:00:00","BZN|BE","Without sequence","-0.06","",""
"12/04/2024 14:00:00 - 12/04/2024 15:00:00","BZN|BE","Without sequence","-0.82","",""
"12/04/2024 15:00:00 - 12/04/2024 16:00:00","BZN|BE","Without sequence","-0.93","",""
"12/04/2024 16:00:00 - 12/04/2024 17:00:00","BZN|BE","Without sequence","0.05","",""
"12/04/2024 17:00:00 - 12/04/2024 18:00:00","BZN|BE","Without sequence","22.82","",""
"12/04/2024 18:00:00 - 12/04/2024 19:00:00","BZN|BE","Without sequence","45.71","",""
"12/04/2024 19:00:00 - 12/04/2024 20:00:00","BZN|BE","Without sequence","69.4","",""
"12/04/2024 20:00:00 - 12/04/2024 21:00:00","BZN|BE","Without sequence","68.07","",""
"12/04/2024 21:00:00 - 12/04/2024 22:00:00","BZN|BE","Without sequence","55.0","",""
"12/04/2024 22:00:00 - 12/04/2024 23:00:00","BZN|BE","Without sequence","51.67","",""
"12/04/2024 23:00:00 - 13/04/2024 00:00:00","BZN|BE","Without sequence","40.74","",""
"13/04/2024 00:00:00 - 13/04/2024 01:00:00","BZN|BE","Without sequence","36.14","",""
"13/04/2024 01:00:00 - 13/04/2024 02:00:00","BZN|BE","Without sequence","28.24","",""
"13/04/2024 02:00:00 - 13/04/2024 03:00:00","BZN|BE","Without sequence","19.6","",""
"13/04/2024 03:00:00 - 13/04/2024 04:00:00","BZN|BE","Without sequence","13.93","",""
"13/04/2024 04:00:00 - 13/04/2024 05:00:00","BZN|BE","Without sequence","11.88","",""
"13/04/2024 05:00:00 - 13/04/2024 06:00:00","BZN|BE","Without sequence","16.5","",""
"13/04/2024 06:00:00 - 13/04/2024 07:00:00","BZN|BE","Without sequence","20.58","",""
"13/04/2024 07:00:00 - 13/04/2024 08:00:00","BZN|BE","Without sequence","23.89","",""
"13/04/2024 08:00:00 - 13/04/2024 09:00:00","BZN|BE","Without sequence","19.14","",""
"13/04/2024 09:00:00 - 13/04/2024 10:00:00","BZN|BE","Without sequence","8.8","",""
"13/04/2024 10:00:00 - 13/04/2024 11:00:00","BZN|BE","Without sequence","-0.02","",""
"13/04/2024 11:00:00 - 13/04/2024 12:00:00","BZN|BE","Without sequence","-9.79","",""
"13/04/2024 12:00:00 - 13/04/2024 13:00:00","BZN|BE","Without sequence","-21.0","",""
"13/04/2024 13:00:00 - 13/04/2024 14:00:00","BZN|BE","Without sequence","-50.0","",""
"13/04/2024 14:00:00 - 13/04/2024 15:00:00","BZN|BE","Without sequence","-55.01","",""
"13/04/2024 15:00:00 - 13/04/2024 16:00:00","BZN|BE","Without sequence","-49.91","",""
"13/04/2024 16:00:00 - 13/04/2024 17:00:00","BZN|BE","Without sequence","-19.09","",""
"13/04/2024 17:00:00 - 13/04/2024 18:00:00","BZN|BE","Without sequence","-0.13","",""
"13/04/2024 18:00:00 - 13/04/2024 19:00:00","BZN|BE","Without sequence","14.44","",""
"13/04/2024 19:00:00 - 13/04/2024 20:00:00","BZN|BE","Without sequence","27.96","",""
"13/04/2024 20:00:00 - 13/04/2024 21:00:00","BZN|BE","Without sequence","38.09","",""
"13/04/2024 21:00:00 - 13/04/2024 22:00:00","BZN|BE","Without sequence","34.89","",""
"13/04/2024 22:00:00 - 13/04/2024 23:00:00","BZN|BE","Without sequence","21.88","",""
"13/04/2024 23:00:00 - 14/04/2024 00:00:00","BZN|BE","Without sequence","11.38","",""
"14/04/2024 00:00:00 - 14/04/2024 01:00:00","BZN|BE","Without sequence","2.41","",""
"14/04/2024 01:00:00 - 14/04/2024 02:00:00","BZN|BE","Without sequence","1.65","",""
"14/04/2024 02:00:00 - 14/04/2024 03:00:00","BZN|BE","Without sequence","1.21","",""
"14/04/2024 03:00:00 - 14/04/2024 04:00:00","BZN|BE","Without sequence","1.33","",""
"14/04/2024 04:00:00 - 14/04/2024 05:00:00","BZN|BE","Without sequence","2.78","",""
"14/04/2024 05:00:00 - 14/04/2024 06:00:00","BZN|BE","Without sequence","6.12","",""
"14/04/2024 06:00:00 - 14/04/2024 07:00:00","BZN|BE","Without sequence","12.86","",""
"14/04/2024 07:00:00 - 14/04/2024 08:00:00","BZN|BE","Without sequence","13.0","",""
"14/04/2024 08:00:00 - 14/04/2024 09:00:00","BZN|BE","Without sequence","7.75","",""
"14/04/2024 09:00:00 - 14/04/2024 10:00:00","BZN|BE","Without sequence","0.0","",""
"14/04/2024 10:00:00 - 14/04/2024 11:00:00","BZN|BE","Without sequence","1.54","",""
"14/04/2024 11:00:00 - 14/04/2024 12:00:00","BZN|BE","Without sequence","-2.0","",""
"14/04/2024 12:00:00 - 14/04/2024 13:00:00","BZN|BE","Without sequence","-13.1","",""
"14/04/2024 13:00:00 - 14/04/2024 14:00:00","BZN|BE","Without sequence","-26.97","",""
"14/04/2024 14:00:00 - 14/04/2024 15:00:00","BZN|BE","Without sequence","-35.65","",""
"14/04/2024 15:00:00 - 14/04/2024 16:00:00","BZN|BE","Without sequence","-39.95","",""
"14/04/2024 16:00:00 - 14/04/2024 17:00:00","BZN|BE","Without sequence","-6.25","",""
"14/04/2024 17:00:00 - 14/04/2024 18:00:00","BZN|BE","Without sequence","1.57","",""
"14/04/2024 18:00:00 - 14/04/2024 19:00:00","BZN|BE","Without sequence","43.37","",""
"14/04/2024 19:00:00 - 14/04/2024 20:00:00","BZN|BE","Without sequence","86.81","",""
"14/04/2024 20:00:00 - 14/04/2024 21:00:00","BZN|BE","Without sequence","123.75","",""
"14/04/2024 21:00:00 - 14/04/2024 22:00:00","BZN|BE","Without sequence","117.0","",""
"14/04/2024 22:00:00 - 14/04/2024 23:00:00","BZN|BE","Without sequence","64.83","",""
"14/04/2024 23:00:00 - 15/04/2024 00:00:00","BZN|BE","Without sequence","53.31","",""
"15/04/2024 00:00:00 - 15/04/2024 01:00:00","BZN|BE","Without sequence","47.75","",""
"15/04/2024 01:00:00 - 15/04/2024 02:00:00","BZN|BE","Without sequence","44.18","",""
"15/04/2024 02:00:00 - 15/04/2024 03:00:00","BZN|BE","Without sequence","41.3","",""
"15/04/2024 03:00:00 - 15/04/2024 04:00:00","BZN|BE","Without sequence","40.0","",""
"15/04/2024 04:00:00 - 15/04/2024 05:00:00","BZN|BE","Without sequence","39.31","",""
"15/04/2024 05:00:00 - 15/04/2024 06:00:00","BZN|BE","Without sequence","45.26","",""
"15/04/2024 06:00:00 - 15/04/2024 07:00:00","BZN|BE","Without sequence","46.8","",""
"15/04/2024 07:00:00 - 15/04/2024 08:00:00","BZN|BE","Without sequence","79.82","",""
"15/04/2024 08:00:00 - 15/04/2024 09:00:00","BZN|BE","Without sequence","56.0","",""
"15/04/2024 09:00:00 - 15/04/2024 10:00:00","BZN|BE","Without sequence","53.62","",""
"15/04/2024 10:00:00 - 15/04/2024 11:00:00","BZN|BE","Without sequence","10.16","",""
"15/04/2024 11:00:00 - 15/04/2024 12:00:00","BZN|BE","Without sequence","26.77","",""
"15/04/2024 12:00:00 - 15/04/2024 13:00:00","BZN|BE","Without sequence","25.48","",""
"15/04/2024 13:00:00 - 15/04/2024 14:00:00","BZN|BE","Without sequence","20.85","",""
"15/04/2024 14:00:00 - 15/04/2024 15:00:00","BZN|BE","Without sequence","9.01","",""
"15/04/2024 15:00:00 - 15/04/2024 16:00:00","BZN|BE","Without sequence","6.6","",""
"15/04/2024 16:00:00 - 15/04/2024 17:00:00","BZN|BE","Without sequence","2.37","",""
"15/04/2024 17:00:00 - 15/04/2024 18:00:00","BZN|BE","Without sequence","26.8","",""
"15/04/2024 18:00:00 - 15/04/2024 19:00:00","BZN|BE","Without sequence","47.32","",""
"15/04/2024 19:00:00 - 15/04/2024 20:00:00","BZN|BE","Without sequence","54.02","",""
"15/04/2024 20:00:00 - 15/04/2024 21:00:00","BZN|BE","Without sequence","55.89","",""
"15/04/2024 21:00:00 - 15/04/2024 22:00:00","BZN|BE","Without sequence","51.67","",""
"15/04/2024 22:00:00 - 15/04/2024 23:00:00","BZN|BE","Without sequence","38.67","",""
"15/04/2024 23:00:00 - 16/04/2024 00:00:00","BZN|BE","Without sequence","25.06","",""
"16/04/2024 00:00:00 - 16/04/2024 01:00:00","BZN|BE","Without sequence","0.44","",""
"16/04/2024 01:00:00 - 16/04/2024 02:00:00","BZN|BE","Without sequence","0.0","",""
"16/04/2024 02:00:00 - 16/04/2024 03:00:00","BZN|BE","Without sequence","-0.23","",""
"16/04/2024 03:00:00 - 16/04/2024 04:00:00","BZN|BE","Without sequence","-0.27","",""
"16/04/2024 04:00:00 - 16/04/2024 05:00:00","BZN|BE","Without sequence","5.97","",""
"16/04/2024 05:00:00 - 16/04/2024 06:00:00","BZN|BE","Without sequence","12.97","",""
"16/04/2024 06:00:00 - 16/04/2024 07:00:00","BZN|BE","Without sequence","23.14","",""
"16/04/2024 07:00:00 - 16/04/2024 08:00:00","BZN|BE","Without sequence","46.75","",""
"16/04/2024 08:00:00 - 16/04/2024 09:00:00","BZN|BE","Without sequence","51.32","",""
"16/04/2024 09:00:00 - 16/04/2024 10:00:00","BZN|BE","Without sequence","42.89","",""
"16/04/2024 10:00:00 - 16/04/2024 11:00:00","BZN|BE","Without sequence","33.7","",""
"16/04/2024 11:00:00 - 16/04/2024 12:00:00","BZN|BE","Without sequence","27.75","",""
"16/04/2024 12:00:00 - 16/04/2024 13:00:00","BZN|BE","Without sequence","26.07","",""
"16/04/2024 13:00:00 - 16/04/2024 14:00:00","BZN|BE","Without sequence","16.2","",""
"16/04/2024 14:00:00 - 16/04/2024 15:00:00","BZN|BE","Without sequence","16.32","",""
"16/04/2024 15:00:00 - 16/04/2024 16:00:00","BZN|BE","Without sequence","18.44","",""
"16/04/2024 16:00:00 - 16/04/2024 17:00:00","BZN|BE","Without sequence","24.07","",""
"16/04/2024 17:00:00 - 16/04/2024 18:00:00","BZN|BE","Without sequence","49.32","",""
"16/04/2024 18:00:00 - 16/04/2024 19:00:00","BZN|BE","Without sequence","61.91","",""
"16/04/2024 19:00:00 - 16/04/2024 20:00:00","BZN|BE","Without sequence","80.69","",""
"16/04/2024 20:00:00 - 16/04/2024 21:00:00","BZN|BE","Without sequence","105.0","",""
"16/04/2024 21:00:00 - 16/04/2024 22:00:00","BZN|BE","Without sequence","80.7","",""
"16/04/2024 22:00:00 - 16/04/2024 23:00:00","BZN|BE","Without sequence","80.69","",""
"16/04/2024 23:00:00 - 17/04/2024 00:00:00","BZN|BE","Without sequence","81.0","",""
"17/04/2024 00:00:00 - 17/04/2024 01:00:00","BZN|BE","Without sequence","71.52","",""
"17/04/2024 01:00:00 - 17/04/2024 02:00:00","BZN|BE","Without sequence","68.01","",""
"17/04/2024 02:00:00 - 17/04/2024 03:00:00","BZN|BE","Without sequence","72.13","",""
"17/04/2024 03:00:00 - 17/04/2024 04:00:00","BZN|BE","Without sequence","67.5","",""
"17/04/2024 04:00:00 - 17/04/2024 05:00:00","BZN|BE","Without sequence","58.99","",""
"17/04/2024 05:00:00 - 17/04/2024 06:00:00","BZN|BE","Without sequence","63.96","",""
"17/04/2024 06:00:00 - 17/04/2024 07:00:00","BZN|BE","Without sequence","95.47","",""
"17/04/2024 07:00:00 - 17/04/2024 08:00:00","BZN|BE","Without sequence","150.37","",""
"17/04/2024 08:00:00 - 17/04/2024 09:00:00","BZN|BE","Without sequence","137.71","",""
"17/04/2024 09:00:00 - 17/04/2024 10:00:00","BZN|BE","Without sequence","100.8","",""
"17/04/2024 10:00:00 - 17/04/2024 11:00:00","BZN|BE","Without sequence","77.87","",""
"17/04/2024 11:00:00 - 17/04/2024 12:00:00","BZN|BE","Without sequence","74.13","",""
"17/04/2024 12:00:00 - 17/04/2024 13:00:00","BZN|BE","Without sequence","70.29","",""
"17/04/2024 13:00:00 - 17/04/2024 14:00:00","BZN|BE","Without sequence","67.08","",""
"17/04/2024 14:00:00 - 17/04/2024 15:00:00","BZN|BE","Without sequence","61.83","",""
"17/04/2024 15:00:00 - 17/04/2024 16:00:00","BZN|BE","Without sequence","60.36","",""
"17/04/2024 16:00:00 - 17/04/2024 17:00:00","BZN|BE","Without sequence","71.04","",""
"17/04/2024 17:00:00 - 17/04/2024 18:00:00","BZN|BE","Without sequence","72.32","",""
"17/04/2024 18:00:00 - 17/04/2024 19:00:00","BZN|BE","Without sequence","100.8","",""
"17/04/2024 19:00:00 - 17/04/2024 20:00:00","BZN|BE","Without sequence","124.37","",""
"17/04/2024 20:00:00 - 17/04/2024 21:00:00","BZN|BE","Without sequence","155.98","",""
"17/04/2024 21:00:00 - 17/04/2024 22:00:00","BZN|BE","Without sequence","126.32","",""
"17/04/2024 22:00:00 - 17/04/2024 23:00:00","BZN|BE","Without sequence","95.59","",""
"17/04/2024 23:00:00 - 18/04/2024 00:00:00","BZN|BE","Without sequence","84.11","",""
"18/04/2024 00:00:00 - 18/04/2024 01:00:00","BZN|BE","Without sequence","91.67","",""
"18/04/2024 01:00:00 - 18/04/2024 02:00:00","BZN|BE","Without sequence","85.71","",""
"18/04/2024 02:00:00 - 18/04/2024 03:00:00","BZN|BE","Without sequence","85.59","",""
"18/04/2024 03:00:00 - 18/04/2024 04:00:00","BZN|BE","Without sequence","83.66","",""
"18/04/2024 04:00:00 - 18/04/2024 05:00:00","BZN|BE","Without sequence","87.12","",""
"18/04/2024 05:00:00 - 18/04/2024 06:00:00","BZN|BE","Without sequence","87.36","",""
"18/04/2024 06:00:00 - 18/04/2024 07:00:00","BZN|BE","Without sequence","102.58","",""
"18/04/2024 07:00:00 - 18/04/2024 08:00:00","BZN|BE","Without sequence","143.95","",""
"18/04/2024 08:00:00 - 18/04/2024 09:00:00","BZN|BE","Without sequence","131.19","",""
"18/04/2024 09:00:00 - 18/04/2024 10:00:00","BZN|BE","Without sequence","101.12","",""
"18/04/2024 10:00:00 - 18/04/2024 11:00:00","BZN|BE","Without sequence","84.5","",""
"18/04/2024 11:00:00 - 18/04/2024 12:00:00","BZN|BE","Without sequence","71.19","",""
"18/04/2024 12:00:00 - 18/04/2024 13:00:00","BZN|BE","Without sequence","67.45","",""
"18/04/2024 13:00:00 - 18/04/2024 14:00:00","BZN|BE","Without sequence","67.05","",""
"18/04/2024 14:00:00 - 18/04/2024 15:00:00","BZN|BE","Without sequence","62.12","",""
"18/04/2024 15:00:00 - 18/04/2024 16:00:00","BZN|BE","Without sequence","55.75","",""
"18/04/2024 16:00:00 - 18/04/2024 17:00:00","BZN|BE","Without sequence","55.38","",""
"18/04/2024 17:00:00 - 18/04/2024 18:00:00","BZN|BE","Without sequence","61.5","",""
"18/04/2024 18:00:00 - 18/04/2024 19:00:00","BZN|BE","Without sequence","81.35","",""
"18/04/2024 19:00:00 - 18/04/2024 20:00:00","BZN|BE","Without sequence","121.52","",""
"18/04/2024 20:00:00 - 18/04/2024 21:00:00","BZN|BE","Without sequence","124.94","",""
"18/04/2024 21:00:00 - 18/04/2024 22:00:00","BZN|BE","Without sequence","102.7","",""
"18/04/2024 22:00:00 - 18/04/2024 23:00:00","BZN|BE","Without sequence","89.83","",""
"18/04/2024 23:00:00 - 19/04/2024 00:00:00","BZN|BE","Without sequence","78.29","",""
"19/04/2024 00:00:00 - 19/04/2024 01:00:00","BZN|BE","Without sequence","55.76","",""
"19/04/2024 01:00:00 - 19/04/2024 02:00:00","BZN|BE","Without sequence","36.33","",""
"19/04/2024 02:00:00 - 19/04/2024 03:00:00","BZN|BE","Without sequence","34.41","",""
"19/04/2024 03:00:00 - 19/04/2024 04:00:00","BZN|BE","Without sequence","34.78","",""
"19/04/2024 04:00:00 - 19/04/2024 05:00:00","BZN|BE","Without sequence","26.79","",""
"19/04/2024 05:00:00 - 19/04/2024 06:00:00","BZN|BE","Without sequence","31.81","",""
"19/04/2024 06:00:00 - 19/04/2024 07:00:00","BZN|BE","Without sequence","41.5","",""
"19/04/2024 07:00:00 - 19/04/2024 08:00:00","BZN|BE","Without sequence","59.0","",""
"19/04/2024 08:00:00 - 19/04/2024 09:00:00","BZN|BE","Without sequence","64.99","",""
"19/04/2024 09:00:00 - 19/04/2024 10:00:00","BZN|BE","Without sequence","52.64","",""
"19/04/2024 10:00:00 - 19/04/2024 11:00:00","BZN|BE","Without sequence","49.03","",""
"19/04/2024 11:00:00 - 19/04/2024 12:00:00","BZN|BE","Without sequence","45.58","",""
"19/04/2024 12:00:00 - 19/04/2024 13:00:00","BZN|BE","Without sequence","35.97","",""
"19/04/2024 13:00:00 - 19/04/2024 14:00:00","BZN|BE","Without sequence","43.1","",""
"19/04/2024 14:00:00 - 19/04/2024 15:00:00","BZN|BE","Without sequence","30.99","",""
"19/04/2024 15:00:00 - 19/04/2024 16:00:00","BZN|BE","Without sequence","32.28","",""
"19/04/2024 16:00:00 - 19/04/2024 17:00:00","BZN|BE","Without sequence","34.29","",""
"19/04/2024 17:00:00 - 19/04/2024 18:00:00","BZN|BE","Without sequence","22.39","",""
"19/04/2024 18:00:00 - 19/04/2024 19:00:00","BZN|BE","Without sequence","38.18","",""
"19/04/2024 19:00:00 - 19/04/2024 20:00:00","BZN|BE","Without sequence","45.6","",""
"19/04/2024 20:00:00 - 19/04/2024 21:00:00","BZN|BE","Without sequence","51.65","",""
"19/04/2024 21:00:00 - 19/04/2024 22:00:00","BZN|BE","Without sequence","52.73","",""
"19/04/2024 22:00:00 - 19/04/2024 23:00:00","BZN|BE","Without sequence","51.13","",""
"19/04/2024 23:00:00 - 20/04/2024 00:00:00","BZN|BE","Without sequence","50.07","",""
"20/04/2024 00:00:00 - 20/04/2024 01:00:00","BZN|BE","Without sequence","44.12","",""
"20/04/2024 01:00:00 - 20/04/2024 02:00:00","BZN|BE","Without sequence","36.35","",""
"20/04/2024 02:00:00 - 20/04/2024 03:00:00","BZN|BE","Without sequence","36.56","",""
"20/04/2024 03:00:00 - 20/04/2024 04:00:00","BZN|BE","Without sequence","36.28","",""
"20/04/2024 04:00:00 - 20/04/2024 05:00:00","BZN|BE","Without sequence","37.93","",""
"20/04/2024 05:00:00 - 20/04/2024 06:00:00","BZN|BE","Without sequence","37.75","",""
"20/04/2024 06:00:00 - 20/04/2024 07:00:00","BZN|BE","Without sequence","38.23","",""
"20/04/2024 07:00:00 - 20/04/2024 08:00:00","BZN|BE","Without sequence","40.79","",""
"20/04/2024 08:00:00 - 20/04/2024 09:00:00","BZN|BE","Without sequence","41.42","",""
"20/04/2024 09:00:00 - 20/04/2024 10:00:00","BZN|BE","Without sequence","35.4","",""
"20/04/2024 10:00:00 - 20/04/2024 11:00:00","BZN|BE","Without sequence","23.11","",""
"20/04/2024 11:00:00 - 20/04/2024 12:00:00","BZN|BE","Without sequence","13.68","",""
"20/04/2024 12:00:00 - 20/04/2024 13:00:00","BZN|BE","Without sequence","8.46","",""
"20/04/2024 13:00:00 - 20/04/2024 14:00:00","BZN|BE","Without sequence","1.87","",""
"20/04/2024 14:00:00 - 20/04/2024 15:00:00","BZN|BE","Without sequence","1.32","",""
"20/04/2024 15:00:00 - 20/04/2024 16:00:00","BZN|BE","Without sequence","3.06","",""
"20/04/2024 16:00:00 - 20/04/2024 17:00:00","BZN|BE","Without sequence","11.83","",""
"20/04/2024 17:00:00 - 20/04/2024 18:00:00","BZN|BE","Without sequence","21.04","",""
"20/04/2024 18:00:00 - 20/04/2024 19:00:00","BZN|BE","Without sequence","27.15","",""
"20/04/2024 19:00:00 - 20/04/2024 20:00:00","BZN|BE","Without sequence","38.58","",""
"20/04/2024 20:00:00 - 20/04/2024 21:00:00","BZN|BE","Without sequence","55.0","",""
"20/04/2024 21:00:00 - 20/04/2024 22:00:00","BZN|BE","Without sequence","53.29","",""
"20/04/2024 22:00:00 - 20/04/2024 23:00:00","BZN|BE","Without sequence","53.19","",""
"20/04/2024 23:00:00 - 21/04/2024 00:00:00","BZN|BE","Without sequence","63.31","",""
"21/04/2024 00:00:00 - 21/04/2024 01:00:00","BZN|BE","Without sequence","63.62","",""
"21/04/2024 01:00:00 - 21/04/2024 02:00:00","BZN|BE","Without sequence","53.11","",""
"21/04/2024 02:00:00 - 21/04/2024 03:00:00","BZN|BE","Without sequence","58.48","",""
"21/04/2024 03:00:00 - 21/04/2024 04:00:00","BZN|BE","Without sequence","53.77","",""
"21/04/2024 04:00:00 - 21/04/2024 05:00:00","BZN|BE","Without sequence","44.92","",""
"21/04/2024 05:00:00 - 21/04/2024 06:00:00","BZN|BE","Without sequence","41.3","",""
"21/04/2024 06:00:00 - 21/04/2024 07:00:00","BZN|BE","Without sequence","44.61","",""
"21/04/2024 07:00:00 - 21/04/2024 08:00:00","BZN|BE","Without sequence","35.1","",""
"21/04/2024 08:00:00 - 21/04/2024 09:00:00","BZN|BE","Without sequence","27.41","",""
"21/04/2024 09:00:00 - 21/04/2024 10:00:00","BZN|BE","Without sequence","24.41","",""
"21/04/2024 10:00:00 - 21/04/2024 11:00:00","BZN|BE","Without sequence","9.28","",""
"21/04/2024 11:00:00 - 21/04/2024 12:00:00","BZN|BE","Without sequence","-35.0","",""
"21/04/2024 12:00:00 - 21/04/2024 13:00:00","BZN|BE","Without sequence","-3.49","",""
"21/04/2024 13:00:00 - 21/04/2024 14:00:00","BZN|BE","Without sequence","-1.86","",""
"21/04/2024 14:00:00 - 21/04/2024 15:00:00","BZN|BE","Without sequence","-1.75","",""
"21/04/2024 15:00:00 - 21/04/2024 16:00:00","BZN|BE","Without sequence","-2.5","",""
"21/04/2024 16:00:00 - 21/04/2024 17:00:00","BZN|BE","Without sequence","0.61","",""
"21/04/2024 17:00:00 - 21/04/2024 18:00:00","BZN|BE","Without sequence","12.9","",""
"21/04/2024 18:00:00 - 21/04/2024 19:00:00","BZN|BE","Without sequence","31.07","",""
"21/04/2024 19:00:00 - 21/04/2024 20:00:00","BZN|BE","Without sequence","67.93","",""
"21/04/2024 20:00:00 - 21/04/2024 21:00:00","BZN|BE","Without sequence","69.99","",""
"21/04/2024 21:00:00 - 21/04/2024 22:00:00","BZN|BE","Without sequence","67.17","",""
"21/04/2024 22:00:00 - 21/04/2024 23:00:00","BZN|BE","Without sequence","65.63","",""
"21/04/2024 23:00:00 - 22/04/2024 00:00:00","BZN|BE","Without sequence","62.47","",""
"22/04/2024 00:00:00 - 22/04/2024 01:00:00","BZN|BE","Without sequence","58.01","",""
"22/04/2024 01:00:00 - 22/04/2024 02:00:00","BZN|BE","Without sequence","78.05","",""
"22/04/2024 02:00:00 - 22/04/2024 03:00:00","BZN|BE","Without sequence","78.44","",""
"22/04/2024 03:00:00 - 22/04/2024 04:00:00","BZN|BE","Without sequence","60.55","",""
"22/04/2024 04:00:00 - 22/04/2024 05:00:00","BZN|BE","Without sequence","56.13","",""
"22/04/2024 05:00:00 - 22/04/2024 06:00:00","BZN|BE","Without sequence","68.99","",""
"22/04/2024 06:00:00 - 22/04/2024 07:00:00","BZN|BE","Without sequence","96.24","",""
"22/04/2024 07:00:00 - 22/04/2024 08:00:00","BZN|BE","Without sequence","127.36","",""
"22/04/2024 08:00:00 - 22/04/2024 09:00:00","BZN|BE","Without sequence","117.46","",""
"22/04/2024 09:00:00 - 22/04/2024 10:00:00","BZN|BE","Without sequence","97.05","",""
"22/04/2024 10:00:00 - 22/04/2024 11:00:00","BZN|BE","Without sequence","61.24","",""
"22/04/2024 11:00:00 - 22/04/2024 12:00:00","BZN|BE","Without sequence","41.31","",""
"22/04/2024 12:00:00 - 22/04/2024 13:00:00","BZN|BE","Without sequence","51.76","",""
"22/04/2024 13:00:00 - 22/04/2024 14:00:00","BZN|BE","Without sequence","55.71","",""
"22/04/2024 14:00:00 - 22/04/2024 15:00:00","BZN|BE","Without sequence","39.17","",""
"22/04/2024 15:00:00 - 22/04/2024 16:00:00","BZN|BE","Without sequence","34.57","",""
"22/04/2024 16:00:00 - 22/04/2024 17:00:00","BZN|BE","Without sequence","39.16","",""
"22/04/2024 17:00:00 - 22/04/2024 18:00:00","BZN|BE","Without sequence","59.31","",""
"22/04/2024 18:00:00 - 22/04/2024 19:00:00","BZN|BE","Without sequence","92.66","",""
"22/04/2024 19:00:00 - 22/04/2024 20:00:00","BZN|BE","Without sequence","103.1","",""
"22/04/2024 20:00:00 - 22/04/2024 21:00:00","BZN|BE","Without sequence","122.42","",""
"22/04/2024 21:00:00 - 22/04/2024 22:00:00","BZN|BE","Without sequence","111.62","",""
"22/04/2024 22:00:00 - 22/04/2024 23:00:00","BZN|BE","Without sequence","101.34","",""
"22/04/2024 23:00:00 - 23/04/2024 00:00:00","BZN|BE","Without sequence","95.44","",""
"23/04/2024 00:00:00 - 23/04/2024 01:00:00","BZN|BE","Without sequence","88.32","",""
"23/04/2024 01:00:00 - 23/04/2024 02:00:00","BZN|BE","Without sequence","86.69","",""
"23/04/2024 02:00:00 - 23/04/2024 03:00:00","BZN|BE","Without sequence","85.95","",""
"23/04/2024 03:00:00 - 23/04/2024 04:00:00","BZN|BE","Without sequence","82.23","",""
"23/04/2024 04:00:00 - 23/04/2024 05:00:00","BZN|BE","Without sequence","79.0","",""
"23/04/2024 05:00:00 - 23/04/2024 06:00:00","BZN|BE","Without sequence","82.41","",""
"23/04/2024 06:00:00 - 23/04/2024 07:00:00","BZN|BE","Without sequence","108.38","",""
"23/04/2024 07:00:00 - 23/04/2024 08:00:00","BZN|BE","Without sequence","148.88","",""
"23/04/2024 08:00:00 - 23/04/2024 09:00:00","BZN|BE","Without sequence","136.28","",""
"23/04/2024 09:00:00 - 23/04/2024 10:00:00","BZN|BE","Without sequence","98.4","",""
"23/04/2024 10:00:00 - 23/04/2024 11:00:00","BZN|BE","Without sequence","82.78","",""
"23/04/2024 11:00:00 - 23/04/2024 12:00:00","BZN|BE","Without sequence","77.57","",""
"23/04/2024 12:00:00 - 23/04/2024 13:00:00","BZN|BE","Without sequence","76.5","",""
"23/04/2024 13:00:00 - 23/04/2024 14:00:00","BZN|BE","Without sequence","72.0","",""
"23/04/2024 14:00:00 - 23/04/2024 15:00:00","BZN|BE","Without sequence","78.62","",""
"23/04/2024 15:00:00 - 23/04/2024 16:00:00","BZN|BE","Without sequence","71.4","",""
"23/04/2024 16:00:00 - 23/04/2024 17:00:00","BZN|BE","Without sequence","71.67","",""
"23/04/2024 17:00:00 - 23/04/2024 18:00:00","BZN|BE","Without sequence","82.91","",""
"23/04/2024 18:00:00 - 23/04/2024 19:00:00","BZN|BE","Without sequence","91.36","",""
"23/04/2024 19:00:00 - 23/04/2024 20:00:00","BZN|BE","Without sequence","103.1","",""
"23/04/2024 20:00:00 - 23/04/2024 21:00:00","BZN|BE","Without sequence","104.2","",""
"23/04/2024 21:00:00 - 23/04/2024 22:00:00","BZN|BE","Without sequence","96.69","",""
"23/04/2024 22:00:00 - 23/04/2024 23:00:00","BZN|BE","Without sequence","96.51","",""
"23/04/2024 23:00:00 - 24/04/2024 00:00:00","BZN|BE","Without sequence","81.56","",""
"24/04/2024 00:00:00 - 24/04/2024 01:00:00","BZN|BE","Without sequence","75.39","",""
"24/04/2024 01:00:00 - 24/04/2024 02:00:00","BZN|BE","Without sequence","69.38","",""
"24/04/2024 02:00:00 - 24/04/2024 03:00:00","BZN|BE","Without sequence","71.19","",""
"24/04/2024 03:00:00 - 24/04/2024 04:00:00","BZN|BE","Without sequence","63.57","",""
"24/04/2024 04:00:00 - 24/04/2024 05:00:00","BZN|BE","Without sequence","60.0","",""
"24/04/2024 05:00:00 - 24/04/2024 06:00:00","BZN|BE","Without sequence","72.42","",""
"24/04/2024 06:00:00 - 24/04/2024 07:00:00","BZN|BE","Without sequence","82.3","",""
"24/04/2024 07:00:00 - 24/04/2024 08:00:00","BZN|BE","Without sequence","101.2","",""
"24/04/2024 08:00:00 - 24/04/2024 09:00:00","BZN|BE","Without sequence","107.19","",""
"24/04/2024 09:00:00 - 24/04/2024 10:00:00","BZN|BE","Without sequence","87.2","",""
"24/04/2024 10:00:00 - 24/04/2024 11:00:00","BZN|BE","Without sequence","68.35","",""
"24/04/2024 11:00:00 - 24/04/2024 12:00:00","BZN|BE","Without sequence","73.2","",""
"24/04/2024 12:00:00 - 24/04/2024 13:00:00","BZN|BE","Without sequence","76.17","",""
"24/04/2024 13:00:00 - 24/04/2024 14:00:00","BZN|BE","Without sequence","51.07","",""
"24/04/2024 14:00:00 - 24/04/2024 15:00:00","BZN|BE","Without sequence","46.02","",""
"24/04/2024 15:00:00 - 24/04/2024 16:00:00","BZN|BE","Without sequence","44.36","",""
"24/04/2024 16:00:00 - 24/04/2024 17:00:00","BZN|BE","Without sequence","33.82","",""
"24/04/2024 17:00:00 - 24/04/2024 18:00:00","BZN|BE","Without sequence","57.13","",""
"24/04/2024 18:00:00 - 24/04/2024 19:00:00","BZN|BE","Without sequence","65.77","",""
"24/04/2024 19:00:00 - 24/04/2024 20:00:00","BZN|BE","Without sequence","89.86","",""
"24/04/2024 20:00:00 - 24/04/2024 21:00:00","BZN|BE","Without sequence","108.15","",""
"24/04/2024 21:00:00 - 24/04/2024 22:00:00","BZN|BE","Without sequence","110.0","",""
"24/04/2024 22:00:00 - 24/04/2024 23:00:00","BZN|BE","Without sequence","99.54","",""
"24/04/2024 23:00:00 - 25/04/2024 00:00:00","BZN|BE","Without sequence","89.31","",""
"25/04/2024 00:00:00 - 25/04/2024 01:00:00","BZN|BE","Without sequence","83.5","",""
"25/04/2024 01:00:00 - 25/04/2024 02:00:00","BZN|BE","Without sequence","80.0","",""
"25/04/2024 02:00:00 - 25/04/2024 03:00:00","BZN|BE","Without sequence","77.38","",""
"25/04/2024 03:00:00 - 25/04/2024 04:00:00","BZN|BE","Without sequence","72.8","",""
"25/04/2024 04:00:00 - 25/04/2024 05:00:00","BZN|BE","Without sequence","70.07","",""
"25/04/2024 05:00:00 - 25/04/2024 06:00:00","BZN|BE","Without sequence","82.11","",""
"25/04/2024 06:00:00 - 25/04/2024 07:00:00","BZN|BE","Without sequence","90.46","",""
"25/04/2024 07:00:00 - 25/04/2024 08:00:00","BZN|BE","Without sequence","112.5","",""
"25/04/2024 08:00:00 - 25/04/2024 09:00:00","BZN|BE","Without sequence","108.34","",""
"25/04/2024 09:00:00 - 25/04/2024 10:00:00","BZN|BE","Without sequence","92.11","",""
"25/04/2024 10:00:00 - 25/04/2024 11:00:00","BZN|BE","Without sequence","80.01","",""
"25/04/2024 11:00:00 - 25/04/2024 12:00:00","BZN|BE","Without sequence","78.2","",""
"25/04/2024 12:00:00 - 25/04/2024 13:00:00","BZN|BE","Without sequence","73.92","",""
"25/04/2024 13:00:00 - 25/04/2024 14:00:00","BZN|BE","Without sequence","63.06","",""
"25/04/2024 14:00:00 - 25/04/2024 15:00:00","BZN|BE","Without sequence","59.29","",""
"25/04/2024 15:00:00 - 25/04/2024 16:00:00","BZN|BE","Without sequence","62.28","",""
"25/04/2024 16:00:00 - 25/04/2024 17:00:00","BZN|BE","Without sequence","66.48","",""
"25/04/2024 17:00:00 - 25/04/2024 18:00:00","BZN|BE","Without sequence","73.54","",""
"25/04/2024 18:00:00 - 25/04/2024 19:00:00","BZN|BE","Without sequence","91.99","",""
"25/04/2024 19:00:00 - 25/04/2024 20:00:00","BZN|BE","Without sequence","103.78","",""
"25/04/2024 20:00:00 - 25/04/2024 21:00:00","BZN|BE","Without sequence","119.8","",""
"25/04/2024 21:00:00 - 25/04/2024 22:00:00","BZN|BE","Without sequence","111.87","",""
"25/04/2024 22:00:00 - 25/04/2024 23:00:00","BZN|BE","Without sequence","91.35","",""
"25/04/2024 23:00:00 - 26/04/2024 00:00:00","BZN|BE","Without sequence","79.74","",""
"26/04/2024 00:00:00 - 26/04/2024 01:00:00","BZN|BE","Without sequence","79.87","",""
"26/04/2024 01:00:00 - 26/04/2024 02:00:00","BZN|BE","Without sequence","74.0","",""
"26/04/2024 02:00:00 - 26/04/2024 03:00:00","BZN|BE","Without sequence","71.41","",""
"26/04/2024 03:00:00 - 26/04/2024 04:00:00","BZN|BE","Without sequence","74.07","",""
"26/04/2024 04:00:00 - 26/04/2024 05:00:00","BZN|BE","Without sequence","77.1","",""
"26/04/2024 05:00:00 - 26/04/2024 06:00:00","BZN|BE","Without sequence","79.02","",""
"26/04/2024 06:00:00 - 26/04/2024 07:00:00","BZN|BE","Without sequence","92.78","",""
"26/04/2024 07:00:00 - 26/04/2024 08:00:00","BZN|BE","Without sequence","104.06","",""
"26/04/2024 08:00:00 - 26/04/2024 09:00:00","BZN|BE","Without sequence","96.06","",""
"26/04/2024 09:00:00 - 26/04/2024 10:00:00","BZN|BE","Without sequence","81.08","",""
"26/04/2024 10:00:00 - 26/04/2024 11:00:00","BZN|BE","Without sequence","80.84","",""
"26/04/2024 11:00:00 - 26/04/2024 12:00:00","BZN|BE","Without sequence","72.95","",""
"26/04/2024 12:00:00 - 26/04/2024 13:00:00","BZN|BE","Without sequence","70.35","",""
"26/04/2024 13:00:00 - 26/04/2024 14:00:00","BZN|BE","Without sequence","68.74","",""
"26/04/2024 14:00:00 - 26/04/2024 15:00:00","BZN|BE","Without sequence","65.37","",""
"26/04/2024 15:00:00 - 26/04/2024 16:00:00","BZN|BE","Without sequence","69.92","",""
"26/04/2024 16:00:00 - 26/04/2024 17:00:00","BZN|BE","Without sequence","71.23","",""
"26/04/2024 17:00:00 - 26/04/2024 18:00:00","BZN|BE","Without sequence","78.52","",""
"26/04/2024 18:00:00 - 26/04/2024 19:00:00","BZN|BE","Without sequence","87.15","",""
"26/04/2024 19:00:00 - 26/04/2024 20:00:00","BZN|BE","Without sequence","114.21","",""
"26/04/2024 20:00:00 - 26/04/2024 21:00:00","BZN|BE","Without sequence","114.78","",""
"26/04/2024 21:00:00 - 26/04/2024 22:00:00","BZN|BE","Without sequence","101.97","",""
"26/04/2024 22:00:00 - 26/04/2024 23:00:00","BZN|BE","Without sequence","87.53","",""
"26/04/2024 23:00:00 - 27/04/2024 00:00:00","BZN|BE","Without sequence","88.26","",""
"27/04/2024 00:00:00 - 27/04/2024 01:00:00","BZN|BE","Without sequence","89.3","",""
"27/04/2024 01:00:00 - 27/04/2024 02:00:00","BZN|BE","Without sequence","81.1","",""
"27/04/2024 02:00:00 - 27/04/2024 03:00:00","BZN|BE","Without sequence","76.51","",""
"27/04/2024 03:00:00 - 27/04/2024 04:00:00","BZN|BE","Without sequence","65.84","",""
"27/04/2024 04:00:00 - 27/04/2024 05:00:00","BZN|BE","Without sequence","62.4","",""
"27/04/2024 05:00:00 - 27/04/2024 06:00:00","BZN|BE","Without sequence","62.78","",""
"27/04/2024 06:00:00 - 27/04/2024 07:00:00","BZN|BE","Without sequence","64.92","",""
"27/04/2024 07:00:00 - 27/04/2024 08:00:00","BZN|BE","Without sequence","67.7","",""
"27/04/2024 08:00:00 - 27/04/2024 09:00:00","BZN|BE","Without sequence","58.73","",""
"27/04/2024 09:00:00 - 27/04/2024 10:00:00","BZN|BE","Without sequence","56.13","",""
"27/04/2024 10:00:00 - 27/04/2024 11:00:00","BZN|BE","Without sequence","36.02","",""
"27/04/2024 11:00:00 - 27/04/2024 12:00:00","BZN|BE","Without sequence","8.43","",""
"27/04/2024 12:00:00 - 27/04/2024 13:00:00","BZN|BE","Without sequence","0.03","",""
"27/04/2024 13:00:00 - 27/04/2024 14:00:00","BZN|BE","Without sequence","-0.02","",""
"27/04/2024 14:00:00 - 27/04/2024 15:00:00","BZN|BE","Without sequence","0.0","",""
"27/04/2024 15:00:00 - 27/04/2024 16:00:00","BZN|BE","Without sequence","0.0","",""
"27/04/2024 16:00:00 - 27/04/2024 17:00:00","BZN|BE","Without sequence","17.09","",""
"27/04/2024 17:00:00 - 27/04/2024 18:00:00","BZN|BE","Without sequence","48.8","",""
"27/04/2024 18:00:00 - 27/04/2024 19:00:00","BZN|BE","Without sequence","70.0","",""
"27/04/2024 19:00:00 - 27/04/2024 20:00:00","BZN|BE","Without sequence","81.05","",""
"27/04/2024 20:00:00 - 27/04/2024 21:00:00","BZN|BE","Without sequence","82.03","",""
"27/04/2024 21:00:00 - 27/04/2024 22:00:00","BZN|BE","Without sequence","75.1","",""
"27/04/2024 22:00:00 - 27/04/2024 23:00:00","BZN|BE","Without sequence","69.38","",""
"27/04/2024 23:00:00 - 28/04/2024 00:00:00","BZN|BE","Without sequence","61.92","",""
"28/04/2024 00:00:00 - 28/04/2024 01:00:00","BZN|BE","Without sequence","56.39","",""
"28/04/2024 01:00:00 - 28/04/2024 02:00:00","BZN|BE","Without sequence","43.14","",""
"28/04/2024 02:00:00 - 28/04/2024 03:00:00","BZN|BE","Without sequence","39.6","",""
"28/04/2024 03:00:00 - 28/04/2024 04:00:00","BZN|BE","Without sequence","27.15","",""
"28/04/2024 04:00:00 - 28/04/2024 05:00:00","BZN|BE","Without sequence","18.46","",""
"28/04/2024 05:00:00 - 28/04/2024 06:00:00","BZN|BE","Without sequence","18.74","",""
"28/04/2024 06:00:00 - 28/04/2024 07:00:00","BZN|BE","Without sequence","9.92","",""
"28/04/2024 07:00:00 - 28/04/2024 08:00:00","BZN|BE","Without sequence","0.1","",""
"28/04/2024 08:00:00 - 28/04/2024 09:00:00","BZN|BE","Without sequence","-0.07","",""
"28/04/2024 09:00:00 - 28/04/2024 10:00:00","BZN|BE","Without sequence","-1.02","",""
"28/04/2024 10:00:00 - 28/04/2024 11:00:00","BZN|BE","Without sequence","-16.63","",""
"28/04/2024 11:00:00 - 28/04/2024 12:00:00","BZN|BE","Without sequence","-36.73","",""
"28/04/2024 12:00:00 - 28/04/2024 13:00:00","BZN|BE","Without sequence","-59.78","",""
"28/04/2024 13:00:00 - 28/04/2024 14:00:00","BZN|BE","Without sequence","-62.16","",""
"28/04/2024 14:00:00 - 28/04/2024 15:00:00","BZN|BE","Without sequence","-65.06","",""
"28/04/2024 15:00:00 - 28/04/2024 16:00:00","BZN|BE","Without sequence","-52.43","",""
"28/04/2024 16:00:00 - 28/04/2024 17:00:00","BZN|BE","Without sequence","-23.4","",""
"28/04/2024 17:00:00 - 28/04/2024 18:00:00","BZN|BE","Without sequence","-0.02","",""
"28/04/2024 18:00:00 - 28/04/2024 19:00:00","BZN|BE","Without sequence","22.48","",""
"28/04/2024 19:00:00 - 28/04/2024 20:00:00","BZN|BE","Without sequence","62.4","",""
"28/04/2024 20:00:00 - 28/04/2024 21:00:00","BZN|BE","Without sequence","71.07","",""
"28/04/2024 21:00:00 - 28/04/2024 22:00:00","BZN|BE","Without sequence","78.56","",""
"28/04/2024 22:00:00 - 28/04/2024 23:00:00","BZN|BE","Without sequence","72.21","",""
"28/04/2024 23:00:00 - 29/04/2024 00:00:00","BZN|BE","Without sequence","66.94","",""
"29/04/2024 00:00:00 - 29/04/2024 01:00:00","BZN|BE","Without sequence","63.15","",""
"29/04/2024 01:00:00 - 29/04/2024 02:00:00","BZN|BE","Without sequence","60.05","",""
"29/04/2024 02:00:00 - 29/04/2024 03:00:00","BZN|BE","Without sequence","58.93","",""
"29/04/2024 03:00:00 - 29/04/2024 04:00:00","BZN|BE","Without sequence","60.42","",""
"29/04/2024 04:00:00 - 29/04/2024 05:00:00","BZN|BE","Without sequence","64.99","",""
"29/04/2024 05:00:00 - 29/04/2024 06:00:00","BZN|BE","Without sequence","70.09","",""
"29/04/2024 06:00:00 - 29/04/2024 07:00:00","BZN|BE","Without sequence","81.25","",""
"29/04/2024 07:00:00 - 29/04/2024 08:00:00","BZN|BE","Without sequence","109.08","",""
"29/04/2024 08:00:00 - 29/04/2024 09:00:00","BZN|BE","Without sequence","100.3","",""
"29/04/2024 09:00:00 - 29/04/2024 10:00:00","BZN|BE","Without sequence","74.82","",""
"29/04/2024 10:00:00 - 29/04/2024 11:00:00","BZN|BE","Without sequence","58.78","",""
"29/04/2024 11:00:00 - 29/04/2024 12:00:00","BZN|BE","Without sequence","36.42","",""
"29/04/2024 12:00:00 - 29/04/2024 13:00:00","BZN|BE","Without sequence","36.91","",""
"29/04/2024 13:00:00 - 29/04/2024 14:00:00","BZN|BE","Without sequence","41.37","",""
"29/04/2024 14:00:00 - 29/04/2024 15:00:00","BZN|BE","Without sequence","33.63","",""
"29/04/2024 15:00:00 - 29/04/2024 16:00:00","BZN|BE","Without sequence","35.51","",""
"29/04/2024 16:00:00 - 29/04/2024 17:00:00","BZN|BE","Without sequence","47.68","",""
"29/04/2024 17:00:00 - 29/04/2024 18:00:00","BZN|BE","Without sequence","69.21","",""
"29/04/2024 18:00:00 - 29/04/2024 19:00:00","BZN|BE","Without sequence","82.5","",""
"29/04/2024 19:00:00 - 29/04/2024 20:00:00","BZN|BE","Without sequence","112.69","",""
"29/04/2024 20:00:00 - 29/04/2024 21:00:00","BZN|BE","Without sequence","145.79","",""
"29/04/2024 21:00:00 - 29/04/2024 22:00:00","BZN|BE","Without sequence","103.23","",""
"29/04/2024 22:00:00 - 29/04/2024 23:00:00","BZN|BE","Without sequence","85.6","",""
"29/04/2024 23:00:00 - 30/04/2024 00:00:00","BZN|BE","Without sequence","75.75","",""
"30/04/2024 00:00:00 - 30/04/2024 01:00:00","BZN|BE","Without sequence","74.25","",""
"30/04/2024 01:00:00 - 30/04/2024 02:00:00","BZN|BE","Without sequence","63.92","",""
"30/04/2024 02:00:00 - 30/04/2024 03:00:00","BZN|BE","Without sequence","65.19","",""
"30/04/2024 03:00:00 - 30/04/2024 04:00:00","BZN|BE","Without sequence","69.44","",""
"30/04/2024 04:00:00 - 30/04/2024 05:00:00","BZN|BE","Without sequence","67.53","",""
"30/04/2024 05:00:00 - 30/04/2024 06:00:00","BZN|BE","Without sequence","77.99","",""
"30/04/2024 06:00:00 - 30/04/2024 07:00:00","BZN|BE","Without sequence","90.39","",""
"30/04/2024 07:00:00 - 30/04/2024 08:00:00","BZN|BE","Without sequence","100.73","",""
"30/04/2024 08:00:00 - 30/04/2024 09:00:00","BZN|BE","Without sequence","90.19","",""
"30/04/2024 09:00:00 - 30/04/2024 10:00:00","BZN|BE","Without sequence","75.0","",""
"30/04/2024 10:00:00 - 30/04/2024 11:00:00","BZN|BE","Without sequence","61.61","",""
"30/04/2024 11:00:00 - 30/04/2024 12:00:00","BZN|BE","Without sequence","44.89","",""
"30/04/2024 12:00:00 - 30/04/2024 13:00:00","BZN|BE","Without sequence","28.22","",""
"30/04/2024 13:00:00 - 30/04/2024 14:00:00","BZN|BE","Without sequence","14.51","",""
"30/04/2024 14:00:00 - 30/04/2024 15:00:00","BZN|BE","Without sequence","16.93","",""
"30/04/2024 15:00:00 - 30/04/2024 16:00:00","BZN|BE","Without sequence","19.14","",""
"30/04/2024 16:00:00 - 30/04/2024 17:00:00","BZN|BE","Without sequence","37.28","",""
"30/04/2024 17:00:00 - 30/04/2024 18:00:00","BZN|BE","Without sequence","56.64","",""
"30/04/2024 18:00:00 - 30/04/2024 19:00:00","BZN|BE","Without sequence","86.2","",""
"30/04/2024 19:00:00 - 30/04/2024 20:00:00","BZN|BE","Without sequence","100.62","",""
"30/04/2024 20:00:00 - 30/04/2024 21:00:00","BZN|BE","Without sequence","110.89","",""
"30/04/2024 21:00:00 - 30/04/2024 22:00:00","BZN|BE","Without sequence","87.02","",""
"30/04/2024 22:00:00 - 30/04/2024 23:00:00","BZN|BE","Without sequence","75.39","",""
"30/04/2024 23:00:00 - 01/05/2024 00:00:00","BZN|BE","Without sequence","77.51","",""
"01/05/2024 00:00:00 - 01/05/2024 01:00:00","BZN|BE","Without sequence","58.0","",""
"01/05/2024 01:00:00 - 01/05/2024 02:00:00","BZN|BE","Without sequence","54.28","",""
"01/05/2024 02:00:00 - 01/05/2024 03:00:00","BZN|BE","Without sequence","46.74","",""
"01/05/2024 03:00:00 - 01/05/2024 04:00:00","BZN|BE","Without sequence","44.1","",""
"01/05/2024 04:00:00 - 01/05/2024 05:00:00","BZN|BE","Without sequence","41.0","",""
"01/05/2024 05:00:00 - 01/05/2024 06:00:00","BZN|BE","Without sequence","42.13","",""
"01/05/2024 06:00:00 - 01/05/2024 07:00:00","BZN|BE","Without sequence","43.51","",""
"01/05/2024 07:00:00 - 01/05/2024 08:00:00","BZN|BE","Without sequence","42.07","",""
"01/05/2024 08:00:00 - 01/05/2024 09:00:00","BZN|BE","Without sequence","27.32","",""
"01/05/2024 09:00:00 - 01/05/2024 10:00:00","BZN|BE","Without sequence","6.33","",""
"01/05/2024 10:00:00 - 01/05/2024 11:00:00","BZN|BE","Without sequence","-0.73","",""
"01/05/2024 11:00:00 - 01/05/2024 12:00:00","BZN|BE","Without sequence","-43.43","",""
"01/05/2024 12:00:00 - 01/05/2024 13:00:00","BZN|BE","Without sequence","-99.65","",""
"01/05/2024 13:00:00 - 01/05/2024 14:00:00","BZN|BE","Without sequence","-106.27","",""
"01/05/2024 14:00:00 - 01/05/2024 15:00:00","BZN|BE","Without sequence","-123.18","",""
"01/05/2024 15:00:00 - 01/05/2024 16:00:00","BZN|BE","Without sequence","-84.96","",""
"01/05/2024 16:00:00 - 01/05/2024 17:00:00","BZN|BE","Without sequence","-30.23","",""
"01/05/2024 17:00:00 - 01/05/2024 18:00:00","BZN|BE","Without sequence","0.21","",""
"01/05/2024 18:00:00 - 01/05/2024 19:00:00","BZN|BE","Without sequence","29.61","",""
"01/05/2024 19:00:00 - 01/05/2024 20:00:00","BZN|BE","Without sequence","62.51","",""
"01/05/2024 20:00:00 - 01/05/2024 21:00:00","BZN|BE","Without sequence","63.69","",""
"01/05/2024 21:00:00 - 01/05/2024 22:00:00","BZN|BE","Without sequence","55.5","",""
"01/05/2024 22:00:00 - 01/05/2024 23:00:00","BZN|BE","Without sequence","48.55","",""
"01/05/2024 23:00:00 - 02/05/2024 00:00:00","BZN|BE","Without sequence","38.21","",""
"02/05/2024 00:00:00 - 02/05/2024 01:00:00","BZN|BE","Without sequence","25.25","",""
"02/05/2024 01:00:00 - 02/05/2024 02:00:00","BZN|BE","Without sequence","20.37","",""
"02/05/2024 02:00:00 - 02/05/2024 03:00:00","BZN|BE","Without sequence","16.84","",""
"02/05/2024 03:00:00 - 02/05/2024 04:00:00","BZN|BE","Without sequence","15.31","",""
"02/05/2024 04:00:00 - 02/05/2024 05:00:00","BZN|BE","Without sequence","14.87","",""
"02/05/2024 05:00:00 - 02/05/2024 06:00:00","BZN|BE","Without sequence","24.14","",""
"02/05/2024 06:00:00 - 02/05/2024 07:00:00","BZN|BE","Without sequence","50.08","",""
"02/05/2024 07:00:00 - 02/05/2024 08:00:00","BZN|BE","Without sequence","61.41","",""
"02/05/2024 08:00:00 - 02/05/2024 09:00:00","BZN|BE","Without sequence","57.78","",""
"02/05/2024 09:00:00 - 02/05/2024 10:00:00","BZN|BE","Without sequence","31.45","",""
"02/05/2024 10:00:00 - 02/05/2024 11:00:00","BZN|BE","Without sequence","14.12","",""
"02/05/2024 11:00:00 - 02/05/2024 12:00:00","BZN|BE","Without sequence","11.46","",""
"02/05/2024 12:00:00 - 02/05/2024 13:00:00","BZN|BE","Without sequence","12.41","",""
"02/05/2024 13:00:00 - 02/05/2024 14:00:00","BZN|BE","Without sequence","3.07","",""
"02/05/2024 14:00:00 - 02/05/2024 15:00:00","BZN|BE","Without sequence","-0.01","",""
"02/05/2024 15:00:00 - 02/05/2024 16:00:00","BZN|BE","Without sequence","0.09","",""
"02/05/2024 16:00:00 - 02/05/2024 17:00:00","BZN|BE","Without sequence","5.17","",""
"02/05/2024 17:00:00 - 02/05/2024 18:00:00","BZN|BE","Without sequence","37.04","",""
"02/05/2024 18:00:00 - 02/05/2024 19:00:00","BZN|BE","Without sequence","52.28","",""
"02/05/2024 19:00:00 - 02/05/2024 20:00:00","BZN|BE","Without sequence","63.48","",""
"02/05/2024 20:00:00 - 02/05/2024 21:00:00","BZN|BE","Without sequence","74.3","",""
"02/05/2024 21:00:00 - 02/05/2024 22:00:00","BZN|BE","Without sequence","76.66","",""
"02/05/2024 22:00:00 - 02/05/2024 23:00:00","BZN|BE","Without sequence","67.04","",""
"02/05/2024 23:00:00 - 03/05/2024 00:00:00","BZN|BE","Without sequence","60.74","",""
"03/05/2024 00:00:00 - 03/05/2024 01:00:00","BZN|BE","Without sequence","53.48","",""
"03/05/2024 01:00:00 - 03/05/2024 02:00:00","BZN|BE","Without sequence","55.0","",""
"03/05/2024 02:00:00 - 03/05/2024 03:00:00","BZN|BE","Without sequence","50.97","",""
"03/05/2024 03:00:00 - 03/05/2024 04:00:00","BZN|BE","Without sequence","47.0","",""
"03/05/2024 04:00:00 - 03/05/2024 05:00:00","BZN|BE","Without sequence","39.11","",""
"03/05/2024 05:00:00 - 03/05/2024 06:00:00","BZN|BE","Without sequence","43.77","",""
"03/05/2024 06:00:00 - 03/05/2024 07:00:00","BZN|BE","Without sequence","54.35","",""
"03/05/2024 07:00:00 - 03/05/2024 08:00:00","BZN|BE","Without sequence","65.98","",""
"03/05/2024 08:00:00 - 03/05/2024 09:00:00","BZN|BE","Without sequence","68.26","",""
"03/05/2024 09:00:00 - 03/05/2024 10:00:00","BZN|BE","Without sequence","66.74","",""
"03/05/2024 10:00:00 - 03/05/2024 11:00:00","BZN|BE","Without sequence","50.8","",""
"03/05/2024 11:00:00 - 03/05/2024 12:00:00","BZN|BE","Without sequence","46.96","",""
"03/05/2024 12:00:00 - 03/05/2024 13:00:00","BZN|BE","Without sequence","40.11","",""
"03/05/2024 13:00:00 - 03/05/2024 14:00:00","BZN|BE","Without sequence","38.66","",""
"03/05/2024 14:00:00 - 03/05/2024 15:00:00","BZN|BE","Without sequence","39.64","",""
"03/05/2024 15:00:00 - 03/05/2024 16:00:00","BZN|BE","Without sequence","37.44","",""
"03/05/2024 16:00:00 - 03/05/2024 17:00:00","BZN|BE","Without sequence","36.15","",""
"03/05/2024 17:00:00 - 03/05/2024 18:00:00","BZN|BE","Without sequence","40.46","",""
"03/05/2024 18:00:00 - 03/05/2024 19:00:00","BZN|BE","Without sequence","51.0","",""
"03/05/2024 19:00:00 - 03/05/2024 20:00:00","BZN|BE","Without sequence","64.6","",""
"03/05/2024 20:00:00 - 03/05/2024 21:00:00","BZN|BE","Without sequence","72.3","",""
"03/05/2024 21:00:00 - 03/05/2024 22:00:00","BZN|BE","Without sequence","90.0","",""
"03/05/2024 22:00:00 - 03/05/2024 23:00:00","BZN|BE","Without sequence","73.18","",""
"03/05/2024 23:00:00 - 04/05/2024 00:00:00","BZN|BE","Without sequence","71.63","",""
"04/05/2024 00:00:00 - 04/05/2024 01:00:00","BZN|BE","Without sequence","74.91","",""
"04/05/2024 01:00:00 - 04/05/2024 02:00:00","BZN|BE","Without sequence","59.21","",""
"04/05/2024 02:00:00 - 04/05/2024 03:00:00","BZN|BE","Without sequence","51.76","",""
"04/05/2024 03:00:00 - 04/05/2024 04:00:00","BZN|BE","Without sequence","47.17","",""
"04/05/2024 04:00:00 - 04/05/2024 05:00:00","BZN|BE","Without sequence","45.98","",""
"04/05/2024 05:00:00 - 04/05/2024 06:00:00","BZN|BE","Without sequence","51.91","",""
"04/05/2024 06:00:00 - 04/05/2024 07:00:00","BZN|BE","Without sequence","50.57","",""
"04/05/2024 07:00:00 - 04/05/2024 08:00:00","BZN|BE","Without sequence","53.28","",""
"04/05/2024 08:00:00 - 04/05/2024 09:00:00","BZN|BE","Without sequence","58.55","",""
"04/05/2024 09:00:00 - 04/05/2024 10:00:00","BZN|BE","Without sequence","58.54","",""
"04/05/2024 10:00:00 - 04/05/2024 11:00:00","BZN|BE","Without sequence","41.17","",""
"04/05/2024 11:00:00 - 04/05/2024 12:00:00","BZN|BE","Without sequence","31.14","",""
"04/05/2024 12:00:00 - 04/05/2024 13:00:00","BZN|BE","Without sequence","24.8","",""
"04/05/2024 13:00:00 - 04/05/2024 14:00:00","BZN|BE","Without sequence","14.47","",""
"04/05/2024 14:00:00 - 04/05/2024 15:00:00","BZN|BE","Without sequence","13.33","",""
"04/05/2024 15:00:00 - 04/05/2024 16:00:00","BZN|BE","Without sequence","26.1","",""
"04/05/2024 16:00:00 - 04/05/2024 17:00:00","BZN|BE","Without sequence","45.53","",""
"04/05/2024 17:00:00 - 04/05/2024 18:00:00","BZN|BE","Without sequence","77.6","",""
"04/05/2024 18:00:00 - 04/05/2024 19:00:00","BZN|BE","Without sequence","82.2","",""
"04/05/2024 19:00:00 - 04/05/2024 20:00:00","BZN|BE","Without sequence","90.64","",""
"04/05/2024 20:00:00 - 04/05/2024 21:00:00","BZN|BE","Without sequence","102.87","",""
"04/05/2024 21:00:00 - 04/05/2024 22:00:00","BZN|BE","Without sequence","70.0","",""
"04/05/2024 22:00:00 - 04/05/2024 23:00:00","BZN|BE","Without sequence","80.57","",""
"04/05/2024 23:00:00 - 05/05/2024 00:00:00","BZN|BE","Without sequence","84.66","",""
"05/05/2024 00:00:00 - 05/05/2024 01:00:00","BZN|BE","Without sequence","94.59","",""
"05/05/2024 01:00:00 - 05/05/2024 02:00:00","BZN|BE","Without sequence","89.58","",""
"05/05/2024 02:00:00 - 05/05/2024 03:00:00","BZN|BE","Without sequence","87.4","",""
"05/05/2024 03:00:00 - 05/05/2024 04:00:00","BZN|BE","Without sequence","85.01","",""
"05/05/2024 04:00:00 - 05/05/2024 05:00:00","BZN|BE","Without sequence","83.6","",""
"05/05/2024 05:00:00 - 05/05/2024 06:00:00","BZN|BE","Without sequence","87.21","",""
"05/05/2024 06:00:00 - 05/05/2024 07:00:00","BZN|BE","Without sequence","79.6","",""
"05/05/2024 07:00:00 - 05/05/2024 08:00:00","BZN|BE","Without sequence","54.17","",""
"05/05/2024 08:00:00 - 05/05/2024 09:00:00","BZN|BE","Without sequence","41.06","",""
"05/05/2024 09:00:00 - 05/05/2024 10:00:00","BZN|BE","Without sequence","26.15","",""
"05/05/2024 10:00:00 - 05/05/2024 11:00:00","BZN|BE","Without sequence","8.81","",""
"05/05/2024 11:00:00 - 05/05/2024 12:00:00","BZN|BE","Without sequence","0.44","",""
"05/05/2024 12:00:00 - 05/05/2024 13:00:00","BZN|BE","Without sequence","0.0","",""
"05/05/2024 13:00:00 - 05/05/2024 14:00:00","BZN|BE","Without sequence","-0.04","",""
"05/05/2024 14:00:00 - 05/05/2024 15:00:00","BZN|BE","Without sequence","-0.97","",""
"05/05/2024 15:00:00 - 05/05/2024 16:00:00","BZN|BE","Without sequence","-0.1","",""
"05/05/2024 16:00:00 - 05/05/2024 17:00:00","BZN|BE","Without sequence","0.0","",""
"05/05/2024 17:00:00 - 05/05/2024 18:00:00","BZN|BE","Without sequence","32.0","",""
"05/05/2024 18:00:00 - 05/05/2024 19:00:00","BZN|BE","Without sequence","89.66","",""
"05/05/2024 19:00:00 - 05/05/2024 20:00:00","BZN|BE","Without sequence","99.38","",""
"05/05/2024 20:00:00 - 05/05/2024 21:00:00","BZN|BE","Without sequence","116.3","",""
"05/05/2024 21:00:00 - 05/05/2024 22:00:00","BZN|BE","Without sequence","111.5","",""
"05/05/2024 22:00:00 - 05/05/2024 23:00:00","BZN|BE","Without sequence","102.82","",""
"05/05/2024 23:00:00 - 06/05/2024 00:00:00","BZN|BE","Without sequence","91.39","",""
"06/05/2024 00:00:00 - 06/05/2024 01:00:00","BZN|BE","Without sequence","82.86","",""
"06/05/2024 01:00:00 - 06/05/2024 02:00:00","BZN|BE","Without sequence","80.57","",""
"06/05/2024 02:00:00 - 06/05/2024 03:00:00","BZN|BE","Without sequence","81.76","",""
"06/05/2024 03:00:00 - 06/05/2024 04:00:00","BZN|BE","Without sequence","81.18","",""
"06/05/2024 04:00:00 - 06/05/2024 05:00:00","BZN|BE","Without sequence","73.23","",""
"06/05/2024 05:00:00 - 06/05/2024 06:00:00","BZN|BE","Without sequence","71.9","",""
"06/05/2024 06:00:00 - 06/05/2024 07:00:00","BZN|BE","Without sequence","108.87","",""
"06/05/2024 07:00:00 - 06/05/2024 08:00:00","BZN|BE","Without sequence","122.0","",""
"06/05/2024 08:00:00 - 06/05/2024 09:00:00","BZN|BE","Without sequence","101.49","",""
"06/05/2024 09:00:00 - 06/05/2024 10:00:00","BZN|BE","Without sequence","89.25","",""
"06/05/2024 10:00:00 - 06/05/2024 11:00:00","BZN|BE","Without sequence","82.44","",""
"06/05/2024 11:00:00 - 06/05/2024 12:00:00","BZN|BE","Without sequence","78.73","",""
"06/05/2024 12:00:00 - 06/05/2024 13:00:00","BZN|BE","Without sequence","80.0","",""
"06/05/2024 13:00:00 - 06/05/2024 14:00:00","BZN|BE","Without sequence","77.25","",""
"06/05/2024 14:00:00 - 06/05/2024 15:00:00","BZN|BE","Without sequence","76.8","",""
"06/05/2024 15:00:00 - 06/05/2024 16:00:00","BZN|BE","Without sequence","82.4","",""
"06/05/2024 16:00:00 - 06/05/2024 17:00:00","BZN|BE","Without sequence","70.0","",""
"06/05/2024 17:00:00 - 06/05/2024 18:00:00","BZN|BE","Without sequence","90.6","",""
"06/05/2024 18:00:00 - 06/05/2024 19:00:00","BZN|BE","Without sequence","109.71","",""
"06/05/2024 19:00:00 - 06/05/2024 20:00:00","BZN|BE","Without sequence","119.1","",""
"06/05/2024 20:00:00 - 06/05/2024 21:00:00","BZN|BE","Without sequence","104.0","",""
"06/05/2024 21:00:00 - 06/05/2024 22:00:00","BZN|BE","Without sequence","108.4","",""
"06/05/2024 22:00:00 - 06/05/2024 23:00:00","BZN|BE","Without sequence","94.12","",""
"06/05/2024 23:00:00 - 07/05/2024 00:00:00","BZN|BE","Without sequence","84.42","",""
"07/05/2024 00:00:00 - 07/05/2024 01:00:00","BZN|BE","Without sequence","81.73","",""
"07/05/2024 01:00:00 - 07/05/2024 02:00:00","BZN|BE","Without sequence","79.24","",""
"07/05/2024 02:00:00 - 07/05/2024 03:00:00","BZN|BE","Without sequence","76.69","",""
"07/05/2024 03:00:00 - 07/05/2024 04:00:00","BZN|BE","Without sequence","80.54","",""
"07/05/2024 04:00:00 - 07/05/2024 05:00:00","BZN|BE","Without sequence","80.69","",""
"07/05/2024 05:00:00 - 07/05/2024 06:00:00","BZN|BE","Without sequence","74.29","",""
"07/05/2024 06:00:00 - 07/05/2024 07:00:00","BZN|BE","Without sequence","85.14","",""
"07/05/2024 07:00:00 - 07/05/2024 08:00:00","BZN|BE","Without sequence","107.86","",""
"07/05/2024 08:00:00 - 07/05/2024 09:00:00","BZN|BE","Without sequence","112.66","",""
"07/05/2024 09:00:00 - 07/05/2024 10:00:00","BZN|BE","Without sequence","91.75","",""
"07/05/2024 10:00:00 - 07/05/2024 11:00:00","BZN|BE","Without sequence","83.54","",""
"07/05/2024 11:00:00 - 07/05/2024 12:00:00","BZN|BE","Without sequence","71.7","",""
"07/05/2024 12:00:00 - 07/05/2024 13:00:00","BZN|BE","Without sequence","65.34","",""
"07/05/2024 13:00:00 - 07/05/2024 14:00:00","BZN|BE","Without sequence","57.8","",""
"07/05/2024 14:00:00 - 07/05/2024 15:00:00","BZN|BE","Without sequence","52.12","",""
"07/05/2024 15:00:00 - 07/05/2024 16:00:00","BZN|BE","Without sequence","55.65","",""
"07/05/2024 16:00:00 - 07/05/2024 17:00:00","BZN|BE","Without sequence","52.89","",""
"07/05/2024 17:00:00 - 07/05/2024 18:00:00","BZN|BE","Without sequence","60.32","",""
"07/05/2024 18:00:00 - 07/05/2024 19:00:00","BZN|BE","Without sequence","79.37","",""
"07/05/2024 19:00:00 - 07/05/2024 20:00:00","BZN|BE","Without sequence","88.93","",""
"07/05/2024 20:00:00 - 07/05/2024 21:00:00","BZN|BE","Without sequence","93.59","",""
"07/05/2024 21:00:00 - 07/05/2024 22:00:00","BZN|BE","Without sequence","108.21","",""
"07/05/2024 22:00:00 - 07/05/2024 23:00:00","BZN|BE","Without sequence","91.62","",""
"07/05/2024 23:00:00 - 08/05/2024 00:00:00","BZN|BE","Without sequence","81.27","",""
"08/05/2024 00:00:00 - 08/05/2024 01:00:00","BZN|BE","Without sequence","85.44","",""
"08/05/2024 01:00:00 - 08/05/2024 02:00:00","BZN|BE","Without sequence","82.48","",""
"08/05/2024 02:00:00 - 08/05/2024 03:00:00","BZN|BE","Without sequence","82.2","",""
"08/05/2024 03:00:00 - 08/05/2024 04:00:00","BZN|BE","Without sequence","74.38","",""
"08/05/2024 04:00:00 - 08/05/2024 05:00:00","BZN|BE","Without sequence","60.57","",""
"08/05/2024 05:00:00 - 08/05/2024 06:00:00","BZN|BE","Without sequence","46.21","",""
"08/05/2024 06:00:00 - 08/05/2024 07:00:00","BZN|BE","Without sequence","91.9","",""
"08/05/2024 07:00:00 - 08/05/2024 08:00:00","BZN|BE","Without sequence","105.6","",""
"08/05/2024 08:00:00 - 08/05/2024 09:00:00","BZN|BE","Without sequence","112.02","",""
"08/05/2024 09:00:00 - 08/05/2024 10:00:00","BZN|BE","Without sequence","94.47","",""
"08/05/2024 10:00:00 - 08/05/2024 11:00:00","BZN|BE","Without sequence","87.2","",""
"08/05/2024 11:00:00 - 08/05/2024 12:00:00","BZN|BE","Without sequence","81.31","",""
"08/05/2024 12:00:00 - 08/05/2024 13:00:00","BZN|BE","Without sequence","62.92","",""
"08/05/2024 13:00:00 - 08/05/2024 14:00:00","BZN|BE","Without sequence","58.73","",""
"08/05/2024 14:00:00 - 08/05/2024 15:00:00","BZN|BE","Without sequence","32.77","",""
"08/05/2024 15:00:00 - 08/05/2024 16:00:00","BZN|BE","Without sequence","56.71","",""
"08/05/2024 16:00:00 - 08/05/2024 17:00:00","BZN|BE","Without sequence","32.03","",""
"08/05/2024 17:00:00 - 08/05/2024 18:00:00","BZN|BE","Without sequence","36.59","",""
"08/05/2024 18:00:00 - 08/05/2024 19:00:00","BZN|BE","Without sequence","46.13","",""
"08/05/2024 19:00:00 - 08/05/2024 20:00:00","BZN|BE","Without sequence","87.36","",""
"08/05/2024 20:00:00 - 08/05/2024 21:00:00","BZN|BE","Without sequence","122.4","",""
"08/05/2024 21:00:00 - 08/05/2024 22:00:00","BZN|BE","Without sequence","117.8","",""
"08/05/2024 22:00:00 - 08/05/2024 23:00:00","BZN|BE","Without sequence","90.02","",""
"08/05/2024 23:00:00 - 09/05/2024 00:00:00","BZN|BE","Without sequence","89.6","",""
"09/05/2024 00:00:00 - 09/05/2024 01:00:00","BZN|BE","Without sequence","74.74","",""
"09/05/2024 01:00:00 - 09/05/2024 02:00:00","BZN|BE","Without sequence","74.26","",""
"09/05/2024 02:00:00 - 09/05/2024 03:00:00","BZN|BE","Without sequence","74.74","",""
"09/05/2024 03:00:00 - 09/05/2024 04:00:00","BZN|BE","Without sequence","66.15","",""
"09/05/2024 04:00:00 - 09/05/2024 05:00:00","BZN|BE","Without sequence","42.95","",""
"09/05/2024 05:00:00 - 09/05/2024 06:00:00","BZN|BE","Without sequence","43.18","",""
"09/05/2024 06:00:00 - 09/05/2024 07:00:00","BZN|BE","Without sequence","60.67","",""
"09/05/2024 07:00:00 - 09/05/2024 08:00:00","BZN|BE","Without sequence","72.91","",""
"09/05/2024 08:00:00 - 09/05/2024 09:00:00","BZN|BE","Without sequence","41.9","",""
"09/05/2024 09:00:00 - 09/05/2024 10:00:00","BZN|BE","Without sequence","23.54","",""
"09/05/2024 10:00:00 - 09/05/2024 11:00:00","BZN|BE","Without sequence","5.55","",""
"09/05/2024 11:00:00 - 09/05/2024 12:00:00","BZN|BE","Without sequence","-0.08","",""
"09/05/2024 12:00:00 - 09/05/2024 13:00:00","BZN|BE","Without sequence","-0.44","",""
"09/05/2024 13:00:00 - 09/05/2024 14:00:00","BZN|BE","Without sequence","-0.94","",""
"09/05/2024 14:00:00 - 09/05/2024 15:00:00","BZN|BE","Without sequence","-1.59","",""
"09/05/2024 15:00:00 - 09/05/2024 16:00:00","BZN|BE","Without sequence","-0.46","",""
"09/05/2024 16:00:00 - 09/05/2024 17:00:00","BZN|BE","Without sequence","1.09","",""
"09/05/2024 17:00:00 - 09/05/2024 18:00:00","BZN|BE","Without sequence","27.97","",""
"09/05/2024 18:00:00 - 09/05/2024 19:00:00","BZN|BE","Without sequence","39.64","",""
"09/05/2024 19:00:00 - 09/05/2024 20:00:00","BZN|BE","Without sequence","65.0","",""
"09/05/2024 20:00:00 - 09/05/2024 21:00:00","BZN|BE","Without sequence","84.83","",""
"09/05/2024 21:00:00 - 09/05/2024 22:00:00","BZN|BE","Without sequence","83.93","",""
"09/05/2024 22:00:00 - 09/05/2024 23:00:00","BZN|BE","Without sequence","67.57","",""
"09/05/2024 23:00:00 - 10/05/2024 00:00:00","BZN|BE","Without sequence","77.76","",""
"10/05/2024 00:00:00 - 10/05/2024 01:00:00","BZN|BE","Without sequence","86.33","",""
"10/05/2024 01:00:00 - 10/05/2024 02:00:00","BZN|BE","Without sequence","80.13","",""
"10/05/2024 02:00:00 - 10/05/2024 03:00:00","BZN|BE","Without sequence","78.21","",""
"10/05/2024 03:00:00 - 10/05/2024 04:00:00","BZN|BE","Without sequence","74.41","",""
"10/05/2024 04:00:00 - 10/05/2024 05:00:00","BZN|BE","Without sequence","75.26","",""
"10/05/2024 05:00:00 - 10/05/2024 06:00:00","BZN|BE","Without sequence","68.21","",""
"10/05/2024 06:00:00 - 10/05/2024 07:00:00","BZN|BE","Without sequence","54.31","",""
"10/05/2024 07:00:00 - 10/05/2024 08:00:00","BZN|BE","Without sequence","61.66","",""
"10/05/2024 08:00:00 - 10/05/2024 09:00:00","BZN|BE","Without sequence","76.76","",""
"10/05/2024 09:00:00 - 10/05/2024 10:00:00","BZN|BE","Without sequence","39.2","",""
"10/05/2024 10:00:00 - 10/05/2024 11:00:00","BZN|BE","Without sequence","15.43","",""
"10/05/2024 11:00:00 - 10/05/2024 12:00:00","BZN|BE","Without sequence","3.02","",""
"10/05/2024 12:00:00 - 10/05/2024 13:00:00","BZN|BE","Without sequence","0.71","",""
"10/05/2024 13:00:00 - 10/05/2024 14:00:00","BZN|BE","Without sequence","0.22","",""
"10/05/2024 14:00:00 - 10/05/2024 15:00:00","BZN|BE","Without sequence","0.2","",""
"10/05/2024 15:00:00 - 10/05/2024 16:00:00","BZN|BE","Without sequence","8.36","",""
"10/05/2024 16:00:00 - 10/05/2024 17:00:00","BZN|BE","Without sequence","27.17","",""
"10/05/2024 17:00:00 - 10/05/2024 18:00:00","BZN|BE","Without sequence","36.93","",""
"10/05/2024 18:00:00 - 10/05/2024 19:00:00","BZN|BE","Without sequence","44.68","",""
"10/05/2024 19:00:00 - 10/05/2024 20:00:00","BZN|BE","Without sequence","61.85","",""
"10/05/2024 20:00:00 - 10/05/2024 21:00:00","BZN|BE","Without sequence","95.12","",""
"10/05/2024 21:00:00 - 10/05/2024 22:00:00","BZN|BE","Without sequence","92.03","",""
"10/05/2024 22:00:00 - 10/05/2024 23:00:00","BZN|BE","Without sequence","79.56","",""
"10/05/2024 23:00:00 - 11/05/2024 00:00:00","BZN|BE","Without sequence","65.64","",""
"11/05/2024 00:00:00 - 11/05/2024 01:00:00","BZN|BE","Without sequence","55.6","",""
"11/05/2024 01:00:00 - 11/05/2024 02:00:00","BZN|BE","Without sequence","45.88","",""
"11/05/2024 02:00:00 - 11/05/2024 03:00:00","BZN|BE","Without sequence","43.2","",""
"11/05/2024 03:00:00 - 11/05/2024 04:00:00","BZN|BE","Without sequence","49.07","",""
"11/05/2024 04:00:00 - 11/05/2024 05:00:00","BZN|BE","Without sequence","41.97","",""
"11/05/2024 05:00:00 - 11/05/2024 06:00:00","BZN|BE","Without sequence","41.67","",""
"11/05/2024 06:00:00 - 11/05/2024 07:00:00","BZN|BE","Without sequence","50.9","",""
"11/05/2024 07:00:00 - 11/05/2024 08:00:00","BZN|BE","Without sequence","37.2","",""
"11/05/2024 08:00:00 - 11/05/2024 09:00:00","BZN|BE","Without sequence","28.57","",""
"11/05/2024 09:00:00 - 11/05/2024 10:00:00","BZN|BE","Without sequence","6.55","",""
"11/05/2024 10:00:00 - 11/05/2024 11:00:00","BZN|BE","Without sequence","0.0","",""
"11/05/2024 11:00:00 - 11/05/2024 12:00:00","BZN|BE","Without sequence","-10.58","",""
"11/05/2024 12:00:00 - 11/05/2024 13:00:00","BZN|BE","Without sequence","-20.36","",""
"11/05/2024 13:00:00 - 11/05/2024 14:00:00","BZN|BE","Without sequence","-30.0","",""
"11/05/2024 14:00:00 - 11/05/2024 15:00:00","BZN|BE","Without sequence","-26.97","",""
"11/05/2024 15:00:00 - 11/05/2024 16:00:00","BZN|BE","Without sequence","-13.28","",""
"11/05/2024 16:00:00 - 11/05/2024 17:00:00","BZN|BE","Without sequence","-0.41","",""
"11/05/2024 17:00:00 - 11/05/2024 18:00:00","BZN|BE","Without sequence","13.15","",""
"11/05/2024 18:00:00 - 11/05/2024 19:00:00","BZN|BE","Without sequence","34.34","",""
"11/05/2024 19:00:00 - 11/05/2024 20:00:00","BZN|BE","Without sequence","43.76","",""
"11/05/2024 20:00:00 - 11/05/2024 21:00:00","BZN|BE","Without sequence","66.47","",""
"11/05/2024 21:00:00 - 11/05/2024 22:00:00","BZN|BE","Without sequence","54.44","",""
"11/05/2024 22:00:00 - 11/05/2024 23:00:00","BZN|BE","Without sequence","54.89","",""
"11/05/2024 23:00:00 - 12/05/2024 00:00:00","BZN|BE","Without sequence","51.2","",""
"12/05/2024 00:00:00 - 12/05/2024 01:00:00","BZN|BE","Without sequence","46.8","",""
"12/05/2024 01:00:00 - 12/05/2024 02:00:00","BZN|BE","Without sequence","32.08","",""
"12/05/2024 02:00:00 - 12/05/2024 03:00:00","BZN|BE","Without sequence","31.69","",""
"12/05/2024 03:00:00 - 12/05/2024 04:00:00","BZN|BE","Without sequence","26.26","",""
"12/05/2024 04:00:00 - 12/05/2024 05:00:00","BZN|BE","Without sequence","24.55","",""
"12/05/2024 05:00:00 - 12/05/2024 06:00:00","BZN|BE","Without sequence","20.88","",""
"12/05/2024 06:00:00 - 12/05/2024 07:00:00","BZN|BE","Without sequence","17.61","",""
"12/05/2024 07:00:00 - 12/05/2024 08:00:00","BZN|BE","Without sequence","4.79","",""
"12/05/2024 08:00:00 - 12/05/2024 09:00:00","BZN|BE","Without sequence","2.35","",""
"12/05/2024 09:00:00 - 12/05/2024 10:00:00","BZN|BE","Without sequence","-2.79","",""
"12/05/2024 10:00:00 - 12/05/2024 11:00:00","BZN|BE","Without sequence","-24.93","",""
"12/05/2024 11:00:00 - 12/05/2024 12:00:00","BZN|BE","Without sequence","-111.07","",""
"12/05/2024 12:00:00 - 12/05/2024 13:00:00","BZN|BE","Without sequence","-119.86","",""
"12/05/2024 13:00:00 - 12/05/2024 14:00:00","BZN|BE","Without sequence","-138.76","",""
"12/05/2024 14:00:00 - 12/05/2024 15:00:00","BZN|BE","Without sequence","-134.89","",""
"12/05/2024 15:00:00 - 12/05/2024 16:00:00","BZN|BE","Without sequence","-85.56","",""
"12/05/2024 16:00:00 - 12/05/2024 17:00:00","BZN|BE","Without sequence","-29.02","",""
"12/05/2024 17:00:00 - 12/05/2024 18:00:00","BZN|BE","Without sequence","-0.74","",""
"12/05/2024 18:00:00 - 12/05/2024 19:00:00","BZN|BE","Without sequence","22.42","",""
"12/05/2024 19:00:00 - 12/05/2024 20:00:00","BZN|BE","Without sequence","50.96","",""
"12/05/2024 20:00:00 - 12/05/2024 21:00:00","BZN|BE","Without sequence","79.05","",""
"12/05/2024 21:00:00 - 12/05/2024 22:00:00","BZN|BE","Without sequence","60.43","",""
"12/05/2024 22:00:00 - 12/05/2024 23:00:00","BZN|BE","Without sequence","47.62","",""
"12/05/2024 23:00:00 - 13/05/2024 00:00:00","BZN|BE","Without sequence","38.22","",""
"13/05/2024 00:00:00 - 13/05/2024 01:00:00","BZN|BE","Without sequence","27.51","",""
"13/05/2024 01:00:00 - 13/05/2024 02:00:00","BZN|BE","Without sequence","26.44","",""
"13/05/2024 02:00:00 - 13/05/2024 03:00:00","BZN|BE","Without sequence","26.08","",""
"13/05/2024 03:00:00 - 13/05/2024 04:00:00","BZN|BE","Without sequence","25.11","",""
"13/05/2024 04:00:00 - 13/05/2024 05:00:00","BZN|BE","Without sequence","27.56","",""
"13/05/2024 05:00:00 - 13/05/2024 06:00:00","BZN|BE","Without sequence","41.6","",""
"13/05/2024 06:00:00 - 13/05/2024 07:00:00","BZN|BE","Without sequence","56.8","",""
"13/05/2024 07:00:00 - 13/05/2024 08:00:00","BZN|BE","Without sequence","77.6","",""
"13/05/2024 08:00:00 - 13/05/2024 09:00:00","BZN|BE","Without sequence","85.75","",""
"13/05/2024 09:00:00 - 13/05/2024 10:00:00","BZN|BE","Without sequence","45.32","",""
"13/05/2024 10:00:00 - 13/05/2024 11:00:00","BZN|BE","Without sequence","11.7","",""
"13/05/2024 11:00:00 - 13/05/2024 12:00:00","BZN|BE","Without sequence","0.24","",""
"13/05/2024 12:00:00 - 13/05/2024 13:00:00","BZN|BE","Without sequence","-1.22","",""
"13/05/2024 13:00:00 - 13/05/2024 14:00:00","BZN|BE","Without sequence","-1.01","",""
"13/05/2024 14:00:00 - 13/05/2024 15:00:00","BZN|BE","Without sequence","-1.1","",""
"13/05/2024 15:00:00 - 13/05/2024 16:00:00","BZN|BE","Without sequence","0.13","",""
"13/05/2024 16:00:00 - 13/05/2024 17:00:00","BZN|BE","Without sequence","1.69","",""
"13/05/2024 17:00:00 - 13/05/2024 18:00:00","BZN|BE","Without sequence","70.14","",""
"13/05/2024 18:00:00 - 13/05/2024 19:00:00","BZN|BE","Without sequence","100.68","",""
"13/05/2024 19:00:00 - 13/05/2024 20:00:00","BZN|BE","Without sequence","132.4","",""
"13/05/2024 20:00:00 - 13/05/2024 21:00:00","BZN|BE","Without sequence","135.9","",""
"13/05/2024 21:00:00 - 13/05/2024 22:00:00","BZN|BE","Without sequence","102.77","",""
"13/05/2024 22:00:00 - 13/05/2024 23:00:00","BZN|BE","Without sequence","90.0","",""
"13/05/2024 23:00:00 - 14/05/2024 00:00:00","BZN|BE","Without sequence","65.55","",""
"14/05/2024 00:00:00 - 14/05/2024 01:00:00","BZN|BE","Without sequence","65.3","",""
"14/05/2024 01:00:00 - 14/05/2024 02:00:00","BZN|BE","Without sequence","57.9","",""
"14/05/2024 02:00:00 - 14/05/2024 03:00:00","BZN|BE","Without sequence","47.5","",""
"14/05/2024 03:00:00 - 14/05/2024 04:00:00","BZN|BE","Without sequence","45.4","",""
"14/05/2024 04:00:00 - 14/05/2024 05:00:00","BZN|BE","Without sequence","40.45","",""
"14/05/2024 05:00:00 - 14/05/2024 06:00:00","BZN|BE","Without sequence","20.7","",""
"14/05/2024 06:00:00 - 14/05/2024 07:00:00","BZN|BE","Without sequence","59.7","",""
"14/05/2024 07:00:00 - 14/05/2024 08:00:00","BZN|BE","Without sequence","42.24","",""
"14/05/2024 08:00:00 - 14/05/2024 09:00:00","BZN|BE","Without sequence","42.78","",""
"14/05/2024 09:00:00 - 14/05/2024 10:00:00","BZN|BE","Without sequence","6.25","",""
"14/05/2024 10:00:00 - 14/05/2024 11:00:00","BZN|BE","Without sequence","-1.37","",""
"14/05/2024 11:00:00 - 14/05/2024 12:00:00","BZN|BE","Without sequence","-4.43","",""
"14/05/2024 12:00:00 - 14/05/2024 13:00:00","BZN|BE","Without sequence","-25.06","",""
"14/05/2024 13:00:00 - 14/05/2024 14:00:00","BZN|BE","Without sequence","-25.33","",""
"14/05/2024 14:00:00 - 14/05/2024 15:00:00","BZN|BE","Without sequence","-27.54","",""
"14/05/2024 15:00:00 - 14/05/2024 16:00:00","BZN|BE","Without sequence","-9.31","",""
"14/05/2024 16:00:00 - 14/05/2024 17:00:00","BZN|BE","Without sequence","-1.75","",""
"14/05/2024 17:00:00 - 14/05/2024 18:00:00","BZN|BE","Without sequence","2.82","",""
"14/05/2024 18:00:00 - 14/05/2024 19:00:00","BZN|BE","Without sequence","63.78","",""
"14/05/2024 19:00:00 - 14/05/2024 20:00:00","BZN|BE","Without sequence","109.0","",""
"14/05/2024 20:00:00 - 14/05/2024 21:00:00","BZN|BE","Without sequence","130.14","",""
"14/05/2024 21:00:00 - 14/05/2024 22:00:00","BZN|BE","Without sequence","104.66","",""
"14/05/2024 22:00:00 - 14/05/2024 23:00:00","BZN|BE","Without sequence","67.85","",""
"14/05/2024 23:00:00 - 15/05/2024 00:00:00","BZN|BE","Without sequence","59.0","",""
"15/05/2024 00:00:00 - 15/05/2024 01:00:00","BZN|BE","Without sequence","57.8","",""
"15/05/2024 01:00:00 - 15/05/2024 02:00:00","BZN|BE","Without sequence","48.18","",""
"15/05/2024 02:00:00 - 15/05/2024 03:00:00","BZN|BE","Without sequence","48.99","",""
"15/05/2024 03:00:00 - 15/05/2024 04:00:00","BZN|BE","Without sequence","46.95","",""
"15/05/2024 04:00:00 - 15/05/2024 05:00:00","BZN|BE","Without sequence","46.46","",""
"15/05/2024 05:00:00 - 15/05/2024 06:00:00","BZN|BE","Without sequence","53.22","",""
"15/05/2024 06:00:00 - 15/05/2024 07:00:00","BZN|BE","Without sequence","71.76","",""
"15/05/2024 07:00:00 - 15/05/2024 08:00:00","BZN|BE","Without sequence","74.98","",""
"15/05/2024 08:00:00 - 15/05/2024 09:00:00","BZN|BE","Without sequence","70.22","",""
"15/05/2024 09:00:00 - 15/05/2024 10:00:00","BZN|BE","Without sequence","40.34","",""
"15/05/2024 10:00:00 - 15/05/2024 11:00:00","BZN|BE","Without sequence","9.78","",""
"15/05/2024 11:00:00 - 15/05/2024 12:00:00","BZN|BE","Without sequence","11.51","",""
"15/05/2024 12:00:00 - 15/05/2024 13:00:00","BZN|BE","Without sequence","9.25","",""
"15/05/2024 13:00:00 - 15/05/2024 14:00:00","BZN|BE","Without sequence","7.85","",""
"15/05/2024 14:00:00 - 15/05/2024 15:00:00","BZN|BE","Without sequence","7.32","",""
"15/05/2024 15:00:00 - 15/05/2024 16:00:00","BZN|BE","Without sequence","7.21","",""
"15/05/2024 16:00:00 - 15/05/2024 17:00:00","BZN|BE","Without sequence","8.66","",""
"15/05/2024 17:00:00 - 15/05/2024 18:00:00","BZN|BE","Without sequence","46.87","",""
"15/05/2024 18:00:00 - 15/05/2024 19:00:00","BZN|BE","Without sequence","72.5","",""
"15/05/2024 19:00:00 - 15/05/2024 20:00:00","BZN|BE","Without sequence","102.21","",""
"15/05/2024 20:00:00 - 15/05/2024 21:00:00","BZN|BE","Without sequence","119.0","",""
"15/05/2024 21:00:00 - 15/05/2024 22:00:00","BZN|BE","Without sequence","107.28","",""
"15/05/2024 22:00:00 - 15/05/2024 23:00:00","BZN|BE","Without sequence","73.39","",""
"15/05/2024 23:00:00 - 16/05/2024 00:00:00","BZN|BE","Without sequence","62.34","",""
"16/05/2024 00:00:00 - 16/05/2024 01:00:00","BZN|BE","Without sequence","68.41","",""
"16/05/2024 01:00:00 - 16/05/2024 02:00:00","BZN|BE","Without sequence","59.39","",""
"16/05/2024 02:00:00 - 16/05/2024 03:00:00","BZN|BE","Without sequence","50.11","",""
"16/05/2024 03:00:00 - 16/05/2024 04:00:00","BZN|BE","Without sequence","64.98","",""
"16/05/2024 04:00:00 - 16/05/2024 05:00:00","BZN|BE","Without sequence","49.29","",""
"16/05/2024 05:00:00 - 16/05/2024 06:00:00","BZN|BE","Without sequence","52.73","",""
"16/05/2024 06:00:00 - 16/05/2024 07:00:00","BZN|BE","Without sequence","81.07","",""
"16/05/2024 07:00:00 - 16/05/2024 08:00:00","BZN|BE","Without sequence","82.43","",""
"16/05/2024 08:00:00 - 16/05/2024 09:00:00","BZN|BE","Without sequence","83.63","",""
"16/05/2024 09:00:00 - 16/05/2024 10:00:00","BZN|BE","Without sequence","70.54","",""
"16/05/2024 10:00:00 - 16/05/2024 11:00:00","BZN|BE","Without sequence","32.62","",""
"16/05/2024 11:00:00 - 16/05/2024 12:00:00","BZN|BE","Without sequence","11.04","",""
"16/05/2024 12:00:00 - 16/05/2024 13:00:00","BZN|BE","Without sequence","6.48","",""
"16/05/2024 13:00:00 - 16/05/2024 14:00:00","BZN|BE","Without sequence","1.36","",""
"16/05/2024 14:00:00 - 16/05/2024 15:00:00","BZN|BE","Without sequence","2.42","",""
"16/05/2024 15:00:00 - 16/05/2024 16:00:00","BZN|BE","Without sequence","4.06","",""
"16/05/2024 16:00:00 - 16/05/2024 17:00:00","BZN|BE","Without sequence","25.77","",""
"16/05/2024 17:00:00 - 16/05/2024 18:00:00","BZN|BE","Without sequence","54.85","",""
"16/05/2024 18:00:00 - 16/05/2024 19:00:00","BZN|BE","Without sequence","68.9","",""
"16/05/2024 19:00:00 - 16/05/2024 20:00:00","BZN|BE","Without sequence","89.21","",""
"16/05/2024 20:00:00 - 16/05/2024 21:00:00","BZN|BE","Without sequence","111.23","",""
"16/05/2024 21:00:00 - 16/05/2024 22:00:00","BZN|BE","Without sequence","96.7","",""
"16/05/2024 22:00:00 - 16/05/2024 23:00:00","BZN|BE","Without sequence","83.09","",""
"16/05/2024 23:00:00 - 17/05/2024 00:00:00","BZN|BE","Without sequence","70.82","",""
"17/05/2024 00:00:00 - 17/05/2024 01:00:00","BZN|BE","Without sequence","79.25","",""
"17/05/2024 01:00:00 - 17/05/2024 02:00:00","BZN|BE","Without sequence","64.99","",""
"17/05/2024 02:00:00 - 17/05/2024 03:00:00","BZN|BE","Without sequence","64.37","",""
"17/05/2024 03:00:00 - 17/05/2024 04:00:00","BZN|BE","Without sequence","63.71","",""
"17/05/2024 04:00:00 - 17/05/2024 05:00:00","BZN|BE","Without sequence","65.42","",""
"17/05/2024 05:00:00 - 17/05/2024 06:00:00","BZN|BE","Without sequence","64.78","",""
"17/05/2024 06:00:00 - 17/05/2024 07:00:00","BZN|BE","Without sequence","86.4","",""
"17/05/2024 07:00:00 - 17/05/2024 08:00:00","BZN|BE","Without sequence","99.23","",""
"17/05/2024 08:00:00 - 17/05/2024 09:00:00","BZN|BE","Without sequence","95.61","",""
"17/05/2024 09:00:00 - 17/05/2024 10:00:00","BZN|BE","Without sequence","77.78","",""
"17/05/2024 10:00:00 - 17/05/2024 11:00:00","BZN|BE","Without sequence","64.14","",""
"17/05/2024 11:00:00 - 17/05/2024 12:00:00","BZN|BE","Without sequence","53.39","",""
"17/05/2024 12:00:00 - 17/05/2024 13:00:00","BZN|BE","Without sequence","38.23","",""
"17/05/2024 13:00:00 - 17/05/2024 14:00:00","BZN|BE","Without sequence","29.32","",""
"17/05/2024 14:00:00 - 17/05/2024 15:00:00","BZN|BE","Without sequence","33.35","",""
"17/05/2024 15:00:00 - 17/05/2024 16:00:00","BZN|BE","Without sequence","38.72","",""
"17/05/2024 16:00:00 - 17/05/2024 17:00:00","BZN|BE","Without sequence","54.8","",""
"17/05/2024 17:00:00 - 17/05/2024 18:00:00","BZN|BE","Without sequence","65.0","",""
"17/05/2024 18:00:00 - 17/05/2024 19:00:00","BZN|BE","Without sequence","97.72","",""
"17/05/2024 19:00:00 - 17/05/2024 20:00:00","BZN|BE","Without sequence","101.52","",""
"17/05/2024 20:00:00 - 17/05/2024 21:00:00","BZN|BE","Without sequence","101.58","",""
"17/05/2024 21:00:00 - 17/05/2024 22:00:00","BZN|BE","Without sequence","103.62","",""
"17/05/2024 22:00:00 - 17/05/2024 23:00:00","BZN|BE","Without sequence","90.15","",""
"17/05/2024 23:00:00 - 18/05/2024 00:00:00","BZN|BE","Without sequence","83.75","",""
"18/05/2024 00:00:00 - 18/05/2024 01:00:00","BZN|BE","Without sequence","72.92","",""
"18/05/2024 01:00:00 - 18/05/2024 02:00:00","BZN|BE","Without sequence","63.61","",""
"18/05/2024 02:00:00 - 18/05/2024 03:00:00","BZN|BE","Without sequence","58.11","",""
"18/05/2024 03:00:00 - 18/05/2024 04:00:00","BZN|BE","Without sequence","55.54","",""
"18/05/2024 04:00:00 - 18/05/2024 05:00:00","BZN|BE","Without sequence","53.66","",""
"18/05/2024 05:00:00 - 18/05/2024 06:00:00","BZN|BE","Without sequence","59.44","",""
"18/05/2024 06:00:00 - 18/05/2024 07:00:00","BZN|BE","Without sequence","60.07","",""
"18/05/2024 07:00:00 - 18/05/2024 08:00:00","BZN|BE","Without sequence","60.25","",""
"18/05/2024 08:00:00 - 18/05/2024 09:00:00","BZN|BE","Without sequence","54.59","",""
"18/05/2024 09:00:00 - 18/05/2024 10:00:00","BZN|BE","Without sequence","39.58","",""
"18/05/2024 10:00:00 - 18/05/2024 11:00:00","BZN|BE","Without sequence","9.43","",""
"18/05/2024 11:00:00 - 18/05/2024 12:00:00","BZN|BE","Without sequence","0.71","",""
"18/05/2024 12:00:00 - 18/05/2024 13:00:00","BZN|BE","Without sequence","-0.02","",""
"18/05/2024 13:00:00 - 18/05/2024 14:00:00","BZN|BE","Without sequence","-1.28","",""
"18/05/2024 14:00:00 - 18/05/2024 15:00:00","BZN|BE","Without sequence","-2.76","",""
"18/05/2024 15:00:00 - 18/05/2024 16:00:00","BZN|BE","Without sequence","-1.86","",""
"18/05/2024 16:00:00 - 18/05/2024 17:00:00","BZN|BE","Without sequence","-0.02","",""
"18/05/2024 17:00:00 - 18/05/2024 18:00:00","BZN|BE","Without sequence","37.48","",""
"18/05/2024 18:00:00 - 18/05/2024 19:00:00","BZN|BE","Without sequence","61.95","",""
"18/05/2024 19:00:00 - 18/05/2024 20:00:00","BZN|BE","Without sequence","58.66","",""
"18/05/2024 20:00:00 - 18/05/2024 21:00:00","BZN|BE","Without sequence","72.52","",""
"18/05/2024 21:00:00 - 18/05/2024 22:00:00","BZN|BE","Without sequence","62.74","",""
"18/05/2024 22:00:00 - 18/05/2024 23:00:00","BZN|BE","Without sequence","83.84","",""
"18/05/2024 23:00:00 - 19/05/2024 00:00:00","BZN|BE","Without sequence","86.86","",""
"19/05/2024 00:00:00 - 19/05/2024 01:00:00","BZN|BE","Without sequence","90.0","",""
"19/05/2024 01:00:00 - 19/05/2024 02:00:00","BZN|BE","Without sequence","60.22","",""
"19/05/2024 02:00:00 - 19/05/2024 03:00:00","BZN|BE","Without sequence","66.26","",""
"19/05/2024 03:00:00 - 19/05/2024 04:00:00","BZN|BE","Without sequence","64.15","",""
"19/05/2024 04:00:00 - 19/05/2024 05:00:00","BZN|BE","Without sequence","59.01","",""
"19/05/2024 05:00:00 - 19/05/2024 06:00:00","BZN|BE","Without sequence","55.0","",""
"19/05/2024 06:00:00 - 19/05/2024 07:00:00","BZN|BE","Without sequence","55.29","",""
"19/05/2024 07:00:00 - 19/05/2024 08:00:00","BZN|BE","Without sequence","55.97","",""
"19/05/2024 08:00:00 - 19/05/2024 09:00:00","BZN|BE","Without sequence","50.82","",""
"19/05/2024 09:00:00 - 19/05/2024 10:00:00","BZN|BE","Without sequence","6.13","",""
"19/05/2024 10:00:00 - 19/05/2024 11:00:00","BZN|BE","Without sequence","-1.19","",""
"19/05/2024 11:00:00 - 19/05/2024 12:00:00","BZN|BE","Without sequence","-18.95","",""
"19/05/2024 12:00:00 - 19/05/2024 13:00:00","BZN|BE","Without sequence","-25.45","",""
"19/05/2024 13:00:00 - 19/05/2024 14:00:00","BZN|BE","Without sequence","-34.32","",""
"19/05/2024 14:00:00 - 19/05/2024 15:00:00","BZN|BE","Without sequence","-35.96","",""
"19/05/2024 15:00:00 - 19/05/2024 16:00:00","BZN|BE","Without sequence","-24.43","",""
"19/05/2024 16:00:00 - 19/05/2024 17:00:00","BZN|BE","Without sequence","-7.5","",""
"19/05/2024 17:00:00 - 19/05/2024 18:00:00","BZN|BE","Without sequence","-0.11","",""
"19/05/2024 18:00:00 - 19/05/2024 19:00:00","BZN|BE","Without sequence","25.59","",""
"19/05/2024 19:00:00 - 19/05/2024 20:00:00","BZN|BE","Without sequence","42.75","",""
"19/05/2024 20:00:00 - 19/05/2024 21:00:00","BZN|BE","Without sequence","57.61","",""
"19/05/2024 21:00:00 - 19/05/2024 22:00:00","BZN|BE","Without sequence","62.56","",""
"19/05/2024 22:00:00 - 19/05/2024 23:00:00","BZN|BE","Without sequence","61.93","",""
"19/05/2024 23:00:00 - 20/05/2024 00:00:00","BZN|BE","Without sequence","60.26","",""
"20/05/2024 00:00:00 - 20/05/2024 01:00:00","BZN|BE","Without sequence","68.3","",""
"20/05/2024 01:00:00 - 20/05/2024 02:00:00","BZN|BE","Without sequence","64.22","",""
"20/05/2024 02:00:00 - 20/05/2024 03:00:00","BZN|BE","Without sequence","39.36","",""
"20/05/2024 03:00:00 - 20/05/2024 04:00:00","BZN|BE","Without sequence","35.4","",""
"20/05/2024 04:00:00 - 20/05/2024 05:00:00","BZN|BE","Without sequence","36.71","",""
"20/05/2024 05:00:00 - 20/05/2024 06:00:00","BZN|BE","Without sequence","42.37","",""
"20/05/2024 06:00:00 - 20/05/2024 07:00:00","BZN|BE","Without sequence","44.71","",""
"20/05/2024 07:00:00 - 20/05/2024 08:00:00","BZN|BE","Without sequence","47.5","",""
"20/05/2024 08:00:00 - 20/05/2024 09:00:00","BZN|BE","Without sequence","44.2","",""
"20/05/2024 09:00:00 - 20/05/2024 10:00:00","BZN|BE","Without sequence","25.53","",""
"20/05/2024 10:00:00 - 20/05/2024 11:00:00","BZN|BE","Without sequence","12.87","",""
"20/05/2024 11:00:00 - 20/05/2024 12:00:00","BZN|BE","Without sequence","6.98","",""
"20/05/2024 12:00:00 - 20/05/2024 13:00:00","BZN|BE","Without sequence","2.62","",""
"20/05/2024 13:00:00 - 20/05/2024 14:00:00","BZN|BE","Without sequence","0.36","",""
"20/05/2024 14:00:00 - 20/05/2024 15:00:00","BZN|BE","Without sequence","0.12","",""
"20/05/2024 15:00:00 - 20/05/2024 16:00:00","BZN|BE","Without sequence","-0.15","",""
"20/05/2024 16:00:00 - 20/05/2024 17:00:00","BZN|BE","Without sequence","5.56","",""
"20/05/2024 17:00:00 - 20/05/2024 18:00:00","BZN|BE","Without sequence","48.89","",""
"20/05/2024 18:00:00 - 20/05/2024 19:00:00","BZN|BE","Without sequence","38.92","",""
"20/05/2024 19:00:00 - 20/05/2024 20:00:00","BZN|BE","Without sequence","60.83","",""
"20/05/2024 20:00:00 - 20/05/2024 21:00:00","BZN|BE","Without sequence","74.66","",""
"20/05/2024 21:00:00 - 20/05/2024 22:00:00","BZN|BE","Without sequence","75.0","",""
"20/05/2024 22:00:00 - 20/05/2024 23:00:00","BZN|BE","Without sequence","73.08","",""
"20/05/2024 23:00:00 - 21/05/2024 00:00:00","BZN|BE","Without sequence","80.0","",""
"21/05/2024 00:00:00 - 21/05/2024 01:00:00","BZN|BE","Without sequence","92.47","",""
"21/05/2024 01:00:00 - 21/05/2024 02:00:00","BZN|BE","Without sequence","80.0","",""
"21/05/2024 02:00:00 - 21/05/2024 03:00:00","BZN|BE","Without sequence","60.83","",""
"21/05/2024 03:00:00 - 21/05/2024 04:00:00","BZN|BE","Without sequence","62.07","",""
"21/05/2024 04:00:00 - 21/05/2024 05:00:00","BZN|BE","Without sequence","67.86","",""
"21/05/2024 05:00:00 - 21/05/2024 06:00:00","BZN|BE","Without sequence","81.22","",""
"21/05/2024 06:00:00 - 21/05/2024 07:00:00","BZN|BE","Without sequence","82.84","",""
"21/05/2024 07:00:00 - 21/05/2024 08:00:00","BZN|BE","Without sequence","94.51","",""
"21/05/2024 08:00:00 - 21/05/2024 09:00:00","BZN|BE","Without sequence","85.17","",""
"21/05/2024 09:00:00 - 21/05/2024 10:00:00","BZN|BE","Without sequence","71.94","",""
"21/05/2024 10:00:00 - 21/05/2024 11:00:00","BZN|BE","Without sequence","57.72","",""
"21/05/2024 11:00:00 - 21/05/2024 12:00:00","BZN|BE","Without sequence","45.53","",""
"21/05/2024 12:00:00 - 21/05/2024 13:00:00","BZN|BE","Without sequence","26.83","",""
"21/05/2024 13:00:00 - 21/05/2024 14:00:00","BZN|BE","Without sequence","28.06","",""
"21/05/2024 14:00:00 - 21/05/2024 15:00:00","BZN|BE","Without sequence","51.43","",""
"21/05/2024 15:00:00 - 21/05/2024 16:00:00","BZN|BE","Without sequence","54.17","",""
"21/05/2024 16:00:00 - 21/05/2024 17:00:00","BZN|BE","Without sequence","61.55","",""
"21/05/2024 17:00:00 - 21/05/2024 18:00:00","BZN|BE","Without sequence","70.83","",""
"21/05/2024 18:00:00 - 21/05/2024 19:00:00","BZN|BE","Without sequence","99.3","",""
"21/05/2024 19:00:00 - 21/05/2024 20:00:00","BZN|BE","Without sequence","109.4","",""
"21/05/2024 20:00:00 - 21/05/2024 21:00:00","BZN|BE","Without sequence","109.8","",""
"21/05/2024 21:00:00 - 21/05/2024 22:00:00","BZN|BE","Without sequence","93.05","",""
"21/05/2024 22:00:00 - 21/05/2024 23:00:00","BZN|BE","Without sequence","85.49","",""
"21/05/2024 23:00:00 - 22/05/2024 00:00:00","BZN|BE","Without sequence","73.24","",""
"22/05/2024 00:00:00 - 22/05/2024 01:00:00","BZN|BE","Without sequence","71.82","",""
"22/05/2024 01:00:00 - 22/05/2024 02:00:00","BZN|BE","Without sequence","82.12","",""
"22/05/2024 02:00:00 - 22/05/2024 03:00:00","BZN|BE","Without sequence","75.97","",""
"22/05/2024 03:00:00 - 22/05/2024 04:00:00","BZN|BE","Without sequence","66.95","",""
"22/05/2024 04:00:00 - 22/05/2024 05:00:00","BZN|BE","Without sequence","74.25","",""
"22/05/2024 05:00:00 - 22/05/2024 06:00:00","BZN|BE","Without sequence","70.09","",""
"22/05/2024 06:00:00 - 22/05/2024 07:00:00","BZN|BE","Without sequence","52.54","",""
"22/05/2024 07:00:00 - 22/05/2024 08:00:00","BZN|BE","Without sequence","75.76","",""
"22/05/2024 08:00:00 - 22/05/2024 09:00:00","BZN|BE","Without sequence","87.2","",""
"22/05/2024 09:00:00 - 22/05/2024 10:00:00","BZN|BE","Without sequence","71.16","",""
"22/05/2024 10:00:00 - 22/05/2024 11:00:00","BZN|BE","Without sequence","59.11","",""
"22/05/2024 11:00:00 - 22/05/2024 12:00:00","BZN|BE","Without sequence","54.61","",""
"22/05/2024 12:00:00 - 22/05/2024 13:00:00","BZN|BE","Without sequence","20.82","",""
"22/05/2024 13:00:00 - 22/05/2024 14:00:00","BZN|BE","Without sequence","14.58","",""
"22/05/2024 14:00:00 - 22/05/2024 15:00:00","BZN|BE","Without sequence","-20.0","",""
"22/05/2024 15:00:00 - 22/05/2024 16:00:00","BZN|BE","Without sequence","-15.25","",""
"22/05/2024 16:00:00 - 22/05/2024 17:00:00","BZN|BE","Without sequence","-3.29","",""
"22/05/2024 17:00:00 - 22/05/2024 18:00:00","BZN|BE","Without sequence","27.48","",""
"22/05/2024 18:00:00 - 22/05/2024 19:00:00","BZN|BE","Without sequence","52.35","",""
"22/05/2024 19:00:00 - 22/05/2024 20:00:00","BZN|BE","Without sequence","65.99","",""
"22/05/2024 20:00:00 - 22/05/2024 21:00:00","BZN|BE","Without sequence","90.0","",""
"22/05/2024 21:00:00 - 22/05/2024 22:00:00","BZN|BE","Without sequence","68.81","",""
"22/05/2024 22:00:00 - 22/05/2024 23:00:00","BZN|BE","Without sequence","78.7","",""
"22/05/2024 23:00:00 - 23/05/2024 00:00:00","BZN|BE","Without sequence","70.75","",""
"23/05/2024 00:00:00 - 23/05/2024 01:00:00","BZN|BE","Without sequence","61.19","",""
"23/05/2024 01:00:00 - 23/05/2024 02:00:00","BZN|BE","Without sequence","49.92","",""
"23/05/2024 02:00:00 - 23/05/2024 03:00:00","BZN|BE","Without sequence","36.49","",""
"23/05/2024 03:00:00 - 23/05/2024 04:00:00","BZN|BE","Without sequence","43.27","",""
"23/05/2024 04:00:00 - 23/05/2024 05:00:00","BZN|BE","Without sequence","36.46","",""
"23/05/2024 05:00:00 - 23/05/2024 06:00:00","BZN|BE","Without sequence","47.39","",""
"23/05/2024 06:00:00 - 23/05/2024 07:00:00","BZN|BE","Without sequence","56.4","",""
"23/05/2024 07:00:00 - 23/05/2024 08:00:00","BZN|BE","Without sequence","91.34","",""
"23/05/2024 08:00:00 - 23/05/2024 09:00:00","BZN|BE","Without sequence","88.07","",""
"23/05/2024 09:00:00 - 23/05/2024 10:00:00","BZN|BE","Without sequence","73.13","",""
"23/05/2024 10:00:00 - 23/05/2024 11:00:00","BZN|BE","Without sequence","58.38","",""
"23/05/2024 11:00:00 - 23/05/2024 12:00:00","BZN|BE","Without sequence","58.0","",""
"23/05/2024 12:00:00 - 23/05/2024 13:00:00","BZN|BE","Without sequence","48.38","",""
"23/05/2024 13:00:00 - 23/05/2024 14:00:00","BZN|BE","Without sequence","42.91","",""
"23/05/2024 14:00:00 - 23/05/2024 15:00:00","BZN|BE","Without sequence","50.69","",""
"23/05/2024 15:00:00 - 23/05/2024 16:00:00","BZN|BE","Without sequence","57.5","",""
"23/05/2024 16:00:00 - 23/05/2024 17:00:00","BZN|BE","Without sequence","65.66","",""
"23/05/2024 17:00:00 - 23/05/2024 18:00:00","BZN|BE","Without sequence","56.72","",""
"23/05/2024 18:00:00 - 23/05/2024 19:00:00","BZN|BE","Without sequence","67.34","",""
"23/05/2024 19:00:00 - 23/05/2024 20:00:00","BZN|BE","Without sequence","97.68","",""
"23/05/2024 20:00:00 - 23/05/2024 21:00:00","BZN|BE","Without sequence","107.75","",""
"23/05/2024 21:00:00 - 23/05/2024 22:00:00","BZN|BE","Without sequence","114.26","",""
"23/05/2024 22:00:00 - 23/05/2024 23:00:00","BZN|BE","Without sequence","109.02","",""
"23/05/2024 23:00:00 - 24/05/2024 00:00:00","BZN|BE","Without sequence","95.22","",""
"24/05/2024 00:00:00 - 24/05/2024 01:00:00","BZN|BE","Without sequence","94.93","",""
"24/05/2024 01:00:00 - 24/05/2024 02:00:00","BZN|BE","Without sequence","86.18","",""
"24/05/2024 02:00:00 - 24/05/2024 03:00:00","BZN|BE","Without sequence","84.0","",""
"24/05/2024 03:00:00 - 24/05/2024 04:00:00","BZN|BE","Without sequence","87.3","",""
"24/05/2024 04:00:00 - 24/05/2024 05:00:00","BZN|BE","Without sequence","92.1","",""
"24/05/2024 05:00:00 - 24/05/2024 06:00:00","BZN|BE","Without sequence","92.1","",""
"24/05/2024 06:00:00 - 24/05/2024 07:00:00","BZN|BE","Without sequence","103.49","",""
"24/05/2024 07:00:00 - 24/05/2024 08:00:00","BZN|BE","Without sequence","114.74","",""
"24/05/2024 08:00:00 - 24/05/2024 09:00:00","BZN|BE","Without sequence","108.67","",""
"24/05/2024 09:00:00 - 24/05/2024 10:00:00","BZN|BE","Without sequence","99.29","",""
"24/05/2024 10:00:00 - 24/05/2024 11:00:00","BZN|BE","Without sequence","88.37","",""
"24/05/2024 11:00:00 - 24/05/2024 12:00:00","BZN|BE","Without sequence","80.61","",""
"24/05/2024 12:00:00 - 24/05/2024 13:00:00","BZN|BE","Without sequence","79.79","",""
"24/05/2024 13:00:00 - 24/05/2024 14:00:00","BZN|BE","Without sequence","77.2","",""
"24/05/2024 14:00:00 - 24/05/2024 15:00:00","BZN|BE","Without sequence","76.7","",""
"24/05/2024 15:00:00 - 24/05/2024 16:00:00","BZN|BE","Without sequence","81.25","",""
"24/05/2024 16:00:00 - 24/05/2024 17:00:00","BZN|BE","Without sequence","84.11","",""
"24/05/2024 17:00:00 - 24/05/2024 18:00:00","BZN|BE","Without sequence","94.26","",""
"24/05/2024 18:00:00 - 24/05/2024 19:00:00","BZN|BE","Without sequence","105.75","",""
"24/05/2024 19:00:00 - 24/05/2024 20:00:00","BZN|BE","Without sequence","118.66","",""
"24/05/2024 20:00:00 - 24/05/2024 21:00:00","BZN|BE","Without sequence","117.27","",""
"24/05/2024 21:00:00 - 24/05/2024 22:00:00","BZN|BE","Without sequence","115.86","",""
"24/05/2024 22:00:00 - 24/05/2024 23:00:00","BZN|BE","Without sequence","109.67","",""
"24/05/2024 23:00:00 - 25/05/2024 00:00:00","BZN|BE","Without sequence","99.84","",""
"25/05/2024 00:00:00 - 25/05/2024 01:00:00","BZN|BE","Without sequence","94.88","",""
"25/05/2024 01:00:00 - 25/05/2024 02:00:00","BZN|BE","Without sequence","90.27","",""
"25/05/2024 02:00:00 - 25/05/2024 03:00:00","BZN|BE","Without sequence","90.29","",""
"25/05/2024 03:00:00 - 25/05/2024 04:00:00","BZN|BE","Without sequence","89.66","",""
"25/05/2024 04:00:00 - 25/05/2024 05:00:00","BZN|BE","Without sequence","89.55","",""
"25/05/2024 05:00:00 - 25/05/2024 06:00:00","BZN|BE","Without sequence","79.53","",""
"25/05/2024 06:00:00 - 25/05/2024 07:00:00","BZN|BE","Without sequence","80.45","",""
"25/05/2024 07:00:00 - 25/05/2024 08:00:00","BZN|BE","Without sequence","81.16","",""
"25/05/2024 08:00:00 - 25/05/2024 09:00:00","BZN|BE","Without sequence","70.79","",""
"25/05/2024 09:00:00 - 25/05/2024 10:00:00","BZN|BE","Without sequence","69.18","",""
"25/05/2024 10:00:00 - 25/05/2024 11:00:00","BZN|BE","Without sequence","47.3","",""
"25/05/2024 11:00:00 - 25/05/2024 12:00:00","BZN|BE","Without sequence","9.34","",""
"25/05/2024 12:00:00 - 25/05/2024 13:00:00","BZN|BE","Without sequence","3.24","",""
"25/05/2024 13:00:00 - 25/05/2024 14:00:00","BZN|BE","Without sequence","0.04","",""
"25/05/2024 14:00:00 - 25/05/2024 15:00:00","BZN|BE","Without sequence","0.0","",""
"25/05/2024 15:00:00 - 25/05/2024 16:00:00","BZN|BE","Without sequence","0.02","",""
"25/05/2024 16:00:00 - 25/05/2024 17:00:00","BZN|BE","Without sequence","12.04","",""
"25/05/2024 17:00:00 - 25/05/2024 18:00:00","BZN|BE","Without sequence","58.26","",""
"25/05/2024 18:00:00 - 25/05/2024 19:00:00","BZN|BE","Without sequence","79.37","",""
"25/05/2024 19:00:00 - 25/05/2024 20:00:00","BZN|BE","Without sequence","94.57","",""
"25/05/2024 20:00:00 - 25/05/2024 21:00:00","BZN|BE","Without sequence","92.71","",""
"25/05/2024 21:00:00 - 25/05/2024 22:00:00","BZN|BE","Without sequence","113.8","",""
"25/05/2024 22:00:00 - 25/05/2024 23:00:00","BZN|BE","Without sequence","100.0","",""
"25/05/2024 23:00:00 - 26/05/2024 00:00:00","BZN|BE","Without sequence","94.57","",""
"26/05/2024 00:00:00 - 26/05/2024 01:00:00","BZN|BE","Without sequence","112.0","",""
"26/05/2024 01:00:00 - 26/05/2024 02:00:00","BZN|BE","Without sequence","76.0","",""
"26/05/2024 02:00:00 - 26/05/2024 03:00:00","BZN|BE","Without sequence","77.3","",""
"26/05/2024 03:00:00 - 26/05/2024 04:00:00","BZN|BE","Without sequence","65.1","",""
"26/05/2024 04:00:00 - 26/05/2024 05:00:00","BZN|BE","Without sequence","67.0","",""
"26/05/2024 05:00:00 - 26/05/2024 06:00:00","BZN|BE","Without sequence","66.0","",""
"26/05/2024 06:00:00 - 26/05/2024 07:00:00","BZN|BE","Without sequence","55.24","",""
"26/05/2024 07:00:00 - 26/05/2024 08:00:00","BZN|BE","Without sequence","50.59","",""
"26/05/2024 08:00:00 - 26/05/2024 09:00:00","BZN|BE","Without sequence","13.25","",""
"26/05/2024 09:00:00 - 26/05/2024 10:00:00","BZN|BE","Without sequence","0.02","",""
"26/05/2024 10:00:00 - 26/05/2024 11:00:00","BZN|BE","Without sequence","0.0","",""
"26/05/2024 11:00:00 - 26/05/2024 12:00:00","BZN|BE","Without sequence","-0.09","",""
"26/05/2024 12:00:00 - 26/05/2024 13:00:00","BZN|BE","Without sequence","-2.12","",""
"26/05/2024 13:00:00 - 26/05/2024 14:00:00","BZN|BE","Without sequence","-10.64","",""
"26/05/2024 14:00:00 - 26/05/2024 15:00:00","BZN|BE","Without sequence","-23.85","",""
"26/05/2024 15:00:00 - 26/05/2024 16:00:00","BZN|BE","Without sequence","-9.9","",""
"26/05/2024 16:00:00 - 26/05/2024 17:00:00","BZN|BE","Without sequence","-0.6","",""
"26/05/2024 17:00:00 - 26/05/2024 18:00:00","BZN|BE","Without sequence","29.72","",""
"26/05/2024 18:00:00 - 26/05/2024 19:00:00","BZN|BE","Without sequence","49.59","",""
"26/05/2024 19:00:00 - 26/05/2024 20:00:00","BZN|BE","Without sequence","87.5","",""
"26/05/2024 20:00:00 - 26/05/2024 21:00:00","BZN|BE","Without sequence","80.0","",""
"26/05/2024 21:00:00 - 26/05/2024 22:00:00","BZN|BE","Without sequence","98.8","",""
"26/05/2024 22:00:00 - 26/05/2024 23:00:00","BZN|BE","Without sequence","91.5","",""
"26/05/2024 23:00:00 - 27/05/2024 00:00:00","BZN|BE","Without sequence","87.5","",""
"27/05/2024 00:00:00 - 27/05/2024 01:00:00","BZN|BE","Without sequence","64.94","",""
"27/05/2024 01:00:00 - 27/05/2024 02:00:00","BZN|BE","Without sequence","64.96","",""
"27/05/2024 02:00:00 - 27/05/2024 03:00:00","BZN|BE","Without sequence","64.02","",""
"27/05/2024 03:00:00 - 27/05/2024 04:00:00","BZN|BE","Without sequence","63.97","",""
"27/05/2024 04:00:00 - 27/05/2024 05:00:00","BZN|BE","Without sequence","65.77","",""
"27/05/2024 05:00:00 - 27/05/2024 06:00:00","BZN|BE","Without sequence","71.4","",""
"27/05/2024 06:00:00 - 27/05/2024 07:00:00","BZN|BE","Without sequence","86.38","",""
"27/05/2024 07:00:00 - 27/05/2024 08:00:00","BZN|BE","Without sequence","99.38","",""
"27/05/2024 08:00:00 - 27/05/2024 09:00:00","BZN|BE","Without sequence","93.55","",""
"27/05/2024 09:00:00 - 27/05/2024 10:00:00","BZN|BE","Without sequence","81.88","",""
"27/05/2024 10:00:00 - 27/05/2024 11:00:00","BZN|BE","Without sequence","74.74","",""
"27/05/2024 11:00:00 - 27/05/2024 12:00:00","BZN|BE","Without sequence","71.72","",""
"27/05/2024 12:00:00 - 27/05/2024 13:00:00","BZN|BE","Without sequence","65.71","",""
"27/05/2024 13:00:00 - 27/05/2024 14:00:00","BZN|BE","Without sequence","62.15","",""
"27/05/2024 14:00:00 - 27/05/2024 15:00:00","BZN|BE","Without sequence","60.39","",""
"27/05/2024 15:00:00 - 27/05/2024 16:00:00","BZN|BE","Without sequence","61.88","",""
"27/05/2024 16:00:00 - 27/05/2024 17:00:00","BZN|BE","Without sequence","65.07","",""
"27/05/2024 17:00:00 - 27/05/2024 18:00:00","BZN|BE","Without sequence","77.75","",""
"27/05/2024 18:00:00 - 27/05/2024 19:00:00","BZN|BE","Without sequence","93.27","",""
"27/05/2024 19:00:00 - 27/05/2024 20:00:00","BZN|BE","Without sequence","124.65","",""
"27/05/2024 20:00:00 - 27/05/2024 21:00:00","BZN|BE","Without sequence","147.15","",""
"27/05/2024 21:00:00 - 27/05/2024 22:00:00","BZN|BE","Without sequence","123.48","",""
"27/05/2024 22:00:00 - 27/05/2024 23:00:00","BZN|BE","Without sequence","104.13","",""
"27/05/2024 23:00:00 - 28/05/2024 00:00:00","BZN|BE","Without sequence","86.11","",""
"28/05/2024 00:00:00 - 28/05/2024 01:00:00","BZN|BE","Without sequence","80.65","",""
"28/05/2024 01:00:00 - 28/05/2024 02:00:00","BZN|BE","Without sequence","90.0","",""
"28/05/2024 02:00:00 - 28/05/2024 03:00:00","BZN|BE","Without sequence","71.16","",""
"28/05/2024 03:00:00 - 28/05/2024 04:00:00","BZN|BE","Without sequence","82.0","",""
"28/05/2024 04:00:00 - 28/05/2024 05:00:00","BZN|BE","Without sequence","84.5","",""
"28/05/2024 05:00:00 - 28/05/2024 06:00:00","BZN|BE","Without sequence","70.0","",""
"28/05/2024 06:00:00 - 28/05/2024 07:00:00","BZN|BE","Without sequence","83.98","",""
"28/05/2024 07:00:00 - 28/05/2024 08:00:00","BZN|BE","Without sequence","96.26","",""
"28/05/2024 08:00:00 - 28/05/2024 09:00:00","BZN|BE","Without sequence","86.85","",""
"28/05/2024 09:00:00 - 28/05/2024 10:00:00","BZN|BE","Without sequence","72.72","",""
"28/05/2024 10:00:00 - 28/05/2024 11:00:00","BZN|BE","Without sequence","61.29","",""
"28/05/2024 11:00:00 - 28/05/2024 12:00:00","BZN|BE","Without sequence","51.62","",""
"28/05/2024 12:00:00 - 28/05/2024 13:00:00","BZN|BE","Without sequence","45.47","",""
"28/05/2024 13:00:00 - 28/05/2024 14:00:00","BZN|BE","Without sequence","41.15","",""
"28/05/2024 14:00:00 - 28/05/2024 15:00:00","BZN|BE","Without sequence","41.26","",""
"28/05/2024 15:00:00 - 28/05/2024 16:00:00","BZN|BE","Without sequence","48.87","",""
"28/05/2024 16:00:00 - 28/05/2024 17:00:00","BZN|BE","Without sequence","54.39","",""
"28/05/2024 17:00:00 - 28/05/2024 18:00:00","BZN|BE","Without sequence","65.46","",""
"28/05/2024 18:00:00 - 28/05/2024 19:00:00","BZN|BE","Without sequence","78.62","",""
"28/05/2024 19:00:00 - 28/05/2024 20:00:00","BZN|BE","Without sequence","69.62","",""
"28/05/2024 20:00:00 - 28/05/2024 21:00:00","BZN|BE","Without sequence","76.17","",""
"28/05/2024 21:00:00 - 28/05/2024 22:00:00","BZN|BE","Without sequence","96.44","",""
"28/05/2024 22:00:00 - 28/05/2024 23:00:00","BZN|BE","Without sequence","83.76","",""
"28/05/2024 23:00:00 - 29/05/2024 00:00:00","BZN|BE","Without sequence","73.7","",""
"29/05/2024 00:00:00 - 29/05/2024 01:00:00","BZN|BE","Without sequence","65.41","",""
"29/05/2024 01:00:00 - 29/05/2024 02:00:00","BZN|BE","Without sequence","50.96","",""
"29/05/2024 02:00:00 - 29/05/2024 03:00:00","BZN|BE","Without sequence","46.72","",""
"29/05/2024 03:00:00 - 29/05/2024 04:00:00","BZN|BE","Without sequence","41.35","",""
"29/05/2024 04:00:00 - 29/05/2024 05:00:00","BZN|BE","Without sequence","38.49","",""
"29/05/2024 05:00:00 - 29/05/2024 06:00:00","BZN|BE","Without sequence","40.71","",""
"29/05/2024 06:00:00 - 29/05/2024 07:00:00","BZN|BE","Without sequence","59.94","",""
"29/05/2024 07:00:00 - 29/05/2024 08:00:00","BZN|BE","Without sequence","76.93","",""
"29/05/2024 08:00:00 - 29/05/2024 09:00:00","BZN|BE","Without sequence","81.6","",""
"29/05/2024 09:00:00 - 29/05/2024 10:00:00","BZN|BE","Without sequence","61.31","",""
"29/05/2024 10:00:00 - 29/05/2024 11:00:00","BZN|BE","Without sequence","54.82","",""
"29/05/2024 11:00:00 - 29/05/2024 12:00:00","BZN|BE","Without sequence","47.91","",""
"29/05/2024 12:00:00 - 29/05/2024 13:00:00","BZN|BE","Without sequence","45.56","",""
"29/05/2024 13:00:00 - 29/05/2024 14:00:00","BZN|BE","Without sequence","45.51","",""
"29/05/2024 14:00:00 - 29/05/2024 15:00:00","BZN|BE","Without sequence","45.03","",""
"29/05/2024 15:00:00 - 29/05/2024 16:00:00","BZN|BE","Without sequence","50.42","",""
"29/05/2024 16:00:00 - 29/05/2024 17:00:00","BZN|BE","Without sequence","56.93","",""
"29/05/2024 17:00:00 - 29/05/2024 18:00:00","BZN|BE","Without sequence","50.51","",""
"29/05/2024 18:00:00 - 29/05/2024 19:00:00","BZN|BE","Without sequence","78.0","",""
"29/05/2024 19:00:00 - 29/05/2024 20:00:00","BZN|BE","Without sequence","92.01","",""
"29/05/2024 20:00:00 - 29/05/2024 21:00:00","BZN|BE","Without sequence","80.74","",""
"29/05/2024 21:00:00 - 29/05/2024 22:00:00","BZN|BE","Without sequence","97.97","",""
"29/05/2024 22:00:00 - 29/05/2024 23:00:00","BZN|BE","Without sequence","90.17","",""
"29/05/2024 23:00:00 - 30/05/2024 00:00:00","BZN|BE","Without sequence","104.64","",""
"30/05/2024 00:00:00 - 30/05/2024 01:00:00","BZN|BE","Without sequence","79.08","",""
"30/05/2024 01:00:00 - 30/05/2024 02:00:00","BZN|BE","Without sequence","73.67","",""
"30/05/2024 02:00:00 - 30/05/2024 03:00:00","BZN|BE","Without sequence","53.88","",""
"30/05/2024 03:00:00 - 30/05/2024 04:00:00","BZN|BE","Without sequence","61.93","",""
"30/05/2024 04:00:00 - 30/05/2024 05:00:00","BZN|BE","Without sequence","44.62","",""
"30/05/2024 05:00:00 - 30/05/2024 06:00:00","BZN|BE","Without sequence","43.02","",""
"30/05/2024 06:00:00 - 30/05/2024 07:00:00","BZN|BE","Without sequence","65.0","",""
"30/05/2024 07:00:00 - 30/05/2024 08:00:00","BZN|BE","Without sequence","90.28","",""
"30/05/2024 08:00:00 - 30/05/2024 09:00:00","BZN|BE","Without sequence","82.41","",""
"30/05/2024 09:00:00 - 30/05/2024 10:00:00","BZN|BE","Without sequence","76.77","",""
"30/05/2024 10:00:00 - 30/05/2024 11:00:00","BZN|BE","Without sequence","65.45","",""
"30/05/2024 11:00:00 - 30/05/2024 12:00:00","BZN|BE","Without sequence","59.96","",""
"30/05/2024 12:00:00 - 30/05/2024 13:00:00","BZN|BE","Without sequence","53.06","",""
"30/05/2024 13:00:00 - 30/05/2024 14:00:00","BZN|BE","Without sequence","45.9","",""
"30/05/2024 14:00:00 - 30/05/2024 15:00:00","BZN|BE","Without sequence","46.41","",""
"30/05/2024 15:00:00 - 30/05/2024 16:00:00","BZN|BE","Without sequence","49.76","",""
"30/05/2024 16:00:00 - 30/05/2024 17:00:00","BZN|BE","Without sequence","61.41","",""
"30/05/2024 17:00:00 - 30/05/2024 18:00:00","BZN|BE","Without sequence","65.91","",""
"30/05/2024 18:00:00 - 30/05/2024 19:00:00","BZN|BE","Without sequence","83.77","",""
"30/05/2024 19:00:00 - 30/05/2024 20:00:00","BZN|BE","Without sequence","106.0","",""
"30/05/2024 20:00:00 - 30/05/2024 21:00:00","BZN|BE","Without sequence","122.55","",""
"30/05/2024 21:00:00 - 30/05/2024 22:00:00","BZN|BE","Without sequence","113.9","",""
"30/05/2024 22:00:00 - 30/05/2024 23:00:00","BZN|BE","Without sequence","92.12","",""
"30/05/2024 23:00:00 - 31/05/2024 00:00:00","BZN|BE","Without sequence","83.42","",""
"31/05/2024 00:00:00 - 31/05/2024 01:00:00","BZN|BE","Without sequence","50.98","",""
"31/05/2024 01:00:00 - 31/05/2024 02:00:00","BZN|BE","Without sequence","53.17","",""
"31/05/2024 02:00:00 - 31/05/2024 03:00:00","BZN|BE","Without sequence","33.02","",""
"31/05/2024 03:00:00 - 31/05/2024 04:00:00","BZN|BE","Without sequence","53.17","",""
"31/05/2024 04:00:00 - 31/05/2024 05:00:00","BZN|BE","Without sequence","55.27","",""
"31/05/2024 05:00:00 - 31/05/2024 06:00:00","BZN|BE","Without sequence","36.73","",""
"31/05/2024 06:00:00 - 31/05/2024 07:00:00","BZN|BE","Without sequence","52.0","",""
"31/05/2024 07:00:00 - 31/05/2024 08:00:00","BZN|BE","Without sequence","82.21","",""
"31/05/2024 08:00:00 - 31/05/2024 09:00:00","BZN|BE","Without sequence","81.3","",""
"31/05/2024 09:00:00 - 31/05/2024 10:00:00","BZN|BE","Without sequence","75.9","",""
"31/05/2024 10:00:00 - 31/05/2024 11:00:00","BZN|BE","Without sequence","69.28","",""
"31/05/2024 11:00:00 - 31/05/2024 12:00:00","BZN|BE","Without sequence","65.27","",""
"31/05/2024 12:00:00 - 31/05/2024 13:00:00","BZN|BE","Without sequence","56.11","",""
"31/05/2024 13:00:00 - 31/05/2024 14:00:00","BZN|BE","Without sequence","50.42","",""
"31/05/2024 14:00:00 - 31/05/2024 15:00:00","BZN|BE","Without sequence","46.52","",""
"31/05/2024 15:00:00 - 31/05/2024 16:00:00","BZN|BE","Without sequence","42.99","",""
"31/05/2024 16:00:00 - 31/05/2024 17:00:00","BZN|BE","Without sequence","46.3","",""
"31/05/2024 17:00:00 - 31/05/2024 18:00:00","BZN|BE","Without sequence","57.84","",""
"31/05/2024 18:00:00 - 31/05/2024 19:00:00","BZN|BE","Without sequence","69.78","",""
"31/05/2024 19:00:00 - 31/05/2024 20:00:00","BZN|BE","Without sequence","82.22","",""
"31/05/2024 20:00:00 - 31/05/2024 21:00:00","BZN|BE","Without sequence","81.69","",""
"31/05/2024 21:00:00 - 31/05/2024 22:00:00","BZN|BE","Without sequence","69.88","",""
"31/05/2024 22:00:00 - 31/05/2024 23:00:00","BZN|BE","Without sequence","72.1","",""
"31/05/2024 23:00:00 - 01/06/2024 00:00:00","BZN|BE","Without sequence","64.23","",""
"01/06/2024 00:00:00 - 01/06/2024 01:00:00","BZN|BE","Without sequence","56.82","",""
"01/06/2024 01:00:00 - 01/06/2024 02:00:00","BZN|BE","Without sequence","56.35","",""
"01/06/2024 02:00:00 - 01/06/2024 03:00:00","BZN|BE","Without sequence","34.39","",""
"01/06/2024 03:00:00 - 01/06/2024 04:00:00","BZN|BE","Without sequence","50.77","",""
"01/06/2024 04:00:00 - 01/06/2024 05:00:00","BZN|BE","Without sequence","29.48","",""
"01/06/2024 05:00:00 - 01/06/2024 06:00:00","BZN|BE","Without sequence","31.95","",""
"01/06/2024 06:00:00 - 01/06/2024 07:00:00","BZN|BE","Without sequence","32.12","",""
"01/06/2024 07:00:00 - 01/06/2024 08:00:00","BZN|BE","Without sequence","34.15","",""
"01/06/2024 08:00:00 - 01/06/2024 09:00:00","BZN|BE","Without sequence","53.41","",""
"01/06/2024 09:00:00 - 01/06/2024 10:00:00","BZN|BE","Without sequence","45.31","",""
"01/06/2024 10:00:00 - 01/06/2024 11:00:00","BZN|BE","Without sequence","33.11","",""
"01/06/2024 11:00:00 - 01/06/2024 12:00:00","BZN|BE","Without sequence","29.46","",""
"01/06/2024 12:00:00 - 01/06/2024 13:00:00","BZN|BE","Without sequence","14.94","",""
"01/06/2024 13:00:00 - 01/06/2024 14:00:00","BZN|BE","Without sequence","5.18","",""
"01/06/2024 14:00:00 - 01/06/2024 15:00:00","BZN|BE","Without sequence","-0.07","",""
"01/06/2024 15:00:00 - 01/06/2024 16:00:00","BZN|BE","Without sequence","-0.21","",""
"01/06/2024 16:00:00 - 01/06/2024 17:00:00","BZN|BE","Without sequence","8.92","",""
"01/06/2024 17:00:00 - 01/06/2024 18:00:00","BZN|BE","Without sequence","36.6","",""
"01/06/2024 18:00:00 - 01/06/2024 19:00:00","BZN|BE","Without sequence","47.69","",""
"01/06/2024 19:00:00 - 01/06/2024 20:00:00","BZN|BE","Without sequence","56.34","",""
"01/06/2024 20:00:00 - 01/06/2024 21:00:00","BZN|BE","Without sequence","56.68","",""
"01/06/2024 21:00:00 - 01/06/2024 22:00:00","BZN|BE","Without sequence","53.84","",""
"01/06/2024 22:00:00 - 01/06/2024 23:00:00","BZN|BE","Without sequence","55.53","",""
"01/06/2024 23:00:00 - 02/06/2024 00:00:00","BZN|BE","Without sequence","51.52","",""
"02/06/2024 00:00:00 - 02/06/2024 01:00:00","BZN|BE","Without sequence","29.17","",""
"02/06/2024 01:00:00 - 02/06/2024 02:00:00","BZN|BE","Without sequence","21.39","",""
"02/06/2024 02:00:00 - 02/06/2024 03:00:00","BZN|BE","Without sequence","11.66","",""
"02/06/2024 03:00:00 - 02/06/2024 04:00:00","BZN|BE","Without sequence","5.66","",""
"02/06/2024 04:00:00 - 02/06/2024 05:00:00","BZN|BE","Without sequence","8.8","",""
"02/06/2024 05:00:00 - 02/06/2024 06:00:00","BZN|BE","Without sequence","5.2","",""
"02/06/2024 06:00:00 - 02/06/2024 07:00:00","BZN|BE","Without sequence","4.91","",""
"02/06/2024 07:00:00 - 02/06/2024 08:00:00","BZN|BE","Without sequence","4.11","",""
"02/06/2024 08:00:00 - 02/06/2024 09:00:00","BZN|BE","Without sequence","0.97","",""
"02/06/2024 09:00:00 - 02/06/2024 10:00:00","BZN|BE","Without sequence","-0.02","",""
"02/06/2024 10:00:00 - 02/06/2024 11:00:00","BZN|BE","Without sequence","-3.27","",""
"02/06/2024 11:00:00 - 02/06/2024 12:00:00","BZN|BE","Without sequence","-7.94","",""
"02/06/2024 12:00:00 - 02/06/2024 13:00:00","BZN|BE","Without sequence","-14.0","",""
"02/06/2024 13:00:00 - 02/06/2024 14:00:00","BZN|BE","Without sequence","-27.46","",""
"02/06/2024 14:00:00 - 02/06/2024 15:00:00","BZN|BE","Without sequence","-40.61","",""
"02/06/2024 15:00:00 - 02/06/2024 16:00:00","BZN|BE","Without sequence","-76.89","",""
"02/06/2024 16:00:00 - 02/06/2024 17:00:00","BZN|BE","Without sequence","-20.0","",""
"02/06/2024 17:00:00 - 02/06/2024 18:00:00","BZN|BE","Without sequence","-1.17","",""
"02/06/2024 18:00:00 - 02/06/2024 19:00:00","BZN|BE","Without sequence","9.72","",""
"02/06/2024 19:00:00 - 02/06/2024 20:00:00","BZN|BE","Without sequence","49.58","",""
"02/06/2024 20:00:00 - 02/06/2024 21:00:00","BZN|BE","Without sequence","63.44","",""
"02/06/2024 21:00:00 - 02/06/2024 22:00:00","BZN|BE","Without sequence","91.46","",""
"02/06/2024 22:00:00 - 02/06/2024 23:00:00","BZN|BE","Without sequence","85.82","",""
"02/06/2024 23:00:00 - 03/06/2024 00:00:00","BZN|BE","Without sequence","78.3","",""
"03/06/2024 00:00:00 - 03/06/2024 01:00:00","BZN|BE","Without sequence","75.58","",""
"03/06/2024 01:00:00 - 03/06/2024 02:00:00","BZN|BE","Without sequence","70.36","",""
"03/06/2024 02:00:00 - 03/06/2024 03:00:00","BZN|BE","Without sequence","75.38","",""
"03/06/2024 03:00:00 - 03/06/2024 04:00:00","BZN|BE","Without sequence","67.08","",""
"03/06/2024 04:00:00 - 03/06/2024 05:00:00","BZN|BE","Without sequence","64.49","",""
"03/06/2024 05:00:00 - 03/06/2024 06:00:00","BZN|BE","Without sequence","72.87","",""
"03/06/2024 06:00:00 - 03/06/2024 07:00:00","BZN|BE","Without sequence","99.93","",""
"03/06/2024 07:00:00 - 03/06/2024 08:00:00","BZN|BE","Without sequence","140.01","",""
"03/06/2024 08:00:00 - 03/06/2024 09:00:00","BZN|BE","Without sequence","129.42","",""
"03/06/2024 09:00:00 - 03/06/2024 10:00:00","BZN|BE","Without sequence","99.42","",""
"03/06/2024 10:00:00 - 03/06/2024 11:00:00","BZN|BE","Without sequence","77.5","",""
"03/06/2024 11:00:00 - 03/06/2024 12:00:00","BZN|BE","Without sequence","68.4","",""
"03/06/2024 12:00:00 - 03/06/2024 13:00:00","BZN|BE","Without sequence","60.53","",""
"03/06/2024 13:00:00 - 03/06/2024 14:00:00","BZN|BE","Without sequence","53.72","",""
"03/06/2024 14:00:00 - 03/06/2024 15:00:00","BZN|BE","Without sequence","48.0","",""
"03/06/2024 15:00:00 - 03/06/2024 16:00:00","BZN|BE","Without sequence","50.49","",""
"03/06/2024 16:00:00 - 03/06/2024 17:00:00","BZN|BE","Without sequence","55.27","",""
"03/06/2024 17:00:00 - 03/06/2024 18:00:00","BZN|BE","Without sequence","77.8","",""
"03/06/2024 18:00:00 - 03/06/2024 19:00:00","BZN|BE","Without sequence","100.68","",""
"03/06/2024 19:00:00 - 03/06/2024 20:00:00","BZN|BE","Without sequence","138.3","",""
"03/06/2024 20:00:00 - 03/06/2024 21:00:00","BZN|BE","Without sequence","167.56","",""
"03/06/2024 21:00:00 - 03/06/2024 22:00:00","BZN|BE","Without sequence","155.38","",""
"03/06/2024 22:00:00 - 03/06/2024 23:00:00","BZN|BE","Without sequence","125.48","",""
"03/06/2024 23:00:00 - 04/06/2024 00:00:00","BZN|BE","Without sequence","99.58","",""
"04/06/2024 00:00:00 - 04/06/2024 01:00:00","BZN|BE","Without sequence","104.55","",""
"04/06/2024 01:00:00 - 04/06/2024 02:00:00","BZN|BE","Without sequence","96.28","",""
"04/06/2024 02:00:00 - 04/06/2024 03:00:00","BZN|BE","Without sequence","89.49","",""
"04/06/2024 03:00:00 - 04/06/2024 04:00:00","BZN|BE","Without sequence","78.0","",""
"04/06/2024 04:00:00 - 04/06/2024 05:00:00","BZN|BE","Without sequence","73.33","",""
"04/06/2024 05:00:00 - 04/06/2024 06:00:00","BZN|BE","Without sequence","87.7","",""
"04/06/2024 06:00:00 - 04/06/2024 07:00:00","BZN|BE","Without sequence","135.89","",""
"04/06/2024 07:00:00 - 04/06/2024 08:00:00","BZN|BE","Without sequence","142.98","",""
"04/06/2024 08:00:00 - 04/06/2024 09:00:00","BZN|BE","Without sequence","132.15","",""
"04/06/2024 09:00:00 - 04/06/2024 10:00:00","BZN|BE","Without sequence","105.1","",""
"04/06/2024 10:00:00 - 04/06/2024 11:00:00","BZN|BE","Without sequence","85.21","",""
"04/06/2024 11:00:00 - 04/06/2024 12:00:00","BZN|BE","Without sequence","66.71","",""
"04/06/2024 12:00:00 - 04/06/2024 13:00:00","BZN|BE","Without sequence","57.5","",""
"04/06/2024 13:00:00 - 04/06/2024 14:00:00","BZN|BE","Without sequence","42.91","",""
"04/06/2024 14:00:00 - 04/06/2024 15:00:00","BZN|BE","Without sequence","30.94","",""
"04/06/2024 15:00:00 - 04/06/2024 16:00:00","BZN|BE","Without sequence","33.4","",""
"04/06/2024 16:00:00 - 04/06/2024 17:00:00","BZN|BE","Without sequence","42.77","",""
"04/06/2024 17:00:00 - 04/06/2024 18:00:00","BZN|BE","Without sequence","53.93","",""
"04/06/2024 18:00:00 - 04/06/2024 19:00:00","BZN|BE","Without sequence","83.49","",""
"04/06/2024 19:00:00 - 04/06/2024 20:00:00","BZN|BE","Without sequence","116.1","",""
"04/06/2024 20:00:00 - 04/06/2024 21:00:00","BZN|BE","Without sequence","142.59","",""
"04/06/2024 21:00:00 - 04/06/2024 22:00:00","BZN|BE","Without sequence","104.18","",""
"04/06/2024 22:00:00 - 04/06/2024 23:00:00","BZN|BE","Without sequence","89.75","",""
"04/06/2024 23:00:00 - 05/06/2024 00:00:00","BZN|BE","Without sequence","67.02","",""
"05/06/2024 00:00:00 - 05/06/2024 01:00:00","BZN|BE","Without sequence","58.09","",""
"05/06/2024 01:00:00 - 05/06/2024 02:00:00","BZN|BE","Without sequence","46.04","",""
"05/06/2024 02:00:00 - 05/06/2024 03:00:00","BZN|BE","Without sequence","46.64","",""
"05/06/2024 03:00:00 - 05/06/2024 04:00:00","BZN|BE","Without sequence","47.35","",""
"05/06/2024 04:00:00 - 05/06/2024 05:00:00","BZN|BE","Without sequence","49.24","",""
"05/06/2024 05:00:00 - 05/06/2024 06:00:00","BZN|BE","Without sequence","64.83","",""
"05/06/2024 06:00:00 - 05/06/2024 07:00:00","BZN|BE","Without sequence","84.71","",""
"05/06/2024 07:00:00 - 05/06/2024 08:00:00","BZN|BE","Without sequence","108.88","",""
"05/06/2024 08:00:00 - 05/06/2024 09:00:00","BZN|BE","Without sequence","91.41","",""
"05/06/2024 09:00:00 - 05/06/2024 10:00:00","BZN|BE","Without sequence","67.16","",""
"05/06/2024 10:00:00 - 05/06/2024 11:00:00","BZN|BE","Without sequence","48.88","",""
"05/06/2024 11:00:00 - 05/06/2024 12:00:00","BZN|BE","Without sequence","42.14","",""
"05/06/2024 12:00:00 - 05/06/2024 13:00:00","BZN|BE","Without sequence","33.36","",""
"05/06/2024 13:00:00 - 05/06/2024 14:00:00","BZN|BE","Without sequence","21.08","",""
"05/06/2024 14:00:00 - 05/06/2024 15:00:00","BZN|BE","Without sequence","17.93","",""
"05/06/2024 15:00:00 - 05/06/2024 16:00:00","BZN|BE","Without sequence","22.85","",""
"05/06/2024 16:00:00 - 05/06/2024 17:00:00","BZN|BE","Without sequence","43.05","",""
"05/06/2024 17:00:00 - 05/06/2024 18:00:00","BZN|BE","Without sequence","60.25","",""
"05/06/2024 18:00:00 - 05/06/2024 19:00:00","BZN|BE","Without sequence","87.49","",""
"05/06/2024 19:00:00 - 05/06/2024 20:00:00","BZN|BE","Without sequence","113.28","",""
"05/06/2024 20:00:00 - 05/06/2024 21:00:00","BZN|BE","Without sequence","132.29","",""
"05/06/2024 21:00:00 - 05/06/2024 22:00:00","BZN|BE","Without sequence","137.07","",""
"05/06/2024 22:00:00 - 05/06/2024 23:00:00","BZN|BE","Without sequence","125.9","",""
"05/06/2024 23:00:00 - 06/06/2024 00:00:00","BZN|BE","Without sequence","102.38","",""
"06/06/2024 00:00:00 - 06/06/2024 01:00:00","BZN|BE","Without sequence","83.63","",""
"06/06/2024 01:00:00 - 06/06/2024 02:00:00","BZN|BE","Without sequence","75.1","",""
"06/06/2024 02:00:00 - 06/06/2024 03:00:00","BZN|BE","Without sequence","71.47","",""
"06/06/2024 03:00:00 - 06/06/2024 04:00:00","BZN|BE","Without sequence","68.21","",""
"06/06/2024 04:00:00 - 06/06/2024 05:00:00","BZN|BE","Without sequence","75.12","",""
"06/06/2024 05:00:00 - 06/06/2024 06:00:00","BZN|BE","Without sequence","81.7","",""
"06/06/2024 06:00:00 - 06/06/2024 07:00:00","BZN|BE","Without sequence","105.02","",""
"06/06/2024 07:00:00 - 06/06/2024 08:00:00","BZN|BE","Without sequence","111.56","",""
"06/06/2024 08:00:00 - 06/06/2024 09:00:00","BZN|BE","Without sequence","93.17","",""
"06/06/2024 09:00:00 - 06/06/2024 10:00:00","BZN|BE","Without sequence","70.87","",""
"06/06/2024 10:00:00 - 06/06/2024 11:00:00","BZN|BE","Without sequence","57.8","",""
"06/06/2024 11:00:00 - 06/06/2024 12:00:00","BZN|BE","Without sequence","30.34","",""
"06/06/2024 12:00:00 - 06/06/2024 13:00:00","BZN|BE","Without sequence","25.52","",""
"06/06/2024 13:00:00 - 06/06/2024 14:00:00","BZN|BE","Without sequence","19.8","",""
"06/06/2024 14:00:00 - 06/06/2024 15:00:00","BZN|BE","Without sequence","19.2","",""
"06/06/2024 15:00:00 - 06/06/2024 16:00:00","BZN|BE","Without sequence","28.21","",""
"06/06/2024 16:00:00 - 06/06/2024 17:00:00","BZN|BE","Without sequence","49.57","",""
"06/06/2024 17:00:00 - 06/06/2024 18:00:00","BZN|BE","Without sequence","71.4","",""
"06/06/2024 18:00:00 - 06/06/2024 19:00:00","BZN|BE","Without sequence","90.16","",""
"06/06/2024 19:00:00 - 06/06/2024 20:00:00","BZN|BE","Without sequence","108.77","",""
"06/06/2024 20:00:00 - 06/06/2024 21:00:00","BZN|BE","Without sequence","138.83","",""
"06/06/2024 21:00:00 - 06/06/2024 22:00:00","BZN|BE","Without sequence","139.4","",""
"06/06/2024 22:00:00 - 06/06/2024 23:00:00","BZN|BE","Without sequence","117.91","",""
"06/06/2024 23:00:00 - 07/06/2024 00:00:00","BZN|BE","Without sequence","97.22","",""
"07/06/2024 00:00:00 - 07/06/2024 01:00:00","BZN|BE","Without sequence","95.44","",""
"07/06/2024 01:00:00 - 07/06/2024 02:00:00","BZN|BE","Without sequence","91.07","",""
"07/06/2024 02:00:00 - 07/06/2024 03:00:00","BZN|BE","Without sequence","90.69","",""
"07/06/2024 03:00:00 - 07/06/2024 04:00:00","BZN|BE","Without sequence","91.47","",""
"07/06/2024 04:00:00 - 07/06/2024 05:00:00","BZN|BE","Without sequence","92.56","",""
"07/06/2024 05:00:00 - 07/06/2024 06:00:00","BZN|BE","Without sequence","82.0","",""
"07/06/2024 06:00:00 - 07/06/2024 07:00:00","BZN|BE","Without sequence","87.83","",""
"07/06/2024 07:00:00 - 07/06/2024 08:00:00","BZN|BE","Without sequence","102.43","",""
"07/06/2024 08:00:00 - 07/06/2024 09:00:00","BZN|BE","Without sequence","95.67","",""
"07/06/2024 09:00:00 - 07/06/2024 10:00:00","BZN|BE","Without sequence","76.68","",""
"07/06/2024 10:00:00 - 07/06/2024 11:00:00","BZN|BE","Without sequence","57.26","",""
"07/06/2024 11:00:00 - 07/06/2024 12:00:00","BZN|BE","Without sequence","41.39","",""
"07/06/2024 12:00:00 - 07/06/2024 13:00:00","BZN|BE","Without sequence","33.91","",""
"07/06/2024 13:00:00 - 07/06/2024 14:00:00","BZN|BE","Without sequence","25.36","",""
"07/06/2024 14:00:00 - 07/06/2024 15:00:00","BZN|BE","Without sequence","17.83","",""
"07/06/2024 15:00:00 - 07/06/2024 16:00:00","BZN|BE","Without sequence","16.2","",""
"07/06/2024 16:00:00 - 07/06/2024 17:00:00","BZN|BE","Without sequence","27.29","",""
"07/06/2024 17:00:00 - 07/06/2024 18:00:00","BZN|BE","Without sequence","57.13","",""
"07/06/2024 18:00:00 - 07/06/2024 19:00:00","BZN|BE","Without sequence","78.33","",""
"07/06/2024 19:00:00 - 07/06/2024 20:00:00","BZN|BE","Without sequence","111.05","",""
"07/06/2024 20:00:00 - 07/06/2024 21:00:00","BZN|BE","Without sequence","119.55","",""
"07/06/2024 21:00:00 - 07/06/2024 22:00:00","BZN|BE","Without sequence","119.69","",""
"07/06/2024 22:00:00 - 07/06/2024 23:00:00","BZN|BE","Without sequence","108.24","",""
"07/06/2024 23:00:00 - 08/06/2024 00:00:00","BZN|BE","Without sequence","87.87","",""
"08/06/2024 00:00:00 - 08/06/2024 01:00:00","BZN|BE","Without sequence","91.48","",""
"08/06/2024 01:00:00 - 08/06/2024 02:00:00","BZN|BE","Without sequence","76.1","",""
"08/06/2024 02:00:00 - 08/06/2024 03:00:00","BZN|BE","Without sequence","68.74","",""
"08/06/2024 03:00:00 - 08/06/2024 04:00:00","BZN|BE","Without sequence","66.15","",""
"08/06/2024 04:00:00 - 08/06/2024 05:00:00","BZN|BE","Without sequence","59.76","",""
"08/06/2024 05:00:00 - 08/06/2024 06:00:00","BZN|BE","Without sequence","61.44","",""
"08/06/2024 06:00:00 - 08/06/2024 07:00:00","BZN|BE","Without sequence","62.06","",""
"08/06/2024 07:00:00 - 08/06/2024 08:00:00","BZN|BE","Without sequence","48.35","",""
"08/06/2024 08:00:00 - 08/06/2024 09:00:00","BZN|BE","Without sequence","36.52","",""
"08/06/2024 09:00:00 - 08/06/2024 10:00:00","BZN|BE","Without sequence","12.54","",""
"08/06/2024 10:00:00 - 08/06/2024 11:00:00","BZN|BE","Without sequence","0.06","",""
"08/06/2024 11:00:00 - 08/06/2024 12:00:00","BZN|BE","Without sequence","-2.23","",""
"08/06/2024 12:00:00 - 08/06/2024 13:00:00","BZN|BE","Without sequence","-9.79","",""
"08/06/2024 13:00:00 - 08/06/2024 14:00:00","BZN|BE","Without sequence","-22.77","",""
"08/06/2024 14:00:00 - 08/06/2024 15:00:00","BZN|BE","Without sequence","-29.07","",""
"08/06/2024 15:00:00 - 08/06/2024 16:00:00","BZN|BE","Without sequence","-19.8","",""
"08/06/2024 16:00:00 - 08/06/2024 17:00:00","BZN|BE","Without sequence","-7.13","",""
"08/06/2024 17:00:00 - 08/06/2024 18:00:00","BZN|BE","Without sequence","2.76","",""
"08/06/2024 18:00:00 - 08/06/2024 19:00:00","BZN|BE","Without sequence","43.31","",""
"08/06/2024 19:00:00 - 08/06/2024 20:00:00","BZN|BE","Without sequence","64.54","",""
"08/06/2024 20:00:00 - 08/06/2024 21:00:00","BZN|BE","Without sequence","89.0","",""
"08/06/2024 21:00:00 - 08/06/2024 22:00:00","BZN|BE","Without sequence","103.3","",""
"08/06/2024 22:00:00 - 08/06/2024 23:00:00","BZN|BE","Without sequence","112.79","",""
"08/06/2024 23:00:00 - 09/06/2024 00:00:00","BZN|BE","Without sequence","86.23","",""
"09/06/2024 00:00:00 - 09/06/2024 01:00:00","BZN|BE","Without sequence","65.97","",""
"09/06/2024 01:00:00 - 09/06/2024 02:00:00","BZN|BE","Without sequence","51.58","",""
"09/06/2024 02:00:00 - 09/06/2024 03:00:00","BZN|BE","Without sequence","34.61","",""
"09/06/2024 03:00:00 - 09/06/2024 04:00:00","BZN|BE","Without sequence","15.08","",""
"09/06/2024 04:00:00 - 09/06/2024 05:00:00","BZN|BE","Without sequence","17.0","",""
"09/06/2024 05:00:00 - 09/06/2024 06:00:00","BZN|BE","Without sequence","12.72","",""
"09/06/2024 06:00:00 - 09/06/2024 07:00:00","BZN|BE","Without sequence","9.51","",""
"09/06/2024 07:00:00 - 09/06/2024 08:00:00","BZN|BE","Without sequence","3.34","",""
"09/06/2024 08:00:00 - 09/06/2024 09:00:00","BZN|BE","Without sequence","0.07","",""
"09/06/2024 09:00:00 - 09/06/2024 10:00:00","BZN|BE","Without sequence","-1.95","",""
"09/06/2024 10:00:00 - 09/06/2024 11:00:00","BZN|BE","Without sequence","-7.43","",""
"09/06/2024 11:00:00 - 09/06/2024 12:00:00","BZN|BE","Without sequence","-15.79","",""
"09/06/2024 12:00:00 - 09/06/2024 13:00:00","BZN|BE","Without sequence","-46.28","",""
"09/06/2024 13:00:00 - 09/06/2024 14:00:00","BZN|BE","Without sequence","-58.97","",""
"09/06/2024 14:00:00 - 09/06/2024 15:00:00","BZN|BE","Without sequence","-53.99","",""
"09/06/2024 15:00:00 - 09/06/2024 16:00:00","BZN|BE","Without sequence","-28.64","",""
"09/06/2024 16:00:00 - 09/06/2024 17:00:00","BZN|BE","Without sequence","-5.21","",""
"09/06/2024 17:00:00 - 09/06/2024 18:00:00","BZN|BE","Without sequence","1.03","",""
"09/06/2024 18:00:00 - 09/06/2024 19:00:00","BZN|BE","Without sequence","38.68","",""
"09/06/2024 19:00:00 - 09/06/2024 20:00:00","BZN|BE","Without sequence","82.07","",""
"09/06/2024 20:00:00 - 09/06/2024 21:00:00","BZN|BE","Without sequence","94.57","",""
"09/06/2024 21:00:00 - 09/06/2024 22:00:00","BZN|BE","Without sequence","126.81","",""
"09/06/2024 22:00:00 - 09/06/2024 23:00:00","BZN|BE","Without sequence","121.51","",""
"09/06/2024 23:00:00 - 10/06/2024 00:00:00","BZN|BE","Without sequence","95.59","",""
"10/06/2024 00:00:00 - 10/06/2024 01:00:00","BZN|BE","Without sequence","76.6","",""
"10/06/2024 01:00:00 - 10/06/2024 02:00:00","BZN|BE","Without sequence","61.35","",""
"10/06/2024 02:00:00 - 10/06/2024 03:00:00","BZN|BE","Without sequence","53.67","",""
"10/06/2024 03:00:00 - 10/06/2024 04:00:00","BZN|BE","Without sequence","57.5","",""
"10/06/2024 04:00:00 - 10/06/2024 05:00:00","BZN|BE","Without sequence","54.12","",""
"10/06/2024 05:00:00 - 10/06/2024 06:00:00","BZN|BE","Without sequence","56.95","",""
"10/06/2024 06:00:00 - 10/06/2024 07:00:00","BZN|BE","Without sequence","63.82","",""
"10/06/2024 07:00:00 - 10/06/2024 08:00:00","BZN|BE","Without sequence","135.38","",""
"10/06/2024 08:00:00 - 10/06/2024 09:00:00","BZN|BE","Without sequence","123.18","",""
"10/06/2024 09:00:00 - 10/06/2024 10:00:00","BZN|BE","Without sequence","117.4","",""
"10/06/2024 10:00:00 - 10/06/2024 11:00:00","BZN|BE","Without sequence","82.96","",""
"10/06/2024 11:00:00 - 10/06/2024 12:00:00","BZN|BE","Without sequence","77.77","",""
"10/06/2024 12:00:00 - 10/06/2024 13:00:00","BZN|BE","Without sequence","68.26","",""
"10/06/2024 13:00:00 - 10/06/2024 14:00:00","BZN|BE","Without sequence","47.27","",""
"10/06/2024 14:00:00 - 10/06/2024 15:00:00","BZN|BE","Without sequence","35.21","",""
"10/06/2024 15:00:00 - 10/06/2024 16:00:00","BZN|BE","Without sequence","33.77","",""
"10/06/2024 16:00:00 - 10/06/2024 17:00:00","BZN|BE","Without sequence","36.28","",""
"10/06/2024 17:00:00 - 10/06/2024 18:00:00","BZN|BE","Without sequence","42.16","",""
"10/06/2024 18:00:00 - 10/06/2024 19:00:00","BZN|BE","Without sequence","60.99","",""
"10/06/2024 19:00:00 - 10/06/2024 20:00:00","BZN|BE","Without sequence","80.69","",""
"10/06/2024 20:00:00 - 10/06/2024 21:00:00","BZN|BE","Without sequence","75.77","",""
"10/06/2024 21:00:00 - 10/06/2024 22:00:00","BZN|BE","Without sequence","72.31","",""
"10/06/2024 22:00:00 - 10/06/2024 23:00:00","BZN|BE","Without sequence","87.09","",""
"10/06/2024 23:00:00 - 11/06/2024 00:00:00","BZN|BE","Without sequence","76.21","",""
"11/06/2024 00:00:00 - 11/06/2024 01:00:00","BZN|BE","Without sequence","60.93","",""
"11/06/2024 01:00:00 - 11/06/2024 02:00:00","BZN|BE","Without sequence","57.56","",""
"11/06/2024 02:00:00 - 11/06/2024 03:00:00","BZN|BE","Without sequence","60.06","",""
"11/06/2024 03:00:00 - 11/06/2024 04:00:00","BZN|BE","Without sequence","48.79","",""
"11/06/2024 04:00:00 - 11/06/2024 05:00:00","BZN|BE","Without sequence","45.96","",""
"11/06/2024 05:00:00 - 11/06/2024 06:00:00","BZN|BE","Without sequence","57.65","",""
"11/06/2024 06:00:00 - 11/06/2024 07:00:00","BZN|BE","Without sequence","63.94","",""
"11/06/2024 07:00:00 - 11/06/2024 08:00:00","BZN|BE","Without sequence","87.76","",""
"11/06/2024 08:00:00 - 11/06/2024 09:00:00","BZN|BE","Without sequence","85.85","",""
"11/06/2024 09:00:00 - 11/06/2024 10:00:00","BZN|BE","Without sequence","68.23","",""
"11/06/2024 10:00:00 - 11/06/2024 11:00:00","BZN|BE","Without sequence","48.17","",""
"11/06/2024 11:00:00 - 11/06/2024 12:00:00","BZN|BE","Without sequence","34.24","",""
"11/06/2024 12:00:00 - 11/06/2024 13:00:00","BZN|BE","Without sequence","14.91","",""
"11/06/2024 13:00:00 - 11/06/2024 14:00:00","BZN|BE","Without sequence","3.27","",""
"11/06/2024 14:00:00 - 11/06/2024 15:00:00","BZN|BE","Without sequence","2.16","",""
"11/06/2024 15:00:00 - 11/06/2024 16:00:00","BZN|BE","Without sequence","3.86","",""
"11/06/2024 16:00:00 - 11/06/2024 17:00:00","BZN|BE","Without sequence","14.0","",""
"11/06/2024 17:00:00 - 11/06/2024 18:00:00","BZN|BE","Without sequence","50.86","",""
"11/06/2024 18:00:00 - 11/06/2024 19:00:00","BZN|BE","Without sequence","62.88","",""
"11/06/2024 19:00:00 - 11/06/2024 20:00:00","BZN|BE","Without sequence","88.22","",""
"11/06/2024 20:00:00 - 11/06/2024 21:00:00","BZN|BE","Without sequence","101.61","",""
"11/06/2024 21:00:00 - 11/06/2024 22:00:00","BZN|BE","Without sequence","109.54","",""
"11/06/2024 22:00:00 - 11/06/2024 23:00:00","BZN|BE","Without sequence","96.25","",""
"11/06/2024 23:00:00 - 12/06/2024 00:00:00","BZN|BE","Without sequence","84.16","",""
"12/06/2024 00:00:00 - 12/06/2024 01:00:00","BZN|BE","Without sequence","67.79","",""
"12/06/2024 01:00:00 - 12/06/2024 02:00:00","BZN|BE","Without sequence","72.0","",""
"12/06/2024 02:00:00 - 12/06/2024 03:00:00","BZN|BE","Without sequence","79.81","",""
"12/06/2024 03:00:00 - 12/06/2024 04:00:00","BZN|BE","Without sequence","65.0","",""
"12/06/2024 04:00:00 - 12/06/2024 05:00:00","BZN|BE","Without sequence","69.69","",""
"12/06/2024 05:00:00 - 12/06/2024 06:00:00","BZN|BE","Without sequence","78.47","",""
"12/06/2024 06:00:00 - 12/06/2024 07:00:00","BZN|BE","Without sequence","96.0","",""
"12/06/2024 07:00:00 - 12/06/2024 08:00:00","BZN|BE","Without sequence","112.63","",""
"12/06/2024 08:00:00 - 12/06/2024 09:00:00","BZN|BE","Without sequence","98.7","",""
"12/06/2024 09:00:00 - 12/06/2024 10:00:00","BZN|BE","Without sequence","65.06","",""
"12/06/2024 10:00:00 - 12/06/2024 11:00:00","BZN|BE","Without sequence","50.57","",""
"12/06/2024 11:00:00 - 12/06/2024 12:00:00","BZN|BE","Without sequence","45.47","",""
"12/06/2024 12:00:00 - 12/06/2024 13:00:00","BZN|BE","Without sequence","34.0","",""
"12/06/2024 13:00:00 - 12/06/2024 14:00:00","BZN|BE","Without sequence","36.52","",""
"12/06/2024 14:00:00 - 12/06/2024 15:00:00","BZN|BE","Without sequence","36.67","",""
"12/06/2024 15:00:00 - 12/06/2024 16:00:00","BZN|BE","Without sequence","36.64","",""
"12/06/2024 16:00:00 - 12/06/2024 17:00:00","BZN|BE","Without sequence","48.84","",""
"12/06/2024 17:00:00 - 12/06/2024 18:00:00","BZN|BE","Without sequence","66.14","",""
"12/06/2024 18:00:00 - 12/06/2024 19:00:00","BZN|BE","Without sequence","83.0","",""
"12/06/2024 19:00:00 - 12/06/2024 20:00:00","BZN|BE","Without sequence","109.8","",""
"12/06/2024 20:00:00 - 12/06/2024 21:00:00","BZN|BE","Without sequence","115.84","",""
"12/06/2024 21:00:00 - 12/06/2024 22:00:00","BZN|BE","Without sequence","122.91","",""
"12/06/2024 22:00:00 - 12/06/2024 23:00:00","BZN|BE","Without sequence","110.02","",""
"12/06/2024 23:00:00 - 13/06/2024 00:00:00","BZN|BE","Without sequence","98.22","",""
"13/06/2024 00:00:00 - 13/06/2024 01:00:00","BZN|BE","Without sequence","98.98","",""
"13/06/2024 01:00:00 - 13/06/2024 02:00:00","BZN|BE","Without sequence","70.39","",""
"13/06/2024 02:00:00 - 13/06/2024 03:00:00","BZN|BE","Without sequence","67.8","",""
"13/06/2024 03:00:00 - 13/06/2024 04:00:00","BZN|BE","Without sequence","54.73","",""
"13/06/2024 04:00:00 - 13/06/2024 05:00:00","BZN|BE","Without sequence","50.14","",""
"13/06/2024 05:00:00 - 13/06/2024 06:00:00","BZN|BE","Without sequence","62.95","",""
"13/06/2024 06:00:00 - 13/06/2024 07:00:00","BZN|BE","Without sequence","81.6","",""
"13/06/2024 07:00:00 - 13/06/2024 08:00:00","BZN|BE","Without sequence","95.58","",""
"13/06/2024 08:00:00 - 13/06/2024 09:00:00","BZN|BE","Without sequence","98.07","",""
"13/06/2024 09:00:00 - 13/06/2024 10:00:00","BZN|BE","Without sequence","68.25","",""
"13/06/2024 10:00:00 - 13/06/2024 11:00:00","BZN|BE","Without sequence","50.06","",""
"13/06/2024 11:00:00 - 13/06/2024 12:00:00","BZN|BE","Without sequence","44.88","",""
"13/06/2024 12:00:00 - 13/06/2024 13:00:00","BZN|BE","Without sequence","38.78","",""
"13/06/2024 13:00:00 - 13/06/2024 14:00:00","BZN|BE","Without sequence","34.14","",""
"13/06/2024 14:00:00 - 13/06/2024 15:00:00","BZN|BE","Without sequence","31.61","",""
"13/06/2024 15:00:00 - 13/06/2024 16:00:00","BZN|BE","Without sequence","39.72","",""
"13/06/2024 16:00:00 - 13/06/2024 17:00:00","BZN|BE","Without sequence","35.23","",""
"13/06/2024 17:00:00 - 13/06/2024 18:00:00","BZN|BE","Without sequence","39.65","",""
"13/06/2024 18:00:00 - 13/06/2024 19:00:00","BZN|BE","Without sequence","81.25","",""
"13/06/2024 19:00:00 - 13/06/2024 20:00:00","BZN|BE","Without sequence","110.66","",""
"13/06/2024 20:00:00 - 13/06/2024 21:00:00","BZN|BE","Without sequence","106.65","",""
"13/06/2024 21:00:00 - 13/06/2024 22:00:00","BZN|BE","Without sequence","122.36","",""
"13/06/2024 22:00:00 - 13/06/2024 23:00:00","BZN|BE","Without sequence","94.19","",""
"13/06/2024 23:00:00 - 14/06/2024 00:00:00","BZN|BE","Without sequence","76.7","",""
"14/06/2024 00:00:00 - 14/06/2024 01:00:00","BZN|BE","Without sequence","58.74","",""
"14/06/2024 01:00:00 - 14/06/2024 02:00:00","BZN|BE","Without sequence","48.34","",""
"14/06/2024 02:00:00 - 14/06/2024 03:00:00","BZN|BE","Without sequence","44.15","",""
"14/06/2024 03:00:00 - 14/06/2024 04:00:00","BZN|BE","Without sequence","42.65","",""
"14/06/2024 04:00:00 - 14/06/2024 05:00:00","BZN|BE","Without sequence","39.99","",""
"14/06/2024 05:00:00 - 14/06/2024 06:00:00","BZN|BE","Without sequence","43.25","",""
"14/06/2024 06:00:00 - 14/06/2024 07:00:00","BZN|BE","Without sequence","60.37","",""
"14/06/2024 07:00:00 - 14/06/2024 08:00:00","BZN|BE","Without sequence","84.36","",""
"14/06/2024 08:00:00 - 14/06/2024 09:00:00","BZN|BE","Without sequence","91.5","",""
"14/06/2024 09:00:00 - 14/06/2024 10:00:00","BZN|BE","Without sequence","85.08","",""
"14/06/2024 10:00:00 - 14/06/2024 11:00:00","BZN|BE","Without sequence","61.8","",""
"14/06/2024 11:00:00 - 14/06/2024 12:00:00","BZN|BE","Without sequence","52.25","",""
"14/06/2024 12:00:00 - 14/06/2024 13:00:00","BZN|BE","Without sequence","44.47","",""
"14/06/2024 13:00:00 - 14/06/2024 14:00:00","BZN|BE","Without sequence","33.99","",""
"14/06/2024 14:00:00 - 14/06/2024 15:00:00","BZN|BE","Without sequence","29.0","",""
"14/06/2024 15:00:00 - 14/06/2024 16:00:00","BZN|BE","Without sequence","29.2","",""
"14/06/2024 16:00:00 - 14/06/2024 17:00:00","BZN|BE","Without sequence","39.46","",""
"14/06/2024 17:00:00 - 14/06/2024 18:00:00","BZN|BE","Without sequence","52.22","",""
"14/06/2024 18:00:00 - 14/06/2024 19:00:00","BZN|BE","Without sequence","64.64","",""
"14/06/2024 19:00:00 - 14/06/2024 20:00:00","BZN|BE","Without sequence","91.33","",""
"14/06/2024 20:00:00 - 14/06/2024 21:00:00","BZN|BE","Without sequence","128.57","",""
"14/06/2024 21:00:00 - 14/06/2024 22:00:00","BZN|BE","Without sequence","123.52","",""
"14/06/2024 22:00:00 - 14/06/2024 23:00:00","BZN|BE","Without sequence","97.91","",""
"14/06/2024 23:00:00 - 15/06/2024 00:00:00","BZN|BE","Without sequence","64.19","",""
"15/06/2024 00:00:00 - 15/06/2024 01:00:00","BZN|BE","Without sequence","110.0","",""
"15/06/2024 01:00:00 - 15/06/2024 02:00:00","BZN|BE","Without sequence","92.08","",""
"15/06/2024 02:00:00 - 15/06/2024 03:00:00","BZN|BE","Without sequence","77.72","",""
"15/06/2024 03:00:00 - 15/06/2024 04:00:00","BZN|BE","Without sequence","28.24","",""
"15/06/2024 04:00:00 - 15/06/2024 05:00:00","BZN|BE","Without sequence","-21.4","",""
"15/06/2024 05:00:00 - 15/06/2024 06:00:00","BZN|BE","Without sequence","-10.42","",""
"15/06/2024 06:00:00 - 15/06/2024 07:00:00","BZN|BE","Without sequence","1.54","",""
"15/06/2024 07:00:00 - 15/06/2024 08:00:00","BZN|BE","Without sequence","0.09","",""
"15/06/2024 08:00:00 - 15/06/2024 09:00:00","BZN|BE","Without sequence","0.0","",""
"15/06/2024 09:00:00 - 15/06/2024 10:00:00","BZN|BE","Without sequence","-0.06","",""
"15/06/2024 10:00:00 - 15/06/2024 11:00:00","BZN|BE","Without sequence","-10.08","",""
"15/06/2024 11:00:00 - 15/06/2024 12:00:00","BZN|BE","Without sequence","-28.95","",""
"15/06/2024 12:00:00 - 15/06/2024 13:00:00","BZN|BE","Without sequence","-44.82","",""
"15/06/2024 13:00:00 - 15/06/2024 14:00:00","BZN|BE","Without sequence","-65.47","",""
"15/06/2024 14:00:00 - 15/06/2024 15:00:00","BZN|BE","Without sequence","-80.02","",""
"15/06/2024 15:00:00 - 15/06/2024 16:00:00","BZN|BE","Without sequence","-56.1","",""
"15/06/2024 16:00:00 - 15/06/2024 17:00:00","BZN|BE","Without sequence","-28.89","",""
"15/06/2024 17:00:00 - 15/06/2024 18:00:00","BZN|BE","Without sequence","-3.77","",""
"15/06/2024 18:00:00 - 15/06/2024 19:00:00","BZN|BE","Without sequence","0.0","",""
"15/06/2024 19:00:00 - 15/06/2024 20:00:00","BZN|BE","Without sequence","14.82","",""
"15/06/2024 20:00:00 - 15/06/2024 21:00:00","BZN|BE","Without sequence","38.38","",""
"15/06/2024 21:00:00 - 15/06/2024 22:00:00","BZN|BE","Without sequence","39.2","",""
"15/06/2024 22:00:00 - 15/06/2024 23:00:00","BZN|BE","Without sequence","53.6","",""
"15/06/2024 23:00:00 - 16/06/2024 00:00:00","BZN|BE","Without sequence","41.04","",""
"16/06/2024 00:00:00 - 16/06/2024 01:00:00","BZN|BE","Without sequence","26.04","",""
"16/06/2024 01:00:00 - 16/06/2024 02:00:00","BZN|BE","Without sequence","10.93","",""
"16/06/2024 02:00:00 - 16/06/2024 03:00:00","BZN|BE","Without sequence","6.0","",""
"16/06/2024 03:00:00 - 16/06/2024 04:00:00","BZN|BE","Without sequence","4.01","",""
"16/06/2024 04:00:00 - 16/06/2024 05:00:00","BZN|BE","Without sequence","3.02","",""
"16/06/2024 05:00:00 - 16/06/2024 06:00:00","BZN|BE","Without sequence","2.96","",""
"16/06/2024 06:00:00 - 16/06/2024 07:00:00","BZN|BE","Without sequence","3.51","",""
"16/06/2024 07:00:00 - 16/06/2024 08:00:00","BZN|BE","Without sequence","0.47","",""
"16/06/2024 08:00:00 - 16/06/2024 09:00:00","BZN|BE","Without sequence","-0.02","",""
"16/06/2024 09:00:00 - 16/06/2024 10:00:00","BZN|BE","Without sequence","-1.27","",""
"16/06/2024 10:00:00 - 16/06/2024 11:00:00","BZN|BE","Without sequence","-10.0","",""
"16/06/2024 11:00:00 - 16/06/2024 12:00:00","BZN|BE","Without sequence","-13.34","",""
"16/06/2024 12:00:00 - 16/06/2024 13:00:00","BZN|BE","Without sequence","-20.01","",""
"16/06/2024 13:00:00 - 16/06/2024 14:00:00","BZN|BE","Without sequence","-30.01","",""
"16/06/2024 14:00:00 - 16/06/2024 15:00:00","BZN|BE","Without sequence","-35.68","",""
"16/06/2024 15:00:00 - 16/06/2024 16:00:00","BZN|BE","Without sequence","-29.04","",""
"16/06/2024 16:00:00 - 16/06/2024 17:00:00","BZN|BE","Without sequence","-9.86","",""
"16/06/2024 17:00:00 - 16/06/2024 18:00:00","BZN|BE","Without sequence","-1.32","",""
"16/06/2024 18:00:00 - 16/06/2024 19:00:00","BZN|BE","Without sequence","25.6","",""
"16/06/2024 19:00:00 - 16/06/2024 20:00:00","BZN|BE","Without sequence","45.18","",""
"16/06/2024 20:00:00 - 16/06/2024 21:00:00","BZN|BE","Without sequence","55.9","",""
"16/06/2024 21:00:00 - 16/06/2024 22:00:00","BZN|BE","Without sequence","69.47","",""
"16/06/2024 22:00:00 - 16/06/2024 23:00:00","BZN|BE","Without sequence","73.14","",""
"16/06/2024 23:00:00 - 17/06/2024 00:00:00","BZN|BE","Without sequence","65.0","",""
"17/06/2024 00:00:00 - 17/06/2024 01:00:00","BZN|BE","Without sequence","64.39","",""
"17/06/2024 01:00:00 - 17/06/2024 02:00:00","BZN|BE","Without sequence","56.7","",""
"17/06/2024 02:00:00 - 17/06/2024 03:00:00","BZN|BE","Without sequence","44.21","",""
"17/06/2024 03:00:00 - 17/06/2024 04:00:00","BZN|BE","Without sequence","47.25","",""
"17/06/2024 04:00:00 - 17/06/2024 05:00:00","BZN|BE","Without sequence","39.79","",""
"17/06/2024 05:00:00 - 17/06/2024 06:00:00","BZN|BE","Without sequence","55.79","",""
"17/06/2024 06:00:00 - 17/06/2024 07:00:00","BZN|BE","Without sequence","59.79","",""
"17/06/2024 07:00:00 - 17/06/2024 08:00:00","BZN|BE","Without sequence","81.9","",""
"17/06/2024 08:00:00 - 17/06/2024 09:00:00","BZN|BE","Without sequence","120.7","",""
"17/06/2024 09:00:00 - 17/06/2024 10:00:00","BZN|BE","Without sequence","85.23","",""
"17/06/2024 10:00:00 - 17/06/2024 11:00:00","BZN|BE","Without sequence","65.0","",""
"17/06/2024 11:00:00 - 17/06/2024 12:00:00","BZN|BE","Without sequence","40.27","",""
"17/06/2024 12:00:00 - 17/06/2024 13:00:00","BZN|BE","Without sequence","32.24","",""
"17/06/2024 13:00:00 - 17/06/2024 14:00:00","BZN|BE","Without sequence","30.69","",""
"17/06/2024 14:00:00 - 17/06/2024 15:00:00","BZN|BE","Without sequence","33.92","",""
"17/06/2024 15:00:00 - 17/06/2024 16:00:00","BZN|BE","Without sequence","39.73","",""
"17/06/2024 16:00:00 - 17/06/2024 17:00:00","BZN|BE","Without sequence","46.42","",""
"17/06/2024 17:00:00 - 17/06/2024 18:00:00","BZN|BE","Without sequence","67.55","",""
"17/06/2024 18:00:00 - 17/06/2024 19:00:00","BZN|BE","Without sequence","90.28","",""
"17/06/2024 19:00:00 - 17/06/2024 20:00:00","BZN|BE","Without sequence","123.7","",""
"17/06/2024 20:00:00 - 17/06/2024 21:00:00","BZN|BE","Without sequence","156.1","",""
"17/06/2024 21:00:00 - 17/06/2024 22:00:00","BZN|BE","Without sequence","140.0","",""
"17/06/2024 22:00:00 - 17/06/2024 23:00:00","BZN|BE","Without sequence","115.0","",""
"17/06/2024 23:00:00 - 18/06/2024 00:00:00","BZN|BE","Without sequence","105.5","",""
"18/06/2024 00:00:00 - 18/06/2024 01:00:00","BZN|BE","Without sequence","81.14","",""
"18/06/2024 01:00:00 - 18/06/2024 02:00:00","BZN|BE","Without sequence","80.05","",""
"18/06/2024 02:00:00 - 18/06/2024 03:00:00","BZN|BE","Without sequence","86.8","",""
"18/06/2024 03:00:00 - 18/06/2024 04:00:00","BZN|BE","Without sequence","80.24","",""
"18/06/2024 04:00:00 - 18/06/2024 05:00:00","BZN|BE","Without sequence","83.06","",""
"18/06/2024 05:00:00 - 18/06/2024 06:00:00","BZN|BE","Without sequence","93.97","",""
"18/06/2024 06:00:00 - 18/06/2024 07:00:00","BZN|BE","Without sequence","100.14","",""
"18/06/2024 07:00:00 - 18/06/2024 08:00:00","BZN|BE","Without sequence","103.95","",""
"18/06/2024 08:00:00 - 18/06/2024 09:00:00","BZN|BE","Without sequence","84.99","",""
"18/06/2024 09:00:00 - 18/06/2024 10:00:00","BZN|BE","Without sequence","91.24","",""
"18/06/2024 10:00:00 - 18/06/2024 11:00:00","BZN|BE","Without sequence","88.74","",""
"18/06/2024 11:00:00 - 18/06/2024 12:00:00","BZN|BE","Without sequence","78.89","",""
"18/06/2024 12:00:00 - 18/06/2024 13:00:00","BZN|BE","Without sequence","79.15","",""
"18/06/2024 13:00:00 - 18/06/2024 14:00:00","BZN|BE","Without sequence","97.76","",""
"18/06/2024 14:00:00 - 18/06/2024 15:00:00","BZN|BE","Without sequence","106.94","",""
"18/06/2024 15:00:00 - 18/06/2024 16:00:00","BZN|BE","Without sequence","103.05","",""
"18/06/2024 16:00:00 - 18/06/2024 17:00:00","BZN|BE","Without sequence","102.36","",""
"18/06/2024 17:00:00 - 18/06/2024 18:00:00","BZN|BE","Without sequence","98.0","",""
"18/06/2024 18:00:00 - 18/06/2024 19:00:00","BZN|BE","Without sequence","100.01","",""
"18/06/2024 19:00:00 - 18/06/2024 20:00:00","BZN|BE","Without sequence","129.24","",""
"18/06/2024 20:00:00 - 18/06/2024 21:00:00","BZN|BE","Without sequence","133.36","",""
"18/06/2024 21:00:00 - 18/06/2024 22:00:00","BZN|BE","Without sequence","96.18","",""
"18/06/2024 22:00:00 - 18/06/2024 23:00:00","BZN|BE","Without sequence","87.93","",""
"18/06/2024 23:00:00 - 19/06/2024 00:00:00","BZN|BE","Without sequence","82.12","",""
"19/06/2024 00:00:00 - 19/06/2024 01:00:00","BZN|BE","Without sequence","100.05","",""
"19/06/2024 01:00:00 - 19/06/2024 02:00:00","BZN|BE","Without sequence","88.02","",""
"19/06/2024 02:00:00 - 19/06/2024 03:00:00","BZN|BE","Without sequence","74.46","",""
"19/06/2024 03:00:00 - 19/06/2024 04:00:00","BZN|BE","Without sequence","70.71","",""
"19/06/2024 04:00:00 - 19/06/2024 05:00:00","BZN|BE","Without sequence","68.95","",""
"19/06/2024 05:00:00 - 19/06/2024 06:00:00","BZN|BE","Without sequence","70.7","",""
"19/06/2024 06:00:00 - 19/06/2024 07:00:00","BZN|BE","Without sequence","95.04","",""
"19/06/2024 07:00:00 - 19/06/2024 08:00:00","BZN|BE","Without sequence","109.5","",""
"19/06/2024 08:00:00 - 19/06/2024 09:00:00","BZN|BE","Without sequence","102.5","",""
"19/06/2024 09:00:00 - 19/06/2024 10:00:00","BZN|BE","Without sequence","78.4","",""
"19/06/2024 10:00:00 - 19/06/2024 11:00:00","BZN|BE","Without sequence","66.11","",""
"19/06/2024 11:00:00 - 19/06/2024 12:00:00","BZN|BE","Without sequence","60.2","",""
"19/06/2024 12:00:00 - 19/06/2024 13:00:00","BZN|BE","Without sequence","52.57","",""
"19/06/2024 13:00:00 - 19/06/2024 14:00:00","BZN|BE","Without sequence","38.14","",""
"19/06/2024 14:00:00 - 19/06/2024 15:00:00","BZN|BE","Without sequence","22.34","",""
"19/06/2024 15:00:00 - 19/06/2024 16:00:00","BZN|BE","Without sequence","13.2","",""
"19/06/2024 16:00:00 - 19/06/2024 17:00:00","BZN|BE","Without sequence","24.21","",""
"19/06/2024 17:00:00 - 19/06/2024 18:00:00","BZN|BE","Without sequence","60.29","",""
"19/06/2024 18:00:00 - 19/06/2024 19:00:00","BZN|BE","Without sequence","74.04","",""
"19/06/2024 19:00:00 - 19/06/2024 20:00:00","BZN|BE","Without sequence","97.77","",""
"19/06/2024 20:00:00 - 19/06/2024 21:00:00","BZN|BE","Without sequence","102.73","",""
"19/06/2024 21:00:00 - 19/06/2024 22:00:00","BZN|BE","Without sequence","119.37","",""
"19/06/2024 22:00:00 - 19/06/2024 23:00:00","BZN|BE","Without sequence","109.66","",""
"19/06/2024 23:00:00 - 20/06/2024 00:00:00","BZN|BE","Without sequence","93.34","",""
"20/06/2024 00:00:00 - 20/06/2024 01:00:00","BZN|BE","Without sequence","86.08","",""
"20/06/2024 01:00:00 - 20/06/2024 02:00:00","BZN|BE","Without sequence","83.79","",""
"20/06/2024 02:00:00 - 20/06/2024 03:00:00","BZN|BE","Without sequence","78.8","",""
"20/06/2024 03:00:00 - 20/06/2024 04:00:00","BZN|BE","Without sequence","79.1","",""
"20/06/2024 04:00:00 - 20/06/2024 05:00:00","BZN|BE","Without sequence","87.7","",""
"20/06/2024 05:00:00 - 20/06/2024 06:00:00","BZN|BE","Without sequence","88.85","",""
"20/06/2024 06:00:00 - 20/06/2024 07:00:00","BZN|BE","Without sequence","109.06","",""
"20/06/2024 07:00:00 - 20/06/2024 08:00:00","BZN|BE","Without sequence","112.46","",""
"20/06/2024 08:00:00 - 20/06/2024 09:00:00","BZN|BE","Without sequence","103.0","",""
"20/06/2024 09:00:00 - 20/06/2024 10:00:00","BZN|BE","Without sequence","81.38","",""
"20/06/2024 10:00:00 - 20/06/2024 11:00:00","BZN|BE","Without sequence","70.64","",""
"20/06/2024 11:00:00 - 20/06/2024 12:00:00","BZN|BE","Without sequence","61.11","",""
"20/06/2024 12:00:00 - 20/06/2024 13:00:00","BZN|BE","Without sequence","57.92","",""
"20/06/2024 13:00:00 - 20/06/2024 14:00:00","BZN|BE","Without sequence","56.32","",""
"20/06/2024 14:00:00 - 20/06/2024 15:00:00","BZN|BE","Without sequence","59.56","",""
"20/06/2024 15:00:00 - 20/06/2024 16:00:00","BZN|BE","Without sequence","66.83","",""
"20/06/2024 16:00:00 - 20/06/2024 17:00:00","BZN|BE","Without sequence","73.84","",""
"20/06/2024 17:00:00 - 20/06/2024 18:00:00","BZN|BE","Without sequence","83.0","",""
"20/06/2024 18:00:00 - 20/06/2024 19:00:00","BZN|BE","Without sequence","100.99","",""
"20/06/2024 19:00:00 - 20/06/2024 20:00:00","BZN|BE","Without sequence","124.3","",""
"20/06/2024 20:00:00 - 20/06/2024 21:00:00","BZN|BE","Without sequence","143.0","",""
"20/06/2024 21:00:00 - 20/06/2024 22:00:00","BZN|BE","Without sequence","128.31","",""
"20/06/2024 22:00:00 - 20/06/2024 23:00:00","BZN|BE","Without sequence","112.95","",""
"20/06/2024 23:00:00 - 21/06/2024 00:00:00","BZN|BE","Without sequence","95.46","",""
"21/06/2024 00:00:00 - 21/06/2024 01:00:00","BZN|BE","Without sequence","101.09","",""
"21/06/2024 01:00:00 - 21/06/2024 02:00:00","BZN|BE","Without sequence","90.96","",""
"21/06/2024 02:00:00 - 21/06/2024 03:00:00","BZN|BE","Without sequence","89.95","",""
"21/06/2024 03:00:00 - 21/06/2024 04:00:00","BZN|BE","Without sequence","87.19","",""
"21/06/2024 04:00:00 - 21/06/2024 05:00:00","BZN|BE","Without sequence","83.22","",""
"21/06/2024 05:00:00 - 21/06/2024 06:00:00","BZN|BE","Without sequence","84.78","",""
"21/06/2024 06:00:00 - 21/06/2024 07:00:00","BZN|BE","Without sequence","95.51","",""
"21/06/2024 07:00:00 - 21/06/2024 08:00:00","BZN|BE","Without sequence","119.45","",""
"21/06/2024 08:00:00 - 21/06/2024 09:00:00","BZN|BE","Without sequence","120.17","",""
"21/06/2024 09:00:00 - 21/06/2024 10:00:00","BZN|BE","Without sequence","111.95","",""
"21/06/2024 10:00:00 - 21/06/2024 11:00:00","BZN|BE","Without sequence","100.76","",""
"21/06/2024 11:00:00 - 21/06/2024 12:00:00","BZN|BE","Without sequence","89.89","",""
"21/06/2024 12:00:00 - 21/06/2024 13:00:00","BZN|BE","Without sequence","75.23","",""
"21/06/2024 13:00:00 - 21/06/2024 14:00:00","BZN|BE","Without sequence","75.36","",""
"21/06/2024 14:00:00 - 21/06/2024 15:00:00","BZN|BE","Without sequence","70.28","",""
"21/06/2024 15:00:00 - 21/06/2024 16:00:00","BZN|BE","Without sequence","68.47","",""
"21/06/2024 16:00:00 - 21/06/2024 17:00:00","BZN|BE","Without sequence","71.64","",""
"21/06/2024 17:00:00 - 21/06/2024 18:00:00","BZN|BE","Without sequence","85.46","",""
"21/06/2024 18:00:00 - 21/06/2024 19:00:00","BZN|BE","Without sequence","91.72","",""
"21/06/2024 19:00:00 - 21/06/2024 20:00:00","BZN|BE","Without sequence","103.24","",""
"21/06/2024 20:00:00 - 21/06/2024 21:00:00","BZN|BE","Without sequence","109.43","",""
"21/06/2024 21:00:00 - 21/06/2024 22:00:00","BZN|BE","Without sequence","105.14","",""
"21/06/2024 22:00:00 - 21/06/2024 23:00:00","BZN|BE","Without sequence","96.26","",""
"21/06/2024 23:00:00 - 22/06/2024 00:00:00","BZN|BE","Without sequence","82.76","",""
"22/06/2024 00:00:00 - 22/06/2024 01:00:00","BZN|BE","Without sequence","80.86","",""
"22/06/2024 01:00:00 - 22/06/2024 02:00:00","BZN|BE","Without sequence","70.19","",""
"22/06/2024 02:00:00 - 22/06/2024 03:00:00","BZN|BE","Without sequence","61.14","",""
"22/06/2024 03:00:00 - 22/06/2024 04:00:00","BZN|BE","Without sequence","50.16","",""
"22/06/2024 04:00:00 - 22/06/2024 05:00:00","BZN|BE","Without sequence","49.24","",""
"22/06/2024 05:00:00 - 22/06/2024 06:00:00","BZN|BE","Without sequence","46.2","",""
"22/06/2024 06:00:00 - 22/06/2024 07:00:00","BZN|BE","Without sequence","56.18","",""
"22/06/2024 07:00:00 - 22/06/2024 08:00:00","BZN|BE","Without sequence","48.56","",""
"22/06/2024 08:00:00 - 22/06/2024 09:00:00","BZN|BE","Without sequence","42.79","",""
"22/06/2024 09:00:00 - 22/06/2024 10:00:00","BZN|BE","Without sequence","34.65","",""
"22/06/2024 10:00:00 - 22/06/2024 11:00:00","BZN|BE","Without sequence","12.54","",""
"22/06/2024 11:00:00 - 22/06/2024 12:00:00","BZN|BE","Without sequence","3.59","",""
"22/06/2024 12:00:00 - 22/06/2024 13:00:00","BZN|BE","Without sequence","2.66","",""
"22/06/2024 13:00:00 - 22/06/2024 14:00:00","BZN|BE","Without sequence","0.03","",""
"22/06/2024 14:00:00 - 22/06/2024 15:00:00","BZN|BE","Without sequence","-0.01","",""
"22/06/2024 15:00:00 - 22/06/2024 16:00:00","BZN|BE","Without sequence","0.36","",""
"22/06/2024 16:00:00 - 22/06/2024 17:00:00","BZN|BE","Without sequence","4.74","",""
"22/06/2024 17:00:00 - 22/06/2024 18:00:00","BZN|BE","Without sequence","35.4","",""
"22/06/2024 18:00:00 - 22/06/2024 19:00:00","BZN|BE","Without sequence","71.52","",""
"22/06/2024 19:00:00 - 22/06/2024 20:00:00","BZN|BE","Without sequence","104.22","",""
"22/06/2024 20:00:00 - 22/06/2024 21:00:00","BZN|BE","Without sequence","95.32","",""
"22/06/2024 21:00:00 - 22/06/2024 22:00:00","BZN|BE","Without sequence","102.5","",""
"22/06/2024 22:00:00 - 22/06/2024 23:00:00","BZN|BE","Without sequence","112.0","",""
"22/06/2024 23:00:00 - 23/06/2024 00:00:00","BZN|BE","Without sequence","91.9","",""
"23/06/2024 00:00:00 - 23/06/2024 01:00:00","BZN|BE","Without sequence","102.3","",""
"23/06/2024 01:00:00 - 23/06/2024 02:00:00","BZN|BE","Without sequence","83.84","",""
"23/06/2024 02:00:00 - 23/06/2024 03:00:00","BZN|BE","Without sequence","93.22","",""
"23/06/2024 03:00:00 - 23/06/2024 04:00:00","BZN|BE","Without sequence","78.7","",""
"23/06/2024 04:00:00 - 23/06/2024 05:00:00","BZN|BE","Without sequence","81.0","",""
"23/06/2024 05:00:00 - 23/06/2024 06:00:00","BZN|BE","Without sequence","83.04","",""
"23/06/2024 06:00:00 - 23/06/2024 07:00:00","BZN|BE","Without sequence","79.7","",""
"23/06/2024 07:00:00 - 23/06/2024 08:00:00","BZN|BE","Without sequence","49.64","",""
"23/06/2024 08:00:00 - 23/06/2024 09:00:00","BZN|BE","Without sequence","16.73","",""
"23/06/2024 09:00:00 - 23/06/2024 10:00:00","BZN|BE","Without sequence","4.24","",""
"23/06/2024 10:00:00 - 23/06/2024 11:00:00","BZN|BE","Without sequence","0.0","",""
"23/06/2024 11:00:00 - 23/06/2024 12:00:00","BZN|BE","Without sequence","-0.05","",""
"23/06/2024 12:00:00 - 23/06/2024 13:00:00","BZN|BE","Without sequence","-0.1","",""
"23/06/2024 13:00:00 - 23/06/2024 14:00:00","BZN|BE","Without sequence","-1.02","",""
"23/06/2024 14:00:00 - 23/06/2024 15:00:00","BZN|BE","Without sequence","-2.2","",""
"23/06/2024 15:00:00 - 23/06/2024 16:00:00","BZN|BE","Without sequence","-2.03","",""
"23/06/2024 16:00:00 - 23/06/2024 17:00:00","BZN|BE","Without sequence","-0.19","",""
"23/06/2024 17:00:00 - 23/06/2024 18:00:00","BZN|BE","Without sequence","16.58","",""
"23/06/2024 18:00:00 - 23/06/2024 19:00:00","BZN|BE","Without sequence","58.23","",""
"23/06/2024 19:00:00 - 23/06/2024 20:00:00","BZN|BE","Without sequence","86.07","",""
"23/06/2024 20:00:00 - 23/06/2024 21:00:00","BZN|BE","Without sequence","90.54","",""
"23/06/2024 21:00:00 - 23/06/2024 22:00:00","BZN|BE","Without sequence","124.0","",""
"23/06/2024 22:00:00 - 23/06/2024 23:00:00","BZN|BE","Without sequence","120.9","",""
"23/06/2024 23:00:00 - 24/06/2024 00:00:00","BZN|BE","Without sequence","92.04","",""
"24/06/2024 00:00:00 - 24/06/2024 01:00:00","BZN|BE","Without sequence","81.99","",""
"24/06/2024 01:00:00 - 24/06/2024 02:00:00","BZN|BE","Without sequence","80.0","",""
"24/06/2024 02:00:00 - 24/06/2024 03:00:00","BZN|BE","Without sequence","79.5","",""
"24/06/2024 03:00:00 - 24/06/2024 04:00:00","BZN|BE","Without sequence","64.76","",""
"24/06/2024 04:00:00 - 24/06/2024 05:00:00","BZN|BE","Without sequence","70.4","",""
"24/06/2024 05:00:00 - 24/06/2024 06:00:00","BZN|BE","Without sequence","81.33","",""
"24/06/2024 06:00:00 - 24/06/2024 07:00:00","BZN|BE","Without sequence","96.99","",""
"24/06/2024 07:00:00 - 24/06/2024 08:00:00","BZN|BE","Without sequence","96.35","",""
"24/06/2024 08:00:00 - 24/06/2024 09:00:00","BZN|BE","Without sequence","95.23","",""
"24/06/2024 09:00:00 - 24/06/2024 10:00:00","BZN|BE","Without sequence","69.82","",""
"24/06/2024 10:00:00 - 24/06/2024 11:00:00","BZN|BE","Without sequence","48.14","",""
"24/06/2024 11:00:00 - 24/06/2024 12:00:00","BZN|BE","Without sequence","31.82","",""
"24/06/2024 12:00:00 - 24/06/2024 13:00:00","BZN|BE","Without sequence","31.01","",""
"24/06/2024 13:00:00 - 24/06/2024 14:00:00","BZN|BE","Without sequence","25.85","",""
"24/06/2024 14:00:00 - 24/06/2024 15:00:00","BZN|BE","Without sequence","20.86","",""
"24/06/2024 15:00:00 - 24/06/2024 16:00:00","BZN|BE","Without sequence","14.19","",""
"24/06/2024 16:00:00 - 24/06/2024 17:00:00","BZN|BE","Without sequence","41.12","",""
"24/06/2024 17:00:00 - 24/06/2024 18:00:00","BZN|BE","Without sequence","62.76","",""
"24/06/2024 18:00:00 - 24/06/2024 19:00:00","BZN|BE","Without sequence","89.52","",""
"24/06/2024 19:00:00 - 24/06/2024 20:00:00","BZN|BE","Without sequence","130.6","",""
"24/06/2024 20:00:00 - 24/06/2024 21:00:00","BZN|BE","Without sequence","139.49","",""
"24/06/2024 21:00:00 - 24/06/2024 22:00:00","BZN|BE","Without sequence","133.04","",""
"24/06/2024 22:00:00 - 24/06/2024 23:00:00","BZN|BE","Without sequence","114.86","",""
"24/06/2024 23:00:00 - 25/06/2024 00:00:00","BZN|BE","Without sequence","91.64","",""
"25/06/2024 00:00:00 - 25/06/2024 01:00:00","BZN|BE","Without sequence","88.8","",""
"25/06/2024 01:00:00 - 25/06/2024 02:00:00","BZN|BE","Without sequence","84.8","",""
"25/06/2024 02:00:00 - 25/06/2024 03:00:00","BZN|BE","Without sequence","84.78","",""
"25/06/2024 03:00:00 - 25/06/2024 04:00:00","BZN|BE","Without sequence","85.22","",""
"25/06/2024 04:00:00 - 25/06/2024 05:00:00","BZN|BE","Without sequence","85.5","",""
"25/06/2024 05:00:00 - 25/06/2024 06:00:00","BZN|BE","Without sequence","94.9","",""
"25/06/2024 06:00:00 - 25/06/2024 07:00:00","BZN|BE","Without sequence","114.8","",""
"25/06/2024 07:00:00 - 25/06/2024 08:00:00","BZN|BE","Without sequence","122.0","",""
"25/06/2024 08:00:00 - 25/06/2024 09:00:00","BZN|BE","Without sequence","103.8","",""
"25/06/2024 09:00:00 - 25/06/2024 10:00:00","BZN|BE","Without sequence","74.64","",""
"25/06/2024 10:00:00 - 25/06/2024 11:00:00","BZN|BE","Without sequence","35.69","",""
"25/06/2024 11:00:00 - 25/06/2024 12:00:00","BZN|BE","Without sequence","12.83","",""
"25/06/2024 12:00:00 - 25/06/2024 13:00:00","BZN|BE","Without sequence","-9.1","",""
"25/06/2024 13:00:00 - 25/06/2024 14:00:00","BZN|BE","Without sequence","-20.0","",""
"25/06/2024 14:00:00 - 25/06/2024 15:00:00","BZN|BE","Without sequence","-12.89","",""
"25/06/2024 15:00:00 - 25/06/2024 16:00:00","BZN|BE","Without sequence","9.5","",""
"25/06/2024 16:00:00 - 25/06/2024 17:00:00","BZN|BE","Without sequence","25.0","",""
"25/06/2024 17:00:00 - 25/06/2024 18:00:00","BZN|BE","Without sequence","35.02","",""
"25/06/2024 18:00:00 - 25/06/2024 19:00:00","BZN|BE","Without sequence","78.9","",""
"25/06/2024 19:00:00 - 25/06/2024 20:00:00","BZN|BE","Without sequence","107.74","",""
"25/06/2024 20:00:00 - 25/06/2024 21:00:00","BZN|BE","Without sequence","125.89","",""
"25/06/2024 21:00:00 - 25/06/2024 22:00:00","BZN|BE","Without sequence","122.09","",""
"25/06/2024 22:00:00 - 25/06/2024 23:00:00","BZN|BE","Without sequence","106.57","",""
"25/06/2024 23:00:00 - 26/06/2024 00:00:00","BZN|BE","Without sequence","89.95","",""
"26/06/2024 00:00:00 - 26/06/2024 01:00:00","BZN|BE","Without sequence","107.32","",""
"26/06/2024 01:00:00 - 26/06/2024 02:00:00","BZN|BE","Without sequence","99.92","",""
"26/06/2024 02:00:00 - 26/06/2024 03:00:00","BZN|BE","Without sequence","95.32","",""
"26/06/2024 03:00:00 - 26/06/2024 04:00:00","BZN|BE","Without sequence","95.46","",""
"26/06/2024 04:00:00 - 26/06/2024 05:00:00","BZN|BE","Without sequence","91.69","",""
"26/06/2024 05:00:00 - 26/06/2024 06:00:00","BZN|BE","Without sequence","97.07","",""
"26/06/2024 06:00:00 - 26/06/2024 07:00:00","BZN|BE","Without sequence","109.09","",""
"26/06/2024 07:00:00 - 26/06/2024 08:00:00","BZN|BE","Without sequence","130.0","",""
"26/06/2024 08:00:00 - 26/06/2024 09:00:00","BZN|BE","Without sequence","121.1","",""
"26/06/2024 09:00:00 - 26/06/2024 10:00:00","BZN|BE","Without sequence","101.76","",""
"26/06/2024 10:00:00 - 26/06/2024 11:00:00","BZN|BE","Without sequence","90.12","",""
"26/06/2024 11:00:00 - 26/06/2024 12:00:00","BZN|BE","Without sequence","84.83","",""
"26/06/2024 12:00:00 - 26/06/2024 13:00:00","BZN|BE","Without sequence","78.93","",""
"26/06/2024 13:00:00 - 26/06/2024 14:00:00","BZN|BE","Without sequence","76.84","",""
"26/06/2024 14:00:00 - 26/06/2024 15:00:00","BZN|BE","Without sequence","80.26","",""
"26/06/2024 15:00:00 - 26/06/2024 16:00:00","BZN|BE","Without sequence","90.52","",""
"26/06/2024 16:00:00 - 26/06/2024 17:00:00","BZN|BE","Without sequence","99.95","",""
"26/06/2024 17:00:00 - 26/06/2024 18:00:00","BZN|BE","Without sequence","105.88","",""
"26/06/2024 18:00:00 - 26/06/2024 19:00:00","BZN|BE","Without sequence","109.47","",""
"26/06/2024 19:00:00 - 26/06/2024 20:00:00","BZN|BE","Without sequence","136.7","",""
"26/06/2024 20:00:00 - 26/06/2024 21:00:00","BZN|BE","Without sequence","147.34","",""
"26/06/2024 21:00:00 - 26/06/2024 22:00:00","BZN|BE","Without sequence","132.99","",""
"26/06/2024 22:00:00 - 26/06/2024 23:00:00","BZN|BE","Without sequence","118.13","",""
"26/06/2024 23:00:00 - 27/06/2024 00:00:00","BZN|BE","Without sequence","110.0","",""
"27/06/2024 00:00:00 - 27/06/2024 01:00:00","BZN|BE","Without sequence","96.0","",""
"27/06/2024 01:00:00 - 27/06/2024 02:00:00","BZN|BE","Without sequence","86.91","",""
"27/06/2024 02:00:00 - 27/06/2024 03:00:00","BZN|BE","Without sequence","80.53","",""
"27/06/2024 03:00:00 - 27/06/2024 04:00:00","BZN|BE","Without sequence","71.8","",""
"27/06/2024 04:00:00 - 27/06/2024 05:00:00","BZN|BE","Without sequence","67.89","",""
"27/06/2024 05:00:00 - 27/06/2024 06:00:00","BZN|BE","Without sequence","71.6","",""
"27/06/2024 06:00:00 - 27/06/2024 07:00:00","BZN|BE","Without sequence","93.44","",""
"27/06/2024 07:00:00 - 27/06/2024 08:00:00","BZN|BE","Without sequence","116.98","",""
"27/06/2024 08:00:00 - 27/06/2024 09:00:00","BZN|BE","Without sequence","115.0","",""
"27/06/2024 09:00:00 - 27/06/2024 10:00:00","BZN|BE","Without sequence","88.89","",""
"27/06/2024 10:00:00 - 27/06/2024 11:00:00","BZN|BE","Without sequence","67.51","",""
"27/06/2024 11:00:00 - 27/06/2024 12:00:00","BZN|BE","Without sequence","52.27","",""
"27/06/2024 12:00:00 - 27/06/2024 13:00:00","BZN|BE","Without sequence","37.28","",""
"27/06/2024 13:00:00 - 27/06/2024 14:00:00","BZN|BE","Without sequence","22.13","",""
"27/06/2024 14:00:00 - 27/06/2024 15:00:00","BZN|BE","Without sequence","13.19","",""
"27/06/2024 15:00:00 - 27/06/2024 16:00:00","BZN|BE","Without sequence","0.0","",""
"27/06/2024 16:00:00 - 27/06/2024 17:00:00","BZN|BE","Without sequence","18.07","",""
"27/06/2024 17:00:00 - 27/06/2024 18:00:00","BZN|BE","Without sequence","38.25","",""
"27/06/2024 18:00:00 - 27/06/2024 19:00:00","BZN|BE","Without sequence","67.7","",""
"27/06/2024 19:00:00 - 27/06/2024 20:00:00","BZN|BE","Without sequence","87.77","",""
"27/06/2024 20:00:00 - 27/06/2024 21:00:00","BZN|BE","Without sequence","122.74","",""
"27/06/2024 21:00:00 - 27/06/2024 22:00:00","BZN|BE","Without sequence","115.43","",""
"27/06/2024 22:00:00 - 27/06/2024 23:00:00","BZN|BE","Without sequence","102.06","",""
"27/06/2024 23:00:00 - 28/06/2024 00:00:00","BZN|BE","Without sequence","86.16","",""
"28/06/2024 00:00:00 - 28/06/2024 01:00:00","BZN|BE","Without sequence","52.72","",""
"28/06/2024 01:00:00 - 28/06/2024 02:00:00","BZN|BE","Without sequence","51.08","",""
"28/06/2024 02:00:00 - 28/06/2024 03:00:00","BZN|BE","Without sequence","44.32","",""
"28/06/2024 03:00:00 - 28/06/2024 04:00:00","BZN|BE","Without sequence","40.2","",""
"28/06/2024 04:00:00 - 28/06/2024 05:00:00","BZN|BE","Without sequence","39.71","",""
"28/06/2024 05:00:00 - 28/06/2024 06:00:00","BZN|BE","Without sequence","42.25","",""
"28/06/2024 06:00:00 - 28/06/2024 07:00:00","BZN|BE","Without sequence","55.55","",""
"28/06/2024 07:00:00 - 28/06/2024 08:00:00","BZN|BE","Without sequence","58.33","",""
"28/06/2024 08:00:00 - 28/06/2024 09:00:00","BZN|BE","Without sequence","59.38","",""
"28/06/2024 09:00:00 - 28/06/2024 10:00:00","BZN|BE","Without sequence","21.01","",""
"28/06/2024 10:00:00 - 28/06/2024 11:00:00","BZN|BE","Without sequence","-3.58","",""
"28/06/2024 11:00:00 - 28/06/2024 12:00:00","BZN|BE","Without sequence","-9.93","",""
"28/06/2024 12:00:00 - 28/06/2024 13:00:00","BZN|BE","Without sequence","-10.0","",""
"28/06/2024 13:00:00 - 28/06/2024 14:00:00","BZN|BE","Without sequence","-7.98","",""
"28/06/2024 14:00:00 - 28/06/2024 15:00:00","BZN|BE","Without sequence","-10.52","",""
"28/06/2024 15:00:00 - 28/06/2024 16:00:00","BZN|BE","Without sequence","-7.08","",""
"28/06/2024 16:00:00 - 28/06/2024 17:00:00","BZN|BE","Without sequence","-2.9","",""
"28/06/2024 17:00:00 - 28/06/2024 18:00:00","BZN|BE","Without sequence","5.99","",""
"28/06/2024 18:00:00 - 28/06/2024 19:00:00","BZN|BE","Without sequence","46.02","",""
"28/06/2024 19:00:00 - 28/06/2024 20:00:00","BZN|BE","Without sequence","87.32","",""
"28/06/2024 20:00:00 - 28/06/2024 21:00:00","BZN|BE","Without sequence","101.29","",""
"28/06/2024 21:00:00 - 28/06/2024 22:00:00","BZN|BE","Without sequence","120.51","",""
"28/06/2024 22:00:00 - 28/06/2024 23:00:00","BZN|BE","Without sequence","119.31","",""
"28/06/2024 23:00:00 - 29/06/2024 00:00:00","BZN|BE","Without sequence","106.83","",""
"29/06/2024 00:00:00 - 29/06/2024 01:00:00","BZN|BE","Without sequence","86.68","",""
"29/06/2024 01:00:00 - 29/06/2024 02:00:00","BZN|BE","Without sequence","71.85","",""
"29/06/2024 02:00:00 - 29/06/2024 03:00:00","BZN|BE","Without sequence","67.86","",""
"29/06/2024 03:00:00 - 29/06/2024 04:00:00","BZN|BE","Without sequence","69.93","",""
"29/06/2024 04:00:00 - 29/06/2024 05:00:00","BZN|BE","Without sequence","62.89","",""
"29/06/2024 05:00:00 - 29/06/2024 06:00:00","BZN|BE","Without sequence","62.53","",""
"29/06/2024 06:00:00 - 29/06/2024 07:00:00","BZN|BE","Without sequence","57.86","",""
"29/06/2024 07:00:00 - 29/06/2024 08:00:00","BZN|BE","Without sequence","50.0","",""
"29/06/2024 08:00:00 - 29/06/2024 09:00:00","BZN|BE","Without sequence","47.36","",""
"29/06/2024 09:00:00 - 29/06/2024 10:00:00","BZN|BE","Without sequence","29.58","",""
"29/06/2024 10:00:00 - 29/06/2024 11:00:00","BZN|BE","Without sequence","5.04","",""
"29/06/2024 11:00:00 - 29/06/2024 12:00:00","BZN|BE","Without sequence","0.04","",""
"29/06/2024 12:00:00 - 29/06/2024 13:00:00","BZN|BE","Without sequence","-0.01","",""
"29/06/2024 13:00:00 - 29/06/2024 14:00:00","BZN|BE","Without sequence","-0.22","",""
"29/06/2024 14:00:00 - 29/06/2024 15:00:00","BZN|BE","Without sequence","-0.07","",""
"29/06/2024 15:00:00 - 29/06/2024 16:00:00","BZN|BE","Without sequence","1.4","",""
"29/06/2024 16:00:00 - 29/06/2024 17:00:00","BZN|BE","Without sequence","12.26","",""
"29/06/2024 17:00:00 - 29/06/2024 18:00:00","BZN|BE","Without sequence","50.31","",""
"29/06/2024 18:00:00 - 29/06/2024 19:00:00","BZN|BE","Without sequence","68.8","",""
"29/06/2024 19:00:00 - 29/06/2024 20:00:00","BZN|BE","Without sequence","85.91","",""
"29/06/2024 20:00:00 - 29/06/2024 21:00:00","BZN|BE","Without sequence","93.05","",""
"29/06/2024 21:00:00 - 29/06/2024 22:00:00","BZN|BE","Without sequence","75.17","",""
"29/06/2024 22:00:00 - 29/06/2024 23:00:00","BZN|BE","Without sequence","79.8","",""
"29/06/2024 23:00:00 - 30/06/2024 00:00:00","BZN|BE","Without sequence","73.56","",""
"30/06/2024 00:00:00 - 30/06/2024 01:00:00","BZN|BE","Without sequence","56.57","",""
"30/06/2024 01:00:00 - 30/06/2024 02:00:00","BZN|BE","Without sequence","44.96","",""
"30/06/2024 02:00:00 - 30/06/2024 03:00:00","BZN|BE","Without sequence","37.0","",""
"30/06/2024 03:00:00 - 30/06/2024 04:00:00","BZN|BE","Without sequence","33.68","",""
"30/06/2024 04:00:00 - 30/06/2024 05:00:00","BZN|BE","Without sequence","30.67","",""
"30/06/2024 05:00:00 - 30/06/2024 06:00:00","BZN|BE","Without sequence","26.99","",""
"30/06/2024 06:00:00 - 30/06/2024 07:00:00","BZN|BE","Without sequence","26.57","",""
"30/06/2024 07:00:00 - 30/06/2024 08:00:00","BZN|BE","Without sequence","14.01","",""
"30/06/2024 08:00:00 - 30/06/2024 09:00:00","BZN|BE","Without sequence","6.83","",""
"30/06/2024 09:00:00 - 30/06/2024 10:00:00","BZN|BE","Without sequence","0.82","",""
"30/06/2024 10:00:00 - 30/06/2024 11:00:00","BZN|BE","Without sequence","0.0","",""
"30/06/2024 11:00:00 - 30/06/2024 12:00:00","BZN|BE","Without sequence","0.0","",""
"30/06/2024 12:00:00 - 30/06/2024 13:00:00","BZN|BE","Without sequence","-0.02","",""
"30/06/2024 13:00:00 - 30/06/2024 14:00:00","BZN|BE","Without sequence","-1.51","",""
"30/06/2024 14:00:00 - 30/06/2024 15:00:00","BZN|BE","Without sequence","-1.09","",""
"30/06/2024 15:00:00 - 30/06/2024 16:00:00","BZN|BE","Without sequence","0.0","",""
"30/06/2024 16:00:00 - 30/06/2024 17:00:00","BZN|BE","Without sequence","0.92","",""
"30/06/2024 17:00:00 - 30/06/2024 18:00:00","BZN|BE","Without sequence","26.82","",""
"30/06/2024 18:00:00 - 30/06/2024 19:00:00","BZN|BE","Without sequence","65.13","",""
"30/06/2024 19:00:00 - 30/06/2024 20:00:00","BZN|BE","Without sequence","67.78","",""
"30/06/2024 20:00:00 - 30/06/2024 21:00:00","BZN|BE","Without sequence","76.64","",""
"30/06/2024 21:00:00 - 30/06/2024 22:00:00","BZN|BE","Without sequence","92.0","",""
"30/06/2024 22:00:00 - 30/06/2024 23:00:00","BZN|BE","Without sequence","103.93","",""
"30/06/2024 23:00:00 - 01/07/2024 00:00:00","BZN|BE","Without sequence","93.25","",""
"01/07/2024 00:00:00 - 01/07/2024 01:00:00","BZN|BE","Without sequence","83.01","",""
"01/07/2024 01:00:00 - 01/07/2024 02:00:00","BZN|BE","Without sequence","79.1","",""
"01/07/2024 02:00:00 - 01/07/2024 03:00:00","BZN|BE","Without sequence","65.19","",""
"01/07/2024 03:00:00 - 01/07/2024 04:00:00","BZN|BE","Without sequence","64.46","",""
"01/07/2024 04:00:00 - 01/07/2024 05:00:00","BZN|BE","Without sequence","70.01","",""
"01/07/2024 05:00:00 - 01/07/2024 06:00:00","BZN|BE","Without sequence","64.76","",""
"01/07/2024 06:00:00 - 01/07/2024 07:00:00","BZN|BE","Without sequence","87.7","",""
"01/07/2024 07:00:00 - 01/07/2024 08:00:00","BZN|BE","Without sequence","108.8","",""
"01/07/2024 08:00:00 - 01/07/2024 09:00:00","BZN|BE","Without sequence","99.25","",""
"01/07/2024 09:00:00 - 01/07/2024 10:00:00","BZN|BE","Without sequence","75.81","",""
"01/07/2024 10:00:00 - 01/07/2024 11:00:00","BZN|BE","Without sequence","69.19","",""
"01/07/2024 11:00:00 - 01/07/2024 12:00:00","BZN|BE","Without sequence","60.45","",""
"01/07/2024 12:00:00 - 01/07/2024 13:00:00","BZN|BE","Without sequence","54.39","",""
"01/07/2024 13:00:00 - 01/07/2024 14:00:00","BZN|BE","Without sequence","48.44","",""
"01/07/2024 14:00:00 - 01/07/2024 15:00:00","BZN|BE","Without sequence","27.51","",""
"01/07/2024 15:00:00 - 01/07/2024 16:00:00","BZN|BE","Without sequence","20.49","",""
"01/07/2024 16:00:00 - 01/07/2024 17:00:00","BZN|BE","Without sequence","18.13","",""
"01/07/2024 17:00:00 - 01/07/2024 18:00:00","BZN|BE","Without sequence","34.94","",""
"01/07/2024 18:00:00 - 01/07/2024 19:00:00","BZN|BE","Without sequence","52.14","",""
"01/07/2024 19:00:00 - 01/07/2024 20:00:00","BZN|BE","Without sequence","70.21","",""
"01/07/2024 20:00:00 - 01/07/2024 21:00:00","BZN|BE","Without sequence","107.95","",""
"01/07/2024 21:00:00 - 01/07/2024 22:00:00","BZN|BE","Without sequence","99.96","",""
"01/07/2024 22:00:00 - 01/07/2024 23:00:00","BZN|BE","Without sequence","102.56","",""
"01/07/2024 23:00:00 - 02/07/2024 00:00:00","BZN|BE","Without sequence","87.18","",""
"02/07/2024 00:00:00 - 02/07/2024 01:00:00","BZN|BE","Without sequence","80.0","",""
"02/07/2024 01:00:00 - 02/07/2024 02:00:00","BZN|BE","Without sequence","61.6","",""
"02/07/2024 02:00:00 - 02/07/2024 03:00:00","BZN|BE","Without sequence","53.16","",""
"02/07/2024 03:00:00 - 02/07/2024 04:00:00","BZN|BE","Without sequence","54.48","",""
"02/07/2024 04:00:00 - 02/07/2024 05:00:00","BZN|BE","Without sequence","53.44","",""
"02/07/2024 05:00:00 - 02/07/2024 06:00:00","BZN|BE","Without sequence","57.05","",""
"02/07/2024 06:00:00 - 02/07/2024 07:00:00","BZN|BE","Without sequence","70.0","",""
"02/07/2024 07:00:00 - 02/07/2024 08:00:00","BZN|BE","Without sequence","89.03","",""
"02/07/2024 08:00:00 - 02/07/2024 09:00:00","BZN|BE","Without sequence","101.56","",""
"02/07/2024 09:00:00 - 02/07/2024 10:00:00","BZN|BE","Without sequence","78.92","",""
"02/07/2024 10:00:00 - 02/07/2024 11:00:00","BZN|BE","Without sequence","82.7","",""
"02/07/2024 11:00:00 - 02/07/2024 12:00:00","BZN|BE","Without sequence","69.55","",""
"02/07/2024 12:00:00 - 02/07/2024 13:00:00","BZN|BE","Without sequence","58.86","",""
"02/07/2024 13:00:00 - 02/07/2024 14:00:00","BZN|BE","Without sequence","55.58","",""
"02/07/2024 14:00:00 - 02/07/2024 15:00:00","BZN|BE","Without sequence","47.69","",""
"02/07/2024 15:00:00 - 02/07/2024 16:00:00","BZN|BE","Without sequence","44.34","",""
"02/07/2024 16:00:00 - 02/07/2024 17:00:00","BZN|BE","Without sequence","56.49","",""
"02/07/2024 17:00:00 - 02/07/2024 18:00:00","BZN|BE","Without sequence","58.46","",""
"02/07/2024 18:00:00 - 02/07/2024 19:00:00","BZN|BE","Without sequence","74.29","",""
"02/07/2024 19:00:00 - 02/07/2024 20:00:00","BZN|BE","Without sequence","81.78","",""
"02/07/2024 20:00:00 - 02/07/2024 21:00:00","BZN|BE","Without sequence","90.75","",""
"02/07/2024 21:00:00 - 02/07/2024 22:00:00","BZN|BE","Without sequence","110.25","",""
"02/07/2024 22:00:00 - 02/07/2024 23:00:00","BZN|BE","Without sequence","109.15","",""
"02/07/2024 23:00:00 - 03/07/2024 00:00:00","BZN|BE","Without sequence","91.6","",""
"03/07/2024 00:00:00 - 03/07/2024 01:00:00","BZN|BE","Without sequence","94.61","",""
"03/07/2024 01:00:00 - 03/07/2024 02:00:00","BZN|BE","Without sequence","77.72","",""
"03/07/2024 02:00:00 - 03/07/2024 03:00:00","BZN|BE","Without sequence","69.32","",""
"03/07/2024 03:00:00 - 03/07/2024 04:00:00","BZN|BE","Without sequence","58.6","",""
"03/07/2024 04:00:00 - 03/07/2024 05:00:00","BZN|BE","Without sequence","50.92","",""
"03/07/2024 05:00:00 - 03/07/2024 06:00:00","BZN|BE","Without sequence","48.35","",""
"03/07/2024 06:00:00 - 03/07/2024 07:00:00","BZN|BE","Without sequence","67.83","",""
"03/07/2024 07:00:00 - 03/07/2024 08:00:00","BZN|BE","Without sequence","100.0","",""
"03/07/2024 08:00:00 - 03/07/2024 09:00:00","BZN|BE","Without sequence","102.79","",""
"03/07/2024 09:00:00 - 03/07/2024 10:00:00","BZN|BE","Without sequence","101.23","",""
"03/07/2024 10:00:00 - 03/07/2024 11:00:00","BZN|BE","Without sequence","92.78","",""
"03/07/2024 11:00:00 - 03/07/2024 12:00:00","BZN|BE","Without sequence","96.62","",""
"03/07/2024 12:00:00 - 03/07/2024 13:00:00","BZN|BE","Without sequence","68.68","",""
"03/07/2024 13:00:00 - 03/07/2024 14:00:00","BZN|BE","Without sequence","61.67","",""
"03/07/2024 14:00:00 - 03/07/2024 15:00:00","BZN|BE","Without sequence","54.61","",""
"03/07/2024 15:00:00 - 03/07/2024 16:00:00","BZN|BE","Without sequence","52.05","",""
"03/07/2024 16:00:00 - 03/07/2024 17:00:00","BZN|BE","Without sequence","51.69","",""
"03/07/2024 17:00:00 - 03/07/2024 18:00:00","BZN|BE","Without sequence","40.0","",""
"03/07/2024 18:00:00 - 03/07/2024 19:00:00","BZN|BE","Without sequence","58.29","",""
"03/07/2024 19:00:00 - 03/07/2024 20:00:00","BZN|BE","Without sequence","61.91","",""
"03/07/2024 20:00:00 - 03/07/2024 21:00:00","BZN|BE","Without sequence","72.07","",""
"03/07/2024 21:00:00 - 03/07/2024 22:00:00","BZN|BE","Without sequence","45.17","",""
"03/07/2024 22:00:00 - 03/07/2024 23:00:00","BZN|BE","Without sequence","46.48","",""
"03/07/2024 23:00:00 - 04/07/2024 00:00:00","BZN|BE","Without sequence","31.1","",""
"04/07/2024 00:00:00 - 04/07/2024 01:00:00","BZN|BE","Without sequence","26.78","",""
"04/07/2024 01:00:00 - 04/07/2024 02:00:00","BZN|BE","Without sequence","7.27","",""
"04/07/2024 02:00:00 - 04/07/2024 03:00:00","BZN|BE","Without sequence","2.3","",""
"04/07/2024 03:00:00 - 04/07/2024 04:00:00","BZN|BE","Without sequence","0.18","",""
"04/07/2024 04:00:00 - 04/07/2024 05:00:00","BZN|BE","Without sequence","1.72","",""
"04/07/2024 05:00:00 - 04/07/2024 06:00:00","BZN|BE","Without sequence","2.17","",""
"04/07/2024 06:00:00 - 04/07/2024 07:00:00","BZN|BE","Without sequence","12.13","",""
"04/07/2024 07:00:00 - 04/07/2024 08:00:00","BZN|BE","Without sequence","19.72","",""
"04/07/2024 08:00:00 - 04/07/2024 09:00:00","BZN|BE","Without sequence","31.23","",""
"04/07/2024 09:00:00 - 04/07/2024 10:00:00","BZN|BE","Without sequence","23.21","",""
"04/07/2024 10:00:00 - 04/07/2024 11:00:00","BZN|BE","Without sequence","0.89","",""
"04/07/2024 11:00:00 - 04/07/2024 12:00:00","BZN|BE","Without sequence","-7.82","",""
"04/07/2024 12:00:00 - 04/07/2024 13:00:00","BZN|BE","Without sequence","-11.17","",""
"04/07/2024 13:00:00 - 04/07/2024 14:00:00","BZN|BE","Without sequence","-25.79","",""
"04/07/2024 14:00:00 - 04/07/2024 15:00:00","BZN|BE","Without sequence","-38.84","",""
"04/07/2024 15:00:00 - 04/07/2024 16:00:00","BZN|BE","Without sequence","-42.22","",""
"04/07/2024 16:00:00 - 04/07/2024 17:00:00","BZN|BE","Without sequence","-50.0","",""
"04/07/2024 17:00:00 - 04/07/2024 18:00:00","BZN|BE","Without sequence","-27.88","",""
"04/07/2024 18:00:00 - 04/07/2024 19:00:00","BZN|BE","Without sequence","-2.38","",""
"04/07/2024 19:00:00 - 04/07/2024 20:00:00","BZN|BE","Without sequence","38.04","",""
"04/07/2024 20:00:00 - 04/07/2024 21:00:00","BZN|BE","Without sequence","61.07","",""
"04/07/2024 21:00:00 - 04/07/2024 22:00:00","BZN|BE","Without sequence","73.19","",""
"04/07/2024 22:00:00 - 04/07/2024 23:00:00","BZN|BE","Without sequence","65.15","",""
"04/07/2024 23:00:00 - 05/07/2024 00:00:00","BZN|BE","Without sequence","49.73","",""
"05/07/2024 00:00:00 - 05/07/2024 01:00:00","BZN|BE","Without sequence","1.8","",""
"05/07/2024 01:00:00 - 05/07/2024 02:00:00","BZN|BE","Without sequence","0.0","",""
"05/07/2024 02:00:00 - 05/07/2024 03:00:00","BZN|BE","Without sequence","-0.88","",""
"05/07/2024 03:00:00 - 05/07/2024 04:00:00","BZN|BE","Without sequence","-1.11","",""
"05/07/2024 04:00:00 - 05/07/2024 05:00:00","BZN|BE","Without sequence","2.65","",""
"05/07/2024 05:00:00 - 05/07/2024 06:00:00","BZN|BE","Without sequence","4.3","",""
"05/07/2024 06:00:00 - 05/07/2024 07:00:00","BZN|BE","Without sequence","9.08","",""
"05/07/2024 07:00:00 - 05/07/2024 08:00:00","BZN|BE","Without sequence","27.96","",""
"05/07/2024 08:00:00 - 05/07/2024 09:00:00","BZN|BE","Without sequence","40.0","",""
"05/07/2024 09:00:00 - 05/07/2024 10:00:00","BZN|BE","Without sequence","18.57","",""
"05/07/2024 10:00:00 - 05/07/2024 11:00:00","BZN|BE","Without sequence","2.99","",""
"05/07/2024 11:00:00 - 05/07/2024 12:00:00","BZN|BE","Without sequence","0.51","",""
"05/07/2024 12:00:00 - 05/07/2024 13:00:00","BZN|BE","Without sequence","0.43","",""
"05/07/2024 13:00:00 - 05/07/2024 14:00:00","BZN|BE","Without sequence","-0.25","",""
"05/07/2024 14:00:00 - 05/07/2024 15:00:00","BZN|BE","Without sequence","-0.4","",""
"05/07/2024 15:00:00 - 05/07/2024 16:00:00","BZN|BE","Without sequence","0.52","",""
"05/07/2024 16:00:00 - 05/07/2024 17:00:00","BZN|BE","Without sequence","2.54","",""
"05/07/2024 17:00:00 - 05/07/2024 18:00:00","BZN|BE","Without sequence","17.14","",""
"05/07/2024 18:00:00 - 05/07/2024 19:00:00","BZN|BE","Without sequence","53.14","",""
"05/07/2024 19:00:00 - 05/07/2024 20:00:00","BZN|BE","Without sequence","78.58","",""
"05/07/2024 20:00:00 - 05/07/2024 21:00:00","BZN|BE","Without sequence","106.4","",""
"05/07/2024 21:00:00 - 05/07/2024 22:00:00","BZN|BE","Without sequence","115.75","",""
"05/07/2024 22:00:00 - 05/07/2024 23:00:00","BZN|BE","Without sequence","105.83","",""
"05/07/2024 23:00:00 - 06/07/2024 00:00:00","BZN|BE","Without sequence","85.29","",""
"06/07/2024 00:00:00 - 06/07/2024 01:00:00","BZN|BE","Without sequence","62.2","",""
"06/07/2024 01:00:00 - 06/07/2024 02:00:00","BZN|BE","Without sequence","36.35","",""
"06/07/2024 02:00:00 - 06/07/2024 03:00:00","BZN|BE","Without sequence","30.61","",""
"06/07/2024 03:00:00 - 06/07/2024 04:00:00","BZN|BE","Without sequence","23.1","",""
"06/07/2024 04:00:00 - 06/07/2024 05:00:00","BZN|BE","Without sequence","17.44","",""
"06/07/2024 05:00:00 - 06/07/2024 06:00:00","BZN|BE","Without sequence","8.37","",""
"06/07/2024 06:00:00 - 06/07/2024 07:00:00","BZN|BE","Without sequence","6.12","",""
"06/07/2024 07:00:00 - 06/07/2024 08:00:00","BZN|BE","Without sequence","5.37","",""
"06/07/2024 08:00:00 - 06/07/2024 09:00:00","BZN|BE","Without sequence","3.39","",""
"06/07/2024 09:00:00 - 06/07/2024 10:00:00","BZN|BE","Without sequence","0.0","",""
"06/07/2024 10:00:00 - 06/07/2024 11:00:00","BZN|BE","Without sequence","-9.8","",""
"06/07/2024 11:00:00 - 06/07/2024 12:00:00","BZN|BE","Without sequence","-28.61","",""
"06/07/2024 12:00:00 - 06/07/2024 13:00:00","BZN|BE","Without sequence","-35.0","",""
"06/07/2024 13:00:00 - 06/07/2024 14:00:00","BZN|BE","Without sequence","-57.93","",""
"06/07/2024 14:00:00 - 06/07/2024 15:00:00","BZN|BE","Without sequence","-76.8","",""
"06/07/2024 15:00:00 - 06/07/2024 16:00:00","BZN|BE","Without sequence","-140.0","",""
"06/07/2024 16:00:00 - 06/07/2024 17:00:00","BZN|BE","Without sequence","-109.19","",""
"06/07/2024 17:00:00 - 06/07/2024 18:00:00","BZN|BE","Without sequence","-60.0","",""
"06/07/2024 18:00:00 - 06/07/2024 19:00:00","BZN|BE","Without sequence","-10.29","",""
"06/07/2024 19:00:00 - 06/07/2024 20:00:00","BZN|BE","Without sequence","-1.34","",""
"06/07/2024 20:00:00 - 06/07/2024 21:00:00","BZN|BE","Without sequence","7.4","",""
"06/07/2024 21:00:00 - 06/07/2024 22:00:00","BZN|BE","Without sequence","9.68","",""
"06/07/2024 22:00:00 - 06/07/2024 23:00:00","BZN|BE","Without sequence","19.13","",""
"06/07/2024 23:00:00 - 07/07/2024 00:00:00","BZN|BE","Without sequence","15.3","",""
"07/07/2024 00:00:00 - 07/07/2024 01:00:00","BZN|BE","Without sequence","1.27","",""
"07/07/2024 01:00:00 - 07/07/2024 02:00:00","BZN|BE","Without sequence","1.1","",""
"07/07/2024 02:00:00 - 07/07/2024 03:00:00","BZN|BE","Without sequence","0.4","",""
"07/07/2024 03:00:00 - 07/07/2024 04:00:00","BZN|BE","Without sequence","0.66","",""
"07/07/2024 04:00:00 - 07/07/2024 05:00:00","BZN|BE","Without sequence","0.92","",""
"07/07/2024 05:00:00 - 07/07/2024 06:00:00","BZN|BE","Without sequence","0.68","",""
"07/07/2024 06:00:00 - 07/07/2024 07:00:00","BZN|BE","Without sequence","0.58","",""
"07/07/2024 07:00:00 - 07/07/2024 08:00:00","BZN|BE","Without sequence","0.12","",""
"07/07/2024 08:00:00 - 07/07/2024 09:00:00","BZN|BE","Without sequence","-0.57","",""
"07/07/2024 09:00:00 - 07/07/2024 10:00:00","BZN|BE","Without sequence","-6.39","",""
"07/07/2024 10:00:00 - 07/07/2024 11:00:00","BZN|BE","Without sequence","-9.76","",""
"07/07/2024 11:00:00 - 07/07/2024 12:00:00","BZN|BE","Without sequence","-12.6","",""
"07/07/2024 12:00:00 - 07/07/2024 13:00:00","BZN|BE","Without sequence","-13.13","",""
"07/07/2024 13:00:00 - 07/07/2024 14:00:00","BZN|BE","Without sequence","-21.88","",""
"07/07/2024 14:00:00 - 07/07/2024 15:00:00","BZN|BE","Without sequence","-20.43","",""
"07/07/2024 15:00:00 - 07/07/2024 16:00:00","BZN|BE","Without sequence","-11.48","",""
"07/07/2024 16:00:00 - 07/07/2024 17:00:00","BZN|BE","Without sequence","-5.21","",""
"07/07/2024 17:00:00 - 07/07/2024 18:00:00","BZN|BE","Without sequence","-1.51","",""
"07/07/2024 18:00:00 - 07/07/2024 19:00:00","BZN|BE","Without sequence","26.91","",""
"07/07/2024 19:00:00 - 07/07/2024 20:00:00","BZN|BE","Without sequence","56.53","",""
"07/07/2024 20:00:00 - 07/07/2024 21:00:00","BZN|BE","Without sequence","78.22","",""
"07/07/2024 21:00:00 - 07/07/2024 22:00:00","BZN|BE","Without sequence","88.77","",""
"07/07/2024 22:00:00 - 07/07/2024 23:00:00","BZN|BE","Without sequence","108.69","",""
"07/07/2024 23:00:00 - 08/07/2024 00:00:00","BZN|BE","Without sequence","94.37","",""
"08/07/2024 00:00:00 - 08/07/2024 01:00:00","BZN|BE","Without sequence","81.65","",""
"08/07/2024 01:00:00 - 08/07/2024 02:00:00","BZN|BE","Without sequence","76.42","",""
"08/07/2024 02:00:00 - 08/07/2024 03:00:00","BZN|BE","Without sequence","67.67","",""
"08/07/2024 03:00:00 - 08/07/2024 04:00:00","BZN|BE","Without sequence","69.39","",""
"08/07/2024 04:00:00 - 08/07/2024 05:00:00","BZN|BE","Without sequence","70.41","",""
"08/07/2024 05:00:00 - 08/07/2024 06:00:00","BZN|BE","Without sequence","71.06","",""
"08/07/2024 06:00:00 - 08/07/2024 07:00:00","BZN|BE","Without sequence","90.35","",""
"08/07/2024 07:00:00 - 08/07/2024 08:00:00","BZN|BE","Without sequence","110.97","",""
"08/07/2024 08:00:00 - 08/07/2024 09:00:00","BZN|BE","Without sequence","100.61","",""
"08/07/2024 09:00:00 - 08/07/2024 10:00:00","BZN|BE","Without sequence","77.98","",""
"08/07/2024 10:00:00 - 08/07/2024 11:00:00","BZN|BE","Without sequence","54.34","",""
"08/07/2024 11:00:00 - 08/07/2024 12:00:00","BZN|BE","Without sequence","39.67","",""
"08/07/2024 12:00:00 - 08/07/2024 13:00:00","BZN|BE","Without sequence","33.09","",""
"08/07/2024 13:00:00 - 08/07/2024 14:00:00","BZN|BE","Without sequence","30.85","",""
"08/07/2024 14:00:00 - 08/07/2024 15:00:00","BZN|BE","Without sequence","30.42","",""
"08/07/2024 15:00:00 - 08/07/2024 16:00:00","BZN|BE","Without sequence","38.04","",""
"08/07/2024 16:00:00 - 08/07/2024 17:00:00","BZN|BE","Without sequence","50.8","",""
"08/07/2024 17:00:00 - 08/07/2024 18:00:00","BZN|BE","Without sequence","82.08","",""
"08/07/2024 18:00:00 - 08/07/2024 19:00:00","BZN|BE","Without sequence","89.95","",""
"08/07/2024 19:00:00 - 08/07/2024 20:00:00","BZN|BE","Without sequence","110.68","",""
"08/07/2024 20:00:00 - 08/07/2024 21:00:00","BZN|BE","Without sequence","166.84","",""
"08/07/2024 21:00:00 - 08/07/2024 22:00:00","BZN|BE","Without sequence","137.54","",""
"08/07/2024 22:00:00 - 08/07/2024 23:00:00","BZN|BE","Without sequence","110.61","",""
"08/07/2024 23:00:00 - 09/07/2024 00:00:00","BZN|BE","Without sequence","89.1","",""
"09/07/2024 00:00:00 - 09/07/2024 01:00:00","BZN|BE","Without sequence","76.3","",""
"09/07/2024 01:00:00 - 09/07/2024 02:00:00","BZN|BE","Without sequence","63.58","",""
"09/07/2024 02:00:00 - 09/07/2024 03:00:00","BZN|BE","Without sequence","53.14","",""
"09/07/2024 03:00:00 - 09/07/2024 04:00:00","BZN|BE","Without sequence","41.26","",""
"09/07/2024 04:00:00 - 09/07/2024 05:00:00","BZN|BE","Without sequence","38.7","",""
"09/07/2024 05:00:00 - 09/07/2024 06:00:00","BZN|BE","Without sequence","49.9","",""
"09/07/2024 06:00:00 - 09/07/2024 07:00:00","BZN|BE","Without sequence","58.21","",""
"09/07/2024 07:00:00 - 09/07/2024 08:00:00","BZN|BE","Without sequence","75.38","",""
"09/07/2024 08:00:00 - 09/07/2024 09:00:00","BZN|BE","Without sequence","75.58","",""
"09/07/2024 09:00:00 - 09/07/2024 10:00:00","BZN|BE","Without sequence","59.81","",""
"09/07/2024 10:00:00 - 09/07/2024 11:00:00","BZN|BE","Without sequence","46.63","",""
"09/07/2024 11:00:00 - 09/07/2024 12:00:00","BZN|BE","Without sequence","33.71","",""
"09/07/2024 12:00:00 - 09/07/2024 13:00:00","BZN|BE","Without sequence","21.95","",""
"09/07/2024 13:00:00 - 09/07/2024 14:00:00","BZN|BE","Without sequence","7.32","",""
"09/07/2024 14:00:00 - 09/07/2024 15:00:00","BZN|BE","Without sequence","5.31","",""
"09/07/2024 15:00:00 - 09/07/2024 16:00:00","BZN|BE","Without sequence","12.12","",""
"09/07/2024 16:00:00 - 09/07/2024 17:00:00","BZN|BE","Without sequence","46.43","",""
"09/07/2024 17:00:00 - 09/07/2024 18:00:00","BZN|BE","Without sequence","77.36","",""
"09/07/2024 18:00:00 - 09/07/2024 19:00:00","BZN|BE","Without sequence","102.11","",""
"09/07/2024 19:00:00 - 09/07/2024 20:00:00","BZN|BE","Without sequence","110.09","",""
"09/07/2024 20:00:00 - 09/07/2024 21:00:00","BZN|BE","Without sequence","121.81","",""
"09/07/2024 21:00:00 - 09/07/2024 22:00:00","BZN|BE","Without sequence","108.05","",""
"09/07/2024 22:00:00 - 09/07/2024 23:00:00","BZN|BE","Without sequence","87.85","",""
"09/07/2024 23:00:00 - 10/07/2024 00:00:00","BZN|BE","Without sequence","82.93","",""
"10/07/2024 00:00:00 - 10/07/2024 01:00:00","BZN|BE","Without sequence","73.97","",""
"10/07/2024 01:00:00 - 10/07/2024 02:00:00","BZN|BE","Without sequence","64.4","",""
"10/07/2024 02:00:00 - 10/07/2024 03:00:00","BZN|BE","Without sequence","67.25","",""
"10/07/2024 03:00:00 - 10/07/2024 04:00:00","BZN|BE","Without sequence","61.02","",""
"10/07/2024 04:00:00 - 10/07/2024 05:00:00","BZN|BE","Without sequence","54.3","",""
"10/07/2024 05:00:00 - 10/07/2024 06:00:00","BZN|BE","Without sequence","58.64","",""
"10/07/2024 06:00:00 - 10/07/2024 07:00:00","BZN|BE","Without sequence","74.4","",""
"10/07/2024 07:00:00 - 10/07/2024 08:00:00","BZN|BE","Without sequence","89.54","",""
"10/07/2024 08:00:00 - 10/07/2024 09:00:00","BZN|BE","Without sequence","101.95","",""
"10/07/2024 09:00:00 - 10/07/2024 10:00:00","BZN|BE","Without sequence","84.93","",""
"10/07/2024 10:00:00 - 10/07/2024 11:00:00","BZN|BE","Without sequence","65.0","",""
"10/07/2024 11:00:00 - 10/07/2024 12:00:00","BZN|BE","Without sequence","55.8","",""
"10/07/2024 12:00:00 - 10/07/2024 13:00:00","BZN|BE","Without sequence","47.71","",""
"10/07/2024 13:00:00 - 10/07/2024 14:00:00","BZN|BE","Without sequence","35.31","",""
"10/07/2024 14:00:00 - 10/07/2024 15:00:00","BZN|BE","Without sequence","16.42","",""
"10/07/2024 15:00:00 - 10/07/2024 16:00:00","BZN|BE","Without sequence","-18.57","",""
"10/07/2024 16:00:00 - 10/07/2024 17:00:00","BZN|BE","Without sequence","-10.0","",""
"10/07/2024 17:00:00 - 10/07/2024 18:00:00","BZN|BE","Without sequence","19.28","",""
"10/07/2024 18:00:00 - 10/07/2024 19:00:00","BZN|BE","Without sequence","75.66","",""
"10/07/2024 19:00:00 - 10/07/2024 20:00:00","BZN|BE","Without sequence","97.57","",""
"10/07/2024 20:00:00 - 10/07/2024 21:00:00","BZN|BE","Without sequence","96.46","",""
"10/07/2024 21:00:00 - 10/07/2024 22:00:00","BZN|BE","Without sequence","115.32","",""
"10/07/2024 22:00:00 - 10/07/2024 23:00:00","BZN|BE","Without sequence","106.8","",""
"10/07/2024 23:00:00 - 11/07/2024 00:00:00","BZN|BE","Without sequence","92.75","",""
"11/07/2024 00:00:00 - 11/07/2024 01:00:00","BZN|BE","Without sequence","93.07","",""
"11/07/2024 01:00:00 - 11/07/2024 02:00:00","BZN|BE","Without sequence","77.23","",""
"11/07/2024 02:00:00 - 11/07/2024 03:00:00","BZN|BE","Without sequence","75.83","",""
"11/07/2024 03:00:00 - 11/07/2024 04:00:00","BZN|BE","Without sequence","67.5","",""
"11/07/2024 04:00:00 - 11/07/2024 05:00:00","BZN|BE","Without sequence","65.0","",""
"11/07/2024 05:00:00 - 11/07/2024 06:00:00","BZN|BE","Without sequence","80.78","",""
"11/07/2024 06:00:00 - 11/07/2024 07:00:00","BZN|BE","Without sequence","79.4","",""
"11/07/2024 07:00:00 - 11/07/2024 08:00:00","BZN|BE","Without sequence","93.75","",""
"11/07/2024 08:00:00 - 11/07/2024 09:00:00","BZN|BE","Without sequence","101.85","",""
"11/07/2024 09:00:00 - 11/07/2024 10:00:00","BZN|BE","Without sequence","89.47","",""
"11/07/2024 10:00:00 - 11/07/2024 11:00:00","BZN|BE","Without sequence","80.86","",""
"11/07/2024 11:00:00 - 11/07/2024 12:00:00","BZN|BE","Without sequence","67.63","",""
"11/07/2024 12:00:00 - 11/07/2024 13:00:00","BZN|BE","Without sequence","58.51","",""
"11/07/2024 13:00:00 - 11/07/2024 14:00:00","BZN|BE","Without sequence","49.07","",""
"11/07/2024 14:00:00 - 11/07/2024 15:00:00","BZN|BE","Without sequence","45.0","",""
"11/07/2024 15:00:00 - 11/07/2024 16:00:00","BZN|BE","Without sequence","50.65","",""
"11/07/2024 16:00:00 - 11/07/2024 17:00:00","BZN|BE","Without sequence","61.28","",""
"11/07/2024 17:00:00 - 11/07/2024 18:00:00","BZN|BE","Without sequence","72.77","",""
"11/07/2024 18:00:00 - 11/07/2024 19:00:00","BZN|BE","Without sequence","87.11","",""
"11/07/2024 19:00:00 - 11/07/2024 20:00:00","BZN|BE","Without sequence","107.79","",""
"11/07/2024 20:00:00 - 11/07/2024 21:00:00","BZN|BE","Without sequence","138.22","",""
"11/07/2024 21:00:00 - 11/07/2024 22:00:00","BZN|BE","Without sequence","131.86","",""
"11/07/2024 22:00:00 - 11/07/2024 23:00:00","BZN|BE","Without sequence","115.41","",""
"11/07/2024 23:00:00 - 12/07/2024 00:00:00","BZN|BE","Without sequence","97.55","",""
"12/07/2024 00:00:00 - 12/07/2024 01:00:00","BZN|BE","Without sequence","91.13","",""
"12/07/2024 01:00:00 - 12/07/2024 02:00:00","BZN|BE","Without sequence","69.7","",""
"12/07/2024 02:00:00 - 12/07/2024 03:00:00","BZN|BE","Without sequence","69.0","",""
"12/07/2024 03:00:00 - 12/07/2024 04:00:00","BZN|BE","Without sequence","63.97","",""
"12/07/2024 04:00:00 - 12/07/2024 05:00:00","BZN|BE","Without sequence","47.06","",""
"12/07/2024 05:00:00 - 12/07/2024 06:00:00","BZN|BE","Without sequence","56.7","",""
"12/07/2024 06:00:00 - 12/07/2024 07:00:00","BZN|BE","Without sequence","63.32","",""
"12/07/2024 07:00:00 - 12/07/2024 08:00:00","BZN|BE","Without sequence","75.4","",""
"12/07/2024 08:00:00 - 12/07/2024 09:00:00","BZN|BE","Without sequence","86.74","",""
"12/07/2024 09:00:00 - 12/07/2024 10:00:00","BZN|BE","Without sequence","68.48","",""
"12/07/2024 10:00:00 - 12/07/2024 11:00:00","BZN|BE","Without sequence","65.07","",""
"12/07/2024 11:00:00 - 12/07/2024 12:00:00","BZN|BE","Without sequence","64.51","",""
"12/07/2024 12:00:00 - 12/07/2024 13:00:00","BZN|BE","Without sequence","64.17","",""
"12/07/2024 13:00:00 - 12/07/2024 14:00:00","BZN|BE","Without sequence","55.6","",""
"12/07/2024 14:00:00 - 12/07/2024 15:00:00","BZN|BE","Without sequence","55.01","",""
"12/07/2024 15:00:00 - 12/07/2024 16:00:00","BZN|BE","Without sequence","52.36","",""
"12/07/2024 16:00:00 - 12/07/2024 17:00:00","BZN|BE","Without sequence","66.04","",""
"12/07/2024 17:00:00 - 12/07/2024 18:00:00","BZN|BE","Without sequence","70.16","",""
"12/07/2024 18:00:00 - 12/07/2024 19:00:00","BZN|BE","Without sequence","62.76","",""
"12/07/2024 19:00:00 - 12/07/2024 20:00:00","BZN|BE","Without sequence","69.55","",""
"12/07/2024 20:00:00 - 12/07/2024 21:00:00","BZN|BE","Without sequence","80.83","",""
"12/07/2024 21:00:00 - 12/07/2024 22:00:00","BZN|BE","Without sequence","91.57","",""
"12/07/2024 22:00:00 - 12/07/2024 23:00:00","BZN|BE","Without sequence","86.22","",""
"12/07/2024 23:00:00 - 13/07/2024 00:00:00","BZN|BE","Without sequence","79.48","",""
"13/07/2024 00:00:00 - 13/07/2024 01:00:00","BZN|BE","Without sequence","68.25","",""
"13/07/2024 01:00:00 - 13/07/2024 02:00:00","BZN|BE","Without sequence","60.87","",""
"13/07/2024 02:00:00 - 13/07/2024 03:00:00","BZN|BE","Without sequence","48.74","",""
"13/07/2024 03:00:00 - 13/07/2024 04:00:00","BZN|BE","Without sequence","38.26","",""
"13/07/2024 04:00:00 - 13/07/2024 05:00:00","BZN|BE","Without sequence","32.83","",""
"13/07/2024 05:00:00 - 13/07/2024 06:00:00","BZN|BE","Without sequence","31.16","",""
"13/07/2024 06:00:00 - 13/07/2024 07:00:00","BZN|BE","Without sequence","31.09","",""
"13/07/2024 07:00:00 - 13/07/2024 08:00:00","BZN|BE","Without sequence","27.99","",""
"13/07/2024 08:00:00 - 13/07/2024 09:00:00","BZN|BE","Without sequence","26.6","",""
"13/07/2024 09:00:00 - 13/07/2024 10:00:00","BZN|BE","Without sequence","20.97","",""
"13/07/2024 10:00:00 - 13/07/2024 11:00:00","BZN|BE","Without sequence","5.16","",""
"13/07/2024 11:00:00 - 13/07/2024 12:00:00","BZN|BE","Without sequence","0.04","",""
"13/07/2024 12:00:00 - 13/07/2024 13:00:00","BZN|BE","Without sequence","-0.01","",""
"13/07/2024 13:00:00 - 13/07/2024 14:00:00","BZN|BE","Without sequence","-4.99","",""
"13/07/2024 14:00:00 - 13/07/2024 15:00:00","BZN|BE","Without sequence","-14.84","",""
"13/07/2024 15:00:00 - 13/07/2024 16:00:00","BZN|BE","Without sequence","-11.36","",""
"13/07/2024 16:00:00 - 13/07/2024 17:00:00","BZN|BE","Without sequence","-3.04","",""
"13/07/2024 17:00:00 - 13/07/2024 18:00:00","BZN|BE","Without sequence","0.22","",""
"13/07/2024 18:00:00 - 13/07/2024 19:00:00","BZN|BE","Without sequence","29.49","",""
"13/07/2024 19:00:00 - 13/07/2024 20:00:00","BZN|BE","Without sequence","48.97","",""
"13/07/2024 20:00:00 - 13/07/2024 21:00:00","BZN|BE","Without sequence","74.86","",""
"13/07/2024 21:00:00 - 13/07/2024 22:00:00","BZN|BE","Without sequence","75.81","",""
"13/07/2024 22:00:00 - 13/07/2024 23:00:00","BZN|BE","Without sequence","79.1","",""
"13/07/2024 23:00:00 - 14/07/2024 00:00:00","BZN|BE","Without sequence","65.04","",""
"14/07/2024 00:00:00 - 14/07/2024 01:00:00","BZN|BE","Without sequence","89.02","",""
"14/07/2024 01:00:00 - 14/07/2024 02:00:00","BZN|BE","Without sequence","63.28","",""
"14/07/2024 02:00:00 - 14/07/2024 03:00:00","BZN|BE","Without sequence","55.51","",""
"14/07/2024 03:00:00 - 14/07/2024 04:00:00","BZN|BE","Without sequence","44.37","",""
"14/07/2024 04:00:00 - 14/07/2024 05:00:00","BZN|BE","Without sequence","37.19","",""
"14/07/2024 05:00:00 - 14/07/2024 06:00:00","BZN|BE","Without sequence","36.74","",""
"14/07/2024 06:00:00 - 14/07/2024 07:00:00","BZN|BE","Without sequence","30.53","",""
"14/07/2024 07:00:00 - 14/07/2024 08:00:00","BZN|BE","Without sequence","14.28","",""
"14/07/2024 08:00:00 - 14/07/2024 09:00:00","BZN|BE","Without sequence","0.29","",""
"14/07/2024 09:00:00 - 14/07/2024 10:00:00","BZN|BE","Without sequence","-3.3","",""
"14/07/2024 10:00:00 - 14/07/2024 11:00:00","BZN|BE","Without sequence","-21.03","",""
"14/07/2024 11:00:00 - 14/07/2024 12:00:00","BZN|BE","Without sequence","-40.2","",""
"14/07/2024 12:00:00 - 14/07/2024 13:00:00","BZN|BE","Without sequence","-59.47","",""
"14/07/2024 13:00:00 - 14/07/2024 14:00:00","BZN|BE","Without sequence","-73.75","",""
"14/07/2024 14:00:00 - 14/07/2024 15:00:00","BZN|BE","Without sequence","-74.02","",""
"14/07/2024 15:00:00 - 14/07/2024 16:00:00","BZN|BE","Without sequence","-51.66","",""
"14/07/2024 16:00:00 - 14/07/2024 17:00:00","BZN|BE","Without sequence","-19.61","",""
"14/07/2024 17:00:00 - 14/07/2024 18:00:00","BZN|BE","Without sequence","-0.47","",""
"14/07/2024 18:00:00 - 14/07/2024 19:00:00","BZN|BE","Without sequence","37.27","",""
"14/07/2024 19:00:00 - 14/07/2024 20:00:00","BZN|BE","Without sequence","59.73","",""
"14/07/2024 20:00:00 - 14/07/2024 21:00:00","BZN|BE","Without sequence","87.55","",""
"14/07/2024 21:00:00 - 14/07/2024 22:00:00","BZN|BE","Without sequence","99.47","",""
"14/07/2024 22:00:00 - 14/07/2024 23:00:00","BZN|BE","Without sequence","106.25","",""
"14/07/2024 23:00:00 - 15/07/2024 00:00:00","BZN|BE","Without sequence","87.26","",""
"15/07/2024 00:00:00 - 15/07/2024 01:00:00","BZN|BE","Without sequence","79.68","",""
"15/07/2024 01:00:00 - 15/07/2024 02:00:00","BZN|BE","Without sequence","67.01","",""
"15/07/2024 02:00:00 - 15/07/2024 03:00:00","BZN|BE","Without sequence","61.22","",""
"15/07/2024 03:00:00 - 15/07/2024 04:00:00","BZN|BE","Without sequence","56.97","",""
"15/07/2024 04:00:00 - 15/07/2024 05:00:00","BZN|BE","Without sequence","61.01","",""
"15/07/2024 05:00:00 - 15/07/2024 06:00:00","BZN|BE","Without sequence","64.82","",""
"15/07/2024 06:00:00 - 15/07/2024 07:00:00","BZN|BE","Without sequence","77.8","",""
"15/07/2024 07:00:00 - 15/07/2024 08:00:00","BZN|BE","Without sequence","91.3","",""
"15/07/2024 08:00:00 - 15/07/2024 09:00:00","BZN|BE","Without sequence","84.66","",""
"15/07/2024 09:00:00 - 15/07/2024 10:00:00","BZN|BE","Without sequence","60.77","",""
"15/07/2024 10:00:00 - 15/07/2024 11:00:00","BZN|BE","Without sequence","37.27","",""
"15/07/2024 11:00:00 - 15/07/2024 12:00:00","BZN|BE","Without sequence","13.14","",""
"15/07/2024 12:00:00 - 15/07/2024 13:00:00","BZN|BE","Without sequence","1.98","",""
"15/07/2024 13:00:00 - 15/07/2024 14:00:00","BZN|BE","Without sequence","-0.46","",""
"15/07/2024 14:00:00 - 15/07/2024 15:00:00","BZN|BE","Without sequence","-0.32","",""
"15/07/2024 15:00:00 - 15/07/2024 16:00:00","BZN|BE","Without sequence","5.17","",""
"15/07/2024 16:00:00 - 15/07/2024 17:00:00","BZN|BE","Without sequence","31.15","",""
"15/07/2024 17:00:00 - 15/07/2024 18:00:00","BZN|BE","Without sequence","46.89","",""
"15/07/2024 18:00:00 - 15/07/2024 19:00:00","BZN|BE","Without sequence","66.54","",""
"15/07/2024 19:00:00 - 15/07/2024 20:00:00","BZN|BE","Without sequence","104.55","",""
"15/07/2024 20:00:00 - 15/07/2024 21:00:00","BZN|BE","Without sequence","125.76","",""
"15/07/2024 21:00:00 - 15/07/2024 22:00:00","BZN|BE","Without sequence","104.24","",""
"15/07/2024 22:00:00 - 15/07/2024 23:00:00","BZN|BE","Without sequence","92.94","",""
"15/07/2024 23:00:00 - 16/07/2024 00:00:00","BZN|BE","Without sequence","80.17","",""
"16/07/2024 00:00:00 - 16/07/2024 01:00:00","BZN|BE","Without sequence","54.37","",""
"16/07/2024 01:00:00 - 16/07/2024 02:00:00","BZN|BE","Without sequence","32.67","",""
"16/07/2024 02:00:00 - 16/07/2024 03:00:00","BZN|BE","Without sequence","37.42","",""
"16/07/2024 03:00:00 - 16/07/2024 04:00:00","BZN|BE","Without sequence","32.34","",""
"16/07/2024 04:00:00 - 16/07/2024 05:00:00","BZN|BE","Without sequence","28.3","",""
"16/07/2024 05:00:00 - 16/07/2024 06:00:00","BZN|BE","Without sequence","33.5","",""
"16/07/2024 06:00:00 - 16/07/2024 07:00:00","BZN|BE","Without sequence","47.77","",""
"16/07/2024 07:00:00 - 16/07/2024 08:00:00","BZN|BE","Without sequence","46.47","",""
"16/07/2024 08:00:00 - 16/07/2024 09:00:00","BZN|BE","Without sequence","54.34","",""
"16/07/2024 09:00:00 - 16/07/2024 10:00:00","BZN|BE","Without sequence","36.83","",""
"16/07/2024 10:00:00 - 16/07/2024 11:00:00","BZN|BE","Without sequence","16.02","",""
"16/07/2024 11:00:00 - 16/07/2024 12:00:00","BZN|BE","Without sequence","-0.32","",""
"16/07/2024 12:00:00 - 16/07/2024 13:00:00","BZN|BE","Without sequence","-4.31","",""
"16/07/2024 13:00:00 - 16/07/2024 14:00:00","BZN|BE","Without sequence","-5.54","",""
"16/07/2024 14:00:00 - 16/07/2024 15:00:00","BZN|BE","Without sequence","-5.66","",""
"16/07/2024 15:00:00 - 16/07/2024 16:00:00","BZN|BE","Without sequence","-6.11","",""
"16/07/2024 16:00:00 - 16/07/2024 17:00:00","BZN|BE","Without sequence","-3.26","",""
"16/07/2024 17:00:00 - 16/07/2024 18:00:00","BZN|BE","Without sequence","28.82","",""
"16/07/2024 18:00:00 - 16/07/2024 19:00:00","BZN|BE","Without sequence","64.68","",""
"16/07/2024 19:00:00 - 16/07/2024 20:00:00","BZN|BE","Without sequence","88.3","",""
"16/07/2024 20:00:00 - 16/07/2024 21:00:00","BZN|BE","Without sequence","111.89","",""
"16/07/2024 21:00:00 - 16/07/2024 22:00:00","BZN|BE","Without sequence","114.64","",""
"16/07/2024 22:00:00 - 16/07/2024 23:00:00","BZN|BE","Without sequence","106.9","",""
"16/07/2024 23:00:00 - 17/07/2024 00:00:00","BZN|BE","Without sequence","86.8","",""
"17/07/2024 00:00:00 - 17/07/2024 01:00:00","BZN|BE","Without sequence","87.9","",""
"17/07/2024 01:00:00 - 17/07/2024 02:00:00","BZN|BE","Without sequence","73.22","",""
"17/07/2024 02:00:00 - 17/07/2024 03:00:00","BZN|BE","Without sequence","72.94","",""
"17/07/2024 03:00:00 - 17/07/2024 04:00:00","BZN|BE","Without sequence","70.58","",""
"17/07/2024 04:00:00 - 17/07/2024 05:00:00","BZN|BE","Without sequence","71.1","",""
"17/07/2024 05:00:00 - 17/07/2024 06:00:00","BZN|BE","Without sequence","77.6","",""
"17/07/2024 06:00:00 - 17/07/2024 07:00:00","BZN|BE","Without sequence","90.47","",""
"17/07/2024 07:00:00 - 17/07/2024 08:00:00","BZN|BE","Without sequence","100.39","",""
"17/07/2024 08:00:00 - 17/07/2024 09:00:00","BZN|BE","Without sequence","105.7","",""
"17/07/2024 09:00:00 - 17/07/2024 10:00:00","BZN|BE","Without sequence","78.33","",""
"17/07/2024 10:00:00 - 17/07/2024 11:00:00","BZN|BE","Without sequence","59.51","",""
"17/07/2024 11:00:00 - 17/07/2024 12:00:00","BZN|BE","Without sequence","43.17","",""
"17/07/2024 12:00:00 - 17/07/2024 13:00:00","BZN|BE","Without sequence","34.35","",""
"17/07/2024 13:00:00 - 17/07/2024 14:00:00","BZN|BE","Without sequence","23.8","",""
"17/07/2024 14:00:00 - 17/07/2024 15:00:00","BZN|BE","Without sequence","13.46","",""
"17/07/2024 15:00:00 - 17/07/2024 16:00:00","BZN|BE","Without sequence","15.85","",""
"17/07/2024 16:00:00 - 17/07/2024 17:00:00","BZN|BE","Without sequence","41.62","",""
"17/07/2024 17:00:00 - 17/07/2024 18:00:00","BZN|BE","Without sequence","63.81","",""
"17/07/2024 18:00:00 - 17/07/2024 19:00:00","BZN|BE","Without sequence","85.57","",""
"17/07/2024 19:00:00 - 17/07/2024 20:00:00","BZN|BE","Without sequence","104.62","",""
"17/07/2024 20:00:00 - 17/07/2024 21:00:00","BZN|BE","Without sequence","138.92","",""
"17/07/2024 21:00:00 - 17/07/2024 22:00:00","BZN|BE","Without sequence","129.55","",""
"17/07/2024 22:00:00 - 17/07/2024 23:00:00","BZN|BE","Without sequence","113.64","",""
"17/07/2024 23:00:00 - 18/07/2024 00:00:00","BZN|BE","Without sequence","89.14","",""
"18/07/2024 00:00:00 - 18/07/2024 01:00:00","BZN|BE","Without sequence","90.32","",""
"18/07/2024 01:00:00 - 18/07/2024 02:00:00","BZN|BE","Without sequence","80.37","",""
"18/07/2024 02:00:00 - 18/07/2024 03:00:00","BZN|BE","Without sequence","71.14","",""
"18/07/2024 03:00:00 - 18/07/2024 04:00:00","BZN|BE","Without sequence","75.3","",""
"18/07/2024 04:00:00 - 18/07/2024 05:00:00","BZN|BE","Without sequence","70.18","",""
"18/07/2024 05:00:00 - 18/07/2024 06:00:00","BZN|BE","Without sequence","76.91","",""
"18/07/2024 06:00:00 - 18/07/2024 07:00:00","BZN|BE","Without sequence","92.29","",""
"18/07/2024 07:00:00 - 18/07/2024 08:00:00","BZN|BE","Without sequence","101.69","",""
"18/07/2024 08:00:00 - 18/07/2024 09:00:00","BZN|BE","Without sequence","97.25","",""
"18/07/2024 09:00:00 - 18/07/2024 10:00:00","BZN|BE","Without sequence","80.15","",""
"18/07/2024 10:00:00 - 18/07/2024 11:00:00","BZN|BE","Without sequence","65.22","",""
"18/07/2024 11:00:00 - 18/07/2024 12:00:00","BZN|BE","Without sequence","48.72","",""
"18/07/2024 12:00:00 - 18/07/2024 13:00:00","BZN|BE","Without sequence","36.61","",""
"18/07/2024 13:00:00 - 18/07/2024 14:00:00","BZN|BE","Without sequence","35.65","",""
"18/07/2024 14:00:00 - 18/07/2024 15:00:00","BZN|BE","Without sequence","38.82","",""
"18/07/2024 15:00:00 - 18/07/2024 16:00:00","BZN|BE","Without sequence","50.63","",""
"18/07/2024 16:00:00 - 18/07/2024 17:00:00","BZN|BE","Without sequence","69.38","",""
"18/07/2024 17:00:00 - 18/07/2024 18:00:00","BZN|BE","Without sequence","87.1","",""
"18/07/2024 18:00:00 - 18/07/2024 19:00:00","BZN|BE","Without sequence","97.56","",""
"18/07/2024 19:00:00 - 18/07/2024 20:00:00","BZN|BE","Without sequence","122.76","",""
"18/07/2024 20:00:00 - 18/07/2024 21:00:00","BZN|BE","Without sequence","157.61","",""
"18/07/2024 21:00:00 - 18/07/2024 22:00:00","BZN|BE","Without sequence","150.57","",""
"18/07/2024 22:00:00 - 18/07/2024 23:00:00","BZN|BE","Without sequence","120.08","",""
"18/07/2024 23:00:00 - 19/07/2024 00:00:00","BZN|BE","Without sequence","102.02","",""
"19/07/2024 00:00:00 - 19/07/2024 01:00:00","BZN|BE","Without sequence","90.62","",""
"19/07/2024 01:00:00 - 19/07/2024 02:00:00","BZN|BE","Without sequence","80.6","",""
"19/07/2024 02:00:00 - 19/07/2024 03:00:00","BZN|BE","Without sequence","80.07","",""
"19/07/2024 03:00:00 - 19/07/2024 04:00:00","BZN|BE","Without sequence","73.16","",""
"19/07/2024 04:00:00 - 19/07/2024 05:00:00","BZN|BE","Without sequence","71.83","",""
"19/07/2024 05:00:00 - 19/07/2024 06:00:00","BZN|BE","Without sequence","80.48","",""
"19/07/2024 06:00:00 - 19/07/2024 07:00:00","BZN|BE","Without sequence","90.0","",""
"19/07/2024 07:00:00 - 19/07/2024 08:00:00","BZN|BE","Without sequence","101.6","",""
"19/07/2024 08:00:00 - 19/07/2024 09:00:00","BZN|BE","Without sequence","98.4","",""
"19/07/2024 09:00:00 - 19/07/2024 10:00:00","BZN|BE","Without sequence","81.43","",""
"19/07/2024 10:00:00 - 19/07/2024 11:00:00","BZN|BE","Without sequence","70.41","",""
"19/07/2024 11:00:00 - 19/07/2024 12:00:00","BZN|BE","Without sequence","59.86","",""
"19/07/2024 12:00:00 - 19/07/2024 13:00:00","BZN|BE","Without sequence","45.74","",""
"19/07/2024 13:00:00 - 19/07/2024 14:00:00","BZN|BE","Without sequence","37.86","",""
"19/07/2024 14:00:00 - 19/07/2024 15:00:00","BZN|BE","Without sequence","37.61","",""
"19/07/2024 15:00:00 - 19/07/2024 16:00:00","BZN|BE","Without sequence","43.99","",""
"19/07/2024 16:00:00 - 19/07/2024 17:00:00","BZN|BE","Without sequence","65.26","",""
"19/07/2024 17:00:00 - 19/07/2024 18:00:00","BZN|BE","Without sequence","77.67","",""
"19/07/2024 18:00:00 - 19/07/2024 19:00:00","BZN|BE","Without sequence","86.9","",""
"19/07/2024 19:00:00 - 19/07/2024 20:00:00","BZN|BE","Without sequence","104.69","",""
"19/07/2024 20:00:00 - 19/07/2024 21:00:00","BZN|BE","Without sequence","136.98","",""
"19/07/2024 21:00:00 - 19/07/2024 22:00:00","BZN|BE","Without sequence","120.14","",""
"19/07/2024 22:00:00 - 19/07/2024 23:00:00","BZN|BE","Without sequence","107.11","",""
"19/07/2024 23:00:00 - 20/07/2024 00:00:00","BZN|BE","Without sequence","91.7","",""
"20/07/2024 00:00:00 - 20/07/2024 01:00:00","BZN|BE","Without sequence","94.99","",""
"20/07/2024 01:00:00 - 20/07/2024 02:00:00","BZN|BE","Without sequence","89.52","",""
"20/07/2024 02:00:00 - 20/07/2024 03:00:00","BZN|BE","Without sequence","86.73","",""
"20/07/2024 03:00:00 - 20/07/2024 04:00:00","BZN|BE","Without sequence","82.39","",""
"20/07/2024 04:00:00 - 20/07/2024 05:00:00","BZN|BE","Without sequence","84.37","",""
"20/07/2024 05:00:00 - 20/07/2024 06:00:00","BZN|BE","Without sequence","86.36","",""
"20/07/2024 06:00:00 - 20/07/2024 07:00:00","BZN|BE","Without sequence","81.17","",""
"20/07/2024 07:00:00 - 20/07/2024 08:00:00","BZN|BE","Without sequence","72.16","",""
"20/07/2024 08:00:00 - 20/07/2024 09:00:00","BZN|BE","Without sequence","67.88","",""
"20/07/2024 09:00:00 - 20/07/2024 10:00:00","BZN|BE","Without sequence","49.9","",""
"20/07/2024 10:00:00 - 20/07/2024 11:00:00","BZN|BE","Without sequence","6.12","",""
"20/07/2024 11:00:00 - 20/07/2024 12:00:00","BZN|BE","Without sequence","-0.35","",""
"20/07/2024 12:00:00 - 20/07/2024 13:00:00","BZN|BE","Without sequence","-3.93","",""
"20/07/2024 13:00:00 - 20/07/2024 14:00:00","BZN|BE","Without sequence","-3.9","",""
"20/07/2024 14:00:00 - 20/07/2024 15:00:00","BZN|BE","Without sequence","-3.1","",""
"20/07/2024 15:00:00 - 20/07/2024 16:00:00","BZN|BE","Without sequence","-2.2","",""
"20/07/2024 16:00:00 - 20/07/2024 17:00:00","BZN|BE","Without sequence","1.48","",""
"20/07/2024 17:00:00 - 20/07/2024 18:00:00","BZN|BE","Without sequence","48.75","",""
"20/07/2024 18:00:00 - 20/07/2024 19:00:00","BZN|BE","Without sequence","76.37","",""
"20/07/2024 19:00:00 - 20/07/2024 20:00:00","BZN|BE","Without sequence","91.94","",""
"20/07/2024 20:00:00 - 20/07/2024 21:00:00","BZN|BE","Without sequence","115.58","",""
"20/07/2024 21:00:00 - 20/07/2024 22:00:00","BZN|BE","Without sequence","110.46","",""
"20/07/2024 22:00:00 - 20/07/2024 23:00:00","BZN|BE","Without sequence","97.48","",""
"20/07/2024 23:00:00 - 21/07/2024 00:00:00","BZN|BE","Without sequence","83.26","",""
"21/07/2024 00:00:00 - 21/07/2024 01:00:00","BZN|BE","Without sequence","73.72","",""
"21/07/2024 01:00:00 - 21/07/2024 02:00:00","BZN|BE","Without sequence","62.84","",""
"21/07/2024 02:00:00 - 21/07/2024 03:00:00","BZN|BE","Without sequence","55.81","",""
"21/07/2024 03:00:00 - 21/07/2024 04:00:00","BZN|BE","Without sequence","59.21","",""
"21/07/2024 04:00:00 - 21/07/2024 05:00:00","BZN|BE","Without sequence","54.19","",""
"21/07/2024 05:00:00 - 21/07/2024 06:00:00","BZN|BE","Without sequence","56.45","",""
"21/07/2024 06:00:00 - 21/07/2024 07:00:00","BZN|BE","Without sequence","49.66","",""
"21/07/2024 07:00:00 - 21/07/2024 08:00:00","BZN|BE","Without sequence","43.75","",""
"21/07/2024 08:00:00 - 21/07/2024 09:00:00","BZN|BE","Without sequence","25.6","",""
"21/07/2024 09:00:00 - 21/07/2024 10:00:00","BZN|BE","Without sequence","-0.4","",""
"21/07/2024 10:00:00 - 21/07/2024 11:00:00","BZN|BE","Without sequence","0.06","",""
"21/07/2024 11:00:00 - 21/07/2024 12:00:00","BZN|BE","Without sequence","0.01","",""
"21/07/2024 12:00:00 - 21/07/2024 13:00:00","BZN|BE","Without sequence","0.0","",""
"21/07/2024 13:00:00 - 21/07/2024 14:00:00","BZN|BE","Without sequence","-0.08","",""
"21/07/2024 14:00:00 - 21/07/2024 15:00:00","BZN|BE","Without sequence","-0.22","",""
"21/07/2024 15:00:00 - 21/07/2024 16:00:00","BZN|BE","Without sequence","0.03","",""
"21/07/2024 16:00:00 - 21/07/2024 17:00:00","BZN|BE","Without sequence","-0.12","",""
"21/07/2024 17:00:00 - 21/07/2024 18:00:00","BZN|BE","Without sequence","21.37","",""
"21/07/2024 18:00:00 - 21/07/2024 19:00:00","BZN|BE","Without sequence","33.73","",""
"21/07/2024 19:00:00 - 21/07/2024 20:00:00","BZN|BE","Without sequence","55.12","",""
"21/07/2024 20:00:00 - 21/07/2024 21:00:00","BZN|BE","Without sequence","79.01","",""
"21/07/2024 21:00:00 - 21/07/2024 22:00:00","BZN|BE","Without sequence","85.51","",""
"21/07/2024 22:00:00 - 21/07/2024 23:00:00","BZN|BE","Without sequence","77.78","",""
"21/07/2024 23:00:00 - 22/07/2024 00:00:00","BZN|BE","Without sequence","75.34","",""
"22/07/2024 00:00:00 - 22/07/2024 01:00:00","BZN|BE","Without sequence","79.59","",""
"22/07/2024 01:00:00 - 22/07/2024 02:00:00","BZN|BE","Without sequence","67.94","",""
"22/07/2024 02:00:00 - 22/07/2024 03:00:00","BZN|BE","Without sequence","68.99","",""
"22/07/2024 03:00:00 - 22/07/2024 04:00:00","BZN|BE","Without sequence","68.3","",""
"22/07/2024 04:00:00 - 22/07/2024 05:00:00","BZN|BE","Without sequence","61.95","",""
"22/07/2024 05:00:00 - 22/07/2024 06:00:00","BZN|BE","Without sequence","66.68","",""
"22/07/2024 06:00:00 - 22/07/2024 07:00:00","BZN|BE","Without sequence","76.79","",""
"22/07/2024 07:00:00 - 22/07/2024 08:00:00","BZN|BE","Without sequence","81.33","",""
"22/07/2024 08:00:00 - 22/07/2024 09:00:00","BZN|BE","Without sequence","86.32","",""
"22/07/2024 09:00:00 - 22/07/2024 10:00:00","BZN|BE","Without sequence","67.0","",""
"22/07/2024 10:00:00 - 22/07/2024 11:00:00","BZN|BE","Without sequence","46.96","",""
"22/07/2024 11:00:00 - 22/07/2024 12:00:00","BZN|BE","Without sequence","14.02","",""
"22/07/2024 12:00:00 - 22/07/2024 13:00:00","BZN|BE","Without sequence","25.48","",""
"22/07/2024 13:00:00 - 22/07/2024 14:00:00","BZN|BE","Without sequence","21.41","",""
"22/07/2024 14:00:00 - 22/07/2024 15:00:00","BZN|BE","Without sequence","19.51","",""
"22/07/2024 15:00:00 - 22/07/2024 16:00:00","BZN|BE","Without sequence","19.72","",""
"22/07/2024 16:00:00 - 22/07/2024 17:00:00","BZN|BE","Without sequence","25.46","",""
"22/07/2024 17:00:00 - 22/07/2024 18:00:00","BZN|BE","Without sequence","57.52","",""
"22/07/2024 18:00:00 - 22/07/2024 19:00:00","BZN|BE","Without sequence","67.36","",""
"22/07/2024 19:00:00 - 22/07/2024 20:00:00","BZN|BE","Without sequence","86.3","",""
"22/07/2024 20:00:00 - 22/07/2024 21:00:00","BZN|BE","Without sequence","95.73","",""
"22/07/2024 21:00:00 - 22/07/2024 22:00:00","BZN|BE","Without sequence","95.51","",""
"22/07/2024 22:00:00 - 22/07/2024 23:00:00","BZN|BE","Without sequence","104.14","",""
"22/07/2024 23:00:00 - 23/07/2024 00:00:00","BZN|BE","Without sequence","84.19","",""
"23/07/2024 00:00:00 - 23/07/2024 01:00:00","BZN|BE","Without sequence","78.98","",""
"23/07/2024 01:00:00 - 23/07/2024 02:00:00","BZN|BE","Without sequence","61.75","",""
"23/07/2024 02:00:00 - 23/07/2024 03:00:00","BZN|BE","Without sequence","55.37","",""
"23/07/2024 03:00:00 - 23/07/2024 04:00:00","BZN|BE","Without sequence","53.24","",""
"23/07/2024 04:00:00 - 23/07/2024 05:00:00","BZN|BE","Without sequence","50.27","",""
"23/07/2024 05:00:00 - 23/07/2024 06:00:00","BZN|BE","Without sequence","55.33","",""
"23/07/2024 06:00:00 - 23/07/2024 07:00:00","BZN|BE","Without sequence","70.09","",""
"23/07/2024 07:00:00 - 23/07/2024 08:00:00","BZN|BE","Without sequence","74.42","",""
"23/07/2024 08:00:00 - 23/07/2024 09:00:00","BZN|BE","Without sequence","86.07","",""
"23/07/2024 09:00:00 - 23/07/2024 10:00:00","BZN|BE","Without sequence","70.7","",""
"23/07/2024 10:00:00 - 23/07/2024 11:00:00","BZN|BE","Without sequence","54.42","",""
"23/07/2024 11:00:00 - 23/07/2024 12:00:00","BZN|BE","Without sequence","44.53","",""
"23/07/2024 12:00:00 - 23/07/2024 13:00:00","BZN|BE","Without sequence","32.3","",""
"23/07/2024 13:00:00 - 23/07/2024 14:00:00","BZN|BE","Without sequence","29.27","",""
"23/07/2024 14:00:00 - 23/07/2024 15:00:00","BZN|BE","Without sequence","25.94","",""
"23/07/2024 15:00:00 - 23/07/2024 16:00:00","BZN|BE","Without sequence","27.86","",""
"23/07/2024 16:00:00 - 23/07/2024 17:00:00","BZN|BE","Without sequence","24.29","",""
"23/07/2024 17:00:00 - 23/07/2024 18:00:00","BZN|BE","Without sequence","61.1","",""
"23/07/2024 18:00:00 - 23/07/2024 19:00:00","BZN|BE","Without sequence","82.52","",""
"23/07/2024 19:00:00 - 23/07/2024 20:00:00","BZN|BE","Without sequence","93.77","",""
"23/07/2024 20:00:00 - 23/07/2024 21:00:00","BZN|BE","Without sequence","111.86","",""
"23/07/2024 21:00:00 - 23/07/2024 22:00:00","BZN|BE","Without sequence","100.2","",""
"23/07/2024 22:00:00 - 23/07/2024 23:00:00","BZN|BE","Without sequence","100.96","",""
"23/07/2024 23:00:00 - 24/07/2024 00:00:00","BZN|BE","Without sequence","91.67","",""
"24/07/2024 00:00:00 - 24/07/2024 01:00:00","BZN|BE","Without sequence","83.32","",""
"24/07/2024 01:00:00 - 24/07/2024 02:00:00","BZN|BE","Without sequence","78.23","",""
"24/07/2024 02:00:00 - 24/07/2024 03:00:00","BZN|BE","Without sequence","73.28","",""
"24/07/2024 03:00:00 - 24/07/2024 04:00:00","BZN|BE","Without sequence","70.69","",""
"24/07/2024 04:00:00 - 24/07/2024 05:00:00","BZN|BE","Without sequence","73.37","",""
"24/07/2024 05:00:00 - 24/07/2024 06:00:00","BZN|BE","Without sequence","72.59","",""
"24/07/2024 06:00:00 - 24/07/2024 07:00:00","BZN|BE","Without sequence","86.1","",""
"24/07/2024 07:00:00 - 24/07/2024 08:00:00","BZN|BE","Without sequence","99.45","",""
"24/07/2024 08:00:00 - 24/07/2024 09:00:00","BZN|BE","Without sequence","99.36","",""
"24/07/2024 09:00:00 - 24/07/2024 10:00:00","BZN|BE","Without sequence","73.82","",""
"24/07/2024 10:00:00 - 24/07/2024 11:00:00","BZN|BE","Without sequence","55.58","",""
"24/07/2024 11:00:00 - 24/07/2024 12:00:00","BZN|BE","Without sequence","21.47","",""
"24/07/2024 12:00:00 - 24/07/2024 13:00:00","BZN|BE","Without sequence","2.17","",""
"24/07/2024 13:00:00 - 24/07/2024 14:00:00","BZN|BE","Without sequence","-0.1","",""
"24/07/2024 14:00:00 - 24/07/2024 15:00:00","BZN|BE","Without sequence","-5.17","",""
"24/07/2024 15:00:00 - 24/07/2024 16:00:00","BZN|BE","Without sequence","-0.09","",""
"24/07/2024 16:00:00 - 24/07/2024 17:00:00","BZN|BE","Without sequence","6.25","",""
"24/07/2024 17:00:00 - 24/07/2024 18:00:00","BZN|BE","Without sequence","42.0","",""
"24/07/2024 18:00:00 - 24/07/2024 19:00:00","BZN|BE","Without sequence","71.11","",""
"24/07/2024 19:00:00 - 24/07/2024 20:00:00","BZN|BE","Without sequence","98.16","",""
"24/07/2024 20:00:00 - 24/07/2024 21:00:00","BZN|BE","Without sequence","108.19","",""
"24/07/2024 21:00:00 - 24/07/2024 22:00:00","BZN|BE","Without sequence","115.46","",""
"24/07/2024 22:00:00 - 24/07/2024 23:00:00","BZN|BE","Without sequence","102.68","",""
"24/07/2024 23:00:00 - 25/07/2024 00:00:00","BZN|BE","Without sequence","81.96","",""
"25/07/2024 00:00:00 - 25/07/2024 01:00:00","BZN|BE","Without sequence","89.4","",""
"25/07/2024 01:00:00 - 25/07/2024 02:00:00","BZN|BE","Without sequence","84.52","",""
"25/07/2024 02:00:00 - 25/07/2024 03:00:00","BZN|BE","Without sequence","83.13","",""
"25/07/2024 03:00:00 - 25/07/2024 04:00:00","BZN|BE","Without sequence","79.92","",""
"25/07/2024 04:00:00 - 25/07/2024 05:00:00","BZN|BE","Without sequence","76.4","",""
"25/07/2024 05:00:00 - 25/07/2024 06:00:00","BZN|BE","Without sequence","80.0","",""
"25/07/2024 06:00:00 - 25/07/2024 07:00:00","BZN|BE","Without sequence","70.0","",""
"25/07/2024 07:00:00 - 25/07/2024 08:00:00","BZN|BE","Without sequence","86.8","",""
"25/07/2024 08:00:00 - 25/07/2024 09:00:00","BZN|BE","Without sequence","90.98","",""
"25/07/2024 09:00:00 - 25/07/2024 10:00:00","BZN|BE","Without sequence","71.98","",""
"25/07/2024 10:00:00 - 25/07/2024 11:00:00","BZN|BE","Without sequence","55.08","",""
"25/07/2024 11:00:00 - 25/07/2024 12:00:00","BZN|BE","Without sequence","36.95","",""
"25/07/2024 12:00:00 - 25/07/2024 13:00:00","BZN|BE","Without sequence","24.31","",""
"25/07/2024 13:00:00 - 25/07/2024 14:00:00","BZN|BE","Without sequence","17.36","",""
"25/07/2024 14:00:00 - 25/07/2024 15:00:00","BZN|BE","Without sequence","13.27","",""
"25/07/2024 15:00:00 - 25/07/2024 16:00:00","BZN|BE","Without sequence","26.2","",""
"25/07/2024 16:00:00 - 25/07/2024 17:00:00","BZN|BE","Without sequence","51.58","",""
"25/07/2024 17:00:00 - 25/07/2024 18:00:00","BZN|BE","Without sequence","80.0","",""
"25/07/2024 18:00:00 - 25/07/2024 19:00:00","BZN|BE","Without sequence","97.0","",""
"25/07/2024 19:00:00 - 25/07/2024 20:00:00","BZN|BE","Without sequence","99.2","",""
"25/07/2024 20:00:00 - 25/07/2024 21:00:00","BZN|BE","Without sequence","106.44","",""
"25/07/2024 21:00:00 - 25/07/2024 22:00:00","BZN|BE","Without sequence","99.5","",""
"25/07/2024 22:00:00 - 25/07/2024 23:00:00","BZN|BE","Without sequence","100.0","",""
"25/07/2024 23:00:00 - 26/07/2024 00:00:00","BZN|BE","Without sequence","84.86","",""
"26/07/2024 00:00:00 - 26/07/2024 01:00:00","BZN|BE","Without sequence","66.3","",""
"26/07/2024 01:00:00 - 26/07/2024 02:00:00","BZN|BE","Without sequence","71.65","",""
"26/07/2024 02:00:00 - 26/07/2024 03:00:00","BZN|BE","Without sequence","59.95","",""
"26/07/2024 03:00:00 - 26/07/2024 04:00:00","BZN|BE","Without sequence","62.24","",""
"26/07/2024 04:00:00 - 26/07/2024 05:00:00","BZN|BE","Without sequence","61.17","",""
"26/07/2024 05:00:00 - 26/07/2024 06:00:00","BZN|BE","Without sequence","63.74","",""
"26/07/2024 06:00:00 - 26/07/2024 07:00:00","BZN|BE","Without sequence","69.46","",""
"26/07/2024 07:00:00 - 26/07/2024 08:00:00","BZN|BE","Without sequence","76.57","",""
"26/07/2024 08:00:00 - 26/07/2024 09:00:00","BZN|BE","Without sequence","86.61","",""
"26/07/2024 09:00:00 - 26/07/2024 10:00:00","BZN|BE","Without sequence","88.67","",""
"26/07/2024 10:00:00 - 26/07/2024 11:00:00","BZN|BE","Without sequence","80.61","",""
"26/07/2024 11:00:00 - 26/07/2024 12:00:00","BZN|BE","Without sequence","68.89","",""
"26/07/2024 12:00:00 - 26/07/2024 13:00:00","BZN|BE","Without sequence","66.21","",""
"26/07/2024 13:00:00 - 26/07/2024 14:00:00","BZN|BE","Without sequence","51.41","",""
"26/07/2024 14:00:00 - 26/07/2024 15:00:00","BZN|BE","Without sequence","47.54","",""
"26/07/2024 15:00:00 - 26/07/2024 16:00:00","BZN|BE","Without sequence","53.08","",""
"26/07/2024 16:00:00 - 26/07/2024 17:00:00","BZN|BE","Without sequence","62.28","",""
"26/07/2024 17:00:00 - 26/07/2024 18:00:00","BZN|BE","Without sequence","78.79","",""
"26/07/2024 18:00:00 - 26/07/2024 19:00:00","BZN|BE","Without sequence","83.24","",""
"26/07/2024 19:00:00 - 26/07/2024 20:00:00","BZN|BE","Without sequence","92.9","",""
"26/07/2024 20:00:00 - 26/07/2024 21:00:00","BZN|BE","Without sequence","97.72","",""
"26/07/2024 21:00:00 - 26/07/2024 22:00:00","BZN|BE","Without sequence","92.93","",""
"26/07/2024 22:00:00 - 26/07/2024 23:00:00","BZN|BE","Without sequence","90.61","",""
"26/07/2024 23:00:00 - 27/07/2024 00:00:00","BZN|BE","Without sequence","93.65","",""
"27/07/2024 00:00:00 - 27/07/2024 01:00:00","BZN|BE","Without sequence","86.64","",""
"27/07/2024 01:00:00 - 27/07/2024 02:00:00","BZN|BE","Without sequence","72.99","",""
"27/07/2024 02:00:00 - 27/07/2024 03:00:00","BZN|BE","Without sequence","64.66","",""
"27/07/2024 03:00:00 - 27/07/2024 04:00:00","BZN|BE","Without sequence","62.88","",""
"27/07/2024 04:00:00 - 27/07/2024 05:00:00","BZN|BE","Without sequence","60.64","",""
"27/07/2024 05:00:00 - 27/07/2024 06:00:00","BZN|BE","Without sequence","62.45","",""
"27/07/2024 06:00:00 - 27/07/2024 07:00:00","BZN|BE","Without sequence","57.4","",""
"27/07/2024 07:00:00 - 27/07/2024 08:00:00","BZN|BE","Without sequence","50.14","",""
"27/07/2024 08:00:00 - 27/07/2024 09:00:00","BZN|BE","Without sequence","60.18","",""
"27/07/2024 09:00:00 - 27/07/2024 10:00:00","BZN|BE","Without sequence","51.37","",""
"27/07/2024 10:00:00 - 27/07/2024 11:00:00","BZN|BE","Without sequence","53.64","",""
"27/07/2024 11:00:00 - 27/07/2024 12:00:00","BZN|BE","Without sequence","39.9","",""
"27/07/2024 12:00:00 - 27/07/2024 13:00:00","BZN|BE","Without sequence","28.0","",""
"27/07/2024 13:00:00 - 27/07/2024 14:00:00","BZN|BE","Without sequence","17.8","",""
"27/07/2024 14:00:00 - 27/07/2024 15:00:00","BZN|BE","Without sequence","17.92","",""
"27/07/2024 15:00:00 - 27/07/2024 16:00:00","BZN|BE","Without sequence","30.29","",""
"27/07/2024 16:00:00 - 27/07/2024 17:00:00","BZN|BE","Without sequence","52.43","",""
"27/07/2024 17:00:00 - 27/07/2024 18:00:00","BZN|BE","Without sequence","76.73","",""
"27/07/2024 18:00:00 - 27/07/2024 19:00:00","BZN|BE","Without sequence","74.62","",""
"27/07/2024 19:00:00 - 27/07/2024 20:00:00","BZN|BE","Without sequence","80.01","",""
"27/07/2024 20:00:00 - 27/07/2024 21:00:00","BZN|BE","Without sequence","79.69","",""
"27/07/2024 21:00:00 - 27/07/2024 22:00:00","BZN|BE","Without sequence","80.36","",""
"27/07/2024 22:00:00 - 27/07/2024 23:00:00","BZN|BE","Without sequence","79.32","",""
"27/07/2024 23:00:00 - 28/07/2024 00:00:00","BZN|BE","Without sequence","73.02","",""
"28/07/2024 00:00:00 - 28/07/2024 01:00:00","BZN|BE","Without sequence","60.82","",""
"28/07/2024 01:00:00 - 28/07/2024 02:00:00","BZN|BE","Without sequence","61.17","",""
"28/07/2024 02:00:00 - 28/07/2024 03:00:00","BZN|BE","Without sequence","57.54","",""
"28/07/2024 03:00:00 - 28/07/2024 04:00:00","BZN|BE","Without sequence","46.84","",""
"28/07/2024 04:00:00 - 28/07/2024 05:00:00","BZN|BE","Without sequence","39.81","",""
"28/07/2024 05:00:00 - 28/07/2024 06:00:00","BZN|BE","Without sequence","48.7","",""
"28/07/2024 06:00:00 - 28/07/2024 07:00:00","BZN|BE","Without sequence","40.35","",""
"28/07/2024 07:00:00 - 28/07/2024 08:00:00","BZN|BE","Without sequence","34.35","",""
"28/07/2024 08:00:00 - 28/07/2024 09:00:00","BZN|BE","Without sequence","25.49","",""
"28/07/2024 09:00:00 - 28/07/2024 10:00:00","BZN|BE","Without sequence","4.82","",""
"28/07/2024 10:00:00 - 28/07/2024 11:00:00","BZN|BE","Without sequence","0.0","",""
"28/07/2024 11:00:00 - 28/07/2024 12:00:00","BZN|BE","Without sequence","-1.99","",""
"28/07/2024 12:00:00 - 28/07/2024 13:00:00","BZN|BE","Without sequence","-13.57","",""
"28/07/2024 13:00:00 - 28/07/2024 14:00:00","BZN|BE","Without sequence","-35.21","",""
"28/07/2024 14:00:00 - 28/07/2024 15:00:00","BZN|BE","Without sequence","-46.43","",""
"28/07/2024 15:00:00 - 28/07/2024 16:00:00","BZN|BE","Without sequence","-31.83","",""
"28/07/2024 16:00:00 - 28/07/2024 17:00:00","BZN|BE","Without sequence","-11.69","",""
"28/07/2024 17:00:00 - 28/07/2024 18:00:00","BZN|BE","Without sequence","-1.35","",""
"28/07/2024 18:00:00 - 28/07/2024 19:00:00","BZN|BE","Without sequence","40.33","",""
"28/07/2024 19:00:00 - 28/07/2024 20:00:00","BZN|BE","Without sequence","64.15","",""
"28/07/2024 20:00:00 - 28/07/2024 21:00:00","BZN|BE","Without sequence","71.54","",""
"28/07/2024 21:00:00 - 28/07/2024 22:00:00","BZN|BE","Without sequence","71.12","",""
"28/07/2024 22:00:00 - 28/07/2024 23:00:00","BZN|BE","Without sequence","71.89","",""
"28/07/2024 23:00:00 - 29/07/2024 00:00:00","BZN|BE","Without sequence","61.74","",""
"29/07/2024 00:00:00 - 29/07/2024 01:00:00","BZN|BE","Without sequence","41.5","",""
"29/07/2024 01:00:00 - 29/07/2024 02:00:00","BZN|BE","Without sequence","38.74","",""
"29/07/2024 02:00:00 - 29/07/2024 03:00:00","BZN|BE","Without sequence","35.92","",""
"29/07/2024 03:00:00 - 29/07/2024 04:00:00","BZN|BE","Without sequence","34.41","",""
"29/07/2024 04:00:00 - 29/07/2024 05:00:00","BZN|BE","Without sequence","35.56","",""
"29/07/2024 05:00:00 - 29/07/2024 06:00:00","BZN|BE","Without sequence","44.17","",""
"29/07/2024 06:00:00 - 29/07/2024 07:00:00","BZN|BE","Without sequence","59.79","",""
"29/07/2024 07:00:00 - 29/07/2024 08:00:00","BZN|BE","Without sequence","53.56","",""
"29/07/2024 08:00:00 - 29/07/2024 09:00:00","BZN|BE","Without sequence","51.5","",""
"29/07/2024 09:00:00 - 29/07/2024 10:00:00","BZN|BE","Without sequence","39.23","",""
"29/07/2024 10:00:00 - 29/07/2024 11:00:00","BZN|BE","Without sequence","12.95","",""
"29/07/2024 11:00:00 - 29/07/2024 12:00:00","BZN|BE","Without sequence","0.12","",""
"29/07/2024 12:00:00 - 29/07/2024 13:00:00","BZN|BE","Without sequence","-0.16","",""
"29/07/2024 13:00:00 - 29/07/2024 14:00:00","BZN|BE","Without sequence","-1.46","",""
"29/07/2024 14:00:00 - 29/07/2024 15:00:00","BZN|BE","Without sequence","-0.6","",""
"29/07/2024 15:00:00 - 29/07/2024 16:00:00","BZN|BE","Without sequence","0.15","",""
"29/07/2024 16:00:00 - 29/07/2024 17:00:00","BZN|BE","Without sequence","14.0","",""
"29/07/2024 17:00:00 - 29/07/2024 18:00:00","BZN|BE","Without sequence","61.25","",""
"29/07/2024 18:00:00 - 29/07/2024 19:00:00","BZN|BE","Without sequence","80.32","",""
"29/07/2024 19:00:00 - 29/07/2024 20:00:00","BZN|BE","Without sequence","110.78","",""
"29/07/2024 20:00:00 - 29/07/2024 21:00:00","BZN|BE","Without sequence","120.2","",""
"29/07/2024 21:00:00 - 29/07/2024 22:00:00","BZN|BE","Without sequence","100.54","",""
"29/07/2024 22:00:00 - 29/07/2024 23:00:00","BZN|BE","Without sequence","96.85","",""
"29/07/2024 23:00:00 - 30/07/2024 00:00:00","BZN|BE","Without sequence","90.2","",""
"30/07/2024 00:00:00 - 30/07/2024 01:00:00","BZN|BE","Without sequence","65.14","",""
"30/07/2024 01:00:00 - 30/07/2024 02:00:00","BZN|BE","Without sequence","60.81","",""
"30/07/2024 02:00:00 - 30/07/2024 03:00:00","BZN|BE","Without sequence","55.99","",""
"30/07/2024 03:00:00 - 30/07/2024 04:00:00","BZN|BE","Without sequence","56.17","",""
"30/07/2024 04:00:00 - 30/07/2024 05:00:00","BZN|BE","Without sequence","56.04","",""
"30/07/2024 05:00:00 - 30/07/2024 06:00:00","BZN|BE","Without sequence","70.48","",""
"30/07/2024 06:00:00 - 30/07/2024 07:00:00","BZN|BE","Without sequence","72.39","",""
"30/07/2024 07:00:00 - 30/07/2024 08:00:00","BZN|BE","Without sequence","79.18","",""
"30/07/2024 08:00:00 - 30/07/2024 09:00:00","BZN|BE","Without sequence","76.09","",""
"30/07/2024 09:00:00 - 30/07/2024 10:00:00","BZN|BE","Without sequence","57.98","",""
"30/07/2024 10:00:00 - 30/07/2024 11:00:00","BZN|BE","Without sequence","37.52","",""
"30/07/2024 11:00:00 - 30/07/2024 12:00:00","BZN|BE","Without sequence","7.84","",""
"30/07/2024 12:00:00 - 30/07/2024 13:00:00","BZN|BE","Without sequence","1.05","",""
"30/07/2024 13:00:00 - 30/07/2024 14:00:00","BZN|BE","Without sequence","-0.03","",""
"30/07/2024 14:00:00 - 30/07/2024 15:00:00","BZN|BE","Without sequence","0.17","",""
"30/07/2024 15:00:00 - 30/07/2024 16:00:00","BZN|BE","Without sequence","13.27","",""
"30/07/2024 16:00:00 - 30/07/2024 17:00:00","BZN|BE","Without sequence","40.99","",""
"30/07/2024 17:00:00 - 30/07/2024 18:00:00","BZN|BE","Without sequence","71.64","",""
"30/07/2024 18:00:00 - 30/07/2024 19:00:00","BZN|BE","Without sequence","90.81","",""
"30/07/2024 19:00:00 - 30/07/2024 20:00:00","BZN|BE","Without sequence","120.67","",""
"30/07/2024 20:00:00 - 30/07/2024 21:00:00","BZN|BE","Without sequence","143.6","",""
"30/07/2024 21:00:00 - 30/07/2024 22:00:00","BZN|BE","Without sequence","123.39","",""
"30/07/2024 22:00:00 - 30/07/2024 23:00:00","BZN|BE","Without sequence","109.05","",""
"30/07/2024 23:00:00 - 31/07/2024 00:00:00","BZN|BE","Without sequence","99.04","",""
"31/07/2024 00:00:00 - 31/07/2024 01:00:00","BZN|BE","Without sequence","95.79","",""
"31/07/2024 01:00:00 - 31/07/2024 02:00:00","BZN|BE","Without sequence","75.85","",""
"31/07/2024 02:00:00 - 31/07/2024 03:00:00","BZN|BE","Without sequence","70.81","",""
"31/07/2024 03:00:00 - 31/07/2024 04:00:00","BZN|BE","Without sequence","67.96","",""
"31/07/2024 04:00:00 - 31/07/2024 05:00:00","BZN|BE","Without sequence","66.58","",""
"31/07/2024 05:00:00 - 31/07/2024 06:00:00","BZN|BE","Without sequence","78.36","",""
"31/07/2024 06:00:00 - 31/07/2024 07:00:00","BZN|BE","Without sequence","89.57","",""
"31/07/2024 07:00:00 - 31/07/2024 08:00:00","BZN|BE","Without sequence","80.18","",""
"31/07/2024 08:00:00 - 31/07/2024 09:00:00","BZN|BE","Without sequence","93.0","",""
"31/07/2024 09:00:00 - 31/07/2024 10:00:00","BZN|BE","Without sequence","74.62","",""
"31/07/2024 10:00:00 - 31/07/2024 11:00:00","BZN|BE","Without sequence","55.89","",""
"31/07/2024 11:00:00 - 31/07/2024 12:00:00","BZN|BE","Without sequence","33.46","",""
"31/07/2024 12:00:00 - 31/07/2024 13:00:00","BZN|BE","Without sequence","24.0","",""
"31/07/2024 13:00:00 - 31/07/2024 14:00:00","BZN|BE","Without sequence","13.51","",""
"31/07/2024 14:00:00 - 31/07/2024 15:00:00","BZN|BE","Without sequence","19.55","",""
"31/07/2024 15:00:00 - 31/07/2024 16:00:00","BZN|BE","Without sequence","31.74","",""
"31/07/2024 16:00:00 - 31/07/2024 17:00:00","BZN|BE","Without sequence","43.0","",""
"31/07/2024 17:00:00 - 31/07/2024 18:00:00","BZN|BE","Without sequence","75.96","",""
"31/07/2024 18:00:00 - 31/07/2024 19:00:00","BZN|BE","Without sequence","95.38","",""
"31/07/2024 19:00:00 - 31/07/2024 20:00:00","BZN|BE","Without sequence","113.67","",""
"31/07/2024 20:00:00 - 31/07/2024 21:00:00","BZN|BE","Without sequence","125.72","",""
"31/07/2024 21:00:00 - 31/07/2024 22:00:00","BZN|BE","Without sequence","108.18","",""
"31/07/2024 22:00:00 - 31/07/2024 23:00:00","BZN|BE","Without sequence","104.18","",""
"31/07/2024 23:00:00 - 01/08/2024 00:00:00","BZN|BE","Without sequence","96.61","",""
"01/08/2024 00:00:00 - 01/08/2024 01:00:00","BZN|BE","Without sequence","96.75","",""
"01/08/2024 01:00:00 - 01/08/2024 02:00:00","BZN|BE","Without sequence","87.5","",""
"01/08/2024 02:00:00 - 01/08/2024 03:00:00","BZN|BE","Without sequence","86.85","",""
"01/08/2024 03:00:00 - 01/08/2024 04:00:00","BZN|BE","Without sequence","78.04","",""
"01/08/2024 04:00:00 - 01/08/2024 05:00:00","BZN|BE","Without sequence","80.5","",""
"01/08/2024 05:00:00 - 01/08/2024 06:00:00","BZN|BE","Without sequence","88.39","",""
"01/08/2024 06:00:00 - 01/08/2024 07:00:00","BZN|BE","Without sequence","97.25","",""
"01/08/2024 07:00:00 - 01/08/2024 08:00:00","BZN|BE","Without sequence","86.76","",""
"01/08/2024 08:00:00 - 01/08/2024 09:00:00","BZN|BE","Without sequence","105.95","",""
"01/08/2024 09:00:00 - 01/08/2024 10:00:00","BZN|BE","Without sequence","90.1","",""
"01/08/2024 10:00:00 - 01/08/2024 11:00:00","BZN|BE","Without sequence","76.95","",""
"01/08/2024 11:00:00 - 01/08/2024 12:00:00","BZN|BE","Without sequence","67.64","",""
"01/08/2024 12:00:00 - 01/08/2024 13:00:00","BZN|BE","Without sequence","64.03","",""
"01/08/2024 13:00:00 - 01/08/2024 14:00:00","BZN|BE","Without sequence","60.11","",""
"01/08/2024 14:00:00 - 01/08/2024 15:00:00","BZN|BE","Without sequence","60.75","",""
"01/08/2024 15:00:00 - 01/08/2024 16:00:00","BZN|BE","Without sequence","67.02","",""
"01/08/2024 16:00:00 - 01/08/2024 17:00:00","BZN|BE","Without sequence","58.27","",""
"01/08/2024 17:00:00 - 01/08/2024 18:00:00","BZN|BE","Without sequence","78.08","",""
"01/08/2024 18:00:00 - 01/08/2024 19:00:00","BZN|BE","Without sequence","98.23","",""
"01/08/2024 19:00:00 - 01/08/2024 20:00:00","BZN|BE","Without sequence","111.09","",""
"01/08/2024 20:00:00 - 01/08/2024 21:00:00","BZN|BE","Without sequence","117.18","",""
"01/08/2024 21:00:00 - 01/08/2024 22:00:00","BZN|BE","Without sequence","111.61","",""
"01/08/2024 22:00:00 - 01/08/2024 23:00:00","BZN|BE","Without sequence","110.87","",""
"01/08/2024 23:00:00 - 02/08/2024 00:00:00","BZN|BE","Without sequence","97.77","",""
"02/08/2024 00:00:00 - 02/08/2024 01:00:00","BZN|BE","Without sequence","93.93","",""
"02/08/2024 01:00:00 - 02/08/2024 02:00:00","BZN|BE","Without sequence","83.41","",""
"02/08/2024 02:00:00 - 02/08/2024 03:00:00","BZN|BE","Without sequence","84.63","",""
"02/08/2024 03:00:00 - 02/08/2024 04:00:00","BZN|BE","Without sequence","74.78","",""
"02/08/2024 04:00:00 - 02/08/2024 05:00:00","BZN|BE","Without sequence","71.7","",""
"02/08/2024 05:00:00 - 02/08/2024 06:00:00","BZN|BE","Without sequence","74.0","",""
"02/08/2024 06:00:00 - 02/08/2024 07:00:00","BZN|BE","Without sequence","89.27","",""
"02/08/2024 07:00:00 - 02/08/2024 08:00:00","BZN|BE","Without sequence","111.5","",""
"02/08/2024 08:00:00 - 02/08/2024 09:00:00","BZN|BE","Without sequence","110.77","",""
"02/08/2024 09:00:00 - 02/08/2024 10:00:00","BZN|BE","Without sequence","104.42","",""
"02/08/2024 10:00:00 - 02/08/2024 11:00:00","BZN|BE","Without sequence","72.23","",""
"02/08/2024 11:00:00 - 02/08/2024 12:00:00","BZN|BE","Without sequence","66.97","",""
"02/08/2024 12:00:00 - 02/08/2024 13:00:00","BZN|BE","Without sequence","67.76","",""
"02/08/2024 13:00:00 - 02/08/2024 14:00:00","BZN|BE","Without sequence","55.86","",""
"02/08/2024 14:00:00 - 02/08/2024 15:00:00","BZN|BE","Without sequence","51.69","",""
"02/08/2024 15:00:00 - 02/08/2024 16:00:00","BZN|BE","Without sequence","50.21","",""
"02/08/2024 16:00:00 - 02/08/2024 17:00:00","BZN|BE","Without sequence","55.74","",""
"02/08/2024 17:00:00 - 02/08/2024 18:00:00","BZN|BE","Without sequence","65.8","",""
"02/08/2024 18:00:00 - 02/08/2024 19:00:00","BZN|BE","Without sequence","80.0","",""
"02/08/2024 19:00:00 - 02/08/2024 20:00:00","BZN|BE","Without sequence","104.27","",""
"02/08/2024 20:00:00 - 02/08/2024 21:00:00","BZN|BE","Without sequence","117.59","",""
"02/08/2024 21:00:00 - 02/08/2024 22:00:00","BZN|BE","Without sequence","112.77","",""
"02/08/2024 22:00:00 - 02/08/2024 23:00:00","BZN|BE","Without sequence","107.9","",""
"02/08/2024 23:00:00 - 03/08/2024 00:00:00","BZN|BE","Without sequence","98.94","",""
"03/08/2024 00:00:00 - 03/08/2024 01:00:00","BZN|BE","Without sequence","78.01","",""
"03/08/2024 01:00:00 - 03/08/2024 02:00:00","BZN|BE","Without sequence","66.44","",""
"03/08/2024 02:00:00 - 03/08/2024 03:00:00","BZN|BE","Without sequence","62.84","",""
"03/08/2024 03:00:00 - 03/08/2024 04:00:00","BZN|BE","Without sequence","54.98","",""
"03/08/2024 04:00:00 - 03/08/2024 05:00:00","BZN|BE","Without sequence","52.12","",""
"03/08/2024 05:00:00 - 03/08/2024 06:00:00","BZN|BE","Without sequence","58.82","",""
"03/08/2024 06:00:00 - 03/08/2024 07:00:00","BZN|BE","Without sequence","60.38","",""
"03/08/2024 07:00:00 - 03/08/2024 08:00:00","BZN|BE","Without sequence","57.69","",""
"03/08/2024 08:00:00 - 03/08/2024 09:00:00","BZN|BE","Without sequence","53.4","",""
"03/08/2024 09:00:00 - 03/08/2024 10:00:00","BZN|BE","Without sequence","41.69","",""
"03/08/2024 10:00:00 - 03/08/2024 11:00:00","BZN|BE","Without sequence","32.44","",""
"03/08/2024 11:00:00 - 03/08/2024 12:00:00","BZN|BE","Without sequence","20.36","",""
"03/08/2024 12:00:00 - 03/08/2024 13:00:00","BZN|BE","Without sequence","14.66","",""
"03/08/2024 13:00:00 - 03/08/2024 14:00:00","BZN|BE","Without sequence","6.41","",""
"03/08/2024 14:00:00 - 03/08/2024 15:00:00","BZN|BE","Without sequence","4.12","",""
"03/08/2024 15:00:00 - 03/08/2024 16:00:00","BZN|BE","Without sequence","11.92","",""
"03/08/2024 16:00:00 - 03/08/2024 17:00:00","BZN|BE","Without sequence","26.79","",""
"03/08/2024 17:00:00 - 03/08/2024 18:00:00","BZN|BE","Without sequence","40.58","",""
"03/08/2024 18:00:00 - 03/08/2024 19:00:00","BZN|BE","Without sequence","63.32","",""
"03/08/2024 19:00:00 - 03/08/2024 20:00:00","BZN|BE","Without sequence","74.76","",""
"03/08/2024 20:00:00 - 03/08/2024 21:00:00","BZN|BE","Without sequence","80.66","",""
"03/08/2024 21:00:00 - 03/08/2024 22:00:00","BZN|BE","Without sequence","85.03","",""
"03/08/2024 22:00:00 - 03/08/2024 23:00:00","BZN|BE","Without sequence","85.18","",""
"03/08/2024 23:00:00 - 04/08/2024 00:00:00","BZN|BE","Without sequence","74.76","",""
"04/08/2024 00:00:00 - 04/08/2024 01:00:00","BZN|BE","Without sequence","70.56","",""
"04/08/2024 01:00:00 - 04/08/2024 02:00:00","BZN|BE","Without sequence","64.64","",""
"04/08/2024 02:00:00 - 04/08/2024 03:00:00","BZN|BE","Without sequence","60.78","",""
"04/08/2024 03:00:00 - 04/08/2024 04:00:00","BZN|BE","Without sequence","47.1","",""
"04/08/2024 04:00:00 - 04/08/2024 05:00:00","BZN|BE","Without sequence","43.79","",""
"04/08/2024 05:00:00 - 04/08/2024 06:00:00","BZN|BE","Without sequence","44.26","",""
"04/08/2024 06:00:00 - 04/08/2024 07:00:00","BZN|BE","Without sequence","43.16","",""
"04/08/2024 07:00:00 - 04/08/2024 08:00:00","BZN|BE","Without sequence","43.41","",""
"04/08/2024 08:00:00 - 04/08/2024 09:00:00","BZN|BE","Without sequence","51.62","",""
"04/08/2024 09:00:00 - 04/08/2024 10:00:00","BZN|BE","Without sequence","26.09","",""
"04/08/2024 10:00:00 - 04/08/2024 11:00:00","BZN|BE","Without sequence","8.05","",""
"04/08/2024 11:00:00 - 04/08/2024 12:00:00","BZN|BE","Without sequence","2.05","",""
"04/08/2024 12:00:00 - 04/08/2024 13:00:00","BZN|BE","Without sequence","0.06","",""
"04/08/2024 13:00:00 - 04/08/2024 14:00:00","BZN|BE","Without sequence","-0.04","",""
"04/08/2024 14:00:00 - 04/08/2024 15:00:00","BZN|BE","Without sequence","-2.15","",""
"04/08/2024 15:00:00 - 04/08/2024 16:00:00","BZN|BE","Without sequence","-0.01","",""
"04/08/2024 16:00:00 - 04/08/2024 17:00:00","BZN|BE","Without sequence","1.06","",""
"04/08/2024 17:00:00 - 04/08/2024 18:00:00","BZN|BE","Without sequence","22.81","",""
"04/08/2024 18:00:00 - 04/08/2024 19:00:00","BZN|BE","Without sequence","61.79","",""
"04/08/2024 19:00:00 - 04/08/2024 20:00:00","BZN|BE","Without sequence","83.72","",""
"04/08/2024 20:00:00 - 04/08/2024 21:00:00","BZN|BE","Without sequence","99.9","",""
"04/08/2024 21:00:00 - 04/08/2024 22:00:00","BZN|BE","Without sequence","101.38","",""
"04/08/2024 22:00:00 - 04/08/2024 23:00:00","BZN|BE","Without sequence","102.36","",""
"04/08/2024 23:00:00 - 05/08/2024 00:00:00","BZN|BE","Without sequence","87.63","",""
"05/08/2024 00:00:00 - 05/08/2024 01:00:00","BZN|BE","Without sequence","59.7","",""
"05/08/2024 01:00:00 - 05/08/2024 02:00:00","BZN|BE","Without sequence","50.42","",""
"05/08/2024 02:00:00 - 05/08/2024 03:00:00","BZN|BE","Without sequence","51.06","",""
"05/08/2024 03:00:00 - 05/08/2024 04:00:00","BZN|BE","Without sequence","46.45","",""
"05/08/2024 04:00:00 - 05/08/2024 05:00:00","BZN|BE","Without sequence","48.45","",""
"05/08/2024 05:00:00 - 05/08/2024 06:00:00","BZN|BE","Without sequence","54.7","",""
"05/08/2024 06:00:00 - 05/08/2024 07:00:00","BZN|BE","Without sequence","69.99","",""
"05/08/2024 07:00:00 - 05/08/2024 08:00:00","BZN|BE","Without sequence","80.11","",""
"05/08/2024 08:00:00 - 05/08/2024 09:00:00","BZN|BE","Without sequence","78.56","",""
"05/08/2024 09:00:00 - 05/08/2024 10:00:00","BZN|BE","Without sequence","70.12","",""
"05/08/2024 10:00:00 - 05/08/2024 11:00:00","BZN|BE","Without sequence","45.78","",""
"05/08/2024 11:00:00 - 05/08/2024 12:00:00","BZN|BE","Without sequence","27.18","",""
"05/08/2024 12:00:00 - 05/08/2024 13:00:00","BZN|BE","Without sequence","30.4","",""
"05/08/2024 13:00:00 - 05/08/2024 14:00:00","BZN|BE","Without sequence","8.26","",""
"05/08/2024 14:00:00 - 05/08/2024 15:00:00","BZN|BE","Without sequence","3.31","",""
"05/08/2024 15:00:00 - 05/08/2024 16:00:00","BZN|BE","Without sequence","9.97","",""
"05/08/2024 16:00:00 - 05/08/2024 17:00:00","BZN|BE","Without sequence","27.18","",""
"05/08/2024 17:00:00 - 05/08/2024 18:00:00","BZN|BE","Without sequence","60.36","",""
"05/08/2024 18:00:00 - 05/08/2024 19:00:00","BZN|BE","Without sequence","94.75","",""
"05/08/2024 19:00:00 - 05/08/2024 20:00:00","BZN|BE","Without sequence","127.87","",""
"05/08/2024 20:00:00 - 05/08/2024 21:00:00","BZN|BE","Without sequence","171.91","",""
"05/08/2024 21:00:00 - 05/08/2024 22:00:00","BZN|BE","Without sequence","136.76","",""
"05/08/2024 22:00:00 - 05/08/2024 23:00:00","BZN|BE","Without sequence","111.88","",""
"05/08/2024 23:00:00 - 06/08/2024 00:00:00","BZN|BE","Without sequence","99.04","",""
"06/08/2024 00:00:00 - 06/08/2024 01:00:00","BZN|BE","Without sequence","78.78","",""
"06/08/2024 01:00:00 - 06/08/2024 02:00:00","BZN|BE","Without sequence","65.9","",""
"06/08/2024 02:00:00 - 06/08/2024 03:00:00","BZN|BE","Without sequence","60.46","",""
"06/08/2024 03:00:00 - 06/08/2024 04:00:00","BZN|BE","Without sequence","54.17","",""
"06/08/2024 04:00:00 - 06/08/2024 05:00:00","BZN|BE","Without sequence","53.71","",""
"06/08/2024 05:00:00 - 06/08/2024 06:00:00","BZN|BE","Without sequence","63.47","",""
"06/08/2024 06:00:00 - 06/08/2024 07:00:00","BZN|BE","Without sequence","74.53","",""
"06/08/2024 07:00:00 - 06/08/2024 08:00:00","BZN|BE","Without sequence","90.84","",""
"06/08/2024 08:00:00 - 06/08/2024 09:00:00","BZN|BE","Without sequence","76.27","",""
"06/08/2024 09:00:00 - 06/08/2024 10:00:00","BZN|BE","Without sequence","65.25","",""
"06/08/2024 10:00:00 - 06/08/2024 11:00:00","BZN|BE","Without sequence","36.06","",""
"06/08/2024 11:00:00 - 06/08/2024 12:00:00","BZN|BE","Without sequence","21.22","",""
"06/08/2024 12:00:00 - 06/08/2024 13:00:00","BZN|BE","Without sequence","15.88","",""
"06/08/2024 13:00:00 - 06/08/2024 14:00:00","BZN|BE","Without sequence","3.0","",""
"06/08/2024 14:00:00 - 06/08/2024 15:00:00","BZN|BE","Without sequence","4.84","",""
"06/08/2024 15:00:00 - 06/08/2024 16:00:00","BZN|BE","Without sequence","19.3","",""
"06/08/2024 16:00:00 - 06/08/2024 17:00:00","BZN|BE","Without sequence","27.8","",""
"06/08/2024 17:00:00 - 06/08/2024 18:00:00","BZN|BE","Without sequence","65.38","",""
"06/08/2024 18:00:00 - 06/08/2024 19:00:00","BZN|BE","Without sequence","84.83","",""
"06/08/2024 19:00:00 - 06/08/2024 20:00:00","BZN|BE","Without sequence","127.2","",""
"06/08/2024 20:00:00 - 06/08/2024 21:00:00","BZN|BE","Without sequence","166.76","",""
"06/08/2024 21:00:00 - 06/08/2024 22:00:00","BZN|BE","Without sequence","133.11","",""
"06/08/2024 22:00:00 - 06/08/2024 23:00:00","BZN|BE","Without sequence","105.72","",""
"06/08/2024 23:00:00 - 07/08/2024 00:00:00","BZN|BE","Without sequence","90.02","",""
"07/08/2024 00:00:00 - 07/08/2024 01:00:00","BZN|BE","Without sequence","74.02","",""
"07/08/2024 01:00:00 - 07/08/2024 02:00:00","BZN|BE","Without sequence","64.11","",""
"07/08/2024 02:00:00 - 07/08/2024 03:00:00","BZN|BE","Without sequence","60.01","",""
"07/08/2024 03:00:00 - 07/08/2024 04:00:00","BZN|BE","Without sequence","56.56","",""
"07/08/2024 04:00:00 - 07/08/2024 05:00:00","BZN|BE","Without sequence","58.98","",""
"07/08/2024 05:00:00 - 07/08/2024 06:00:00","BZN|BE","Without sequence","69.5","",""
"07/08/2024 06:00:00 - 07/08/2024 07:00:00","BZN|BE","Without sequence","85.0","",""
"07/08/2024 07:00:00 - 07/08/2024 08:00:00","BZN|BE","Without sequence","89.35","",""
"07/08/2024 08:00:00 - 07/08/2024 09:00:00","BZN|BE","Without sequence","83.16","",""
"07/08/2024 09:00:00 - 07/08/2024 10:00:00","BZN|BE","Without sequence","69.06","",""
"07/08/2024 10:00:00 - 07/08/2024 11:00:00","BZN|BE","Without sequence","58.17","",""
"07/08/2024 11:00:00 - 07/08/2024 12:00:00","BZN|BE","Without sequence","43.41","",""
"07/08/2024 12:00:00 - 07/08/2024 13:00:00","BZN|BE","Without sequence","26.84","",""
"07/08/2024 13:00:00 - 07/08/2024 14:00:00","BZN|BE","Without sequence","12.32","",""
"07/08/2024 14:00:00 - 07/08/2024 15:00:00","BZN|BE","Without sequence","8.25","",""
"07/08/2024 15:00:00 - 07/08/2024 16:00:00","BZN|BE","Without sequence","9.89","",""
"07/08/2024 16:00:00 - 07/08/2024 17:00:00","BZN|BE","Without sequence","-6.2","",""
"07/08/2024 17:00:00 - 07/08/2024 18:00:00","BZN|BE","Without sequence","25.03","",""
"07/08/2024 18:00:00 - 07/08/2024 19:00:00","BZN|BE","Without sequence","78.65","",""
"07/08/2024 19:00:00 - 07/08/2024 20:00:00","BZN|BE","Without sequence","90.72","",""
"07/08/2024 20:00:00 - 07/08/2024 21:00:00","BZN|BE","Without sequence","108.33","",""
"07/08/2024 21:00:00 - 07/08/2024 22:00:00","BZN|BE","Without sequence","104.43","",""
"07/08/2024 22:00:00 - 07/08/2024 23:00:00","BZN|BE","Without sequence","94.86","",""
"07/08/2024 23:00:00 - 08/08/2024 00:00:00","BZN|BE","Without sequence","87.66","",""
"08/08/2024 00:00:00 - 08/08/2024 01:00:00","BZN|BE","Without sequence","75.41","",""
"08/08/2024 01:00:00 - 08/08/2024 02:00:00","BZN|BE","Without sequence","67.35","",""
"08/08/2024 02:00:00 - 08/08/2024 03:00:00","BZN|BE","Without sequence","62.5","",""
"08/08/2024 03:00:00 - 08/08/2024 04:00:00","BZN|BE","Without sequence","59.07","",""
"08/08/2024 04:00:00 - 08/08/2024 05:00:00","BZN|BE","Without sequence","59.7","",""
"08/08/2024 05:00:00 - 08/08/2024 06:00:00","BZN|BE","Without sequence","67.69","",""
"08/08/2024 06:00:00 - 08/08/2024 07:00:00","BZN|BE","Without sequence","77.43","",""
"08/08/2024 07:00:00 - 08/08/2024 08:00:00","BZN|BE","Without sequence","92.95","",""
"08/08/2024 08:00:00 - 08/08/2024 09:00:00","BZN|BE","Without sequence","91.17","",""
"08/08/2024 09:00:00 - 08/08/2024 10:00:00","BZN|BE","Without sequence","82.39","",""
"08/08/2024 10:00:00 - 08/08/2024 11:00:00","BZN|BE","Without sequence","61.12","",""
"08/08/2024 11:00:00 - 08/08/2024 12:00:00","BZN|BE","Without sequence","49.69","",""
"08/08/2024 12:00:00 - 08/08/2024 13:00:00","BZN|BE","Without sequence","37.56","",""
"08/08/2024 13:00:00 - 08/08/2024 14:00:00","BZN|BE","Without sequence","24.3","",""
"08/08/2024 14:00:00 - 08/08/2024 15:00:00","BZN|BE","Without sequence","17.42","",""
"08/08/2024 15:00:00 - 08/08/2024 16:00:00","BZN|BE","Without sequence","22.13","",""
"08/08/2024 16:00:00 - 08/08/2024 17:00:00","BZN|BE","Without sequence","40.59","",""
"08/08/2024 17:00:00 - 08/08/2024 18:00:00","BZN|BE","Without sequence","58.52","",""
"08/08/2024 18:00:00 - 08/08/2024 19:00:00","BZN|BE","Without sequence","81.95","",""
"08/08/2024 19:00:00 - 08/08/2024 20:00:00","BZN|BE","Without sequence","91.91","",""
"08/08/2024 20:00:00 - 08/08/2024 21:00:00","BZN|BE","Without sequence","119.25","",""
"08/08/2024 21:00:00 - 08/08/2024 22:00:00","BZN|BE","Without sequence","97.43","",""
"08/08/2024 22:00:00 - 08/08/2024 23:00:00","BZN|BE","Without sequence","80.94","",""
"08/08/2024 23:00:00 - 09/08/2024 00:00:00","BZN|BE","Without sequence","74.78","",""
"09/08/2024 00:00:00 - 09/08/2024 01:00:00","BZN|BE","Without sequence","63.27","",""
"09/08/2024 01:00:00 - 09/08/2024 02:00:00","BZN|BE","Without sequence","42.6","",""
"09/08/2024 02:00:00 - 09/08/2024 03:00:00","BZN|BE","Without sequence","22.62","",""
"09/08/2024 03:00:00 - 09/08/2024 04:00:00","BZN|BE","Without sequence","26.4","",""
"09/08/2024 04:00:00 - 09/08/2024 05:00:00","BZN|BE","Without sequence","30.98","",""
"09/08/2024 05:00:00 - 09/08/2024 06:00:00","BZN|BE","Without sequence","25.34","",""
"09/08/2024 06:00:00 - 09/08/2024 07:00:00","BZN|BE","Without sequence","48.04","",""
"09/08/2024 07:00:00 - 09/08/2024 08:00:00","BZN|BE","Without sequence","51.0","",""
"09/08/2024 08:00:00 - 09/08/2024 09:00:00","BZN|BE","Without sequence","45.89","",""
"09/08/2024 09:00:00 - 09/08/2024 10:00:00","BZN|BE","Without sequence","29.17","",""
"09/08/2024 10:00:00 - 09/08/2024 11:00:00","BZN|BE","Without sequence","6.98","",""
"09/08/2024 11:00:00 - 09/08/2024 12:00:00","BZN|BE","Without sequence","0.1","",""
"09/08/2024 12:00:00 - 09/08/2024 13:00:00","BZN|BE","Without sequence","-0.36","",""
"09/08/2024 13:00:00 - 09/08/2024 14:00:00","BZN|BE","Without sequence","-0.69","",""
"09/08/2024 14:00:00 - 09/08/2024 15:00:00","BZN|BE","Without sequence","-1.86","",""
"09/08/2024 15:00:00 - 09/08/2024 16:00:00","BZN|BE","Without sequence","-3.32","",""
"09/08/2024 16:00:00 - 09/08/2024 17:00:00","BZN|BE","Without sequence","-4.79","",""
"09/08/2024 17:00:00 - 09/08/2024 18:00:00","BZN|BE","Without sequence","1.79","",""
"09/08/2024 18:00:00 - 09/08/2024 19:00:00","BZN|BE","Without sequence","41.07","",""
"09/08/2024 19:00:00 - 09/08/2024 20:00:00","BZN|BE","Without sequence","79.93","",""
"09/08/2024 20:00:00 - 09/08/2024 21:00:00","BZN|BE","Without sequence","107.86","",""
"09/08/2024 21:00:00 - 09/08/2024 22:00:00","BZN|BE","Without sequence","110.32","",""
"09/08/2024 22:00:00 - 09/08/2024 23:00:00","BZN|BE","Without sequence","105.21","",""
"09/08/2024 23:00:00 - 10/08/2024 00:00:00","BZN|BE","Without sequence","89.07","",""
"10/08/2024 00:00:00 - 10/08/2024 01:00:00","BZN|BE","Without sequence","73.67","",""
"10/08/2024 01:00:00 - 10/08/2024 02:00:00","BZN|BE","Without sequence","69.75","",""
"10/08/2024 02:00:00 - 10/08/2024 03:00:00","BZN|BE","Without sequence","63.19","",""
"10/08/2024 03:00:00 - 10/08/2024 04:00:00","BZN|BE","Without sequence","60.65","",""
"10/08/2024 04:00:00 - 10/08/2024 05:00:00","BZN|BE","Without sequence","58.18","",""
"10/08/2024 05:00:00 - 10/08/2024 06:00:00","BZN|BE","Without sequence","61.28","",""
"10/08/2024 06:00:00 - 10/08/2024 07:00:00","BZN|BE","Without sequence","65.5","",""
"10/08/2024 07:00:00 - 10/08/2024 08:00:00","BZN|BE","Without sequence","56.92","",""
"10/08/2024 08:00:00 - 10/08/2024 09:00:00","BZN|BE","Without sequence","30.58","",""
"10/08/2024 09:00:00 - 10/08/2024 10:00:00","BZN|BE","Without sequence","0.21","",""
"10/08/2024 10:00:00 - 10/08/2024 11:00:00","BZN|BE","Without sequence","-2.99","",""
"10/08/2024 11:00:00 - 10/08/2024 12:00:00","BZN|BE","Without sequence","-12.18","",""
"10/08/2024 12:00:00 - 10/08/2024 13:00:00","BZN|BE","Without sequence","-22.47","",""
"10/08/2024 13:00:00 - 10/08/2024 14:00:00","BZN|BE","Without sequence","-51.51","",""
"10/08/2024 14:00:00 - 10/08/2024 15:00:00","BZN|BE","Without sequence","-58.01","",""
"10/08/2024 15:00:00 - 10/08/2024 16:00:00","BZN|BE","Without sequence","-29.7","",""
"10/08/2024 16:00:00 - 10/08/2024 17:00:00","BZN|BE","Without sequence","-9.66","",""
"10/08/2024 17:00:00 - 10/08/2024 18:00:00","BZN|BE","Without sequence","-0.85","",""
"10/08/2024 18:00:00 - 10/08/2024 19:00:00","BZN|BE","Without sequence","48.95","",""
"10/08/2024 19:00:00 - 10/08/2024 20:00:00","BZN|BE","Without sequence","97.88","",""
"10/08/2024 20:00:00 - 10/08/2024 21:00:00","BZN|BE","Without sequence","106.73","",""
"10/08/2024 21:00:00 - 10/08/2024 22:00:00","BZN|BE","Without sequence","108.64","",""
"10/08/2024 22:00:00 - 10/08/2024 23:00:00","BZN|BE","Without sequence","107.64","",""
"10/08/2024 23:00:00 - 11/08/2024 00:00:00","BZN|BE","Without sequence","98.5","",""
"11/08/2024 00:00:00 - 11/08/2024 01:00:00","BZN|BE","Without sequence","85.31","",""
"11/08/2024 01:00:00 - 11/08/2024 02:00:00","BZN|BE","Without sequence","82.11","",""
"11/08/2024 02:00:00 - 11/08/2024 03:00:00","BZN|BE","Without sequence","83.67","",""
"11/08/2024 03:00:00 - 11/08/2024 04:00:00","BZN|BE","Without sequence","78.91","",""
"11/08/2024 04:00:00 - 11/08/2024 05:00:00","BZN|BE","Without sequence","80.49","",""
"11/08/2024 05:00:00 - 11/08/2024 06:00:00","BZN|BE","Without sequence","79.55","",""
"11/08/2024 06:00:00 - 11/08/2024 07:00:00","BZN|BE","Without sequence","85.39","",""
"11/08/2024 07:00:00 - 11/08/2024 08:00:00","BZN|BE","Without sequence","72.78","",""
"11/08/2024 08:00:00 - 11/08/2024 09:00:00","BZN|BE","Without sequence","22.51","",""
"11/08/2024 09:00:00 - 11/08/2024 10:00:00","BZN|BE","Without sequence","0.0","",""
"11/08/2024 10:00:00 - 11/08/2024 11:00:00","BZN|BE","Without sequence","-5.0","",""
"11/08/2024 11:00:00 - 11/08/2024 12:00:00","BZN|BE","Without sequence","-14.97","",""
"11/08/2024 12:00:00 - 11/08/2024 13:00:00","BZN|BE","Without sequence","-32.01","",""
"11/08/2024 13:00:00 - 11/08/2024 14:00:00","BZN|BE","Without sequence","-59.88","",""
"11/08/2024 14:00:00 - 11/08/2024 15:00:00","BZN|BE","Without sequence","-50.07","",""
"11/08/2024 15:00:00 - 11/08/2024 16:00:00","BZN|BE","Without sequence","-31.29","",""
"11/08/2024 16:00:00 - 11/08/2024 17:00:00","BZN|BE","Without sequence","-5.19","",""
"11/08/2024 17:00:00 - 11/08/2024 18:00:00","BZN|BE","Without sequence","1.02","",""
"11/08/2024 18:00:00 - 11/08/2024 19:00:00","BZN|BE","Without sequence","69.89","",""
"11/08/2024 19:00:00 - 11/08/2024 20:00:00","BZN|BE","Without sequence","101.0","",""
"11/08/2024 20:00:00 - 11/08/2024 21:00:00","BZN|BE","Without sequence","109.53","",""
"11/08/2024 21:00:00 - 11/08/2024 22:00:00","BZN|BE","Without sequence","100.4","",""
"11/08/2024 22:00:00 - 11/08/2024 23:00:00","BZN|BE","Without sequence","87.4","",""
"11/08/2024 23:00:00 - 12/08/2024 00:00:00","BZN|BE","Without sequence","78.62","",""
"12/08/2024 00:00:00 - 12/08/2024 01:00:00","BZN|BE","Without sequence","74.64","",""
"12/08/2024 01:00:00 - 12/08/2024 02:00:00","BZN|BE","Without sequence","62.97","",""
"12/08/2024 02:00:00 - 12/08/2024 03:00:00","BZN|BE","Without sequence","51.92","",""
"12/08/2024 03:00:00 - 12/08/2024 04:00:00","BZN|BE","Without sequence","52.81","",""
"12/08/2024 04:00:00 - 12/08/2024 05:00:00","BZN|BE","Without sequence","53.86","",""
"12/08/2024 05:00:00 - 12/08/2024 06:00:00","BZN|BE","Without sequence","42.44","",""
"12/08/2024 06:00:00 - 12/08/2024 07:00:00","BZN|BE","Without sequence","57.68","",""
"12/08/2024 07:00:00 - 12/08/2024 08:00:00","BZN|BE","Without sequence","66.45","",""
"12/08/2024 08:00:00 - 12/08/2024 09:00:00","BZN|BE","Without sequence","71.44","",""
"12/08/2024 09:00:00 - 12/08/2024 10:00:00","BZN|BE","Without sequence","53.22","",""
"12/08/2024 10:00:00 - 12/08/2024 11:00:00","BZN|BE","Without sequence","40.12","",""
"12/08/2024 11:00:00 - 12/08/2024 12:00:00","BZN|BE","Without sequence","16.04","",""
"12/08/2024 12:00:00 - 12/08/2024 13:00:00","BZN|BE","Without sequence","7.72","",""
"12/08/2024 13:00:00 - 12/08/2024 14:00:00","BZN|BE","Without sequence","4.65","",""
"12/08/2024 14:00:00 - 12/08/2024 15:00:00","BZN|BE","Without sequence","11.32","",""
"12/08/2024 15:00:00 - 12/08/2024 16:00:00","BZN|BE","Without sequence","23.35","",""
"12/08/2024 16:00:00 - 12/08/2024 17:00:00","BZN|BE","Without sequence","48.04","",""
"12/08/2024 17:00:00 - 12/08/2024 18:00:00","BZN|BE","Without sequence","85.42","",""
"12/08/2024 18:00:00 - 12/08/2024 19:00:00","BZN|BE","Without sequence","107.22","",""
"12/08/2024 19:00:00 - 12/08/2024 20:00:00","BZN|BE","Without sequence","162.56","",""
"12/08/2024 20:00:00 - 12/08/2024 21:00:00","BZN|BE","Without sequence","175.94","",""
"12/08/2024 21:00:00 - 12/08/2024 22:00:00","BZN|BE","Without sequence","129.37","",""
"12/08/2024 22:00:00 - 12/08/2024 23:00:00","BZN|BE","Without sequence","107.23","",""
"12/08/2024 23:00:00 - 13/08/2024 00:00:00","BZN|BE","Without sequence","100.05","",""
"13/08/2024 00:00:00 - 13/08/2024 01:00:00","BZN|BE","Without sequence","99.64","",""
"13/08/2024 01:00:00 - 13/08/2024 02:00:00","BZN|BE","Without sequence","87.92","",""
"13/08/2024 02:00:00 - 13/08/2024 03:00:00","BZN|BE","Without sequence","76.6","",""
"13/08/2024 03:00:00 - 13/08/2024 04:00:00","BZN|BE","Without sequence","75.84","",""
"13/08/2024 04:00:00 - 13/08/2024 05:00:00","BZN|BE","Without sequence","75.59","",""
"13/08/2024 05:00:00 - 13/08/2024 06:00:00","BZN|BE","Without sequence","85.9","",""
"13/08/2024 06:00:00 - 13/08/2024 07:00:00","BZN|BE","Without sequence","111.53","",""
"13/08/2024 07:00:00 - 13/08/2024 08:00:00","BZN|BE","Without sequence","124.04","",""
"13/08/2024 08:00:00 - 13/08/2024 09:00:00","BZN|BE","Without sequence","117.89","",""
"13/08/2024 09:00:00 - 13/08/2024 10:00:00","BZN|BE","Without sequence","94.77","",""
"13/08/2024 10:00:00 - 13/08/2024 11:00:00","BZN|BE","Without sequence","70.74","",""
"13/08/2024 11:00:00 - 13/08/2024 12:00:00","BZN|BE","Without sequence","56.88","",""
"13/08/2024 12:00:00 - 13/08/2024 13:00:00","BZN|BE","Without sequence","44.6","",""
"13/08/2024 13:00:00 - 13/08/2024 14:00:00","BZN|BE","Without sequence","41.69","",""
"13/08/2024 14:00:00 - 13/08/2024 15:00:00","BZN|BE","Without sequence","49.06","",""
"13/08/2024 15:00:00 - 13/08/2024 16:00:00","BZN|BE","Without sequence","65.07","",""
"13/08/2024 16:00:00 - 13/08/2024 17:00:00","BZN|BE","Without sequence","82.38","",""
"13/08/2024 17:00:00 - 13/08/2024 18:00:00","BZN|BE","Without sequence","93.94","",""
"13/08/2024 18:00:00 - 13/08/2024 19:00:00","BZN|BE","Without sequence","107.17","",""
"13/08/2024 19:00:00 - 13/08/2024 20:00:00","BZN|BE","Without sequence","149.78","",""
"13/08/2024 20:00:00 - 13/08/2024 21:00:00","BZN|BE","Without sequence","154.6","",""
"13/08/2024 21:00:00 - 13/08/2024 22:00:00","BZN|BE","Without sequence","114.88","",""
"13/08/2024 22:00:00 - 13/08/2024 23:00:00","BZN|BE","Without sequence","112.42","",""
"13/08/2024 23:00:00 - 14/08/2024 00:00:00","BZN|BE","Without sequence","103.9","",""
"14/08/2024 00:00:00 - 14/08/2024 01:00:00","BZN|BE","Without sequence","88.03","",""
"14/08/2024 01:00:00 - 14/08/2024 02:00:00","BZN|BE","Without sequence","84.85","",""
"14/08/2024 02:00:00 - 14/08/2024 03:00:00","BZN|BE","Without sequence","82.34","",""
"14/08/2024 03:00:00 - 14/08/2024 04:00:00","BZN|BE","Without sequence","78.8","",""
"14/08/2024 04:00:00 - 14/08/2024 05:00:00","BZN|BE","Without sequence","82.26","",""
"14/08/2024 05:00:00 - 14/08/2024 06:00:00","BZN|BE","Without sequence","88.23","",""
"14/08/2024 06:00:00 - 14/08/2024 07:00:00","BZN|BE","Without sequence","104.38","",""
"14/08/2024 07:00:00 - 14/08/2024 08:00:00","BZN|BE","Without sequence","118.21","",""
"14/08/2024 08:00:00 - 14/08/2024 09:00:00","BZN|BE","Without sequence","117.71","",""
"14/08/2024 09:00:00 - 14/08/2024 10:00:00","BZN|BE","Without sequence","105.51","",""
"14/08/2024 10:00:00 - 14/08/2024 11:00:00","BZN|BE","Without sequence","85.85","",""
"14/08/2024 11:00:00 - 14/08/2024 12:00:00","BZN|BE","Without sequence","82.3","",""
"14/08/2024 12:00:00 - 14/08/2024 13:00:00","BZN|BE","Without sequence","77.45","",""
"14/08/2024 13:00:00 - 14/08/2024 14:00:00","BZN|BE","Without sequence","76.33","",""
"14/08/2024 14:00:00 - 14/08/2024 15:00:00","BZN|BE","Without sequence","75.02","",""
"14/08/2024 15:00:00 - 14/08/2024 16:00:00","BZN|BE","Without sequence","73.01","",""
"14/08/2024 16:00:00 - 14/08/2024 17:00:00","BZN|BE","Without sequence","81.22","",""
"14/08/2024 17:00:00 - 14/08/2024 18:00:00","BZN|BE","Without sequence","86.74","",""
"14/08/2024 18:00:00 - 14/08/2024 19:00:00","BZN|BE","Without sequence","110.43","",""
"14/08/2024 19:00:00 - 14/08/2024 20:00:00","BZN|BE","Without sequence","132.54","",""
"14/08/2024 20:00:00 - 14/08/2024 21:00:00","BZN|BE","Without sequence","149.28","",""
"14/08/2024 21:00:00 - 14/08/2024 22:00:00","BZN|BE","Without sequence","126.79","",""
"14/08/2024 22:00:00 - 14/08/2024 23:00:00","BZN|BE","Without sequence","112.91","",""
"14/08/2024 23:00:00 - 15/08/2024 00:00:00","BZN|BE","Without sequence","100.08","",""
"15/08/2024 00:00:00 - 15/08/2024 01:00:00","BZN|BE","Without sequence","85.0","",""
"15/08/2024 01:00:00 - 15/08/2024 02:00:00","BZN|BE","Without sequence","78.41","",""
"15/08/2024 02:00:00 - 15/08/2024 03:00:00","BZN|BE","Without sequence","74.21","",""
"15/08/2024 03:00:00 - 15/08/2024 04:00:00","BZN|BE","Without sequence","70.71","",""
"15/08/2024 04:00:00 - 15/08/2024 05:00:00","BZN|BE","Without sequence","64.39","",""
"15/08/2024 05:00:00 - 15/08/2024 06:00:00","BZN|BE","Without sequence","72.13","",""
"15/08/2024 06:00:00 - 15/08/2024 07:00:00","BZN|BE","Without sequence","78.43","",""
"15/08/2024 07:00:00 - 15/08/2024 08:00:00","BZN|BE","Without sequence","82.77","",""
"15/08/2024 08:00:00 - 15/08/2024 09:00:00","BZN|BE","Without sequence","73.05","",""
"15/08/2024 09:00:00 - 15/08/2024 10:00:00","BZN|BE","Without sequence","48.67","",""
"15/08/2024 10:00:00 - 15/08/2024 11:00:00","BZN|BE","Without sequence","33.06","",""
"15/08/2024 11:00:00 - 15/08/2024 12:00:00","BZN|BE","Without sequence","12.96","",""
"15/08/2024 12:00:00 - 15/08/2024 13:00:00","BZN|BE","Without sequence","10.02","",""
"15/08/2024 13:00:00 - 15/08/2024 14:00:00","BZN|BE","Without sequence","0.3","",""
"15/08/2024 14:00:00 - 15/08/2024 15:00:00","BZN|BE","Without sequence","0.11","",""
"15/08/2024 15:00:00 - 15/08/2024 16:00:00","BZN|BE","Without sequence","0.34","",""
"15/08/2024 16:00:00 - 15/08/2024 17:00:00","BZN|BE","Without sequence","2.05","",""
"15/08/2024 17:00:00 - 15/08/2024 18:00:00","BZN|BE","Without sequence","16.81","",""
"15/08/2024 18:00:00 - 15/08/2024 19:00:00","BZN|BE","Without sequence","51.88","",""
"15/08/2024 19:00:00 - 15/08/2024 20:00:00","BZN|BE","Without sequence","82.65","",""
"15/08/2024 20:00:00 - 15/08/2024 21:00:00","BZN|BE","Without sequence","102.89","",""
"15/08/2024 21:00:00 - 15/08/2024 22:00:00","BZN|BE","Without sequence","100.0","",""
"15/08/2024 22:00:00 - 15/08/2024 23:00:00","BZN|BE","Without sequence","102.78","",""
"15/08/2024 23:00:00 - 16/08/2024 00:00:00","BZN|BE","Without sequence","88.62","",""
"16/08/2024 00:00:00 - 16/08/2024 01:00:00","BZN|BE","Without sequence","78.92","",""
"16/08/2024 01:00:00 - 16/08/2024 02:00:00","BZN|BE","Without sequence","71.06","",""
"16/08/2024 02:00:00 - 16/08/2024 03:00:00","BZN|BE","Without sequence","74.09","",""
"16/08/2024 03:00:00 - 16/08/2024 04:00:00","BZN|BE","Without sequence","71.46","",""
"16/08/2024 04:00:00 - 16/08/2024 05:00:00","BZN|BE","Without sequence","68.94","",""
"16/08/2024 05:00:00 - 16/08/2024 06:00:00","BZN|BE","Without sequence","75.62","",""
"16/08/2024 06:00:00 - 16/08/2024 07:00:00","BZN|BE","Without sequence","85.55","",""
"16/08/2024 07:00:00 - 16/08/2024 08:00:00","BZN|BE","Without sequence","96.91","",""
"16/08/2024 08:00:00 - 16/08/2024 09:00:00","BZN|BE","Without sequence","102.43","",""
"16/08/2024 09:00:00 - 16/08/2024 10:00:00","BZN|BE","Without sequence","86.1","",""
"16/08/2024 10:00:00 - 16/08/2024 11:00:00","BZN|BE","Without sequence","83.83","",""
"16/08/2024 11:00:00 - 16/08/2024 12:00:00","BZN|BE","Without sequence","69.71","",""
"16/08/2024 12:00:00 - 16/08/2024 13:00:00","BZN|BE","Without sequence","61.29","",""
"16/08/2024 13:00:00 - 16/08/2024 14:00:00","BZN|BE","Without sequence","52.65","",""
"16/08/2024 14:00:00 - 16/08/2024 15:00:00","BZN|BE","Without sequence","48.73","",""
"16/08/2024 15:00:00 - 16/08/2024 16:00:00","BZN|BE","Without sequence","54.57","",""
"16/08/2024 16:00:00 - 16/08/2024 17:00:00","BZN|BE","Without sequence","67.51","",""
"16/08/2024 17:00:00 - 16/08/2024 18:00:00","BZN|BE","Without sequence","75.97","",""
"16/08/2024 18:00:00 - 16/08/2024 19:00:00","BZN|BE","Without sequence","88.66","",""
"16/08/2024 19:00:00 - 16/08/2024 20:00:00","BZN|BE","Without sequence","146.29","",""
"16/08/2024 20:00:00 - 16/08/2024 21:00:00","BZN|BE","Without sequence","153.56","",""
"16/08/2024 21:00:00 - 16/08/2024 22:00:00","BZN|BE","Without sequence","133.17","",""
"16/08/2024 22:00:00 - 16/08/2024 23:00:00","BZN|BE","Without sequence","124.67","",""
"16/08/2024 23:00:00 - 17/08/2024 00:00:00","BZN|BE","Without sequence","116.14","",""
"17/08/2024 00:00:00 - 17/08/2024 01:00:00","BZN|BE","Without sequence","106.99","",""
"17/08/2024 01:00:00 - 17/08/2024 02:00:00","BZN|BE","Without sequence","97.02","",""
"17/08/2024 02:00:00 - 17/08/2024 03:00:00","BZN|BE","Without sequence","94.8","",""
"17/08/2024 03:00:00 - 17/08/2024 04:00:00","BZN|BE","Without sequence","88.56","",""
"17/08/2024 04:00:00 - 17/08/2024 05:00:00","BZN|BE","Without sequence","84.29","",""
"17/08/2024 05:00:00 - 17/08/2024 06:00:00","BZN|BE","Without sequence","84.61","",""
"17/08/2024 06:00:00 - 17/08/2024 07:00:00","BZN|BE","Without sequence","85.9","",""
"17/08/2024 07:00:00 - 17/08/2024 08:00:00","BZN|BE","Without sequence","83.73","",""
"17/08/2024 08:00:00 - 17/08/2024 09:00:00","BZN|BE","Without sequence","90.47","",""
"17/08/2024 09:00:00 - 17/08/2024 10:00:00","BZN|BE","Without sequence","75.86","",""
"17/08/2024 10:00:00 - 17/08/2024 11:00:00","BZN|BE","Without sequence","68.47","",""
"17/08/2024 11:00:00 - 17/08/2024 12:00:00","BZN|BE","Without sequence","51.43","",""
"17/08/2024 12:00:00 - 17/08/2024 13:00:00","BZN|BE","Without sequence","41.21","",""
"17/08/2024 13:00:00 - 17/08/2024 14:00:00","BZN|BE","Without sequence","35.09","",""
"17/08/2024 14:00:00 - 17/08/2024 15:00:00","BZN|BE","Without sequence","30.83","",""
"17/08/2024 15:00:00 - 17/08/2024 16:00:00","BZN|BE","Without sequence","35.27","",""
"17/08/2024 16:00:00 - 17/08/2024 17:00:00","BZN|BE","Without sequence","50.45","",""
"17/08/2024 17:00:00 - 17/08/2024 18:00:00","BZN|BE","Without sequence","75.09","",""
"17/08/2024 18:00:00 - 17/08/2024 19:00:00","BZN|BE","Without sequence","87.5","",""
"17/08/2024 19:00:00 - 17/08/2024 20:00:00","BZN|BE","Without sequence","105.37","",""
"17/08/2024 20:00:00 - 17/08/2024 21:00:00","BZN|BE","Without sequence","119.07","",""
"17/08/2024 21:00:00 - 17/08/2024 22:00:00","BZN|BE","Without sequence","118.16","",""
"17/08/2024 22:00:00 - 17/08/2024 23:00:00","BZN|BE","Without sequence","114.32","",""
"17/08/2024 23:00:00 - 18/08/2024 00:00:00","BZN|BE","Without sequence","105.25","",""
"18/08/2024 00:00:00 - 18/08/2024 01:00:00","BZN|BE","Without sequence","94.93","",""
"18/08/2024 01:00:00 - 18/08/2024 02:00:00","BZN|BE","Without sequence","88.64","",""
"18/08/2024 02:00:00 - 18/08/2024 03:00:00","BZN|BE","Without sequence","83.28","",""
"18/08/2024 03:00:00 - 18/08/2024 04:00:00","BZN|BE","Without sequence","77.94","",""
"18/08/2024 04:00:00 - 18/08/2024 05:00:00","BZN|BE","Without sequence","74.85","",""
"18/08/2024 05:00:00 - 18/08/2024 06:00:00","BZN|BE","Without sequence","72.35","",""
"18/08/2024 06:00:00 - 18/08/2024 07:00:00","BZN|BE","Without sequence","73.0","",""
"18/08/2024 07:00:00 - 18/08/2024 08:00:00","BZN|BE","Without sequence","69.05","",""
"18/08/2024 08:00:00 - 18/08/2024 09:00:00","BZN|BE","Without sequence","69.87","",""
"18/08/2024 09:00:00 - 18/08/2024 10:00:00","BZN|BE","Without sequence","53.16","",""
"18/08/2024 10:00:00 - 18/08/2024 11:00:00","BZN|BE","Without sequence","32.0","",""
"18/08/2024 11:00:00 - 18/08/2024 12:00:00","BZN|BE","Without sequence","20.38","",""
"18/08/2024 12:00:00 - 18/08/2024 13:00:00","BZN|BE","Without sequence","18.2","",""
"18/08/2024 13:00:00 - 18/08/2024 14:00:00","BZN|BE","Without sequence","8.78","",""
"18/08/2024 14:00:00 - 18/08/2024 15:00:00","BZN|BE","Without sequence","0.38","",""
"18/08/2024 15:00:00 - 18/08/2024 16:00:00","BZN|BE","Without sequence","-5.48","",""
"18/08/2024 16:00:00 - 18/08/2024 17:00:00","BZN|BE","Without sequence","-0.38","",""
"18/08/2024 17:00:00 - 18/08/2024 18:00:00","BZN|BE","Without sequence","32.19","",""
"18/08/2024 18:00:00 - 18/08/2024 19:00:00","BZN|BE","Without sequence","57.95","",""
"18/08/2024 19:00:00 - 18/08/2024 20:00:00","BZN|BE","Without sequence","85.77","",""
"18/08/2024 20:00:00 - 18/08/2024 21:00:00","BZN|BE","Without sequence","96.82","",""
"18/08/2024 21:00:00 - 18/08/2024 22:00:00","BZN|BE","Without sequence","110.0","",""
"18/08/2024 22:00:00 - 18/08/2024 23:00:00","BZN|BE","Without sequence","111.44","",""
"18/08/2024 23:00:00 - 19/08/2024 00:00:00","BZN|BE","Without sequence","99.5","",""
"19/08/2024 00:00:00 - 19/08/2024 01:00:00","BZN|BE","Without sequence","93.69","",""
"19/08/2024 01:00:00 - 19/08/2024 02:00:00","BZN|BE","Without sequence","81.4","",""
"19/08/2024 02:00:00 - 19/08/2024 03:00:00","BZN|BE","Without sequence","77.44","",""
"19/08/2024 03:00:00 - 19/08/2024 04:00:00","BZN|BE","Without sequence","79.1","",""
"19/08/2024 04:00:00 - 19/08/2024 05:00:00","BZN|BE","Without sequence","78.67","",""
"19/08/2024 05:00:00 - 19/08/2024 06:00:00","BZN|BE","Without sequence","82.41","",""
"19/08/2024 06:00:00 - 19/08/2024 07:00:00","BZN|BE","Without sequence","97.94","",""
"19/08/2024 07:00:00 - 19/08/2024 08:00:00","BZN|BE","Without sequence","125.85","",""
"19/08/2024 08:00:00 - 19/08/2024 09:00:00","BZN|BE","Without sequence","122.52","",""
"19/08/2024 09:00:00 - 19/08/2024 10:00:00","BZN|BE","Without sequence","112.58","",""
"19/08/2024 10:00:00 - 19/08/2024 11:00:00","BZN|BE","Without sequence","88.79","",""
"19/08/2024 11:00:00 - 19/08/2024 12:00:00","BZN|BE","Without sequence","82.02","",""
"19/08/2024 12:00:00 - 19/08/2024 13:00:00","BZN|BE","Without sequence","76.91","",""
"19/08/2024 13:00:00 - 19/08/2024 14:00:00","BZN|BE","Without sequence","73.82","",""
"19/08/2024 14:00:00 - 19/08/2024 15:00:00","BZN|BE","Without sequence","72.97","",""
"19/08/2024 15:00:00 - 19/08/2024 16:00:00","BZN|BE","Without sequence","72.72","",""
"19/08/2024 16:00:00 - 19/08/2024 17:00:00","BZN|BE","Without sequence","75.65","",""
"19/08/2024 17:00:00 - 19/08/2024 18:00:00","BZN|BE","Without sequence","89.37","",""
"19/08/2024 18:00:00 - 19/08/2024 19:00:00","BZN|BE","Without sequence","105.27","",""
"19/08/2024 19:00:00 - 19/08/2024 20:00:00","BZN|BE","Without sequence","146.65","",""
"19/08/2024 20:00:00 - 19/08/2024 21:00:00","BZN|BE","Without sequence","165.0","",""
"19/08/2024 21:00:00 - 19/08/2024 22:00:00","BZN|BE","Without sequence","128.19","",""
"19/08/2024 22:00:00 - 19/08/2024 23:00:00","BZN|BE","Without sequence","100.8","",""
"19/08/2024 23:00:00 - 20/08/2024 00:00:00","BZN|BE","Without sequence","86.18","",""
"20/08/2024 00:00:00 - 20/08/2024 01:00:00","BZN|BE","Without sequence","85.22","",""
"20/08/2024 01:00:00 - 20/08/2024 02:00:00","BZN|BE","Without sequence","75.69","",""
"20/08/2024 02:00:00 - 20/08/2024 03:00:00","BZN|BE","Without sequence","69.6","",""
"20/08/2024 03:00:00 - 20/08/2024 04:00:00","BZN|BE","Without sequence","60.07","",""
"20/08/2024 04:00:00 - 20/08/2024 05:00:00","BZN|BE","Without sequence","58.37","",""
"20/08/2024 05:00:00 - 20/08/2024 06:00:00","BZN|BE","Without sequence","64.85","",""
"20/08/2024 06:00:00 - 20/08/2024 07:00:00","BZN|BE","Without sequence","88.76","",""
"20/08/2024 07:00:00 - 20/08/2024 08:00:00","BZN|BE","Without sequence","101.36","",""
"20/08/2024 08:00:00 - 20/08/2024 09:00:00","BZN|BE","Without sequence","106.29","",""
"20/08/2024 09:00:00 - 20/08/2024 10:00:00","BZN|BE","Without sequence","95.06","",""
"20/08/2024 10:00:00 - 20/08/2024 11:00:00","BZN|BE","Without sequence","67.0","",""
"20/08/2024 11:00:00 - 20/08/2024 12:00:00","BZN|BE","Without sequence","49.21","",""
"20/08/2024 12:00:00 - 20/08/2024 13:00:00","BZN|BE","Without sequence","35.98","",""
"20/08/2024 13:00:00 - 20/08/2024 14:00:00","BZN|BE","Without sequence","18.27","",""
"20/08/2024 14:00:00 - 20/08/2024 15:00:00","BZN|BE","Without sequence","12.21","",""
"20/08/2024 15:00:00 - 20/08/2024 16:00:00","BZN|BE","Without sequence","31.35","",""
"20/08/2024 16:00:00 - 20/08/2024 17:00:00","BZN|BE","Without sequence","41.48","",""
"20/08/2024 17:00:00 - 20/08/2024 18:00:00","BZN|BE","Without sequence","69.87","",""
"20/08/2024 18:00:00 - 20/08/2024 19:00:00","BZN|BE","Without sequence","87.47","",""
"20/08/2024 19:00:00 - 20/08/2024 20:00:00","BZN|BE","Without sequence","110.18","",""
"20/08/2024 20:00:00 - 20/08/2024 21:00:00","BZN|BE","Without sequence","108.1","",""
"20/08/2024 21:00:00 - 20/08/2024 22:00:00","BZN|BE","Without sequence","96.8","",""
"20/08/2024 22:00:00 - 20/08/2024 23:00:00","BZN|BE","Without sequence","91.72","",""
"20/08/2024 23:00:00 - 21/08/2024 00:00:00","BZN|BE","Without sequence","80.35","",""
"21/08/2024 00:00:00 - 21/08/2024 01:00:00","BZN|BE","Without sequence","59.51","",""
"21/08/2024 01:00:00 - 21/08/2024 02:00:00","BZN|BE","Without sequence","48.35","",""
"21/08/2024 02:00:00 - 21/08/2024 03:00:00","BZN|BE","Without sequence","44.78","",""
"21/08/2024 03:00:00 - 21/08/2024 04:00:00","BZN|BE","Without sequence","30.26","",""
"21/08/2024 04:00:00 - 21/08/2024 05:00:00","BZN|BE","Without sequence","36.72","",""
"21/08/2024 05:00:00 - 21/08/2024 06:00:00","BZN|BE","Without sequence","41.96","",""
"21/08/2024 06:00:00 - 21/08/2024 07:00:00","BZN|BE","Without sequence","75.38","",""
"21/08/2024 07:00:00 - 21/08/2024 08:00:00","BZN|BE","Without sequence","87.44","",""
"21/08/2024 08:00:00 - 21/08/2024 09:00:00","BZN|BE","Without sequence","87.42","",""
"21/08/2024 09:00:00 - 21/08/2024 10:00:00","BZN|BE","Without sequence","53.33","",""
"21/08/2024 10:00:00 - 21/08/2024 11:00:00","BZN|BE","Without sequence","0.1","",""
"21/08/2024 11:00:00 - 21/08/2024 12:00:00","BZN|BE","Without sequence","-4.77","",""
"21/08/2024 12:00:00 - 21/08/2024 13:00:00","BZN|BE","Without sequence","-12.02","",""
"21/08/2024 13:00:00 - 21/08/2024 14:00:00","BZN|BE","Without sequence","-19.37","",""
"21/08/2024 14:00:00 - 21/08/2024 15:00:00","BZN|BE","Without sequence","-20.0","",""
"21/08/2024 15:00:00 - 21/08/2024 16:00:00","BZN|BE","Without sequence","-15.56","",""
"21/08/2024 16:00:00 - 21/08/2024 17:00:00","BZN|BE","Without sequence","-10.11","",""
"21/08/2024 17:00:00 - 21/08/2024 18:00:00","BZN|BE","Without sequence","4.38","",""
"21/08/2024 18:00:00 - 21/08/2024 19:00:00","BZN|BE","Without sequence","69.0","",""
"21/08/2024 19:00:00 - 21/08/2024 20:00:00","BZN|BE","Without sequence","98.81","",""
"21/08/2024 20:00:00 - 21/08/2024 21:00:00","BZN|BE","Without sequence","109.19","",""
"21/08/2024 21:00:00 - 21/08/2024 22:00:00","BZN|BE","Without sequence","109.81","",""
"21/08/2024 22:00:00 - 21/08/2024 23:00:00","BZN|BE","Without sequence","96.83","",""
"21/08/2024 23:00:00 - 22/08/2024 00:00:00","BZN|BE","Without sequence","84.11","",""
"22/08/2024 00:00:00 - 22/08/2024 01:00:00","BZN|BE","Without sequence","62.62","",""
"22/08/2024 01:00:00 - 22/08/2024 02:00:00","BZN|BE","Without sequence","51.2","",""
"22/08/2024 02:00:00 - 22/08/2024 03:00:00","BZN|BE","Without sequence","46.72","",""
"22/08/2024 03:00:00 - 22/08/2024 04:00:00","BZN|BE","Without sequence","30.77","",""
"22/08/2024 04:00:00 - 22/08/2024 05:00:00","BZN|BE","Without sequence","27.21","",""
"22/08/2024 05:00:00 - 22/08/2024 06:00:00","BZN|BE","Without sequence","33.85","",""
"22/08/2024 06:00:00 - 22/08/2024 07:00:00","BZN|BE","Without sequence","61.55","",""
"22/08/2024 07:00:00 - 22/08/2024 08:00:00","BZN|BE","Without sequence","24.6","",""
"22/08/2024 08:00:00 - 22/08/2024 09:00:00","BZN|BE","Without sequence","24.18","",""
"22/08/2024 09:00:00 - 22/08/2024 10:00:00","BZN|BE","Without sequence","-2.31","",""
"22/08/2024 10:00:00 - 22/08/2024 11:00:00","BZN|BE","Without sequence","-13.61","",""
"22/08/2024 11:00:00 - 22/08/2024 12:00:00","BZN|BE","Without sequence","-24.49","",""
"22/08/2024 12:00:00 - 22/08/2024 13:00:00","BZN|BE","Without sequence","-24.82","",""
"22/08/2024 13:00:00 - 22/08/2024 14:00:00","BZN|BE","Without sequence","-35.0","",""
"22/08/2024 14:00:00 - 22/08/2024 15:00:00","BZN|BE","Without sequence","-31.8","",""
"22/08/2024 15:00:00 - 22/08/2024 16:00:00","BZN|BE","Without sequence","-15.55","",""
"22/08/2024 16:00:00 - 22/08/2024 17:00:00","BZN|BE","Without sequence","-11.73","",""
"22/08/2024 17:00:00 - 22/08/2024 18:00:00","BZN|BE","Without sequence","-3.3","",""
"22/08/2024 18:00:00 - 22/08/2024 19:00:00","BZN|BE","Without sequence","88.29","",""
"22/08/2024 19:00:00 - 22/08/2024 20:00:00","BZN|BE","Without sequence","113.88","",""
"22/08/2024 20:00:00 - 22/08/2024 21:00:00","BZN|BE","Without sequence","115.59","",""
"22/08/2024 21:00:00 - 22/08/2024 22:00:00","BZN|BE","Without sequence","111.58","",""
"22/08/2024 22:00:00 - 22/08/2024 23:00:00","BZN|BE","Without sequence","96.35","",""
"22/08/2024 23:00:00 - 23/08/2024 00:00:00","BZN|BE","Without sequence","79.78","",""
"23/08/2024 00:00:00 - 23/08/2024 01:00:00","BZN|BE","Without sequence","52.56","",""
"23/08/2024 01:00:00 - 23/08/2024 02:00:00","BZN|BE","Without sequence","41.06","",""
"23/08/2024 02:00:00 - 23/08/2024 03:00:00","BZN|BE","Without sequence","34.3","",""
"23/08/2024 03:00:00 - 23/08/2024 04:00:00","BZN|BE","Without sequence","19.86","",""
"23/08/2024 04:00:00 - 23/08/2024 05:00:00","BZN|BE","Without sequence","9.64","",""
"23/08/2024 05:00:00 - 23/08/2024 06:00:00","BZN|BE","Without sequence","8.34","",""
"23/08/2024 06:00:00 - 23/08/2024 07:00:00","BZN|BE","Without sequence","12.73","",""
"23/08/2024 07:00:00 - 23/08/2024 08:00:00","BZN|BE","Without sequence","23.59","",""
"23/08/2024 08:00:00 - 23/08/2024 09:00:00","BZN|BE","Without sequence","22.79","",""
"23/08/2024 09:00:00 - 23/08/2024 10:00:00","BZN|BE","Without sequence","0.06","",""
"23/08/2024 10:00:00 - 23/08/2024 11:00:00","BZN|BE","Without sequence","-0.79","",""
"23/08/2024 11:00:00 - 23/08/2024 12:00:00","BZN|BE","Without sequence","-3.02","",""
"23/08/2024 12:00:00 - 23/08/2024 13:00:00","BZN|BE","Without sequence","-3.75","",""
"23/08/2024 13:00:00 - 23/08/2024 14:00:00","BZN|BE","Without sequence","-7.9","",""
"23/08/2024 14:00:00 - 23/08/2024 15:00:00","BZN|BE","Without sequence","-12.09","",""
"23/08/2024 15:00:00 - 23/08/2024 16:00:00","BZN|BE","Without sequence","-8.31","",""
"23/08/2024 16:00:00 - 23/08/2024 17:00:00","BZN|BE","Without sequence","-6.3","",""
"23/08/2024 17:00:00 - 23/08/2024 18:00:00","BZN|BE","Without sequence","1.45","",""
"23/08/2024 18:00:00 - 23/08/2024 19:00:00","BZN|BE","Without sequence","52.74","",""
"23/08/2024 19:00:00 - 23/08/2024 20:00:00","BZN|BE","Without sequence","101.05","",""
"23/08/2024 20:00:00 - 23/08/2024 21:00:00","BZN|BE","Without sequence","115.0","",""
"23/08/2024 21:00:00 - 23/08/2024 22:00:00","BZN|BE","Without sequence","123.68","",""
"23/08/2024 22:00:00 - 23/08/2024 23:00:00","BZN|BE","Without sequence","119.86","",""
"23/08/2024 23:00:00 - 24/08/2024 00:00:00","BZN|BE","Without sequence","101.44","",""
"24/08/2024 00:00:00 - 24/08/2024 01:00:00","BZN|BE","Without sequence","97.42","",""
"24/08/2024 01:00:00 - 24/08/2024 02:00:00","BZN|BE","Without sequence","78.59","",""
"24/08/2024 02:00:00 - 24/08/2024 03:00:00","BZN|BE","Without sequence","74.26","",""
"24/08/2024 03:00:00 - 24/08/2024 04:00:00","BZN|BE","Without sequence","70.7","",""
"24/08/2024 04:00:00 - 24/08/2024 05:00:00","BZN|BE","Without sequence","72.17","",""
"24/08/2024 05:00:00 - 24/08/2024 06:00:00","BZN|BE","Without sequence","73.14","",""
"24/08/2024 06:00:00 - 24/08/2024 07:00:00","BZN|BE","Without sequence","78.3","",""
"24/08/2024 07:00:00 - 24/08/2024 08:00:00","BZN|BE","Without sequence","67.05","",""
"24/08/2024 08:00:00 - 24/08/2024 09:00:00","BZN|BE","Without sequence","52.74","",""
"24/08/2024 09:00:00 - 24/08/2024 10:00:00","BZN|BE","Without sequence","15.0","",""
"24/08/2024 10:00:00 - 24/08/2024 11:00:00","BZN|BE","Without sequence","-0.02","",""
"24/08/2024 11:00:00 - 24/08/2024 12:00:00","BZN|BE","Without sequence","-6.8","",""
"24/08/2024 12:00:00 - 24/08/2024 13:00:00","BZN|BE","Without sequence","-18.56","",""
"24/08/2024 13:00:00 - 24/08/2024 14:00:00","BZN|BE","Without sequence","-39.5","",""
"24/08/2024 14:00:00 - 24/08/2024 15:00:00","BZN|BE","Without sequence","-43.39","",""
"24/08/2024 15:00:00 - 24/08/2024 16:00:00","BZN|BE","Without sequence","-26.74","",""
"24/08/2024 16:00:00 - 24/08/2024 17:00:00","BZN|BE","Without sequence","-5.97","",""
"24/08/2024 17:00:00 - 24/08/2024 18:00:00","BZN|BE","Without sequence","-1.0","",""
"24/08/2024 18:00:00 - 24/08/2024 19:00:00","BZN|BE","Without sequence","39.19","",""
"24/08/2024 19:00:00 - 24/08/2024 20:00:00","BZN|BE","Without sequence","80.0","",""
"24/08/2024 20:00:00 - 24/08/2024 21:00:00","BZN|BE","Without sequence","81.61","",""
"24/08/2024 21:00:00 - 24/08/2024 22:00:00","BZN|BE","Without sequence","70.6","",""
"24/08/2024 22:00:00 - 24/08/2024 23:00:00","BZN|BE","Without sequence","65.79","",""
"24/08/2024 23:00:00 - 25/08/2024 00:00:00","BZN|BE","Without sequence","51.49","",""
"25/08/2024 00:00:00 - 25/08/2024 01:00:00","BZN|BE","Without sequence","3.27","",""
"25/08/2024 01:00:00 - 25/08/2024 02:00:00","BZN|BE","Without sequence","2.25","",""
"25/08/2024 02:00:00 - 25/08/2024 03:00:00","BZN|BE","Without sequence","0.54","",""
"25/08/2024 03:00:00 - 25/08/2024 04:00:00","BZN|BE","Without sequence","-0.32","",""
"25/08/2024 04:00:00 - 25/08/2024 05:00:00","BZN|BE","Without sequence","0.01","",""
"25/08/2024 05:00:00 - 25/08/2024 06:00:00","BZN|BE","Without sequence","0.62","",""
"25/08/2024 06:00:00 - 25/08/2024 07:00:00","BZN|BE","Without sequence","0.89","",""
"25/08/2024 07:00:00 - 25/08/2024 08:00:00","BZN|BE","Without sequence","0.01","",""
"25/08/2024 08:00:00 - 25/08/2024 09:00:00","BZN|BE","Without sequence","0.11","",""
"25/08/2024 09:00:00 - 25/08/2024 10:00:00","BZN|BE","Without sequence","-1.34","",""
"25/08/2024 10:00:00 - 25/08/2024 11:00:00","BZN|BE","Without sequence","-5.88","",""
"25/08/2024 11:00:00 - 25/08/2024 12:00:00","BZN|BE","Without sequence","-8.54","",""
"25/08/2024 12:00:00 - 25/08/2024 13:00:00","BZN|BE","Without sequence","-9.59","",""
"25/08/2024 13:00:00 - 25/08/2024 14:00:00","BZN|BE","Without sequence","-12.87","",""
"25/08/2024 14:00:00 - 25/08/2024 15:00:00","BZN|BE","Without sequence","-18.29","",""
"25/08/2024 15:00:00 - 25/08/2024 16:00:00","BZN|BE","Without sequence","-9.82","",""
"25/08/2024 16:00:00 - 25/08/2024 17:00:00","BZN|BE","Without sequence","-3.33","",""
"25/08/2024 17:00:00 - 25/08/2024 18:00:00","BZN|BE","Without sequence","-1.0","",""
"25/08/2024 18:00:00 - 25/08/2024 19:00:00","BZN|BE","Without sequence","49.77","",""
"25/08/2024 19:00:00 - 25/08/2024 20:00:00","BZN|BE","Without sequence","96.97","",""
"25/08/2024 20:00:00 - 25/08/2024 21:00:00","BZN|BE","Without sequence","104.96","",""
"25/08/2024 21:00:00 - 25/08/2024 22:00:00","BZN|BE","Without sequence","108.31","",""
"25/08/2024 22:00:00 - 25/08/2024 23:00:00","BZN|BE","Without sequence","101.54","",""
"25/08/2024 23:00:00 - 26/08/2024 00:00:00","BZN|BE","Without sequence","92.9","",""
"26/08/2024 00:00:00 - 26/08/2024 01:00:00","BZN|BE","Without sequence","73.92","",""
"26/08/2024 01:00:00 - 26/08/2024 02:00:00","BZN|BE","Without sequence","66.91","",""
"26/08/2024 02:00:00 - 26/08/2024 03:00:00","BZN|BE","Without sequence","64.03","",""
"26/08/2024 03:00:00 - 26/08/2024 04:00:00","BZN|BE","Without sequence","56.2","",""
"26/08/2024 04:00:00 - 26/08/2024 05:00:00","BZN|BE","Without sequence","54.55","",""
"26/08/2024 05:00:00 - 26/08/2024 06:00:00","BZN|BE","Without sequence","66.51","",""
"26/08/2024 06:00:00 - 26/08/2024 07:00:00","BZN|BE","Without sequence","83.74","",""
"26/08/2024 07:00:00 - 26/08/2024 08:00:00","BZN|BE","Without sequence","88.75","",""
"26/08/2024 08:00:00 - 26/08/2024 09:00:00","BZN|BE","Without sequence","96.87","",""
"26/08/2024 09:00:00 - 26/08/2024 10:00:00","BZN|BE","Without sequence","63.61","",""
"26/08/2024 10:00:00 - 26/08/2024 11:00:00","BZN|BE","Without sequence","14.9","",""
"26/08/2024 11:00:00 - 26/08/2024 12:00:00","BZN|BE","Without sequence","2.68","",""
"26/08/2024 12:00:00 - 26/08/2024 13:00:00","BZN|BE","Without sequence","23.06","",""
"26/08/2024 13:00:00 - 26/08/2024 14:00:00","BZN|BE","Without sequence","17.82","",""
"26/08/2024 14:00:00 - 26/08/2024 15:00:00","BZN|BE","Without sequence","37.1","",""
"26/08/2024 15:00:00 - 26/08/2024 16:00:00","BZN|BE","Without sequence","44.25","",""
"26/08/2024 16:00:00 - 26/08/2024 17:00:00","BZN|BE","Without sequence","55.71","",""
"26/08/2024 17:00:00 - 26/08/2024 18:00:00","BZN|BE","Without sequence","91.26","",""
"26/08/2024 18:00:00 - 26/08/2024 19:00:00","BZN|BE","Without sequence","109.92","",""
"26/08/2024 19:00:00 - 26/08/2024 20:00:00","BZN|BE","Without sequence","149.34","",""
"26/08/2024 20:00:00 - 26/08/2024 21:00:00","BZN|BE","Without sequence","170.04","",""
"26/08/2024 21:00:00 - 26/08/2024 22:00:00","BZN|BE","Without sequence","126.93","",""
"26/08/2024 22:00:00 - 26/08/2024 23:00:00","BZN|BE","Without sequence","111.02","",""
"26/08/2024 23:00:00 - 27/08/2024 00:00:00","BZN|BE","Without sequence","99.77","",""
"27/08/2024 00:00:00 - 27/08/2024 01:00:00","BZN|BE","Without sequence","98.57","",""
"27/08/2024 01:00:00 - 27/08/2024 02:00:00","BZN|BE","Without sequence","86.6","",""
"27/08/2024 02:00:00 - 27/08/2024 03:00:00","BZN|BE","Without sequence","76.05","",""
"27/08/2024 03:00:00 - 27/08/2024 04:00:00","BZN|BE","Without sequence","69.39","",""
"27/08/2024 04:00:00 - 27/08/2024 05:00:00","BZN|BE","Without sequence","63.03","",""
"27/08/2024 05:00:00 - 27/08/2024 06:00:00","BZN|BE","Without sequence","69.29","",""
"27/08/2024 06:00:00 - 27/08/2024 07:00:00","BZN|BE","Without sequence","90.31","",""
"27/08/2024 07:00:00 - 27/08/2024 08:00:00","BZN|BE","Without sequence","102.76","",""
"27/08/2024 08:00:00 - 27/08/2024 09:00:00","BZN|BE","Without sequence","99.25","",""
"27/08/2024 09:00:00 - 27/08/2024 10:00:00","BZN|BE","Without sequence","82.57","",""
"27/08/2024 10:00:00 - 27/08/2024 11:00:00","BZN|BE","Without sequence","62.36","",""
"27/08/2024 11:00:00 - 27/08/2024 12:00:00","BZN|BE","Without sequence","28.82","",""
"27/08/2024 12:00:00 - 27/08/2024 13:00:00","BZN|BE","Without sequence","4.92","",""
"27/08/2024 13:00:00 - 27/08/2024 14:00:00","BZN|BE","Without sequence","1.33","",""
"27/08/2024 14:00:00 - 27/08/2024 15:00:00","BZN|BE","Without sequence","2.06","",""
"27/08/2024 15:00:00 - 27/08/2024 16:00:00","BZN|BE","Without sequence","24.55","",""
"27/08/2024 16:00:00 - 27/08/2024 17:00:00","BZN|BE","Without sequence","50.27","",""
"27/08/2024 17:00:00 - 27/08/2024 18:00:00","BZN|BE","Without sequence","87.34","",""
"27/08/2024 18:00:00 - 27/08/2024 19:00:00","BZN|BE","Without sequence","113.85","",""
"27/08/2024 19:00:00 - 27/08/2024 20:00:00","BZN|BE","Without sequence","170.41","",""
"27/08/2024 20:00:00 - 27/08/2024 21:00:00","BZN|BE","Without sequence","164.73","",""
"27/08/2024 21:00:00 - 27/08/2024 22:00:00","BZN|BE","Without sequence","120.95","",""
"27/08/2024 22:00:00 - 27/08/2024 23:00:00","BZN|BE","Without sequence","105.89","",""
"27/08/2024 23:00:00 - 28/08/2024 00:00:00","BZN|BE","Without sequence","93.25","",""
"28/08/2024 00:00:00 - 28/08/2024 01:00:00","BZN|BE","Without sequence","91.18","",""
"28/08/2024 01:00:00 - 28/08/2024 02:00:00","BZN|BE","Without sequence","91.78","",""
"28/08/2024 02:00:00 - 28/08/2024 03:00:00","BZN|BE","Without sequence","87.2","",""
"28/08/2024 03:00:00 - 28/08/2024 04:00:00","BZN|BE","Without sequence","87.11","",""
"28/08/2024 04:00:00 - 28/08/2024 05:00:00","BZN|BE","Without sequence","84.85","",""
"28/08/2024 05:00:00 - 28/08/2024 06:00:00","BZN|BE","Without sequence","88.38","",""
"28/08/2024 06:00:00 - 28/08/2024 07:00:00","BZN|BE","Without sequence","105.9","",""
"28/08/2024 07:00:00 - 28/08/2024 08:00:00","BZN|BE","Without sequence","126.13","",""
"28/08/2024 08:00:00 - 28/08/2024 09:00:00","BZN|BE","Without sequence","120.76","",""
"28/08/2024 09:00:00 - 28/08/2024 10:00:00","BZN|BE","Without sequence","105.57","",""
"28/08/2024 10:00:00 - 28/08/2024 11:00:00","BZN|BE","Without sequence","88.38","",""
"28/08/2024 11:00:00 - 28/08/2024 12:00:00","BZN|BE","Without sequence","70.0","",""
"28/08/2024 12:00:00 - 28/08/2024 13:00:00","BZN|BE","Without sequence","36.73","",""
"28/08/2024 13:00:00 - 28/08/2024 14:00:00","BZN|BE","Without sequence","12.66","",""
"28/08/2024 14:00:00 - 28/08/2024 15:00:00","BZN|BE","Without sequence","10.11","",""
"28/08/2024 15:00:00 - 28/08/2024 16:00:00","BZN|BE","Without sequence","55.21","",""
"28/08/2024 16:00:00 - 28/08/2024 17:00:00","BZN|BE","Without sequence","79.53","",""
"28/08/2024 17:00:00 - 28/08/2024 18:00:00","BZN|BE","Without sequence","91.65","",""
"28/08/2024 18:00:00 - 28/08/2024 19:00:00","BZN|BE","Without sequence","105.0","",""
"28/08/2024 19:00:00 - 28/08/2024 20:00:00","BZN|BE","Without sequence","153.98","",""
"28/08/2024 20:00:00 - 28/08/2024 21:00:00","BZN|BE","Without sequence","158.47","",""
"28/08/2024 21:00:00 - 28/08/2024 22:00:00","BZN|BE","Without sequence","125.36","",""
"28/08/2024 22:00:00 - 28/08/2024 23:00:00","BZN|BE","Without sequence","112.68","",""
"28/08/2024 23:00:00 - 29/08/2024 00:00:00","BZN|BE","Without sequence","100.8","",""
"29/08/2024 00:00:00 - 29/08/2024 01:00:00","BZN|BE","Without sequence","94.26","",""
"29/08/2024 01:00:00 - 29/08/2024 02:00:00","BZN|BE","Without sequence","94.47","",""
"29/08/2024 02:00:00 - 29/08/2024 03:00:00","BZN|BE","Without sequence","89.41","",""
"29/08/2024 03:00:00 - 29/08/2024 04:00:00","BZN|BE","Without sequence","88.92","",""
"29/08/2024 04:00:00 - 29/08/2024 05:00:00","BZN|BE","Without sequence","89.64","",""
"29/08/2024 05:00:00 - 29/08/2024 06:00:00","BZN|BE","Without sequence","97.43","",""
"29/08/2024 06:00:00 - 29/08/2024 07:00:00","BZN|BE","Without sequence","110.15","",""
"29/08/2024 07:00:00 - 29/08/2024 08:00:00","BZN|BE","Without sequence","128.43","",""
"29/08/2024 08:00:00 - 29/08/2024 09:00:00","BZN|BE","Without sequence","126.24","",""
"29/08/2024 09:00:00 - 29/08/2024 10:00:00","BZN|BE","Without sequence","108.73","",""
"29/08/2024 10:00:00 - 29/08/2024 11:00:00","BZN|BE","Without sequence","92.26","",""
"29/08/2024 11:00:00 - 29/08/2024 12:00:00","BZN|BE","Without sequence","84.53","",""
"29/08/2024 12:00:00 - 29/08/2024 13:00:00","BZN|BE","Without sequence","66.11","",""
"29/08/2024 13:00:00 - 29/08/2024 14:00:00","BZN|BE","Without sequence","45.83","",""
"29/08/2024 14:00:00 - 29/08/2024 15:00:00","BZN|BE","Without sequence","52.6","",""
"29/08/2024 15:00:00 - 29/08/2024 16:00:00","BZN|BE","Without sequence","79.86","",""
"29/08/2024 16:00:00 - 29/08/2024 17:00:00","BZN|BE","Without sequence","89.91","",""
"29/08/2024 17:00:00 - 29/08/2024 18:00:00","BZN|BE","Without sequence","104.0","",""
"29/08/2024 18:00:00 - 29/08/2024 19:00:00","BZN|BE","Without sequence","114.69","",""
"29/08/2024 19:00:00 - 29/08/2024 20:00:00","BZN|BE","Without sequence","164.09","",""
"29/08/2024 20:00:00 - 29/08/2024 21:00:00","BZN|BE","Without sequence","199.89","",""
"29/08/2024 21:00:00 - 29/08/2024 22:00:00","BZN|BE","Without sequence","148.54","",""
"29/08/2024 22:00:00 - 29/08/2024 23:00:00","BZN|BE","Without sequence","124.4","",""
"29/08/2024 23:00:00 - 30/08/2024 00:00:00","BZN|BE","Without sequence","107.4","",""
"30/08/2024 00:00:00 - 30/08/2024 01:00:00","BZN|BE","Without sequence","105.24","",""
"30/08/2024 01:00:00 - 30/08/2024 02:00:00","BZN|BE","Without sequence","95.05","",""
"30/08/2024 02:00:00 - 30/08/2024 03:00:00","BZN|BE","Without sequence","92.19","",""
"30/08/2024 03:00:00 - 30/08/2024 04:00:00","BZN|BE","Without sequence","84.78","",""
"30/08/2024 04:00:00 - 30/08/2024 05:00:00","BZN|BE","Without sequence","83.05","",""
"30/08/2024 05:00:00 - 30/08/2024 06:00:00","BZN|BE","Without sequence","89.99","",""
"30/08/2024 06:00:00 - 30/08/2024 07:00:00","BZN|BE","Without sequence","108.25","",""
"30/08/2024 07:00:00 - 30/08/2024 08:00:00","BZN|BE","Without sequence","125.31","",""
"30/08/2024 08:00:00 - 30/08/2024 09:00:00","BZN|BE","Without sequence","128.0","",""
"30/08/2024 09:00:00 - 30/08/2024 10:00:00","BZN|BE","Without sequence","113.7","",""
"30/08/2024 10:00:00 - 30/08/2024 11:00:00","BZN|BE","Without sequence","98.28","",""
"30/08/2024 11:00:00 - 30/08/2024 12:00:00","BZN|BE","Without sequence","89.98","",""
"30/08/2024 12:00:00 - 30/08/2024 13:00:00","BZN|BE","Without sequence","86.35","",""
"30/08/2024 13:00:00 - 30/08/2024 14:00:00","BZN|BE","Without sequence","80.48","",""
"30/08/2024 14:00:00 - 30/08/2024 15:00:00","BZN|BE","Without sequence","79.18","",""
"30/08/2024 15:00:00 - 30/08/2024 16:00:00","BZN|BE","Without sequence","82.33","",""
"30/08/2024 16:00:00 - 30/08/2024 17:00:00","BZN|BE","Without sequence","86.18","",""
"30/08/2024 17:00:00 - 30/08/2024 18:00:00","BZN|BE","Without sequence","100.2","",""
"30/08/2024 18:00:00 - 30/08/2024 19:00:00","BZN|BE","Without sequence","115.5","",""
"30/08/2024 19:00:00 - 30/08/2024 20:00:00","BZN|BE","Without sequence","133.46","",""
"30/08/2024 20:00:00 - 30/08/2024 21:00:00","BZN|BE","Without sequence","119.11","",""
"30/08/2024 21:00:00 - 30/08/2024 22:00:00","BZN|BE","Without sequence","107.75","",""
"30/08/2024 22:00:00 - 30/08/2024 23:00:00","BZN|BE","Without sequence","96.86","",""
"30/08/2024 23:00:00 - 31/08/2024 00:00:00","BZN|BE","Without sequence","95.5","",""
"31/08/2024 00:00:00 - 31/08/2024 01:00:00","BZN|BE","Without sequence","105.7","",""
"31/08/2024 01:00:00 - 31/08/2024 02:00:00","BZN|BE","Without sequence","92.45","",""
"31/08/2024 02:00:00 - 31/08/2024 03:00:00","BZN|BE","Without sequence","88.43","",""
"31/08/2024 03:00:00 - 31/08/2024 04:00:00","BZN|BE","Without sequence","81.98","",""
"31/08/2024 04:00:00 - 31/08/2024 05:00:00","BZN|BE","Without sequence","74.14","",""
"31/08/2024 05:00:00 - 31/08/2024 06:00:00","BZN|BE","Without sequence","76.74","",""
"31/08/2024 06:00:00 - 31/08/2024 07:00:00","BZN|BE","Without sequence","80.59","",""
"31/08/2024 07:00:00 - 31/08/2024 08:00:00","BZN|BE","Without sequence","83.64","",""
"31/08/2024 08:00:00 - 31/08/2024 09:00:00","BZN|BE","Without sequence","90.79","",""
"31/08/2024 09:00:00 - 31/08/2024 10:00:00","BZN|BE","Without sequence","84.92","",""
"31/08/2024 10:00:00 - 31/08/2024 11:00:00","BZN|BE","Without sequence","60.13","",""
"31/08/2024 11:00:00 - 31/08/2024 12:00:00","BZN|BE","Without sequence","18.34","",""
"31/08/2024 12:00:00 - 31/08/2024 13:00:00","BZN|BE","Without sequence","-10.0","",""
"31/08/2024 13:00:00 - 31/08/2024 14:00:00","BZN|BE","Without sequence","-14.9","",""
"31/08/2024 14:00:00 - 31/08/2024 15:00:00","BZN|BE","Without sequence","-18.26","",""
"31/08/2024 15:00:00 - 31/08/2024 16:00:00","BZN|BE","Without sequence","-14.69","",""
"31/08/2024 16:00:00 - 31/08/2024 17:00:00","BZN|BE","Without sequence","19.17","",""
"31/08/2024 17:00:00 - 31/08/2024 18:00:00","BZN|BE","Without sequence","73.99","",""
"31/08/2024 18:00:00 - 31/08/2024 19:00:00","BZN|BE","Without sequence","109.28","",""
"31/08/2024 19:00:00 - 31/08/2024 20:00:00","BZN|BE","Without sequence","126.04","",""
"31/08/2024 20:00:00 - 31/08/2024 21:00:00","BZN|BE","Without sequence","123.36","",""
"31/08/2024 21:00:00 - 31/08/2024 22:00:00","BZN|BE","Without sequence","107.71","",""
"31/08/2024 22:00:00 - 31/08/2024 23:00:00","BZN|BE","Without sequence","100.1","",""
"31/08/2024 23:00:00 - 01/09/2024 00:00:00","BZN|BE","Without sequence","89.43","",""
"01/09/2024 00:00:00 - 01/09/2024 01:00:00","BZN|BE","Without sequence","93.93","",""
"01/09/2024 01:00:00 - 01/09/2024 02:00:00","BZN|BE","Without sequence","85.99","",""
"01/09/2024 02:00:00 - 01/09/2024 03:00:00","BZN|BE","Without sequence","80.37","",""
"01/09/2024 03:00:00 - 01/09/2024 04:00:00","BZN|BE","Without sequence","74.19","",""
"01/09/2024 04:00:00 - 01/09/2024 05:00:00","BZN|BE","Without sequence","68.22","",""
"01/09/2024 05:00:00 - 01/09/2024 06:00:00","BZN|BE","Without sequence","65.72","",""
"01/09/2024 06:00:00 - 01/09/2024 07:00:00","BZN|BE","Without sequence","65.86","",""
"01/09/2024 07:00:00 - 01/09/2024 08:00:00","BZN|BE","Without sequence","64.61","",""
"01/09/2024 08:00:00 - 01/09/2024 09:00:00","BZN|BE","Without sequence","60.6","",""
"01/09/2024 09:00:00 - 01/09/2024 10:00:00","BZN|BE","Without sequence","41.27","",""
"01/09/2024 10:00:00 - 01/09/2024 11:00:00","BZN|BE","Without sequence","12.73","",""
"01/09/2024 11:00:00 - 01/09/2024 12:00:00","BZN|BE","Without sequence","-3.5","",""
"01/09/2024 12:00:00 - 01/09/2024 13:00:00","BZN|BE","Without sequence","-28.02","",""
"01/09/2024 13:00:00 - 01/09/2024 14:00:00","BZN|BE","Without sequence","-53.61","",""
"01/09/2024 14:00:00 - 01/09/2024 15:00:00","BZN|BE","Without sequence","-31.4","",""
"01/09/2024 15:00:00 - 01/09/2024 16:00:00","BZN|BE","Without sequence","-10.72","",""
"01/09/2024 16:00:00 - 01/09/2024 17:00:00","BZN|BE","Without sequence","25.38","",""
"01/09/2024 17:00:00 - 01/09/2024 18:00:00","BZN|BE","Without sequence","78.5","",""
"01/09/2024 18:00:00 - 01/09/2024 19:00:00","BZN|BE","Without sequence","104.56","",""
"01/09/2024 19:00:00 - 01/09/2024 20:00:00","BZN|BE","Without sequence","127.02","",""
"01/09/2024 20:00:00 - 01/09/2024 21:00:00","BZN|BE","Without sequence","124.75","",""
"01/09/2024 21:00:00 - 01/09/2024 22:00:00","BZN|BE","Without sequence","108.71","",""
"01/09/2024 22:00:00 - 01/09/2024 23:00:00","BZN|BE","Without sequence","103.49","",""
"01/09/2024 23:00:00 - 02/09/2024 00:00:00","BZN|BE","Without sequence","91.11","",""
"02/09/2024 00:00:00 - 02/09/2024 01:00:00","BZN|BE","Without sequence","91.78","",""
"02/09/2024 01:00:00 - 02/09/2024 02:00:00","BZN|BE","Without sequence","94.9","",""
"02/09/2024 02:00:00 - 02/09/2024 03:00:00","BZN|BE","Without sequence","92.42","",""
"02/09/2024 03:00:00 - 02/09/2024 04:00:00","BZN|BE","Without sequence","92.53","",""
"02/09/2024 04:00:00 - 02/09/2024 05:00:00","BZN|BE","Without sequence","89.51","",""
"02/09/2024 05:00:00 - 02/09/2024 06:00:00","BZN|BE","Without sequence","97.32","",""
"02/09/2024 06:00:00 - 02/09/2024 07:00:00","BZN|BE","Without sequence","107.79","",""
"02/09/2024 07:00:00 - 02/09/2024 08:00:00","BZN|BE","Without sequence","127.63","",""
"02/09/2024 08:00:00 - 02/09/2024 09:00:00","BZN|BE","Without sequence","131.52","",""
"02/09/2024 09:00:00 - 02/09/2024 10:00:00","BZN|BE","Without sequence","122.64","",""
"02/09/2024 10:00:00 - 02/09/2024 11:00:00","BZN|BE","Without sequence","102.83","",""
"02/09/2024 11:00:00 - 02/09/2024 12:00:00","BZN|BE","Without sequence","90.87","",""
"02/09/2024 12:00:00 - 02/09/2024 13:00:00","BZN|BE","Without sequence","85.25","",""
"02/09/2024 13:00:00 - 02/09/2024 14:00:00","BZN|BE","Without sequence","81.4","",""
"02/09/2024 14:00:00 - 02/09/2024 15:00:00","BZN|BE","Without sequence","83.93","",""
"02/09/2024 15:00:00 - 02/09/2024 16:00:00","BZN|BE","Without sequence","89.18","",""
"02/09/2024 16:00:00 - 02/09/2024 17:00:00","BZN|BE","Without sequence","94.07","",""
"02/09/2024 17:00:00 - 02/09/2024 18:00:00","BZN|BE","Without sequence","106.19","",""
"02/09/2024 18:00:00 - 02/09/2024 19:00:00","BZN|BE","Without sequence","127.76","",""
"02/09/2024 19:00:00 - 02/09/2024 20:00:00","BZN|BE","Without sequence","186.48","",""
"02/09/2024 20:00:00 - 02/09/2024 21:00:00","BZN|BE","Without sequence","171.81","",""
"02/09/2024 21:00:00 - 02/09/2024 22:00:00","BZN|BE","Without sequence","132.98","",""
"02/09/2024 22:00:00 - 02/09/2024 23:00:00","BZN|BE","Without sequence","115.24","",""
"02/09/2024 23:00:00 - 03/09/2024 00:00:00","BZN|BE","Without sequence","104.21","",""
"03/09/2024 00:00:00 - 03/09/2024 01:00:00","BZN|BE","Without sequence","99.56","",""
"03/09/2024 01:00:00 - 03/09/2024 02:00:00","BZN|BE","Without sequence","92.3","",""
"03/09/2024 02:00:00 - 03/09/2024 03:00:00","BZN|BE","Without sequence","91.07","",""
"03/09/2024 03:00:00 - 03/09/2024 04:00:00","BZN|BE","Without sequence","90.08","",""
"03/09/2024 04:00:00 - 03/09/2024 05:00:00","BZN|BE","Without sequence","91.34","",""
"03/09/2024 05:00:00 - 03/09/2024 06:00:00","BZN|BE","Without sequence","97.78","",""
"03/09/2024 06:00:00 - 03/09/2024 07:00:00","BZN|BE","Without sequence","116.2","",""
"03/09/2024 07:00:00 - 03/09/2024 08:00:00","BZN|BE","Without sequence","135.8","",""
"03/09/2024 08:00:00 - 03/09/2024 09:00:00","BZN|BE","Without sequence","133.95","",""
"03/09/2024 09:00:00 - 03/09/2024 10:00:00","BZN|BE","Without sequence","115.98","",""
"03/09/2024 10:00:00 - 03/09/2024 11:00:00","BZN|BE","Without sequence","98.88","",""
"03/09/2024 11:00:00 - 03/09/2024 12:00:00","BZN|BE","Without sequence","90.02","",""
"03/09/2024 12:00:00 - 03/09/2024 13:00:00","BZN|BE","Without sequence","84.87","",""
"03/09/2024 13:00:00 - 03/09/2024 14:00:00","BZN|BE","Without sequence","82.83","",""
"03/09/2024 14:00:00 - 03/09/2024 15:00:00","BZN|BE","Without sequence","84.32","",""
"03/09/2024 15:00:00 - 03/09/2024 16:00:00","BZN|BE","Without sequence","86.79","",""
"03/09/2024 16:00:00 - 03/09/2024 17:00:00","BZN|BE","Without sequence","91.9","",""
"03/09/2024 17:00:00 - 03/09/2024 18:00:00","BZN|BE","Without sequence","106.78","",""
"03/09/2024 18:00:00 - 03/09/2024 19:00:00","BZN|BE","Without sequence","156.4","",""
"03/09/2024 19:00:00 - 03/09/2024 20:00:00","BZN|BE","Without sequence","268.94","",""
"03/09/2024 20:00:00 - 03/09/2024 21:00:00","BZN|BE","Without sequence","249.42","",""
"03/09/2024 21:00:00 - 03/09/2024 22:00:00","BZN|BE","Without sequence","165.77","",""
"03/09/2024 22:00:00 - 03/09/2024 23:00:00","BZN|BE","Without sequence","129.21","",""
"03/09/2024 23:00:00 - 04/09/2024 00:00:00","BZN|BE","Without sequence","116.08","",""
"04/09/2024 00:00:00 - 04/09/2024 01:00:00","BZN|BE","Without sequence","108.26","",""
"04/09/2024 01:00:00 - 04/09/2024 02:00:00","BZN|BE","Without sequence","97.91","",""
"04/09/2024 02:00:00 - 04/09/2024 03:00:00","BZN|BE","Without sequence","94.39","",""
"04/09/2024 03:00:00 - 04/09/2024 04:00:00","BZN|BE","Without sequence","90.87","",""
"04/09/2024 04:00:00 - 04/09/2024 05:00:00","BZN|BE","Without sequence","86.92","",""
"04/09/2024 05:00:00 - 04/09/2024 06:00:00","BZN|BE","Without sequence","96.02","",""
"04/09/2024 06:00:00 - 04/09/2024 07:00:00","BZN|BE","Without sequence","121.15","",""
"04/09/2024 07:00:00 - 04/09/2024 08:00:00","BZN|BE","Without sequence","146.79","",""
"04/09/2024 08:00:00 - 04/09/2024 09:00:00","BZN|BE","Without sequence","139.29","",""
"04/09/2024 09:00:00 - 04/09/2024 10:00:00","BZN|BE","Without sequence","123.04","",""
"04/09/2024 10:00:00 - 04/09/2024 11:00:00","BZN|BE","Without sequence","107.21","",""
"04/09/2024 11:00:00 - 04/09/2024 12:00:00","BZN|BE","Without sequence","95.96","",""
"04/09/2024 12:00:00 - 04/09/2024 13:00:00","BZN|BE","Without sequence","92.09","",""
"04/09/2024 13:00:00 - 04/09/2024 14:00:00","BZN|BE","Without sequence","90.53","",""
"04/09/2024 14:00:00 - 04/09/2024 15:00:00","BZN|BE","Without sequence","89.47","",""
"04/09/2024 15:00:00 - 04/09/2024 16:00:00","BZN|BE","Without sequence","92.61","",""
"04/09/2024 16:00:00 - 04/09/2024 17:00:00","BZN|BE","Without sequence","96.97","",""
"04/09/2024 17:00:00 - 04/09/2024 18:00:00","BZN|BE","Without sequence","111.3","",""
"04/09/2024 18:00:00 - 04/09/2024 19:00:00","BZN|BE","Without sequence","140.96","",""
"04/09/2024 19:00:00 - 04/09/2024 20:00:00","BZN|BE","Without sequence","209.58","",""
"04/09/2024 20:00:00 - 04/09/2024 21:00:00","BZN|BE","Without sequence","149.86","",""
"04/09/2024 21:00:00 - 04/09/2024 22:00:00","BZN|BE","Without sequence","126.77","",""
"04/09/2024 22:00:00 - 04/09/2024 23:00:00","BZN|BE","Without sequence","109.68","",""
"04/09/2024 23:00:00 - 05/09/2024 00:00:00","BZN|BE","Without sequence","100.64","",""
"05/09/2024 00:00:00 - 05/09/2024 01:00:00","BZN|BE","Without sequence","101.27","",""
"05/09/2024 01:00:00 - 05/09/2024 02:00:00","BZN|BE","Without sequence","94.6","",""
"05/09/2024 02:00:00 - 05/09/2024 03:00:00","BZN|BE","Without sequence","90.0","",""
"05/09/2024 03:00:00 - 05/09/2024 04:00:00","BZN|BE","Without sequence","87.11","",""
"05/09/2024 04:00:00 - 05/09/2024 05:00:00","BZN|BE","Without sequence","79.37","",""
"05/09/2024 05:00:00 - 05/09/2024 06:00:00","BZN|BE","Without sequence","82.41","",""
"05/09/2024 06:00:00 - 05/09/2024 07:00:00","BZN|BE","Without sequence","96.2","",""
"05/09/2024 07:00:00 - 05/09/2024 08:00:00","BZN|BE","Without sequence","113.0","",""
"05/09/2024 08:00:00 - 05/09/2024 09:00:00","BZN|BE","Without sequence","119.04","",""
"05/09/2024 09:00:00 - 05/09/2024 10:00:00","BZN|BE","Without sequence","97.68","",""
"05/09/2024 10:00:00 - 05/09/2024 11:00:00","BZN|BE","Without sequence","90.0","",""
"05/09/2024 11:00:00 - 05/09/2024 12:00:00","BZN|BE","Without sequence","68.67","",""
"05/09/2024 12:00:00 - 05/09/2024 13:00:00","BZN|BE","Without sequence","63.95","",""
"05/09/2024 13:00:00 - 05/09/2024 14:00:00","BZN|BE","Without sequence","45.81","",""
"05/09/2024 14:00:00 - 05/09/2024 15:00:00","BZN|BE","Without sequence","59.64","",""
"05/09/2024 15:00:00 - 05/09/2024 16:00:00","BZN|BE","Without sequence","45.83","",""
"05/09/2024 16:00:00 - 05/09/2024 17:00:00","BZN|BE","Without sequence","55.0","",""
"05/09/2024 17:00:00 - 05/09/2024 18:00:00","BZN|BE","Without sequence","85.37","",""
"05/09/2024 18:00:00 - 05/09/2024 19:00:00","BZN|BE","Without sequence","87.66","",""
"05/09/2024 19:00:00 - 05/09/2024 20:00:00","BZN|BE","Without sequence","106.33","",""
"05/09/2024 20:00:00 - 05/09/2024 21:00:00","BZN|BE","Without sequence","105.81","",""
"05/09/2024 21:00:00 - 05/09/2024 22:00:00","BZN|BE","Without sequence","95.0","",""
"05/09/2024 22:00:00 - 05/09/2024 23:00:00","BZN|BE","Without sequence","85.04","",""
"05/09/2024 23:00:00 - 06/09/2024 00:00:00","BZN|BE","Without sequence","79.54","",""
"06/09/2024 00:00:00 - 06/09/2024 01:00:00","BZN|BE","Without sequence","69.04","",""
"06/09/2024 01:00:00 - 06/09/2024 02:00:00","BZN|BE","Without sequence","60.98","",""
"06/09/2024 02:00:00 - 06/09/2024 03:00:00","BZN|BE","Without sequence","50.98","",""
"06/09/2024 03:00:00 - 06/09/2024 04:00:00","BZN|BE","Without sequence","49.14","",""
"06/09/2024 04:00:00 - 06/09/2024 05:00:00","BZN|BE","Without sequence","58.28","",""
"06/09/2024 05:00:00 - 06/09/2024 06:00:00","BZN|BE","Without sequence","70.0","",""
"06/09/2024 06:00:00 - 06/09/2024 07:00:00","BZN|BE","Without sequence","91.23","",""
"06/09/2024 07:00:00 - 06/09/2024 08:00:00","BZN|BE","Without sequence","117.34","",""
"06/09/2024 08:00:00 - 06/09/2024 09:00:00","BZN|BE","Without sequence","119.43","",""
"06/09/2024 09:00:00 - 06/09/2024 10:00:00","BZN|BE","Without sequence","105.03","",""
"06/09/2024 10:00:00 - 06/09/2024 11:00:00","BZN|BE","Without sequence","100.6","",""
"06/09/2024 11:00:00 - 06/09/2024 12:00:00","BZN|BE","Without sequence","98.1","",""
"06/09/2024 12:00:00 - 06/09/2024 13:00:00","BZN|BE","Without sequence","75.53","",""
"06/09/2024 13:00:00 - 06/09/2024 14:00:00","BZN|BE","Without sequence","72.89","",""
"06/09/2024 14:00:00 - 06/09/2024 15:00:00","BZN|BE","Without sequence","32.0","",""
"06/09/2024 15:00:00 - 06/09/2024 16:00:00","BZN|BE","Without sequence","50.55","",""
"06/09/2024 16:00:00 - 06/09/2024 17:00:00","BZN|BE","Without sequence","76.07","",""
"06/09/2024 17:00:00 - 06/09/2024 18:00:00","BZN|BE","Without sequence","89.9","",""
"06/09/2024 18:00:00 - 06/09/2024 19:00:00","BZN|BE","Without sequence","96.68","",""
"06/09/2024 19:00:00 - 06/09/2024 20:00:00","BZN|BE","Without sequence","113.87","",""
"06/09/2024 20:00:00 - 06/09/2024 21:00:00","BZN|BE","Without sequence","123.17","",""
"06/09/2024 21:00:00 - 06/09/2024 22:00:00","BZN|BE","Without sequence","100.61","",""
"06/09/2024 22:00:00 - 06/09/2024 23:00:00","BZN|BE","Without sequence","95.72","",""
"06/09/2024 23:00:00 - 07/09/2024 00:00:00","BZN|BE","Without sequence","92.98","",""
"07/09/2024 00:00:00 - 07/09/2024 01:00:00","BZN|BE","Without sequence","99.63","",""
"07/09/2024 01:00:00 - 07/09/2024 02:00:00","BZN|BE","Without sequence","93.92","",""
"07/09/2024 02:00:00 - 07/09/2024 03:00:00","BZN|BE","Without sequence","83.11","",""
"07/09/2024 03:00:00 - 07/09/2024 04:00:00","BZN|BE","Without sequence","73.11","",""
"07/09/2024 04:00:00 - 07/09/2024 05:00:00","BZN|BE","Without sequence","70.44","",""
"07/09/2024 05:00:00 - 07/09/2024 06:00:00","BZN|BE","Without sequence","73.49","",""
"07/09/2024 06:00:00 - 07/09/2024 07:00:00","BZN|BE","Without sequence","79.7","",""
"07/09/2024 07:00:00 - 07/09/2024 08:00:00","BZN|BE","Without sequence","84.98","",""
"07/09/2024 08:00:00 - 07/09/2024 09:00:00","BZN|BE","Without sequence","92.89","",""
"07/09/2024 09:00:00 - 07/09/2024 10:00:00","BZN|BE","Without sequence","83.41","",""
"07/09/2024 10:00:00 - 07/09/2024 11:00:00","BZN|BE","Without sequence","51.52","",""
"07/09/2024 11:00:00 - 07/09/2024 12:00:00","BZN|BE","Without sequence","14.36","",""
"07/09/2024 12:00:00 - 07/09/2024 13:00:00","BZN|BE","Without sequence","5.48","",""
"07/09/2024 13:00:00 - 07/09/2024 14:00:00","BZN|BE","Without sequence","1.02","",""
"07/09/2024 14:00:00 - 07/09/2024 15:00:00","BZN|BE","Without sequence","0.44","",""
"07/09/2024 15:00:00 - 07/09/2024 16:00:00","BZN|BE","Without sequence","8.55","",""
"07/09/2024 16:00:00 - 07/09/2024 17:00:00","BZN|BE","Without sequence","41.26","",""
"07/09/2024 17:00:00 - 07/09/2024 18:00:00","BZN|BE","Without sequence","71.74","",""
"07/09/2024 18:00:00 - 07/09/2024 19:00:00","BZN|BE","Without sequence","100.92","",""
"07/09/2024 19:00:00 - 07/09/2024 20:00:00","BZN|BE","Without sequence","137.4","",""
"07/09/2024 20:00:00 - 07/09/2024 21:00:00","BZN|BE","Without sequence","115.26","",""
"07/09/2024 21:00:00 - 07/09/2024 22:00:00","BZN|BE","Without sequence","93.91","",""
"07/09/2024 22:00:00 - 07/09/2024 23:00:00","BZN|BE","Without sequence","86.99","",""
"07/09/2024 23:00:00 - 08/09/2024 00:00:00","BZN|BE","Without sequence","89.34","",""
"08/09/2024 00:00:00 - 08/09/2024 01:00:00","BZN|BE","Without sequence","92.2","",""
"08/09/2024 01:00:00 - 08/09/2024 02:00:00","BZN|BE","Without sequence","81.24","",""
"08/09/2024 02:00:00 - 08/09/2024 03:00:00","BZN|BE","Without sequence","71.93","",""
"08/09/2024 03:00:00 - 08/09/2024 04:00:00","BZN|BE","Without sequence","59.15","",""
"08/09/2024 04:00:00 - 08/09/2024 05:00:00","BZN|BE","Without sequence","48.81","",""
"08/09/2024 05:00:00 - 08/09/2024 06:00:00","BZN|BE","Without sequence","44.75","",""
"08/09/2024 06:00:00 - 08/09/2024 07:00:00","BZN|BE","Without sequence","48.78","",""
"08/09/2024 07:00:00 - 08/09/2024 08:00:00","BZN|BE","Without sequence","42.81","",""
"08/09/2024 08:00:00 - 08/09/2024 09:00:00","BZN|BE","Without sequence","46.52","",""
"08/09/2024 09:00:00 - 08/09/2024 10:00:00","BZN|BE","Without sequence","26.42","",""
"08/09/2024 10:00:00 - 08/09/2024 11:00:00","BZN|BE","Without sequence","8.29","",""
"08/09/2024 11:00:00 - 08/09/2024 12:00:00","BZN|BE","Without sequence","0.44","",""
"08/09/2024 12:00:00 - 08/09/2024 13:00:00","BZN|BE","Without sequence","0.04","",""
"08/09/2024 13:00:00 - 08/09/2024 14:00:00","BZN|BE","Without sequence","0.0","",""
"08/09/2024 14:00:00 - 08/09/2024 15:00:00","BZN|BE","Without sequence","-0.55","",""
"08/09/2024 15:00:00 - 08/09/2024 16:00:00","BZN|BE","Without sequence","1.67","",""
"08/09/2024 16:00:00 - 08/09/2024 17:00:00","BZN|BE","Without sequence","33.17","",""
"08/09/2024 17:00:00 - 08/09/2024 18:00:00","BZN|BE","Without sequence","45.46","",""
"08/09/2024 18:00:00 - 08/09/2024 19:00:00","BZN|BE","Without sequence","68.36","",""
"08/09/2024 19:00:00 - 08/09/2024 20:00:00","BZN|BE","Without sequence","94.4","",""
"08/09/2024 20:00:00 - 08/09/2024 21:00:00","BZN|BE","Without sequence","111.16","",""
"08/09/2024 21:00:00 - 08/09/2024 22:00:00","BZN|BE","Without sequence","94.83","",""
"08/09/2024 22:00:00 - 08/09/2024 23:00:00","BZN|BE","Without sequence","90.44","",""
"08/09/2024 23:00:00 - 09/09/2024 00:00:00","BZN|BE","Without sequence","87.67","",""
"09/09/2024 00:00:00 - 09/09/2024 01:00:00","BZN|BE","Without sequence","70.07","",""
"09/09/2024 01:00:00 - 09/09/2024 02:00:00","BZN|BE","Without sequence","69.87","",""
"09/09/2024 02:00:00 - 09/09/2024 03:00:00","BZN|BE","Without sequence","58.18","",""
"09/09/2024 03:00:00 - 09/09/2024 04:00:00","BZN|BE","Without sequence","68.8","",""
"09/09/2024 04:00:00 - 09/09/2024 05:00:00","BZN|BE","Without sequence","59.45","",""
"09/09/2024 05:00:00 - 09/09/2024 06:00:00","BZN|BE","Without sequence","72.7","",""
"09/09/2024 06:00:00 - 09/09/2024 07:00:00","BZN|BE","Without sequence","90.73","",""
"09/09/2024 07:00:00 - 09/09/2024 08:00:00","BZN|BE","Without sequence","130.0","",""
"09/09/2024 08:00:00 - 09/09/2024 09:00:00","BZN|BE","Without sequence","148.4","",""
"09/09/2024 09:00:00 - 09/09/2024 10:00:00","BZN|BE","Without sequence","104.93","",""
"09/09/2024 10:00:00 - 09/09/2024 11:00:00","BZN|BE","Without sequence","85.18","",""
"09/09/2024 11:00:00 - 09/09/2024 12:00:00","BZN|BE","Without sequence","63.96","",""
"09/09/2024 12:00:00 - 09/09/2024 13:00:00","BZN|BE","Without sequence","55.11","",""
"09/09/2024 13:00:00 - 09/09/2024 14:00:00","BZN|BE","Without sequence","48.11","",""
"09/09/2024 14:00:00 - 09/09/2024 15:00:00","BZN|BE","Without sequence","34.92","",""
"09/09/2024 15:00:00 - 09/09/2024 16:00:00","BZN|BE","Without sequence","38.94","",""
"09/09/2024 16:00:00 - 09/09/2024 17:00:00","BZN|BE","Without sequence","37.63","",""
"09/09/2024 17:00:00 - 09/09/2024 18:00:00","BZN|BE","Without sequence","44.15","",""
"09/09/2024 18:00:00 - 09/09/2024 19:00:00","BZN|BE","Without sequence","89.45","",""
"09/09/2024 19:00:00 - 09/09/2024 20:00:00","BZN|BE","Without sequence","115.35","",""
"09/09/2024 20:00:00 - 09/09/2024 21:00:00","BZN|BE","Without sequence","112.29","",""
"09/09/2024 21:00:00 - 09/09/2024 22:00:00","BZN|BE","Without sequence","96.13","",""
"09/09/2024 22:00:00 - 09/09/2024 23:00:00","BZN|BE","Without sequence","88.05","",""
"09/09/2024 23:00:00 - 10/09/2024 00:00:00","BZN|BE","Without sequence","79.87","",""
"10/09/2024 00:00:00 - 10/09/2024 01:00:00","BZN|BE","Without sequence","67.92","",""
"10/09/2024 01:00:00 - 10/09/2024 02:00:00","BZN|BE","Without sequence","62.87","",""
"10/09/2024 02:00:00 - 10/09/2024 03:00:00","BZN|BE","Without sequence","60.64","",""
"10/09/2024 03:00:00 - 10/09/2024 04:00:00","BZN|BE","Without sequence","54.3","",""
"10/09/2024 04:00:00 - 10/09/2024 05:00:00","BZN|BE","Without sequence","39.72","",""
"10/09/2024 05:00:00 - 10/09/2024 06:00:00","BZN|BE","Without sequence","46.07","",""
"10/09/2024 06:00:00 - 10/09/2024 07:00:00","BZN|BE","Without sequence","68.22","",""
"10/09/2024 07:00:00 - 10/09/2024 08:00:00","BZN|BE","Without sequence","96.31","",""
"10/09/2024 08:00:00 - 10/09/2024 09:00:00","BZN|BE","Without sequence","97.73","",""
"10/09/2024 09:00:00 - 10/09/2024 10:00:00","BZN|BE","Without sequence","77.14","",""
"10/09/2024 10:00:00 - 10/09/2024 11:00:00","BZN|BE","Without sequence","52.6","",""
"10/09/2024 11:00:00 - 10/09/2024 12:00:00","BZN|BE","Without sequence","10.52","",""
"10/09/2024 12:00:00 - 10/09/2024 13:00:00","BZN|BE","Without sequence","1.92","",""
"10/09/2024 13:00:00 - 10/09/2024 14:00:00","BZN|BE","Without sequence","1.06","",""
"10/09/2024 14:00:00 - 10/09/2024 15:00:00","BZN|BE","Without sequence","1.82","",""
"10/09/2024 15:00:00 - 10/09/2024 16:00:00","BZN|BE","Without sequence","-0.01","",""
"10/09/2024 16:00:00 - 10/09/2024 17:00:00","BZN|BE","Without sequence","0.95","",""
"10/09/2024 17:00:00 - 10/09/2024 18:00:00","BZN|BE","Without sequence","24.86","",""
"10/09/2024 18:00:00 - 10/09/2024 19:00:00","BZN|BE","Without sequence","66.09","",""
"10/09/2024 19:00:00 - 10/09/2024 20:00:00","BZN|BE","Without sequence","90.5","",""
"10/09/2024 20:00:00 - 10/09/2024 21:00:00","BZN|BE","Without sequence","93.3","",""
"10/09/2024 21:00:00 - 10/09/2024 22:00:00","BZN|BE","Without sequence","81.02","",""
"10/09/2024 22:00:00 - 10/09/2024 23:00:00","BZN|BE","Without sequence","82.93","",""
"10/09/2024 23:00:00 - 11/09/2024 00:00:00","BZN|BE","Without sequence","67.78","",""
"11/09/2024 00:00:00 - 11/09/2024 01:00:00","BZN|BE","Without sequence","30.62","",""
"11/09/2024 01:00:00 - 11/09/2024 02:00:00","BZN|BE","Without sequence","19.39","",""
"11/09/2024 02:00:00 - 11/09/2024 03:00:00","BZN|BE","Without sequence","29.41","",""
"11/09/2024 03:00:00 - 11/09/2024 04:00:00","BZN|BE","Without sequence","19.8","",""
"11/09/2024 04:00:00 - 11/09/2024 05:00:00","BZN|BE","Without sequence","27.44","",""
"11/09/2024 05:00:00 - 11/09/2024 06:00:00","BZN|BE","Without sequence","26.88","",""
"11/09/2024 06:00:00 - 11/09/2024 07:00:00","BZN|BE","Without sequence","79.45","",""
"11/09/2024 07:00:00 - 11/09/2024 08:00:00","BZN|BE","Without sequence","95.89","",""
"11/09/2024 08:00:00 - 11/09/2024 09:00:00","BZN|BE","Without sequence","104.98","",""
"11/09/2024 09:00:00 - 11/09/2024 10:00:00","BZN|BE","Without sequence","95.92","",""
"11/09/2024 10:00:00 - 11/09/2024 11:00:00","BZN|BE","Without sequence","73.4","",""
"11/09/2024 11:00:00 - 11/09/2024 12:00:00","BZN|BE","Without sequence","42.84","",""
"11/09/2024 12:00:00 - 11/09/2024 13:00:00","BZN|BE","Without sequence","30.97","",""
"11/09/2024 13:00:00 - 11/09/2024 14:00:00","BZN|BE","Without sequence","17.5","",""
"11/09/2024 14:00:00 - 11/09/2024 15:00:00","BZN|BE","Without sequence","-0.22","",""
"11/09/2024 15:00:00 - 11/09/2024 16:00:00","BZN|BE","Without sequence","41.17","",""
"11/09/2024 16:00:00 - 11/09/2024 17:00:00","BZN|BE","Without sequence","55.19","",""
"11/09/2024 17:00:00 - 11/09/2024 18:00:00","BZN|BE","Without sequence","76.06","",""
"11/09/2024 18:00:00 - 11/09/2024 19:00:00","BZN|BE","Without sequence","97.77","",""
"11/09/2024 19:00:00 - 11/09/2024 20:00:00","BZN|BE","Without sequence","120.76","",""
"11/09/2024 20:00:00 - 11/09/2024 21:00:00","BZN|BE","Without sequence","124.19","",""
"11/09/2024 21:00:00 - 11/09/2024 22:00:00","BZN|BE","Without sequence","106.96","",""
"11/09/2024 22:00:00 - 11/09/2024 23:00:00","BZN|BE","Without sequence","100.3","",""
"11/09/2024 23:00:00 - 12/09/2024 00:00:00","BZN|BE","Without sequence","96.81","",""
"12/09/2024 00:00:00 - 12/09/2024 01:00:00","BZN|BE","Without sequence","74.66","",""
"12/09/2024 01:00:00 - 12/09/2024 02:00:00","BZN|BE","Without sequence","70.43","",""
"12/09/2024 02:00:00 - 12/09/2024 03:00:00","BZN|BE","Without sequence","77.16","",""
"12/09/2024 03:00:00 - 12/09/2024 04:00:00","BZN|BE","Without sequence","66.13","",""
"12/09/2024 04:00:00 - 12/09/2024 05:00:00","BZN|BE","Without sequence","56.85","",""
"12/09/2024 05:00:00 - 12/09/2024 06:00:00","BZN|BE","Without sequence","73.02","",""
"12/09/2024 06:00:00 - 12/09/2024 07:00:00","BZN|BE","Without sequence","95.27","",""
"12/09/2024 07:00:00 - 12/09/2024 08:00:00","BZN|BE","Without sequence","123.55","",""
"12/09/2024 08:00:00 - 12/09/2024 09:00:00","BZN|BE","Without sequence","127.77","",""
"12/09/2024 09:00:00 - 12/09/2024 10:00:00","BZN|BE","Without sequence","103.45","",""
"12/09/2024 10:00:00 - 12/09/2024 11:00:00","BZN|BE","Without sequence","84.76","",""
"12/09/2024 11:00:00 - 12/09/2024 12:00:00","BZN|BE","Without sequence","66.19","",""
"12/09/2024 12:00:00 - 12/09/2024 13:00:00","BZN|BE","Without sequence","68.12","",""
"12/09/2024 13:00:00 - 12/09/2024 14:00:00","BZN|BE","Without sequence","62.05","",""
"12/09/2024 14:00:00 - 12/09/2024 15:00:00","BZN|BE","Without sequence","55.17","",""
"12/09/2024 15:00:00 - 12/09/2024 16:00:00","BZN|BE","Without sequence","46.03","",""
"12/09/2024 16:00:00 - 12/09/2024 17:00:00","BZN|BE","Without sequence","47.07","",""
"12/09/2024 17:00:00 - 12/09/2024 18:00:00","BZN|BE","Without sequence","62.28","",""
"12/09/2024 18:00:00 - 12/09/2024 19:00:00","BZN|BE","Without sequence","92.03","",""
"12/09/2024 19:00:00 - 12/09/2024 20:00:00","BZN|BE","Without sequence","163.42","",""
"12/09/2024 20:00:00 - 12/09/2024 21:00:00","BZN|BE","Without sequence","155.95","",""
"12/09/2024 21:00:00 - 12/09/2024 22:00:00","BZN|BE","Without sequence","109.15","",""
"12/09/2024 22:00:00 - 12/09/2024 23:00:00","BZN|BE","Without sequence","96.24","",""
"12/09/2024 23:00:00 - 13/09/2024 00:00:00","BZN|BE","Without sequence","89.5","",""
"13/09/2024 00:00:00 - 13/09/2024 01:00:00","BZN|BE","Without sequence","87.73","",""
"13/09/2024 01:00:00 - 13/09/2024 02:00:00","BZN|BE","Without sequence","75.64","",""
"13/09/2024 02:00:00 - 13/09/2024 03:00:00","BZN|BE","Without sequence","64.17","",""
"13/09/2024 03:00:00 - 13/09/2024 04:00:00","BZN|BE","Without sequence","43.54","",""
"13/09/2024 04:00:00 - 13/09/2024 05:00:00","BZN|BE","Without sequence","39.45","",""
"13/09/2024 05:00:00 - 13/09/2024 06:00:00","BZN|BE","Without sequence","62.5","",""
"13/09/2024 06:00:00 - 13/09/2024 07:00:00","BZN|BE","Without sequence","87.49","",""
"13/09/2024 07:00:00 - 13/09/2024 08:00:00","BZN|BE","Without sequence","112.87","",""
"13/09/2024 08:00:00 - 13/09/2024 09:00:00","BZN|BE","Without sequence","124.81","",""
"13/09/2024 09:00:00 - 13/09/2024 10:00:00","BZN|BE","Without sequence","113.49","",""
"13/09/2024 10:00:00 - 13/09/2024 11:00:00","BZN|BE","Without sequence","76.67","",""
"13/09/2024 11:00:00 - 13/09/2024 12:00:00","BZN|BE","Without sequence","73.6","",""
"13/09/2024 12:00:00 - 13/09/2024 13:00:00","BZN|BE","Without sequence","26.27","",""
"13/09/2024 13:00:00 - 13/09/2024 14:00:00","BZN|BE","Without sequence","20.5","",""
"13/09/2024 14:00:00 - 13/09/2024 15:00:00","BZN|BE","Without sequence","7.27","",""
"13/09/2024 15:00:00 - 13/09/2024 16:00:00","BZN|BE","Without sequence","32.05","",""
"13/09/2024 16:00:00 - 13/09/2024 17:00:00","BZN|BE","Without sequence","61.88","",""
"13/09/2024 17:00:00 - 13/09/2024 18:00:00","BZN|BE","Without sequence","67.97","",""
"13/09/2024 18:00:00 - 13/09/2024 19:00:00","BZN|BE","Without sequence","89.57","",""
"13/09/2024 19:00:00 - 13/09/2024 20:00:00","BZN|BE","Without sequence","100.04","",""
"13/09/2024 20:00:00 - 13/09/2024 21:00:00","BZN|BE","Without sequence","99.3","",""
"13/09/2024 21:00:00 - 13/09/2024 22:00:00","BZN|BE","Without sequence","90.77","",""
"13/09/2024 22:00:00 - 13/09/2024 23:00:00","BZN|BE","Without sequence","84.3","",""
"13/09/2024 23:00:00 - 14/09/2024 00:00:00","BZN|BE","Without sequence","77.5","",""
"14/09/2024 00:00:00 - 14/09/2024 01:00:00","BZN|BE","Without sequence","79.25","",""
"14/09/2024 01:00:00 - 14/09/2024 02:00:00","BZN|BE","Without sequence","73.02","",""
"14/09/2024 02:00:00 - 14/09/2024 03:00:00","BZN|BE","Without sequence","66.51","",""
"14/09/2024 03:00:00 - 14/09/2024 04:00:00","BZN|BE","Without sequence","62.94","",""
"14/09/2024 04:00:00 - 14/09/2024 05:00:00","BZN|BE","Without sequence","62.99","",""
"14/09/2024 05:00:00 - 14/09/2024 06:00:00","BZN|BE","Without sequence","57.26","",""
"14/09/2024 06:00:00 - 14/09/2024 07:00:00","BZN|BE","Without sequence","65.45","",""
"14/09/2024 07:00:00 - 14/09/2024 08:00:00","BZN|BE","Without sequence","81.02","",""
"14/09/2024 08:00:00 - 14/09/2024 09:00:00","BZN|BE","Without sequence","87.46","",""
"14/09/2024 09:00:00 - 14/09/2024 10:00:00","BZN|BE","Without sequence","73.94","",""
"14/09/2024 10:00:00 - 14/09/2024 11:00:00","BZN|BE","Without sequence","42.82","",""
"14/09/2024 11:00:00 - 14/09/2024 12:00:00","BZN|BE","Without sequence","8.23","",""
"14/09/2024 12:00:00 - 14/09/2024 13:00:00","BZN|BE","Without sequence","1.4","",""
"14/09/2024 13:00:00 - 14/09/2024 14:00:00","BZN|BE","Without sequence","0.44","",""
"14/09/2024 14:00:00 - 14/09/2024 15:00:00","BZN|BE","Without sequence","0.07","",""
"14/09/2024 15:00:00 - 14/09/2024 16:00:00","BZN|BE","Without sequence","1.02","",""
"14/09/2024 16:00:00 - 14/09/2024 17:00:00","BZN|BE","Without sequence","11.16","",""
"14/09/2024 17:00:00 - 14/09/2024 18:00:00","BZN|BE","Without sequence","56.84","",""
"14/09/2024 18:00:00 - 14/09/2024 19:00:00","BZN|BE","Without sequence","91.26","",""
"14/09/2024 19:00:00 - 14/09/2024 20:00:00","BZN|BE","Without sequence","107.09","",""
"14/09/2024 20:00:00 - 14/09/2024 21:00:00","BZN|BE","Without sequence","116.16","",""
"14/09/2024 21:00:00 - 14/09/2024 22:00:00","BZN|BE","Without sequence","90.48","",""
"14/09/2024 22:00:00 - 14/09/2024 23:00:00","BZN|BE","Without sequence","91.05","",""
"14/09/2024 23:00:00 - 15/09/2024 00:00:00","BZN|BE","Without sequence","85.68","",""
"15/09/2024 00:00:00 - 15/09/2024 01:00:00","BZN|BE","Without sequence","76.21","",""
"15/09/2024 01:00:00 - 15/09/2024 02:00:00","BZN|BE","Without sequence","69.26","",""
"15/09/2024 02:00:00 - 15/09/2024 03:00:00","BZN|BE","Without sequence","63.11","",""
"15/09/2024 03:00:00 - 15/09/2024 04:00:00","BZN|BE","Without sequence","62.65","",""
"15/09/2024 04:00:00 - 15/09/2024 05:00:00","BZN|BE","Without sequence","59.27","",""
"15/09/2024 05:00:00 - 15/09/2024 06:00:00","BZN|BE","Without sequence","61.6","",""
"15/09/2024 06:00:00 - 15/09/2024 07:00:00","BZN|BE","Without sequence","65.19","",""
"15/09/2024 07:00:00 - 15/09/2024 08:00:00","BZN|BE","Without sequence","81.43","",""
"15/09/2024 08:00:00 - 15/09/2024 09:00:00","BZN|BE","Without sequence","75.53","",""
"15/09/2024 09:00:00 - 15/09/2024 10:00:00","BZN|BE","Without sequence","34.77","",""
"15/09/2024 10:00:00 - 15/09/2024 11:00:00","BZN|BE","Without sequence","10.92","",""
"15/09/2024 11:00:00 - 15/09/2024 12:00:00","BZN|BE","Without sequence","0.07","",""
"15/09/2024 12:00:00 - 15/09/2024 13:00:00","BZN|BE","Without sequence","0.0","",""
"15/09/2024 13:00:00 - 15/09/2024 14:00:00","BZN|BE","Without sequence","-0.01","",""
"15/09/2024 14:00:00 - 15/09/2024 15:00:00","BZN|BE","Without sequence","-0.39","",""
"15/09/2024 15:00:00 - 15/09/2024 16:00:00","BZN|BE","Without sequence","-0.13","",""
"15/09/2024 16:00:00 - 15/09/2024 17:00:00","BZN|BE","Without sequence","10.4","",""
"15/09/2024 17:00:00 - 15/09/2024 18:00:00","BZN|BE","Without sequence","44.34","",""
"15/09/2024 18:00:00 - 15/09/2024 19:00:00","BZN|BE","Without sequence","83.99","",""
"15/09/2024 19:00:00 - 15/09/2024 20:00:00","BZN|BE","Without sequence","101.99","",""
"15/09/2024 20:00:00 - 15/09/2024 21:00:00","BZN|BE","Without sequence","101.99","",""
"15/09/2024 21:00:00 - 15/09/2024 22:00:00","BZN|BE","Without sequence","93.45","",""
"15/09/2024 22:00:00 - 15/09/2024 23:00:00","BZN|BE","Without sequence","86.82","",""
"15/09/2024 23:00:00 - 16/09/2024 00:00:00","BZN|BE","Without sequence","78.08","",""
"16/09/2024 00:00:00 - 16/09/2024 01:00:00","BZN|BE","Without sequence","68.18","",""
"16/09/2024 01:00:00 - 16/09/2024 02:00:00","BZN|BE","Without sequence","50.39","",""
"16/09/2024 02:00:00 - 16/09/2024 03:00:00","BZN|BE","Without sequence","47.15","",""
"16/09/2024 03:00:00 - 16/09/2024 04:00:00","BZN|BE","Without sequence","51.94","",""
"16/09/2024 04:00:00 - 16/09/2024 05:00:00","BZN|BE","Without sequence","48.49","",""
"16/09/2024 05:00:00 - 16/09/2024 06:00:00","BZN|BE","Without sequence","45.72","",""
"16/09/2024 06:00:00 - 16/09/2024 07:00:00","BZN|BE","Without sequence","78.93","",""
"16/09/2024 07:00:00 - 16/09/2024 08:00:00","BZN|BE","Without sequence","118.0","",""
"16/09/2024 08:00:00 - 16/09/2024 09:00:00","BZN|BE","Without sequence","138.53","",""
"16/09/2024 09:00:00 - 16/09/2024 10:00:00","BZN|BE","Without sequence","115.19","",""
"16/09/2024 10:00:00 - 16/09/2024 11:00:00","BZN|BE","Without sequence","90.34","",""
"16/09/2024 11:00:00 - 16/09/2024 12:00:00","BZN|BE","Without sequence","79.0","",""
"16/09/2024 12:00:00 - 16/09/2024 13:00:00","BZN|BE","Without sequence","69.7","",""
"16/09/2024 13:00:00 - 16/09/2024 14:00:00","BZN|BE","Without sequence","67.39","",""
"16/09/2024 14:00:00 - 16/09/2024 15:00:00","BZN|BE","Without sequence","54.88","",""
"16/09/2024 15:00:00 - 16/09/2024 16:00:00","BZN|BE","Without sequence","50.67","",""
"16/09/2024 16:00:00 - 16/09/2024 17:00:00","BZN|BE","Without sequence","51.9","",""
"16/09/2024 17:00:00 - 16/09/2024 18:00:00","BZN|BE","Without sequence","39.36","",""
"16/09/2024 18:00:00 - 16/09/2024 19:00:00","BZN|BE","Without sequence","65.05","",""
"16/09/2024 19:00:00 - 16/09/2024 20:00:00","BZN|BE","Without sequence","84.36","",""
"16/09/2024 20:00:00 - 16/09/2024 21:00:00","BZN|BE","Without sequence","98.27","",""
"16/09/2024 21:00:00 - 16/09/2024 22:00:00","BZN|BE","Without sequence","73.74","",""
"16/09/2024 22:00:00 - 16/09/2024 23:00:00","BZN|BE","Without sequence","71.5","",""
"16/09/2024 23:00:00 - 17/09/2024 00:00:00","BZN|BE","Without sequence","69.64","",""
"17/09/2024 00:00:00 - 17/09/2024 01:00:00","BZN|BE","Without sequence","73.63","",""
"17/09/2024 01:00:00 - 17/09/2024 02:00:00","BZN|BE","Without sequence","66.36","",""
"17/09/2024 02:00:00 - 17/09/2024 03:00:00","BZN|BE","Without sequence","63.27","",""
"17/09/2024 03:00:00 - 17/09/2024 04:00:00","BZN|BE","Without sequence","66.14","",""
"17/09/2024 04:00:00 - 17/09/2024 05:00:00","BZN|BE","Without sequence","64.49","",""
"17/09/2024 05:00:00 - 17/09/2024 06:00:00","BZN|BE","Without sequence","66.78","",""
"17/09/2024 06:00:00 - 17/09/2024 07:00:00","BZN|BE","Without sequence","85.15","",""
"17/09/2024 07:00:00 - 17/09/2024 08:00:00","BZN|BE","Without sequence","86.36","",""
"17/09/2024 08:00:00 - 17/09/2024 09:00:00","BZN|BE","Without sequence","90.19","",""
"17/09/2024 09:00:00 - 17/09/2024 10:00:00","BZN|BE","Without sequence","90.2","",""
"17/09/2024 10:00:00 - 17/09/2024 11:00:00","BZN|BE","Without sequence","67.52","",""
"17/09/2024 11:00:00 - 17/09/2024 12:00:00","BZN|BE","Without sequence","57.42","",""
"17/09/2024 12:00:00 - 17/09/2024 13:00:00","BZN|BE","Without sequence","41.8","",""
"17/09/2024 13:00:00 - 17/09/2024 14:00:00","BZN|BE","Without sequence","25.64","",""
"17/09/2024 14:00:00 - 17/09/2024 15:00:00","BZN|BE","Without sequence","7.45","",""
"17/09/2024 15:00:00 - 17/09/2024 16:00:00","BZN|BE","Without sequence","26.8","",""
"17/09/2024 16:00:00 - 17/09/2024 17:00:00","BZN|BE","Without sequence","52.34","",""
"17/09/2024 17:00:00 - 17/09/2024 18:00:00","BZN|BE","Without sequence","68.68","",""
"17/09/2024 18:00:00 - 17/09/2024 19:00:00","BZN|BE","Without sequence","71.23","",""
"17/09/2024 19:00:00 - 17/09/2024 20:00:00","BZN|BE","Without sequence","89.47","",""
"17/09/2024 20:00:00 - 17/09/2024 21:00:00","BZN|BE","Without sequence","78.19","",""
"17/09/2024 21:00:00 - 17/09/2024 22:00:00","BZN|BE","Without sequence","69.79","",""
"17/09/2024 22:00:00 - 17/09/2024 23:00:00","BZN|BE","Without sequence","75.9","",""
"17/09/2024 23:00:00 - 18/09/2024 00:00:00","BZN|BE","Without sequence","68.5","",""
"18/09/2024 00:00:00 - 18/09/2024 01:00:00","BZN|BE","Without sequence","74.24","",""
"18/09/2024 01:00:00 - 18/09/2024 02:00:00","BZN|BE","Without sequence","75.38","",""
"18/09/2024 02:00:00 - 18/09/2024 03:00:00","BZN|BE","Without sequence","75.0","",""
"18/09/2024 03:00:00 - 18/09/2024 04:00:00","BZN|BE","Without sequence","70.7","",""
"18/09/2024 04:00:00 - 18/09/2024 05:00:00","BZN|BE","Without sequence","68.59","",""
"18/09/2024 05:00:00 - 18/09/2024 06:00:00","BZN|BE","Without sequence","78.87","",""
"18/09/2024 06:00:00 - 18/09/2024 07:00:00","BZN|BE","Without sequence","84.2","",""
"18/09/2024 07:00:00 - 18/09/2024 08:00:00","BZN|BE","Without sequence","111.55","",""
"18/09/2024 08:00:00 - 18/09/2024 09:00:00","BZN|BE","Without sequence","114.68","",""
"18/09/2024 09:00:00 - 18/09/2024 10:00:00","BZN|BE","Without sequence","96.05","",""
"18/09/2024 10:00:00 - 18/09/2024 11:00:00","BZN|BE","Without sequence","77.02","",""
"18/09/2024 11:00:00 - 18/09/2024 12:00:00","BZN|BE","Without sequence","43.89","",""
"18/09/2024 12:00:00 - 18/09/2024 13:00:00","BZN|BE","Without sequence","5.49","",""
"18/09/2024 13:00:00 - 18/09/2024 14:00:00","BZN|BE","Without sequence","0.0","",""
"18/09/2024 14:00:00 - 18/09/2024 15:00:00","BZN|BE","Without sequence","-0.04","",""
"18/09/2024 15:00:00 - 18/09/2024 16:00:00","BZN|BE","Without sequence","0.69","",""
"18/09/2024 16:00:00 - 18/09/2024 17:00:00","BZN|BE","Without sequence","32.95","",""
"18/09/2024 17:00:00 - 18/09/2024 18:00:00","BZN|BE","Without sequence","74.26","",""
"18/09/2024 18:00:00 - 18/09/2024 19:00:00","BZN|BE","Without sequence","106.7","",""
"18/09/2024 19:00:00 - 18/09/2024 20:00:00","BZN|BE","Without sequence","124.36","",""
"18/09/2024 20:00:00 - 18/09/2024 21:00:00","BZN|BE","Without sequence","108.24","",""
"18/09/2024 21:00:00 - 18/09/2024 22:00:00","BZN|BE","Without sequence","85.41","",""
"18/09/2024 22:00:00 - 18/09/2024 23:00:00","BZN|BE","Without sequence","77.53","",""
"18/09/2024 23:00:00 - 19/09/2024 00:00:00","BZN|BE","Without sequence","69.85","",""
"19/09/2024 00:00:00 - 19/09/2024 01:00:00","BZN|BE","Without sequence","68.0","",""
"19/09/2024 01:00:00 - 19/09/2024 02:00:00","BZN|BE","Without sequence","59.42","",""
"19/09/2024 02:00:00 - 19/09/2024 03:00:00","BZN|BE","Without sequence","74.24","",""
"19/09/2024 03:00:00 - 19/09/2024 04:00:00","BZN|BE","Without sequence","72.03","",""
"19/09/2024 04:00:00 - 19/09/2024 05:00:00","BZN|BE","Without sequence","52.8","",""
"19/09/2024 05:00:00 - 19/09/2024 06:00:00","BZN|BE","Without sequence","68.65","",""
"19/09/2024 06:00:00 - 19/09/2024 07:00:00","BZN|BE","Without sequence","88.18","",""
"19/09/2024 07:00:00 - 19/09/2024 08:00:00","BZN|BE","Without sequence","112.9","",""
"19/09/2024 08:00:00 - 19/09/2024 09:00:00","BZN|BE","Without sequence","108.81","",""
"19/09/2024 09:00:00 - 19/09/2024 10:00:00","BZN|BE","Without sequence","91.79","",""
"19/09/2024 10:00:00 - 19/09/2024 11:00:00","BZN|BE","Without sequence","74.81","",""
"19/09/2024 11:00:00 - 19/09/2024 12:00:00","BZN|BE","Without sequence","43.18","",""
"19/09/2024 12:00:00 - 19/09/2024 13:00:00","BZN|BE","Without sequence","4.97","",""
"19/09/2024 13:00:00 - 19/09/2024 14:00:00","BZN|BE","Without sequence","-0.05","",""
"19/09/2024 14:00:00 - 19/09/2024 15:00:00","BZN|BE","Without sequence","-0.09","",""
"19/09/2024 15:00:00 - 19/09/2024 16:00:00","BZN|BE","Without sequence","3.8","",""
"19/09/2024 16:00:00 - 19/09/2024 17:00:00","BZN|BE","Without sequence","47.66","",""
"19/09/2024 17:00:00 - 19/09/2024 18:00:00","BZN|BE","Without sequence","78.14","",""
"19/09/2024 18:00:00 - 19/09/2024 19:00:00","BZN|BE","Without sequence","98.15","",""
"19/09/2024 19:00:00 - 19/09/2024 20:00:00","BZN|BE","Without sequence","123.19","",""
"19/09/2024 20:00:00 - 19/09/2024 21:00:00","BZN|BE","Without sequence","113.06","",""
"19/09/2024 21:00:00 - 19/09/2024 22:00:00","BZN|BE","Without sequence","89.99","",""
"19/09/2024 22:00:00 - 19/09/2024 23:00:00","BZN|BE","Without sequence","88.97","",""
"19/09/2024 23:00:00 - 20/09/2024 00:00:00","BZN|BE","Without sequence","78.87","",""
"20/09/2024 00:00:00 - 20/09/2024 01:00:00","BZN|BE","Without sequence","55.49","",""
"20/09/2024 01:00:00 - 20/09/2024 02:00:00","BZN|BE","Without sequence","53.86","",""
"20/09/2024 02:00:00 - 20/09/2024 03:00:00","BZN|BE","Without sequence","63.22","",""
"20/09/2024 03:00:00 - 20/09/2024 04:00:00","BZN|BE","Without sequence","67.34","",""
"20/09/2024 04:00:00 - 20/09/2024 05:00:00","BZN|BE","Without sequence","67.6","",""
"20/09/2024 05:00:00 - 20/09/2024 06:00:00","BZN|BE","Without sequence","72.64","",""
"20/09/2024 06:00:00 - 20/09/2024 07:00:00","BZN|BE","Without sequence","83.82","",""
"20/09/2024 07:00:00 - 20/09/2024 08:00:00","BZN|BE","Without sequence","113.32","",""
"20/09/2024 08:00:00 - 20/09/2024 09:00:00","BZN|BE","Without sequence","101.69","",""
"20/09/2024 09:00:00 - 20/09/2024 10:00:00","BZN|BE","Without sequence","88.92","",""
"20/09/2024 10:00:00 - 20/09/2024 11:00:00","BZN|BE","Without sequence","62.05","",""
"20/09/2024 11:00:00 - 20/09/2024 12:00:00","BZN|BE","Without sequence","24.69","",""
"20/09/2024 12:00:00 - 20/09/2024 13:00:00","BZN|BE","Without sequence","8.88","",""
"20/09/2024 13:00:00 - 20/09/2024 14:00:00","BZN|BE","Without sequence","0.02","",""
"20/09/2024 14:00:00 - 20/09/2024 15:00:00","BZN|BE","Without sequence","0.07","",""
"20/09/2024 15:00:00 - 20/09/2024 16:00:00","BZN|BE","Without sequence","9.12","",""
"20/09/2024 16:00:00 - 20/09/2024 17:00:00","BZN|BE","Without sequence","44.61","",""
"20/09/2024 17:00:00 - 20/09/2024 18:00:00","BZN|BE","Without sequence","80.78","",""
"20/09/2024 18:00:00 - 20/09/2024 19:00:00","BZN|BE","Without sequence","104.75","",""
"20/09/2024 19:00:00 - 20/09/2024 20:00:00","BZN|BE","Without sequence","127.21","",""
"20/09/2024 20:00:00 - 20/09/2024 21:00:00","BZN|BE","Without sequence","108.84","",""
"20/09/2024 21:00:00 - 20/09/2024 22:00:00","BZN|BE","Without sequence","90.99","",""
"20/09/2024 22:00:00 - 20/09/2024 23:00:00","BZN|BE","Without sequence","87.76","",""
"20/09/2024 23:00:00 - 21/09/2024 00:00:00","BZN|BE","Without sequence","79.56","",""
"21/09/2024 00:00:00 - 21/09/2024 01:00:00","BZN|BE","Without sequence","79.01","",""
"21/09/2024 01:00:00 - 21/09/2024 02:00:00","BZN|BE","Without sequence","75.46","",""
"21/09/2024 02:00:00 - 21/09/2024 03:00:00","BZN|BE","Without sequence","71.55","",""
"21/09/2024 03:00:00 - 21/09/2024 04:00:00","BZN|BE","Without sequence","65.38","",""
"21/09/2024 04:00:00 - 21/09/2024 05:00:00","BZN|BE","Without sequence","56.4","",""
"21/09/2024 05:00:00 - 21/09/2024 06:00:00","BZN|BE","Without sequence","57.45","",""
"21/09/2024 06:00:00 - 21/09/2024 07:00:00","BZN|BE","Without sequence","74.49","",""
"21/09/2024 07:00:00 - 21/09/2024 08:00:00","BZN|BE","Without sequence","72.11","",""
"21/09/2024 08:00:00 - 21/09/2024 09:00:00","BZN|BE","Without sequence","58.5","",""
"21/09/2024 09:00:00 - 21/09/2024 10:00:00","BZN|BE","Without sequence","59.11","",""
"21/09/2024 10:00:00 - 21/09/2024 11:00:00","BZN|BE","Without sequence","22.0","",""
"21/09/2024 11:00:00 - 21/09/2024 12:00:00","BZN|BE","Without sequence","3.15","",""
"21/09/2024 12:00:00 - 21/09/2024 13:00:00","BZN|BE","Without sequence","0.0","",""
"21/09/2024 13:00:00 - 21/09/2024 14:00:00","BZN|BE","Without sequence","-3.36","",""
"21/09/2024 14:00:00 - 21/09/2024 15:00:00","BZN|BE","Without sequence","-3.95","",""
"21/09/2024 15:00:00 - 21/09/2024 16:00:00","BZN|BE","Without sequence","1.09","",""
"21/09/2024 16:00:00 - 21/09/2024 17:00:00","BZN|BE","Without sequence","39.89","",""
"21/09/2024 17:00:00 - 21/09/2024 18:00:00","BZN|BE","Without sequence","79.83","",""
"21/09/2024 18:00:00 - 21/09/2024 19:00:00","BZN|BE","Without sequence","94.12","",""
"21/09/2024 19:00:00 - 21/09/2024 20:00:00","BZN|BE","Without sequence","109.19","",""
"21/09/2024 20:00:00 - 21/09/2024 21:00:00","BZN|BE","Without sequence","97.39","",""
"21/09/2024 21:00:00 - 21/09/2024 22:00:00","BZN|BE","Without sequence","59.42","",""
"21/09/2024 22:00:00 - 21/09/2024 23:00:00","BZN|BE","Without sequence","74.66","",""
"21/09/2024 23:00:00 - 22/09/2024 00:00:00","BZN|BE","Without sequence","78.01","",""
"22/09/2024 00:00:00 - 22/09/2024 01:00:00","BZN|BE","Without sequence","86.73","",""
"22/09/2024 01:00:00 - 22/09/2024 02:00:00","BZN|BE","Without sequence","85.13","",""
"22/09/2024 02:00:00 - 22/09/2024 03:00:00","BZN|BE","Without sequence","72.26","",""
"22/09/2024 03:00:00 - 22/09/2024 04:00:00","BZN|BE","Without sequence","59.3","",""
"22/09/2024 04:00:00 - 22/09/2024 05:00:00","BZN|BE","Without sequence","56.15","",""
"22/09/2024 05:00:00 - 22/09/2024 06:00:00","BZN|BE","Without sequence","58.01","",""
"22/09/2024 06:00:00 - 22/09/2024 07:00:00","BZN|BE","Without sequence","64.33","",""
"22/09/2024 07:00:00 - 22/09/2024 08:00:00","BZN|BE","Without sequence","61.49","",""
"22/09/2024 08:00:00 - 22/09/2024 09:00:00","BZN|BE","Without sequence","80.5","",""
"22/09/2024 09:00:00 - 22/09/2024 10:00:00","BZN|BE","Without sequence","62.79","",""
"22/09/2024 10:00:00 - 22/09/2024 11:00:00","BZN|BE","Without sequence","26.27","",""
"22/09/2024 11:00:00 - 22/09/2024 12:00:00","BZN|BE","Without sequence","12.25","",""
"22/09/2024 12:00:00 - 22/09/2024 13:00:00","BZN|BE","Without sequence","14.99","",""
"22/09/2024 13:00:00 - 22/09/2024 14:00:00","BZN|BE","Without sequence","0.26","",""
"22/09/2024 14:00:00 - 22/09/2024 15:00:00","BZN|BE","Without sequence","0.01","",""
"22/09/2024 15:00:00 - 22/09/2024 16:00:00","BZN|BE","Without sequence","9.66","",""
"22/09/2024 16:00:00 - 22/09/2024 17:00:00","BZN|BE","Without sequence","55.18","",""
"22/09/2024 17:00:00 - 22/09/2024 18:00:00","BZN|BE","Without sequence","64.03","",""
"22/09/2024 18:00:00 - 22/09/2024 19:00:00","BZN|BE","Without sequence","98.14","",""
"22/09/2024 19:00:00 - 22/09/2024 20:00:00","BZN|BE","Without sequence","135.3","",""
"22/09/2024 20:00:00 - 22/09/2024 21:00:00","BZN|BE","Without sequence","120.52","",""
"22/09/2024 21:00:00 - 22/09/2024 22:00:00","BZN|BE","Without sequence","101.15","",""
"22/09/2024 22:00:00 - 22/09/2024 23:00:00","BZN|BE","Without sequence","96.3","",""
"22/09/2024 23:00:00 - 23/09/2024 00:00:00","BZN|BE","Without sequence","92.0","",""
"23/09/2024 00:00:00 - 23/09/2024 01:00:00","BZN|BE","Without sequence","63.78","",""
"23/09/2024 01:00:00 - 23/09/2024 02:00:00","BZN|BE","Without sequence","59.11","",""
"23/09/2024 02:00:00 - 23/09/2024 03:00:00","BZN|BE","Without sequence","58.28","",""
"23/09/2024 03:00:00 - 23/09/2024 04:00:00","BZN|BE","Without sequence","55.5","",""
"23/09/2024 04:00:00 - 23/09/2024 05:00:00","BZN|BE","Without sequence","51.65","",""
"23/09/2024 05:00:00 - 23/09/2024 06:00:00","BZN|BE","Without sequence","70.53","",""
"23/09/2024 06:00:00 - 23/09/2024 07:00:00","BZN|BE","Without sequence","88.85","",""
"23/09/2024 07:00:00 - 23/09/2024 08:00:00","BZN|BE","Without sequence","161.63","",""
"23/09/2024 08:00:00 - 23/09/2024 09:00:00","BZN|BE","Without sequence","134.7","",""
"23/09/2024 09:00:00 - 23/09/2024 10:00:00","BZN|BE","Without sequence","103.84","",""
"23/09/2024 10:00:00 - 23/09/2024 11:00:00","BZN|BE","Without sequence","93.36","",""
"23/09/2024 11:00:00 - 23/09/2024 12:00:00","BZN|BE","Without sequence","75.62","",""
"23/09/2024 12:00:00 - 23/09/2024 13:00:00","BZN|BE","Without sequence","69.88","",""
"23/09/2024 13:00:00 - 23/09/2024 14:00:00","BZN|BE","Without sequence","60.98","",""
"23/09/2024 14:00:00 - 23/09/2024 15:00:00","BZN|BE","Without sequence","49.97","",""
"23/09/2024 15:00:00 - 23/09/2024 16:00:00","BZN|BE","Without sequence","42.17","",""
"23/09/2024 16:00:00 - 23/09/2024 17:00:00","BZN|BE","Without sequence","54.33","",""
"23/09/2024 17:00:00 - 23/09/2024 18:00:00","BZN|BE","Without sequence","77.42","",""
"23/09/2024 18:00:00 - 23/09/2024 19:00:00","BZN|BE","Without sequence","139.21","",""
"23/09/2024 19:00:00 - 23/09/2024 20:00:00","BZN|BE","Without sequence","200.44","",""
"23/09/2024 20:00:00 - 23/09/2024 21:00:00","BZN|BE","Without sequence","134.71","",""
"23/09/2024 21:00:00 - 23/09/2024 22:00:00","BZN|BE","Without sequence","79.07","",""
"23/09/2024 22:00:00 - 23/09/2024 23:00:00","BZN|BE","Without sequence","63.7","",""
"23/09/2024 23:00:00 - 24/09/2024 00:00:00","BZN|BE","Without sequence","63.22","",""
"24/09/2024 00:00:00 - 24/09/2024 01:00:00","BZN|BE","Without sequence","70.71","",""
"24/09/2024 01:00:00 - 24/09/2024 02:00:00","BZN|BE","Without sequence","61.4","",""
"24/09/2024 02:00:00 - 24/09/2024 03:00:00","BZN|BE","Without sequence","54.4","",""
"24/09/2024 03:00:00 - 24/09/2024 04:00:00","BZN|BE","Without sequence","50.49","",""
"24/09/2024 04:00:00 - 24/09/2024 05:00:00","BZN|BE","Without sequence","42.11","",""
"24/09/2024 05:00:00 - 24/09/2024 06:00:00","BZN|BE","Without sequence","56.06","",""
"24/09/2024 06:00:00 - 24/09/2024 07:00:00","BZN|BE","Without sequence","74.75","",""
"24/09/2024 07:00:00 - 24/09/2024 08:00:00","BZN|BE","Without sequence","118.84","",""
"24/09/2024 08:00:00 - 24/09/2024 09:00:00","BZN|BE","Without sequence","115.63","",""
"24/09/2024 09:00:00 - 24/09/2024 10:00:00","BZN|BE","Without sequence","77.61","",""
"24/09/2024 10:00:00 - 24/09/2024 11:00:00","BZN|BE","Without sequence","61.23","",""
"24/09/2024 11:00:00 - 24/09/2024 12:00:00","BZN|BE","Without sequence","59.26","",""
"24/09/2024 12:00:00 - 24/09/2024 13:00:00","BZN|BE","Without sequence","64.96","",""
"24/09/2024 13:00:00 - 24/09/2024 14:00:00","BZN|BE","Without sequence","55.93","",""
"24/09/2024 14:00:00 - 24/09/2024 15:00:00","BZN|BE","Without sequence","51.09","",""
"24/09/2024 15:00:00 - 24/09/2024 16:00:00","BZN|BE","Without sequence","44.68","",""
"24/09/2024 16:00:00 - 24/09/2024 17:00:00","BZN|BE","Without sequence","50.94","",""
"24/09/2024 17:00:00 - 24/09/2024 18:00:00","BZN|BE","Without sequence","48.9","",""
"24/09/2024 18:00:00 - 24/09/2024 19:00:00","BZN|BE","Without sequence","96.78","",""
"24/09/2024 19:00:00 - 24/09/2024 20:00:00","BZN|BE","Without sequence","124.6","",""
"24/09/2024 20:00:00 - 24/09/2024 21:00:00","BZN|BE","Without sequence","102.63","",""
"24/09/2024 21:00:00 - 24/09/2024 22:00:00","BZN|BE","Without sequence","80.44","",""
"24/09/2024 22:00:00 - 24/09/2024 23:00:00","BZN|BE","Without sequence","75.7","",""
"24/09/2024 23:00:00 - 25/09/2024 00:00:00","BZN|BE","Without sequence","62.96","",""
"25/09/2024 00:00:00 - 25/09/2024 01:00:00","BZN|BE","Without sequence","55.15","",""
"25/09/2024 01:00:00 - 25/09/2024 02:00:00","BZN|BE","Without sequence","56.29","",""
"25/09/2024 02:00:00 - 25/09/2024 03:00:00","BZN|BE","Without sequence","47.7","",""
"25/09/2024 03:00:00 - 25/09/2024 04:00:00","BZN|BE","Without sequence","41.37","",""
"25/09/2024 04:00:00 - 25/09/2024 05:00:00","BZN|BE","Without sequence","52.34","",""
"25/09/2024 05:00:00 - 25/09/2024 06:00:00","BZN|BE","Without sequence","56.68","",""
"25/09/2024 06:00:00 - 25/09/2024 07:00:00","BZN|BE","Without sequence","67.33","",""
"25/09/2024 07:00:00 - 25/09/2024 08:00:00","BZN|BE","Without sequence","87.68","",""
"25/09/2024 08:00:00 - 25/09/2024 09:00:00","BZN|BE","Without sequence","91.87","",""
"25/09/2024 09:00:00 - 25/09/2024 10:00:00","BZN|BE","Without sequence","77.5","",""
"25/09/2024 10:00:00 - 25/09/2024 11:00:00","BZN|BE","Without sequence","63.46","",""
"25/09/2024 11:00:00 - 25/09/2024 12:00:00","BZN|BE","Without sequence","54.48","",""
"25/09/2024 12:00:00 - 25/09/2024 13:00:00","BZN|BE","Without sequence","51.61","",""
"25/09/2024 13:00:00 - 25/09/2024 14:00:00","BZN|BE","Without sequence","48.04","",""
"25/09/2024 14:00:00 - 25/09/2024 15:00:00","BZN|BE","Without sequence","61.28","",""
"25/09/2024 15:00:00 - 25/09/2024 16:00:00","BZN|BE","Without sequence","76.29","",""
"25/09/2024 16:00:00 - 25/09/2024 17:00:00","BZN|BE","Without sequence","81.3","",""
"25/09/2024 17:00:00 - 25/09/2024 18:00:00","BZN|BE","Without sequence","97.13","",""
"25/09/2024 18:00:00 - 25/09/2024 19:00:00","BZN|BE","Without sequence","139.91","",""
"25/09/2024 19:00:00 - 25/09/2024 20:00:00","BZN|BE","Without sequence","149.43","",""
"25/09/2024 20:00:00 - 25/09/2024 21:00:00","BZN|BE","Without sequence","98.13","",""
"25/09/2024 21:00:00 - 25/09/2024 22:00:00","BZN|BE","Without sequence","87.78","",""
"25/09/2024 22:00:00 - 25/09/2024 23:00:00","BZN|BE","Without sequence","84.29","",""
"25/09/2024 23:00:00 - 26/09/2024 00:00:00","BZN|BE","Without sequence","76.2","",""
"26/09/2024 00:00:00 - 26/09/2024 01:00:00","BZN|BE","Without sequence","53.81","",""
"26/09/2024 01:00:00 - 26/09/2024 02:00:00","BZN|BE","Without sequence","44.87","",""
"26/09/2024 02:00:00 - 26/09/2024 03:00:00","BZN|BE","Without sequence","41.02","",""
"26/09/2024 03:00:00 - 26/09/2024 04:00:00","BZN|BE","Without sequence","38.0","",""
"26/09/2024 04:00:00 - 26/09/2024 05:00:00","BZN|BE","Without sequence","34.46","",""
"26/09/2024 05:00:00 - 26/09/2024 06:00:00","BZN|BE","Without sequence","38.76","",""
"26/09/2024 06:00:00 - 26/09/2024 07:00:00","BZN|BE","Without sequence","61.88","",""
"26/09/2024 07:00:00 - 26/09/2024 08:00:00","BZN|BE","Without sequence","80.3","",""
"26/09/2024 08:00:00 - 26/09/2024 09:00:00","BZN|BE","Without sequence","80.29","",""
"26/09/2024 09:00:00 - 26/09/2024 10:00:00","BZN|BE","Without sequence","63.5","",""
"26/09/2024 10:00:00 - 26/09/2024 11:00:00","BZN|BE","Without sequence","43.66","",""
"26/09/2024 11:00:00 - 26/09/2024 12:00:00","BZN|BE","Without sequence","31.62","",""
"26/09/2024 12:00:00 - 26/09/2024 13:00:00","BZN|BE","Without sequence","17.0","",""
"26/09/2024 13:00:00 - 26/09/2024 14:00:00","BZN|BE","Without sequence","11.82","",""
"26/09/2024 14:00:00 - 26/09/2024 15:00:00","BZN|BE","Without sequence","11.48","",""
"26/09/2024 15:00:00 - 26/09/2024 16:00:00","BZN|BE","Without sequence","27.26","",""
"26/09/2024 16:00:00 - 26/09/2024 17:00:00","BZN|BE","Without sequence","42.39","",""
"26/09/2024 17:00:00 - 26/09/2024 18:00:00","BZN|BE","Without sequence","56.95","",""
"26/09/2024 18:00:00 - 26/09/2024 19:00:00","BZN|BE","Without sequence","74.52","",""
"26/09/2024 19:00:00 - 26/09/2024 20:00:00","BZN|BE","Without sequence","84.11","",""
"26/09/2024 20:00:00 - 26/09/2024 21:00:00","BZN|BE","Without sequence","76.07","",""
"26/09/2024 21:00:00 - 26/09/2024 22:00:00","BZN|BE","Without sequence","59.29","",""
"26/09/2024 22:00:00 - 26/09/2024 23:00:00","BZN|BE","Without sequence","51.28","",""
"26/09/2024 23:00:00 - 27/09/2024 00:00:00","BZN|BE","Without sequence","36.3","",""
"27/09/2024 00:00:00 - 27/09/2024 01:00:00","BZN|BE","Without sequence","0.18","",""
"27/09/2024 01:00:00 - 27/09/2024 02:00:00","BZN|BE","Without sequence","-0.09","",""
"27/09/2024 02:00:00 - 27/09/2024 03:00:00","BZN|BE","Without sequence","-1.09","",""
"27/09/2024 03:00:00 - 27/09/2024 04:00:00","BZN|BE","Without sequence","-0.37","",""
"27/09/2024 04:00:00 - 27/09/2024 05:00:00","BZN|BE","Without sequence","-5.98","",""
"27/09/2024 05:00:00 - 27/09/2024 06:00:00","BZN|BE","Without sequence","-1.1","",""
"27/09/2024 06:00:00 - 27/09/2024 07:00:00","BZN|BE","Without sequence","1.7","",""
"27/09/2024 07:00:00 - 27/09/2024 08:00:00","BZN|BE","Without sequence","27.52","",""
"27/09/2024 08:00:00 - 27/09/2024 09:00:00","BZN|BE","Without sequence","40.62","",""
"27/09/2024 09:00:00 - 27/09/2024 10:00:00","BZN|BE","Without sequence","7.78","",""
"27/09/2024 10:00:00 - 27/09/2024 11:00:00","BZN|BE","Without sequence","-0.6","",""
"27/09/2024 11:00:00 - 27/09/2024 12:00:00","BZN|BE","Without sequence","-1.62","",""
"27/09/2024 12:00:00 - 27/09/2024 13:00:00","BZN|BE","Without sequence","-2.32","",""
"27/09/2024 13:00:00 - 27/09/2024 14:00:00","BZN|BE","Without sequence","-3.06","",""
"27/09/2024 14:00:00 - 27/09/2024 15:00:00","BZN|BE","Without sequence","-0.04","",""
"27/09/2024 15:00:00 - 27/09/2024 16:00:00","BZN|BE","Without sequence","0.28","",""
"27/09/2024 16:00:00 - 27/09/2024 17:00:00","BZN|BE","Without sequence","4.48","",""
"27/09/2024 17:00:00 - 27/09/2024 18:00:00","BZN|BE","Without sequence","38.65","",""
"27/09/2024 18:00:00 - 27/09/2024 19:00:00","BZN|BE","Without sequence","60.85","",""
"27/09/2024 19:00:00 - 27/09/2024 20:00:00","BZN|BE","Without sequence","69.74","",""
"27/09/2024 20:00:00 - 27/09/2024 21:00:00","BZN|BE","Without sequence","65.69","",""
"27/09/2024 21:00:00 - 27/09/2024 22:00:00","BZN|BE","Without sequence","38.53","",""
"27/09/2024 22:00:00 - 27/09/2024 23:00:00","BZN|BE","Without sequence","32.84","",""
"27/09/2024 23:00:00 - 28/09/2024 00:00:00","BZN|BE","Without sequence","25.7","",""
"28/09/2024 00:00:00 - 28/09/2024 01:00:00","BZN|BE","Without sequence","1.77","",""
"28/09/2024 01:00:00 - 28/09/2024 02:00:00","BZN|BE","Without sequence","3.03","",""
"28/09/2024 02:00:00 - 28/09/2024 03:00:00","BZN|BE","Without sequence","3.29","",""
"28/09/2024 03:00:00 - 28/09/2024 04:00:00","BZN|BE","Without sequence","3.16","",""
"28/09/2024 04:00:00 - 28/09/2024 05:00:00","BZN|BE","Without sequence","3.27","",""
"28/09/2024 05:00:00 - 28/09/2024 06:00:00","BZN|BE","Without sequence","4.15","",""
"28/09/2024 06:00:00 - 28/09/2024 07:00:00","BZN|BE","Without sequence","11.96","",""
"28/09/2024 07:00:00 - 28/09/2024 08:00:00","BZN|BE","Without sequence","27.92","",""
"28/09/2024 08:00:00 - 28/09/2024 09:00:00","BZN|BE","Without sequence","31.02","",""
"28/09/2024 09:00:00 - 28/09/2024 10:00:00","BZN|BE","Without sequence","25.96","",""
"28/09/2024 10:00:00 - 28/09/2024 11:00:00","BZN|BE","Without sequence","10.0","",""
"28/09/2024 11:00:00 - 28/09/2024 12:00:00","BZN|BE","Without sequence","3.92","",""
"28/09/2024 12:00:00 - 28/09/2024 13:00:00","BZN|BE","Without sequence","0.67","",""
"28/09/2024 13:00:00 - 28/09/2024 14:00:00","BZN|BE","Without sequence","0.0","",""
"28/09/2024 14:00:00 - 28/09/2024 15:00:00","BZN|BE","Without sequence","0.0","",""
"28/09/2024 15:00:00 - 28/09/2024 16:00:00","BZN|BE","Without sequence","0.06","",""
"28/09/2024 16:00:00 - 28/09/2024 17:00:00","BZN|BE","Without sequence","9.84","",""
"28/09/2024 17:00:00 - 28/09/2024 18:00:00","BZN|BE","Without sequence","55.35","",""
"28/09/2024 18:00:00 - 28/09/2024 19:00:00","BZN|BE","Without sequence","81.53","",""
"28/09/2024 19:00:00 - 28/09/2024 20:00:00","BZN|BE","Without sequence","115.25","",""
"28/09/2024 20:00:00 - 28/09/2024 21:00:00","BZN|BE","Without sequence","109.86","",""
"28/09/2024 21:00:00 - 28/09/2024 22:00:00","BZN|BE","Without sequence","88.52","",""
"28/09/2024 22:00:00 - 28/09/2024 23:00:00","BZN|BE","Without sequence","84.51","",""
"28/09/2024 23:00:00 - 29/09/2024 00:00:00","BZN|BE","Without sequence","79.84","",""
"29/09/2024 00:00:00 - 29/09/2024 01:00:00","BZN|BE","Without sequence","74.94","",""
"29/09/2024 01:00:00 - 29/09/2024 02:00:00","BZN|BE","Without sequence","65.14","",""
"29/09/2024 02:00:00 - 29/09/2024 03:00:00","BZN|BE","Without sequence","52.45","",""
"29/09/2024 03:00:00 - 29/09/2024 04:00:00","BZN|BE","Without sequence","54.39","",""
"29/09/2024 04:00:00 - 29/09/2024 05:00:00","BZN|BE","Without sequence","46.75","",""
"29/09/2024 05:00:00 - 29/09/2024 06:00:00","BZN|BE","Without sequence","42.77","",""
"29/09/2024 06:00:00 - 29/09/2024 07:00:00","BZN|BE","Without sequence","48.1","",""
"29/09/2024 07:00:00 - 29/09/2024 08:00:00","BZN|BE","Without sequence","62.0","",""
"29/09/2024 08:00:00 - 29/09/2024 09:00:00","BZN|BE","Without sequence","61.66","",""
"29/09/2024 09:00:00 - 29/09/2024 10:00:00","BZN|BE","Without sequence","37.72","",""
"29/09/2024 10:00:00 - 29/09/2024 11:00:00","BZN|BE","Without sequence","1.33","",""
"29/09/2024 11:00:00 - 29/09/2024 12:00:00","BZN|BE","Without sequence","0.0","",""
"29/09/2024 12:00:00 - 29/09/2024 13:00:00","BZN|BE","Without sequence","-0.01","",""
"29/09/2024 13:00:00 - 29/09/2024 14:00:00","BZN|BE","Without sequence","-0.5","",""
"29/09/2024 14:00:00 - 29/09/2024 15:00:00","BZN|BE","Without sequence","-0.45","",""
"29/09/2024 15:00:00 - 29/09/2024 16:00:00","BZN|BE","Without sequence","0.0","",""
"29/09/2024 16:00:00 - 29/09/2024 17:00:00","BZN|BE","Without sequence","20.63","",""
"29/09/2024 17:00:00 - 29/09/2024 18:00:00","BZN|BE","Without sequence","52.36","",""
"29/09/2024 18:00:00 - 29/09/2024 19:00:00","BZN|BE","Without sequence","74.6","",""
"29/09/2024 19:00:00 - 29/09/2024 20:00:00","BZN|BE","Without sequence","103.02","",""
"29/09/2024 20:00:00 - 29/09/2024 21:00:00","BZN|BE","Without sequence","69.47","",""
"29/09/2024 21:00:00 - 29/09/2024 22:00:00","BZN|BE","Without sequence","65.08","",""
"29/09/2024 22:00:00 - 29/09/2024 23:00:00","BZN|BE","Without sequence","64.09","",""
"29/09/2024 23:00:00 - 30/09/2024 00:00:00","BZN|BE","Without sequence","37.32","",""
"30/09/2024 00:00:00 - 30/09/2024 01:00:00","BZN|BE","Without sequence","12.93","",""
"30/09/2024 01:00:00 - 30/09/2024 02:00:00","BZN|BE","Without sequence","5.42","",""
"30/09/2024 02:00:00 - 30/09/2024 03:00:00","BZN|BE","Without sequence","4.0","",""
"30/09/2024 03:00:00 - 30/09/2024 04:00:00","BZN|BE","Without sequence","2.6","",""
"30/09/2024 04:00:00 - 30/09/2024 05:00:00","BZN|BE","Without sequence","2.77","",""
"30/09/2024 05:00:00 - 30/09/2024 06:00:00","BZN|BE","Without sequence","8.35","",""
"30/09/2024 06:00:00 - 30/09/2024 07:00:00","BZN|BE","Without sequence","34.7","",""
"30/09/2024 07:00:00 - 30/09/2024 08:00:00","BZN|BE","Without sequence","50.21","",""
"30/09/2024 08:00:00 - 30/09/2024 09:00:00","BZN|BE","Without sequence","69.5","",""
"30/09/2024 09:00:00 - 30/09/2024 10:00:00","BZN|BE","Without sequence","43.04","",""
"30/09/2024 10:00:00 - 30/09/2024 11:00:00","BZN|BE","Without sequence","18.38","",""
"30/09/2024 11:00:00 - 30/09/2024 12:00:00","BZN|BE","Without sequence","8.64","",""
"30/09/2024 12:00:00 - 30/09/2024 13:00:00","BZN|BE","Without sequence","4.13","",""
"30/09/2024 13:00:00 - 30/09/2024 14:00:00","BZN|BE","Without sequence","0.91","",""
"30/09/2024 14:00:00 - 30/09/2024 15:00:00","BZN|BE","Without sequence","5.41","",""
"30/09/2024 15:00:00 - 30/09/2024 16:00:00","BZN|BE","Without sequence","10.9","",""
"30/09/2024 16:00:00 - 30/09/2024 17:00:00","BZN|BE","Without sequence","22.09","",""
"30/09/2024 17:00:00 - 30/09/2024 18:00:00","BZN|BE","Without sequence","34.07","",""
"30/09/2024 18:00:00 - 30/09/2024 19:00:00","BZN|BE","Without sequence","34.01","",""
"30/09/2024 19:00:00 - 30/09/2024 20:00:00","BZN|BE","Without sequence","63.05","",""
"30/09/2024 20:00:00 - 30/09/2024 21:00:00","BZN|BE","Without sequence","44.08","",""
"30/09/2024 21:00:00 - 30/09/2024 22:00:00","BZN|BE","Without sequence","23.9","",""
"30/09/2024 22:00:00 - 30/09/2024 23:00:00","BZN|BE","Without sequence","20.28","",""
"30/09/2024 23:00:00 - 01/10/2024 00:00:00","BZN|BE","Without sequence","9.84","",""
"01/10/2024 00:00:00 - 01/10/2024 01:00:00","BZN|BE","Without sequence","3.21","",""
"01/10/2024 01:00:00 - 01/10/2024 02:00:00","BZN|BE","Without sequence","0.07","",""
"01/10/2024 02:00:00 - 01/10/2024 03:00:00","BZN|BE","Without sequence","0.05","",""
"01/10/2024 03:00:00 - 01/10/2024 04:00:00","BZN|BE","Without sequence","0.02","",""
"01/10/2024 04:00:00 - 01/10/2024 05:00:00","BZN|BE","Without sequence","0.09","",""
"01/10/2024 05:00:00 - 01/10/2024 06:00:00","BZN|BE","Without sequence","2.85","",""
"01/10/2024 06:00:00 - 01/10/2024 07:00:00","BZN|BE","Without sequence","55.01","",""
"01/10/2024 07:00:00 - 01/10/2024 08:00:00","BZN|BE","Without sequence","103.06","",""
"01/10/2024 08:00:00 - 01/10/2024 09:00:00","BZN|BE","Without sequence","114.84","",""
"01/10/2024 09:00:00 - 01/10/2024 10:00:00","BZN|BE","Without sequence","100.18","",""
"01/10/2024 10:00:00 - 01/10/2024 11:00:00","BZN|BE","Without sequence","76.32","",""
"01/10/2024 11:00:00 - 01/10/2024 12:00:00","BZN|BE","Without sequence","68.62","",""
"01/10/2024 12:00:00 - 01/10/2024 13:00:00","BZN|BE","Without sequence","58.72","",""
"01/10/2024 13:00:00 - 01/10/2024 14:00:00","BZN|BE","Without sequence","55.53","",""
"01/10/2024 14:00:00 - 01/10/2024 15:00:00","BZN|BE","Without sequence","56.38","",""
"01/10/2024 15:00:00 - 01/10/2024 16:00:00","BZN|BE","Without sequence","59.7","",""
"01/10/2024 16:00:00 - 01/10/2024 17:00:00","BZN|BE","Without sequence","73.54","",""
"01/10/2024 17:00:00 - 01/10/2024 18:00:00","BZN|BE","Without sequence","89.92","",""
"01/10/2024 18:00:00 - 01/10/2024 19:00:00","BZN|BE","Without sequence","116.09","",""
"01/10/2024 19:00:00 - 01/10/2024 20:00:00","BZN|BE","Without sequence","140.9","",""
"01/10/2024 20:00:00 - 01/10/2024 21:00:00","BZN|BE","Without sequence","119.87","",""
"01/10/2024 21:00:00 - 01/10/2024 22:00:00","BZN|BE","Without sequence","92.73","",""
"01/10/2024 22:00:00 - 01/10/2024 23:00:00","BZN|BE","Without sequence","91.42","",""
"01/10/2024 23:00:00 - 02/10/2024 00:00:00","BZN|BE","Without sequence","76.21","",""
"02/10/2024 00:00:00 - 02/10/2024 01:00:00","BZN|BE","Without sequence","85.31","",""
"02/10/2024 01:00:00 - 02/10/2024 02:00:00","BZN|BE","Without sequence","76.96","",""
"02/10/2024 02:00:00 - 02/10/2024 03:00:00","BZN|BE","Without sequence","76.39","",""
"02/10/2024 03:00:00 - 02/10/2024 04:00:00","BZN|BE","Without sequence","74.17","",""
"02/10/2024 04:00:00 - 02/10/2024 05:00:00","BZN|BE","Without sequence","74.09","",""
"02/10/2024 05:00:00 - 02/10/2024 06:00:00","BZN|BE","Without sequence","80.1","",""
"02/10/2024 06:00:00 - 02/10/2024 07:00:00","BZN|BE","Without sequence","97.87","",""
"02/10/2024 07:00:00 - 02/10/2024 08:00:00","BZN|BE","Without sequence","119.46","",""
"02/10/2024 08:00:00 - 02/10/2024 09:00:00","BZN|BE","Without sequence","128.95","",""
"02/10/2024 09:00:00 - 02/10/2024 10:00:00","BZN|BE","Without sequence","112.66","",""
"02/10/2024 10:00:00 - 02/10/2024 11:00:00","BZN|BE","Without sequence","96.02","",""
"02/10/2024 11:00:00 - 02/10/2024 12:00:00","BZN|BE","Without sequence","91.88","",""
"02/10/2024 12:00:00 - 02/10/2024 13:00:00","BZN|BE","Without sequence","88.9","",""
"02/10/2024 13:00:00 - 02/10/2024 14:00:00","BZN|BE","Without sequence","82.3","",""
"02/10/2024 14:00:00 - 02/10/2024 15:00:00","BZN|BE","Without sequence","77.59","",""
"02/10/2024 15:00:00 - 02/10/2024 16:00:00","BZN|BE","Without sequence","77.76","",""
"02/10/2024 16:00:00 - 02/10/2024 17:00:00","BZN|BE","Without sequence","76.29","",""
"02/10/2024 17:00:00 - 02/10/2024 18:00:00","BZN|BE","Without sequence","88.66","",""
"02/10/2024 18:00:00 - 02/10/2024 19:00:00","BZN|BE","Without sequence","115.98","",""
"02/10/2024 19:00:00 - 02/10/2024 20:00:00","BZN|BE","Without sequence","134.9","",""
"02/10/2024 20:00:00 - 02/10/2024 21:00:00","BZN|BE","Without sequence","116.5","",""
"02/10/2024 21:00:00 - 02/10/2024 22:00:00","BZN|BE","Without sequence","97.44","",""
"02/10/2024 22:00:00 - 02/10/2024 23:00:00","BZN|BE","Without sequence","93.46","",""
"02/10/2024 23:00:00 - 03/10/2024 00:00:00","BZN|BE","Without sequence","85.0","",""
"03/10/2024 00:00:00 - 03/10/2024 01:00:00","BZN|BE","Without sequence","62.6","",""
"03/10/2024 01:00:00 - 03/10/2024 02:00:00","BZN|BE","Without sequence","51.05","",""
"03/10/2024 02:00:00 - 03/10/2024 03:00:00","BZN|BE","Without sequence","55.28","",""
"03/10/2024 03:00:00 - 03/10/2024 04:00:00","BZN|BE","Without sequence","43.06","",""
"03/10/2024 04:00:00 - 03/10/2024 05:00:00","BZN|BE","Without sequence","37.64","",""
"03/10/2024 05:00:00 - 03/10/2024 06:00:00","BZN|BE","Without sequence","52.79","",""
"03/10/2024 06:00:00 - 03/10/2024 07:00:00","BZN|BE","Without sequence","71.21","",""
"03/10/2024 07:00:00 - 03/10/2024 08:00:00","BZN|BE","Without sequence","91.54","",""
"03/10/2024 08:00:00 - 03/10/2024 09:00:00","BZN|BE","Without sequence","99.01","",""
"03/10/2024 09:00:00 - 03/10/2024 10:00:00","BZN|BE","Without sequence","83.01","",""
"03/10/2024 10:00:00 - 03/10/2024 11:00:00","BZN|BE","Without sequence","66.53","",""
"03/10/2024 11:00:00 - 03/10/2024 12:00:00","BZN|BE","Without sequence","56.96","",""
"03/10/2024 12:00:00 - 03/10/2024 13:00:00","BZN|BE","Without sequence","43.06","",""
"03/10/2024 13:00:00 - 03/10/2024 14:00:00","BZN|BE","Without sequence","35.19","",""
"03/10/2024 14:00:00 - 03/10/2024 15:00:00","BZN|BE","Without sequence","37.15","",""
"03/10/2024 15:00:00 - 03/10/2024 16:00:00","BZN|BE","Without sequence","43.73","",""
"03/10/2024 16:00:00 - 03/10/2024 17:00:00","BZN|BE","Without sequence","58.39","",""
"03/10/2024 17:00:00 - 03/10/2024 18:00:00","BZN|BE","Without sequence","69.82","",""
"03/10/2024 18:00:00 - 03/10/2024 19:00:00","BZN|BE","Without sequence","109.94","",""
"03/10/2024 19:00:00 - 03/10/2024 20:00:00","BZN|BE","Without sequence","127.58","",""
"03/10/2024 20:00:00 - 03/10/2024 21:00:00","BZN|BE","Without sequence","120.94","",""
"03/10/2024 21:00:00 - 03/10/2024 22:00:00","BZN|BE","Without sequence","100.96","",""
"03/10/2024 22:00:00 - 03/10/2024 23:00:00","BZN|BE","Without sequence","92.74","",""
"03/10/2024 23:00:00 - 04/10/2024 00:00:00","BZN|BE","Without sequence","84.95","",""
"04/10/2024 00:00:00 - 04/10/2024 01:00:00","BZN|BE","Without sequence","74.33","",""
"04/10/2024 01:00:00 - 04/10/2024 02:00:00","BZN|BE","Without sequence","72.52","",""
"04/10/2024 02:00:00 - 04/10/2024 03:00:00","BZN|BE","Without sequence","74.0","",""
"04/10/2024 03:00:00 - 04/10/2024 04:00:00","BZN|BE","Without sequence","75.33","",""
"04/10/2024 04:00:00 - 04/10/2024 05:00:00","BZN|BE","Without sequence","72.33","",""
"04/10/2024 05:00:00 - 04/10/2024 06:00:00","BZN|BE","Without sequence","77.1","",""
"04/10/2024 06:00:00 - 04/10/2024 07:00:00","BZN|BE","Without sequence","103.0","",""
"04/10/2024 07:00:00 - 04/10/2024 08:00:00","BZN|BE","Without sequence","127.35","",""
"04/10/2024 08:00:00 - 04/10/2024 09:00:00","BZN|BE","Without sequence","141.4","",""
"04/10/2024 09:00:00 - 04/10/2024 10:00:00","BZN|BE","Without sequence","116.5","",""
"04/10/2024 10:00:00 - 04/10/2024 11:00:00","BZN|BE","Without sequence","100.14","",""
"04/10/2024 11:00:00 - 04/10/2024 12:00:00","BZN|BE","Without sequence","79.86","",""
"04/10/2024 12:00:00 - 04/10/2024 13:00:00","BZN|BE","Without sequence","71.21","",""
"04/10/2024 13:00:00 - 04/10/2024 14:00:00","BZN|BE","Without sequence","64.94","",""
"04/10/2024 14:00:00 - 04/10/2024 15:00:00","BZN|BE","Without sequence","60.29","",""
"04/10/2024 15:00:00 - 04/10/2024 16:00:00","BZN|BE","Without sequence","61.1","",""
"04/10/2024 16:00:00 - 04/10/2024 17:00:00","BZN|BE","Without sequence","70.7","",""
"04/10/2024 17:00:00 - 04/10/2024 18:00:00","BZN|BE","Without sequence","90.9","",""
"04/10/2024 18:00:00 - 04/10/2024 19:00:00","BZN|BE","Without sequence","113.26","",""
"04/10/2024 19:00:00 - 04/10/2024 20:00:00","BZN|BE","Without sequence","142.06","",""
"04/10/2024 20:00:00 - 04/10/2024 21:00:00","BZN|BE","Without sequence","123.7","",""
"04/10/2024 21:00:00 - 04/10/2024 22:00:00","BZN|BE","Without sequence","99.9","",""
"04/10/2024 22:00:00 - 04/10/2024 23:00:00","BZN|BE","Without sequence","99.9","",""
"04/10/2024 23:00:00 - 05/10/2024 00:00:00","BZN|BE","Without sequence","90.0","",""
"05/10/2024 00:00:00 - 05/10/2024 01:00:00","BZN|BE","Without sequence","93.1","",""
"05/10/2024 01:00:00 - 05/10/2024 02:00:00","BZN|BE","Without sequence","84.64","",""
"05/10/2024 02:00:00 - 05/10/2024 03:00:00","BZN|BE","Without sequence","81.4","",""
"05/10/2024 03:00:00 - 05/10/2024 04:00:00","BZN|BE","Without sequence","75.54","",""
"05/10/2024 04:00:00 - 05/10/2024 05:00:00","BZN|BE","Without sequence","75.72","",""
"05/10/2024 05:00:00 - 05/10/2024 06:00:00","BZN|BE","Without sequence","79.82","",""
"05/10/2024 06:00:00 - 05/10/2024 07:00:00","BZN|BE","Without sequence","86.2","",""
"05/10/2024 07:00:00 - 05/10/2024 08:00:00","BZN|BE","Without sequence","100.4","",""
"05/10/2024 08:00:00 - 05/10/2024 09:00:00","BZN|BE","Without sequence","110.0","",""
"05/10/2024 09:00:00 - 05/10/2024 10:00:00","BZN|BE","Without sequence","94.99","",""
"05/10/2024 10:00:00 - 05/10/2024 11:00:00","BZN|BE","Without sequence","67.67","",""
"05/10/2024 11:00:00 - 05/10/2024 12:00:00","BZN|BE","Without sequence","47.21","",""
"05/10/2024 12:00:00 - 05/10/2024 13:00:00","BZN|BE","Without sequence","32.51","",""
"05/10/2024 13:00:00 - 05/10/2024 14:00:00","BZN|BE","Without sequence","26.72","",""
"05/10/2024 14:00:00 - 05/10/2024 15:00:00","BZN|BE","Without sequence","6.8","",""
"05/10/2024 15:00:00 - 05/10/2024 16:00:00","BZN|BE","Without sequence","29.52","",""
"05/10/2024 16:00:00 - 05/10/2024 17:00:00","BZN|BE","Without sequence","44.56","",""
"05/10/2024 17:00:00 - 05/10/2024 18:00:00","BZN|BE","Without sequence","69.57","",""
"05/10/2024 18:00:00 - 05/10/2024 19:00:00","BZN|BE","Without sequence","93.86","",""
"05/10/2024 19:00:00 - 05/10/2024 20:00:00","BZN|BE","Without sequence","109.86","",""
"05/10/2024 20:00:00 - 05/10/2024 21:00:00","BZN|BE","Without sequence","100.28","",""
"05/10/2024 21:00:00 - 05/10/2024 22:00:00","BZN|BE","Without sequence","83.55","",""
"05/10/2024 22:00:00 - 05/10/2024 23:00:00","BZN|BE","Without sequence","78.6","",""
"05/10/2024 23:00:00 - 06/10/2024 00:00:00","BZN|BE","Without sequence","67.0","",""
"06/10/2024 00:00:00 - 06/10/2024 01:00:00","BZN|BE","Without sequence","55.35","",""
"06/10/2024 01:00:00 - 06/10/2024 02:00:00","BZN|BE","Without sequence","44.22","",""
"06/10/2024 02:00:00 - 06/10/2024 03:00:00","BZN|BE","Without sequence","40.32","",""
"06/10/2024 03:00:00 - 06/10/2024 04:00:00","BZN|BE","Without sequence","31.86","",""
"06/10/2024 04:00:00 - 06/10/2024 05:00:00","BZN|BE","Without sequence","28.37","",""
"06/10/2024 05:00:00 - 06/10/2024 06:00:00","BZN|BE","Without sequence","28.71","",""
"06/10/2024 06:00:00 - 06/10/2024 07:00:00","BZN|BE","Without sequence","31.75","",""
"06/10/2024 07:00:00 - 06/10/2024 08:00:00","BZN|BE","Without sequence","35.47","",""
"06/10/2024 08:00:00 - 06/10/2024 09:00:00","BZN|BE","Without sequence","37.8","",""
"06/10/2024 09:00:00 - 06/10/2024 10:00:00","BZN|BE","Without sequence","33.31","",""
"06/10/2024 10:00:00 - 06/10/2024 11:00:00","BZN|BE","Without sequence","33.79","",""
"06/10/2024 11:00:00 - 06/10/2024 12:00:00","BZN|BE","Without sequence","16.68","",""
"06/10/2024 12:00:00 - 06/10/2024 13:00:00","BZN|BE","Without sequence","5.25","",""
"06/10/2024 13:00:00 - 06/10/2024 14:00:00","BZN|BE","Without sequence","-0.01","",""
"06/10/2024 14:00:00 - 06/10/2024 15:00:00","BZN|BE","Without sequence","-0.01","",""
"06/10/2024 15:00:00 - 06/10/2024 16:00:00","BZN|BE","Without sequence","0.2","",""
"06/10/2024 16:00:00 - 06/10/2024 17:00:00","BZN|BE","Without sequence","48.4","",""
"06/10/2024 17:00:00 - 06/10/2024 18:00:00","BZN|BE","Without sequence","50.01","",""
"06/10/2024 18:00:00 - 06/10/2024 19:00:00","BZN|BE","Without sequence","65.63","",""
"06/10/2024 19:00:00 - 06/10/2024 20:00:00","BZN|BE","Without sequence","77.18","",""
"06/10/2024 20:00:00 - 06/10/2024 21:00:00","BZN|BE","Without sequence","81.92","",""
"06/10/2024 21:00:00 - 06/10/2024 22:00:00","BZN|BE","Without sequence","64.36","",""
"06/10/2024 22:00:00 - 06/10/2024 23:00:00","BZN|BE","Without sequence","60.79","",""
"06/10/2024 23:00:00 - 07/10/2024 00:00:00","BZN|BE","Without sequence","52.33","",""
"07/10/2024 00:00:00 - 07/10/2024 01:00:00","BZN|BE","Without sequence","34.58","",""
"07/10/2024 01:00:00 - 07/10/2024 02:00:00","BZN|BE","Without sequence","35.34","",""
"07/10/2024 02:00:00 - 07/10/2024 03:00:00","BZN|BE","Without sequence","33.25","",""
"07/10/2024 03:00:00 - 07/10/2024 04:00:00","BZN|BE","Without sequence","29.48","",""
"07/10/2024 04:00:00 - 07/10/2024 05:00:00","BZN|BE","Without sequence","31.88","",""
"07/10/2024 05:00:00 - 07/10/2024 06:00:00","BZN|BE","Without sequence","41.35","",""
"07/10/2024 06:00:00 - 07/10/2024 07:00:00","BZN|BE","Without sequence","57.14","",""
"07/10/2024 07:00:00 - 07/10/2024 08:00:00","BZN|BE","Without sequence","91.84","",""
"07/10/2024 08:00:00 - 07/10/2024 09:00:00","BZN|BE","Without sequence","108.32","",""
"07/10/2024 09:00:00 - 07/10/2024 10:00:00","BZN|BE","Without sequence","91.8","",""
"07/10/2024 10:00:00 - 07/10/2024 11:00:00","BZN|BE","Without sequence","66.05","",""
"07/10/2024 11:00:00 - 07/10/2024 12:00:00","BZN|BE","Without sequence","60.21","",""
"07/10/2024 12:00:00 - 07/10/2024 13:00:00","BZN|BE","Without sequence","56.02","",""
"07/10/2024 13:00:00 - 07/10/2024 14:00:00","BZN|BE","Without sequence","43.29","",""
"07/10/2024 14:00:00 - 07/10/2024 15:00:00","BZN|BE","Without sequence","55.0","",""
"07/10/2024 15:00:00 - 07/10/2024 16:00:00","BZN|BE","Without sequence","57.6","",""
"07/10/2024 16:00:00 - 07/10/2024 17:00:00","BZN|BE","Without sequence","81.16","",""
"07/10/2024 17:00:00 - 07/10/2024 18:00:00","BZN|BE","Without sequence","104.54","",""
"07/10/2024 18:00:00 - 07/10/2024 19:00:00","BZN|BE","Without sequence","159.2","",""
"07/10/2024 19:00:00 - 07/10/2024 20:00:00","BZN|BE","Without sequence","149.41","",""
"07/10/2024 20:00:00 - 07/10/2024 21:00:00","BZN|BE","Without sequence","121.49","",""
"07/10/2024 21:00:00 - 07/10/2024 22:00:00","BZN|BE","Without sequence","90.0","",""
"07/10/2024 22:00:00 - 07/10/2024 23:00:00","BZN|BE","Without sequence","90.44","",""
"07/10/2024 23:00:00 - 08/10/2024 00:00:00","BZN|BE","Without sequence","77.18","",""
"08/10/2024 00:00:00 - 08/10/2024 01:00:00","BZN|BE","Without sequence","64.98","",""
"08/10/2024 01:00:00 - 08/10/2024 02:00:00","BZN|BE","Without sequence","57.86","",""
"08/10/2024 02:00:00 - 08/10/2024 03:00:00","BZN|BE","Without sequence","53.73","",""
"08/10/2024 03:00:00 - 08/10/2024 04:00:00","BZN|BE","Without sequence","47.52","",""
"08/10/2024 04:00:00 - 08/10/2024 05:00:00","BZN|BE","Without sequence","47.05","",""
"08/10/2024 05:00:00 - 08/10/2024 06:00:00","BZN|BE","Without sequence","56.89","",""
"08/10/2024 06:00:00 - 08/10/2024 07:00:00","BZN|BE","Without sequence","77.77","",""
"08/10/2024 07:00:00 - 08/10/2024 08:00:00","BZN|BE","Without sequence","88.24","",""
"08/10/2024 08:00:00 - 08/10/2024 09:00:00","BZN|BE","Without sequence","100.0","",""
"08/10/2024 09:00:00 - 08/10/2024 10:00:00","BZN|BE","Without sequence","84.92","",""
"08/10/2024 10:00:00 - 08/10/2024 11:00:00","BZN|BE","Without sequence","74.6","",""
"08/10/2024 11:00:00 - 08/10/2024 12:00:00","BZN|BE","Without sequence","68.82","",""
"08/10/2024 12:00:00 - 08/10/2024 13:00:00","BZN|BE","Without sequence","60.56","",""
"08/10/2024 13:00:00 - 08/10/2024 14:00:00","BZN|BE","Without sequence","63.86","",""
"08/10/2024 14:00:00 - 08/10/2024 15:00:00","BZN|BE","Without sequence","68.1","",""
"08/10/2024 15:00:00 - 08/10/2024 16:00:00","BZN|BE","Without sequence","68.37","",""
"08/10/2024 16:00:00 - 08/10/2024 17:00:00","BZN|BE","Without sequence","76.35","",""
"08/10/2024 17:00:00 - 08/10/2024 18:00:00","BZN|BE","Without sequence","54.04","",""
"08/10/2024 18:00:00 - 08/10/2024 19:00:00","BZN|BE","Without sequence","98.97","",""
"08/10/2024 19:00:00 - 08/10/2024 20:00:00","BZN|BE","Without sequence","115.47","",""
"08/10/2024 20:00:00 - 08/10/2024 21:00:00","BZN|BE","Without sequence","86.85","",""
"08/10/2024 21:00:00 - 08/10/2024 22:00:00","BZN|BE","Without sequence","69.59","",""
"08/10/2024 22:00:00 - 08/10/2024 23:00:00","BZN|BE","Without sequence","57.42","",""
"08/10/2024 23:00:00 - 09/10/2024 00:00:00","BZN|BE","Without sequence","50.0","",""
"09/10/2024 00:00:00 - 09/10/2024 01:00:00","BZN|BE","Without sequence","37.56","",""
"09/10/2024 01:00:00 - 09/10/2024 02:00:00","BZN|BE","Without sequence","27.33","",""
"09/10/2024 02:00:00 - 09/10/2024 03:00:00","BZN|BE","Without sequence","25.04","",""
"09/10/2024 03:00:00 - 09/10/2024 04:00:00","BZN|BE","Without sequence","22.87","",""
"09/10/2024 04:00:00 - 09/10/2024 05:00:00","BZN|BE","Without sequence","24.12","",""
"09/10/2024 05:00:00 - 09/10/2024 06:00:00","BZN|BE","Without sequence","34.33","",""
"09/10/2024 06:00:00 - 09/10/2024 07:00:00","BZN|BE","Without sequence","70.8","",""
"09/10/2024 07:00:00 - 09/10/2024 08:00:00","BZN|BE","Without sequence","67.79","",""
"09/10/2024 08:00:00 - 09/10/2024 09:00:00","BZN|BE","Without sequence","78.89","",""
"09/10/2024 09:00:00 - 09/10/2024 10:00:00","BZN|BE","Without sequence","79.34","",""
"09/10/2024 10:00:00 - 09/10/2024 11:00:00","BZN|BE","Without sequence","62.66","",""
"09/10/2024 11:00:00 - 09/10/2024 12:00:00","BZN|BE","Without sequence","52.6","",""
"09/10/2024 12:00:00 - 09/10/2024 13:00:00","BZN|BE","Without sequence","53.76","",""
"09/10/2024 13:00:00 - 09/10/2024 14:00:00","BZN|BE","Without sequence","52.32","",""
"09/10/2024 14:00:00 - 09/10/2024 15:00:00","BZN|BE","Without sequence","61.28","",""
"09/10/2024 15:00:00 - 09/10/2024 16:00:00","BZN|BE","Without sequence","73.62","",""
"09/10/2024 16:00:00 - 09/10/2024 17:00:00","BZN|BE","Without sequence","61.12","",""
"09/10/2024 17:00:00 - 09/10/2024 18:00:00","BZN|BE","Without sequence","80.0","",""
"09/10/2024 18:00:00 - 09/10/2024 19:00:00","BZN|BE","Without sequence","115.39","",""
"09/10/2024 19:00:00 - 09/10/2024 20:00:00","BZN|BE","Without sequence","126.8","",""
"09/10/2024 20:00:00 - 09/10/2024 21:00:00","BZN|BE","Without sequence","109.26","",""
"09/10/2024 21:00:00 - 09/10/2024 22:00:00","BZN|BE","Without sequence","93.39","",""
"09/10/2024 22:00:00 - 09/10/2024 23:00:00","BZN|BE","Without sequence","92.22","",""
"09/10/2024 23:00:00 - 10/10/2024 00:00:00","BZN|BE","Without sequence","75.38","",""
"10/10/2024 00:00:00 - 10/10/2024 01:00:00","BZN|BE","Without sequence","53.84","",""
"10/10/2024 01:00:00 - 10/10/2024 02:00:00","BZN|BE","Without sequence","27.99","",""
"10/10/2024 02:00:00 - 10/10/2024 03:00:00","BZN|BE","Without sequence","25.92","",""
"10/10/2024 03:00:00 - 10/10/2024 04:00:00","BZN|BE","Without sequence","25.83","",""
"10/10/2024 04:00:00 - 10/10/2024 05:00:00","BZN|BE","Without sequence","13.87","",""
"10/10/2024 05:00:00 - 10/10/2024 06:00:00","BZN|BE","Without sequence","16.36","",""
"10/10/2024 06:00:00 - 10/10/2024 07:00:00","BZN|BE","Without sequence","40.61","",""
"10/10/2024 07:00:00 - 10/10/2024 08:00:00","BZN|BE","Without sequence","76.42","",""
"10/10/2024 08:00:00 - 10/10/2024 09:00:00","BZN|BE","Without sequence","80.46","",""
"10/10/2024 09:00:00 - 10/10/2024 10:00:00","BZN|BE","Without sequence","67.5","",""
"10/10/2024 10:00:00 - 10/10/2024 11:00:00","BZN|BE","Without sequence","52.01","",""
"10/10/2024 11:00:00 - 10/10/2024 12:00:00","BZN|BE","Without sequence","38.93","",""
"10/10/2024 12:00:00 - 10/10/2024 13:00:00","BZN|BE","Without sequence","21.89","",""
"10/10/2024 13:00:00 - 10/10/2024 14:00:00","BZN|BE","Without sequence","15.95","",""
"10/10/2024 14:00:00 - 10/10/2024 15:00:00","BZN|BE","Without sequence","20.01","",""
"10/10/2024 15:00:00 - 10/10/2024 16:00:00","BZN|BE","Without sequence","38.37","",""
"10/10/2024 16:00:00 - 10/10/2024 17:00:00","BZN|BE","Without sequence","57.66","",""
"10/10/2024 17:00:00 - 10/10/2024 18:00:00","BZN|BE","Without sequence","85.68","",""
"10/10/2024 18:00:00 - 10/10/2024 19:00:00","BZN|BE","Without sequence","102.11","",""
"10/10/2024 19:00:00 - 10/10/2024 20:00:00","BZN|BE","Without sequence","134.99","",""
"10/10/2024 20:00:00 - 10/10/2024 21:00:00","BZN|BE","Without sequence","110.87","",""
"10/10/2024 21:00:00 - 10/10/2024 22:00:00","BZN|BE","Without sequence","90.41","",""
"10/10/2024 22:00:00 - 10/10/2024 23:00:00","BZN|BE","Without sequence","89.12","",""
"10/10/2024 23:00:00 - 11/10/2024 00:00:00","BZN|BE","Without sequence","76.05","",""
"11/10/2024 00:00:00 - 11/10/2024 01:00:00","BZN|BE","Without sequence","81.34","",""
"11/10/2024 01:00:00 - 11/10/2024 02:00:00","BZN|BE","Without sequence","75.6","",""
"11/10/2024 02:00:00 - 11/10/2024 03:00:00","BZN|BE","Without sequence","74.64","",""
"11/10/2024 03:00:00 - 11/10/2024 04:00:00","BZN|BE","Without sequence","67.91","",""
"11/10/2024 04:00:00 - 11/10/2024 05:00:00","BZN|BE","Without sequence","68.8","",""
"11/10/2024 05:00:00 - 11/10/2024 06:00:00","BZN|BE","Without sequence","75.09","",""
"11/10/2024 06:00:00 - 11/10/2024 07:00:00","BZN|BE","Without sequence","99.95","",""
"11/10/2024 07:00:00 - 11/10/2024 08:00:00","BZN|BE","Without sequence","140.41","",""
"11/10/2024 08:00:00 - 11/10/2024 09:00:00","BZN|BE","Without sequence","155.49","",""
"11/10/2024 09:00:00 - 11/10/2024 10:00:00","BZN|BE","Without sequence","110.01","",""
"11/10/2024 10:00:00 - 11/10/2024 11:00:00","BZN|BE","Without sequence","90.0","",""
"11/10/2024 11:00:00 - 11/10/2024 12:00:00","BZN|BE","Without sequence","72.35","",""
"11/10/2024 12:00:00 - 11/10/2024 13:00:00","BZN|BE","Without sequence","61.65","",""
"11/10/2024 13:00:00 - 11/10/2024 14:00:00","BZN|BE","Without sequence","57.17","",""
"11/10/2024 14:00:00 - 11/10/2024 15:00:00","BZN|BE","Without sequence","59.56","",""
"11/10/2024 15:00:00 - 11/10/2024 16:00:00","BZN|BE","Without sequence","66.95","",""
"11/10/2024 16:00:00 - 11/10/2024 17:00:00","BZN|BE","Without sequence","76.3","",""
"11/10/2024 17:00:00 - 11/10/2024 18:00:00","BZN|BE","Without sequence","89.53","",""
"11/10/2024 18:00:00 - 11/10/2024 19:00:00","BZN|BE","Without sequence","123.03","",""
"11/10/2024 19:00:00 - 11/10/2024 20:00:00","BZN|BE","Without sequence","162.61","",""
"11/10/2024 20:00:00 - 11/10/2024 21:00:00","BZN|BE","Without sequence","114.21","",""
"11/10/2024 21:00:00 - 11/10/2024 22:00:00","BZN|BE","Without sequence","97.17","",""
"11/10/2024 22:00:00 - 11/10/2024 23:00:00","BZN|BE","Without sequence","97.73","",""
"11/10/2024 23:00:00 - 12/10/2024 00:00:00","BZN|BE","Without sequence","87.98","",""
"12/10/2024 00:00:00 - 12/10/2024 01:00:00","BZN|BE","Without sequence","87.11","",""
"12/10/2024 01:00:00 - 12/10/2024 02:00:00","BZN|BE","Without sequence","77.49","",""
"12/10/2024 02:00:00 - 12/10/2024 03:00:00","BZN|BE","Without sequence","73.14","",""
"12/10/2024 03:00:00 - 12/10/2024 04:00:00","BZN|BE","Without sequence","71.82","",""
"12/10/2024 04:00:00 - 12/10/2024 05:00:00","BZN|BE","Without sequence","68.99","",""
"12/10/2024 05:00:00 - 12/10/2024 06:00:00","BZN|BE","Without sequence","67.32","",""
"12/10/2024 06:00:00 - 12/10/2024 07:00:00","BZN|BE","Without sequence","70.03","",""
"12/10/2024 07:00:00 - 12/10/2024 08:00:00","BZN|BE","Without sequence","79.4","",""
"12/10/2024 08:00:00 - 12/10/2024 09:00:00","BZN|BE","Without sequence","79.54","",""
"12/10/2024 09:00:00 - 12/10/2024 10:00:00","BZN|BE","Without sequence","76.75","",""
"12/10/2024 10:00:00 - 12/10/2024 11:00:00","BZN|BE","Without sequence","69.38","",""
"12/10/2024 11:00:00 - 12/10/2024 12:00:00","BZN|BE","Without sequence","56.42","",""
"12/10/2024 12:00:00 - 12/10/2024 13:00:00","BZN|BE","Without sequence","42.24","",""
"12/10/2024 13:00:00 - 12/10/2024 14:00:00","BZN|BE","Without sequence","26.75","",""
"12/10/2024 14:00:00 - 12/10/2024 15:00:00","BZN|BE","Without sequence","23.34","",""
"12/10/2024 15:00:00 - 12/10/2024 16:00:00","BZN|BE","Without sequence","46.35","",""
"12/10/2024 16:00:00 - 12/10/2024 17:00:00","BZN|BE","Without sequence","61.55","",""
"12/10/2024 17:00:00 - 12/10/2024 18:00:00","BZN|BE","Without sequence","77.38","",""
"12/10/2024 18:00:00 - 12/10/2024 19:00:00","BZN|BE","Without sequence","83.38","",""
"12/10/2024 19:00:00 - 12/10/2024 20:00:00","BZN|BE","Without sequence","80.37","",""
"12/10/2024 20:00:00 - 12/10/2024 21:00:00","BZN|BE","Without sequence","60.75","",""
"12/10/2024 21:00:00 - 12/10/2024 22:00:00","BZN|BE","Without sequence","45.42","",""
"12/10/2024 22:00:00 - 12/10/2024 23:00:00","BZN|BE","Without sequence","34.87","",""
"12/10/2024 23:00:00 - 13/10/2024 00:00:00","BZN|BE","Without sequence","25.37","",""
"13/10/2024 00:00:00 - 13/10/2024 01:00:00","BZN|BE","Without sequence","0.0","",""
"13/10/2024 01:00:00 - 13/10/2024 02:00:00","BZN|BE","Without sequence","-0.01","",""
"13/10/2024 02:00:00 - 13/10/2024 03:00:00","BZN|BE","Without sequence","-0.07","",""
"13/10/2024 03:00:00 - 13/10/2024 04:00:00","BZN|BE","Without sequence","-0.37","",""
"13/10/2024 04:00:00 - 13/10/2024 05:00:00","BZN|BE","Without sequence","-0.51","",""
"13/10/2024 05:00:00 - 13/10/2024 06:00:00","BZN|BE","Without sequence","-0.09","",""
"13/10/2024 06:00:00 - 13/10/2024 07:00:00","BZN|BE","Without sequence","-0.13","",""
"13/10/2024 07:00:00 - 13/10/2024 08:00:00","BZN|BE","Without sequence","0.63","",""
"13/10/2024 08:00:00 - 13/10/2024 09:00:00","BZN|BE","Without sequence","16.62","",""
"13/10/2024 09:00:00 - 13/10/2024 10:00:00","BZN|BE","Without sequence","4.81","",""
"13/10/2024 10:00:00 - 13/10/2024 11:00:00","BZN|BE","Without sequence","1.73","",""
"13/10/2024 11:00:00 - 13/10/2024 12:00:00","BZN|BE","Without sequence","-0.12","",""
"13/10/2024 12:00:00 - 13/10/2024 13:00:00","BZN|BE","Without sequence","-3.83","",""
"13/10/2024 13:00:00 - 13/10/2024 14:00:00","BZN|BE","Without sequence","-3.79","",""
"13/10/2024 14:00:00 - 13/10/2024 15:00:00","BZN|BE","Without sequence","-3.94","",""
"13/10/2024 15:00:00 - 13/10/2024 16:00:00","BZN|BE","Without sequence","3.42","",""
"13/10/2024 16:00:00 - 13/10/2024 17:00:00","BZN|BE","Without sequence","10.79","",""
"13/10/2024 17:00:00 - 13/10/2024 18:00:00","BZN|BE","Without sequence","44.26","",""
"13/10/2024 18:00:00 - 13/10/2024 19:00:00","BZN|BE","Without sequence","73.35","",""
"13/10/2024 19:00:00 - 13/10/2024 20:00:00","BZN|BE","Without sequence","90.0","",""
"13/10/2024 20:00:00 - 13/10/2024 21:00:00","BZN|BE","Without sequence","72.29","",""
"13/10/2024 21:00:00 - 13/10/2024 22:00:00","BZN|BE","Without sequence","65.15","",""
"13/10/2024 22:00:00 - 13/10/2024 23:00:00","BZN|BE","Without sequence","63.28","",""
"13/10/2024 23:00:00 - 14/10/2024 00:00:00","BZN|BE","Without sequence","60.5","",""
"14/10/2024 00:00:00 - 14/10/2024 01:00:00","BZN|BE","Without sequence","61.36","",""
"14/10/2024 01:00:00 - 14/10/2024 02:00:00","BZN|BE","Without sequence","51.5","",""
"14/10/2024 02:00:00 - 14/10/2024 03:00:00","BZN|BE","Without sequence","52.4","",""
"14/10/2024 03:00:00 - 14/10/2024 04:00:00","BZN|BE","Without sequence","50.45","",""
"14/10/2024 04:00:00 - 14/10/2024 05:00:00","BZN|BE","Without sequence","48.89","",""
"14/10/2024 05:00:00 - 14/10/2024 06:00:00","BZN|BE","Without sequence","62.2","",""
"14/10/2024 06:00:00 - 14/10/2024 07:00:00","BZN|BE","Without sequence","98.73","",""
"14/10/2024 07:00:00 - 14/10/2024 08:00:00","BZN|BE","Without sequence","121.35","",""
"14/10/2024 08:00:00 - 14/10/2024 09:00:00","BZN|BE","Without sequence","146.73","",""
"14/10/2024 09:00:00 - 14/10/2024 10:00:00","BZN|BE","Without sequence","125.58","",""
"14/10/2024 10:00:00 - 14/10/2024 11:00:00","BZN|BE","Without sequence","103.0","",""
"14/10/2024 11:00:00 - 14/10/2024 12:00:00","BZN|BE","Without sequence","97.22","",""
"14/10/2024 12:00:00 - 14/10/2024 13:00:00","BZN|BE","Without sequence","91.56","",""
"14/10/2024 13:00:00 - 14/10/2024 14:00:00","BZN|BE","Without sequence","86.96","",""
"14/10/2024 14:00:00 - 14/10/2024 15:00:00","BZN|BE","Without sequence","74.16","",""
"14/10/2024 15:00:00 - 14/10/2024 16:00:00","BZN|BE","Without sequence","86.4","",""
"14/10/2024 16:00:00 - 14/10/2024 17:00:00","BZN|BE","Without sequence","96.41","",""
"14/10/2024 17:00:00 - 14/10/2024 18:00:00","BZN|BE","Without sequence","137.12","",""
"14/10/2024 18:00:00 - 14/10/2024 19:00:00","BZN|BE","Without sequence","202.4","",""
"14/10/2024 19:00:00 - 14/10/2024 20:00:00","BZN|BE","Without sequence","226.02","",""
"14/10/2024 20:00:00 - 14/10/2024 21:00:00","BZN|BE","Without sequence","158.0","",""
"14/10/2024 21:00:00 - 14/10/2024 22:00:00","BZN|BE","Without sequence","110.99","",""
"14/10/2024 22:00:00 - 14/10/2024 23:00:00","BZN|BE","Without sequence","99.66","",""
"14/10/2024 23:00:00 - 15/10/2024 00:00:00","BZN|BE","Without sequence","94.8","",""
"15/10/2024 00:00:00 - 15/10/2024 01:00:00","BZN|BE","Without sequence","84.41","",""
"15/10/2024 01:00:00 - 15/10/2024 02:00:00","BZN|BE","Without sequence","82.02","",""
"15/10/2024 02:00:00 - 15/10/2024 03:00:00","BZN|BE","Without sequence","79.16","",""
"15/10/2024 03:00:00 - 15/10/2024 04:00:00","BZN|BE","Without sequence","75.96","",""
"15/10/2024 04:00:00 - 15/10/2024 05:00:00","BZN|BE","Without sequence","68.33","",""
"15/10/2024 05:00:00 - 15/10/2024 06:00:00","BZN|BE","Without sequence","74.68","",""
"15/10/2024 06:00:00 - 15/10/2024 07:00:00","BZN|BE","Without sequence","84.99","",""
"15/10/2024 07:00:00 - 15/10/2024 08:00:00","BZN|BE","Without sequence","131.27","",""
"15/10/2024 08:00:00 - 15/10/2024 09:00:00","BZN|BE","Without sequence","146.0","",""
"15/10/2024 09:00:00 - 15/10/2024 10:00:00","BZN|BE","Without sequence","110.52","",""
"15/10/2024 10:00:00 - 15/10/2024 11:00:00","BZN|BE","Without sequence","92.74","",""
"15/10/2024 11:00:00 - 15/10/2024 12:00:00","BZN|BE","Without sequence","83.05","",""
"15/10/2024 12:00:00 - 15/10/2024 13:00:00","BZN|BE","Without sequence","78.47","",""
"15/10/2024 13:00:00 - 15/10/2024 14:00:00","BZN|BE","Without sequence","70.78","",""
"15/10/2024 14:00:00 - 15/10/2024 15:00:00","BZN|BE","Without sequence","68.17","",""
"15/10/2024 15:00:00 - 15/10/2024 16:00:00","BZN|BE","Without sequence","73.4","",""
"15/10/2024 16:00:00 - 15/10/2024 17:00:00","BZN|BE","Without sequence","73.79","",""
"15/10/2024 17:00:00 - 15/10/2024 18:00:00","BZN|BE","Without sequence","86.88","",""
"15/10/2024 18:00:00 - 15/10/2024 19:00:00","BZN|BE","Without sequence","103.73","",""
"15/10/2024 19:00:00 - 15/10/2024 20:00:00","BZN|BE","Without sequence","101.72","",""
"15/10/2024 20:00:00 - 15/10/2024 21:00:00","BZN|BE","Without sequence","69.98","",""
"15/10/2024 21:00:00 - 15/10/2024 22:00:00","BZN|BE","Without sequence","57.71","",""
"15/10/2024 22:00:00 - 15/10/2024 23:00:00","BZN|BE","Without sequence","60.02","",""
"15/10/2024 23:00:00 - 16/10/2024 00:00:00","BZN|BE","Without sequence","42.92","",""
"16/10/2024 00:00:00 - 16/10/2024 01:00:00","BZN|BE","Without sequence","26.52","",""
"16/10/2024 01:00:00 - 16/10/2024 02:00:00","BZN|BE","Without sequence","12.8","",""
"16/10/2024 02:00:00 - 16/10/2024 03:00:00","BZN|BE","Without sequence","5.3","",""
"16/10/2024 03:00:00 - 16/10/2024 04:00:00","BZN|BE","Without sequence","3.61","",""
"16/10/2024 04:00:00 - 16/10/2024 05:00:00","BZN|BE","Without sequence","2.69","",""
"16/10/2024 05:00:00 - 16/10/2024 06:00:00","BZN|BE","Without sequence","9.08","",""
"16/10/2024 06:00:00 - 16/10/2024 07:00:00","BZN|BE","Without sequence","43.09","",""
"16/10/2024 07:00:00 - 16/10/2024 08:00:00","BZN|BE","Without sequence","51.26","",""
"16/10/2024 08:00:00 - 16/10/2024 09:00:00","BZN|BE","Without sequence","66.52","",""
"16/10/2024 09:00:00 - 16/10/2024 10:00:00","BZN|BE","Without sequence","54.29","",""
"16/10/2024 10:00:00 - 16/10/2024 11:00:00","BZN|BE","Without sequence","26.68","",""
"16/10/2024 11:00:00 - 16/10/2024 12:00:00","BZN|BE","Without sequence","14.16","",""
"16/10/2024 12:00:00 - 16/10/2024 13:00:00","BZN|BE","Without sequence","4.09","",""
"16/10/2024 13:00:00 - 16/10/2024 14:00:00","BZN|BE","Without sequence","2.04","",""
"16/10/2024 14:00:00 - 16/10/2024 15:00:00","BZN|BE","Without sequence","4.0","",""
"16/10/2024 15:00:00 - 16/10/2024 16:00:00","BZN|BE","Without sequence","14.18","",""
"16/10/2024 16:00:00 - 16/10/2024 17:00:00","BZN|BE","Without sequence","40.32","",""
"16/10/2024 17:00:00 - 16/10/2024 18:00:00","BZN|BE","Without sequence","67.14","",""
"16/10/2024 18:00:00 - 16/10/2024 19:00:00","BZN|BE","Without sequence","84.24","",""
"16/10/2024 19:00:00 - 16/10/2024 20:00:00","BZN|BE","Without sequence","89.42","",""
"16/10/2024 20:00:00 - 16/10/2024 21:00:00","BZN|BE","Without sequence","63.53","",""
"16/10/2024 21:00:00 - 16/10/2024 22:00:00","BZN|BE","Without sequence","54.19","",""
"16/10/2024 22:00:00 - 16/10/2024 23:00:00","BZN|BE","Without sequence","35.14","",""
"16/10/2024 23:00:00 - 17/10/2024 00:00:00","BZN|BE","Without sequence","26.54","",""
"17/10/2024 00:00:00 - 17/10/2024 01:00:00","BZN|BE","Without sequence","17.04","",""
"17/10/2024 01:00:00 - 17/10/2024 02:00:00","BZN|BE","Without sequence","12.15","",""
"17/10/2024 02:00:00 - 17/10/2024 03:00:00","BZN|BE","Without sequence","10.48","",""
"17/10/2024 03:00:00 - 17/10/2024 04:00:00","BZN|BE","Without sequence","5.61","",""
"17/10/2024 04:00:00 - 17/10/2024 05:00:00","BZN|BE","Without sequence","10.01","",""
"17/10/2024 05:00:00 - 17/10/2024 06:00:00","BZN|BE","Without sequence","26.39","",""
"17/10/2024 06:00:00 - 17/10/2024 07:00:00","BZN|BE","Without sequence","66.29","",""
"17/10/2024 07:00:00 - 17/10/2024 08:00:00","BZN|BE","Without sequence","91.15","",""
"17/10/2024 08:00:00 - 17/10/2024 09:00:00","BZN|BE","Without sequence","90.38","",""
"17/10/2024 09:00:00 - 17/10/2024 10:00:00","BZN|BE","Without sequence","87.46","",""
"17/10/2024 10:00:00 - 17/10/2024 11:00:00","BZN|BE","Without sequence","81.0","",""
"17/10/2024 11:00:00 - 17/10/2024 12:00:00","BZN|BE","Without sequence","72.12","",""
"17/10/2024 12:00:00 - 17/10/2024 13:00:00","BZN|BE","Without sequence","66.0","",""
"17/10/2024 13:00:00 - 17/10/2024 14:00:00","BZN|BE","Without sequence","65.54","",""
"17/10/2024 14:00:00 - 17/10/2024 15:00:00","BZN|BE","Without sequence","69.47","",""
"17/10/2024 15:00:00 - 17/10/2024 16:00:00","BZN|BE","Without sequence","74.74","",""
"17/10/2024 16:00:00 - 17/10/2024 17:00:00","BZN|BE","Without sequence","92.94","",""
"17/10/2024 17:00:00 - 17/10/2024 18:00:00","BZN|BE","Without sequence","115.6","",""
"17/10/2024 18:00:00 - 17/10/2024 19:00:00","BZN|BE","Without sequence","151.32","",""
"17/10/2024 19:00:00 - 17/10/2024 20:00:00","BZN|BE","Without sequence","153.96","",""
"17/10/2024 20:00:00 - 17/10/2024 21:00:00","BZN|BE","Without sequence","109.49","",""
"17/10/2024 21:00:00 - 17/10/2024 22:00:00","BZN|BE","Without sequence","96.52","",""
"17/10/2024 22:00:00 - 17/10/2024 23:00:00","BZN|BE","Without sequence","90.0","",""
"17/10/2024 23:00:00 - 18/10/2024 00:00:00","BZN|BE","Without sequence","90.0","",""
"18/10/2024 00:00:00 - 18/10/2024 01:00:00","BZN|BE","Without sequence","83.03","",""
"18/10/2024 01:00:00 - 18/10/2024 02:00:00","BZN|BE","Without sequence","83.03","",""
"18/10/2024 02:00:00 - 18/10/2024 03:00:00","BZN|BE","Without sequence","85.92","",""
"18/10/2024 03:00:00 - 18/10/2024 04:00:00","BZN|BE","Without sequence","78.5","",""
"18/10/2024 04:00:00 - 18/10/2024 05:00:00","BZN|BE","Without sequence","81.87","",""
"18/10/2024 05:00:00 - 18/10/2024 06:00:00","BZN|BE","Without sequence","84.01","",""
"18/10/2024 06:00:00 - 18/10/2024 07:00:00","BZN|BE","Without sequence","93.87","",""
"18/10/2024 07:00:00 - 18/10/2024 08:00:00","BZN|BE","Without sequence","127.01","",""
"18/10/2024 08:00:00 - 18/10/2024 09:00:00","BZN|BE","Without sequence","148.5","",""
"18/10/2024 09:00:00 - 18/10/2024 10:00:00","BZN|BE","Without sequence","116.07","",""
"18/10/2024 10:00:00 - 18/10/2024 11:00:00","BZN|BE","Without sequence","103.45","",""
"18/10/2024 11:00:00 - 18/10/2024 12:00:00","BZN|BE","Without sequence","91.0","",""
"18/10/2024 12:00:00 - 18/10/2024 13:00:00","BZN|BE","Without sequence","93.7","",""
"18/10/2024 13:00:00 - 18/10/2024 14:00:00","BZN|BE","Without sequence","85.49","",""
"18/10/2024 14:00:00 - 18/10/2024 15:00:00","BZN|BE","Without sequence","90.53","",""
"18/10/2024 15:00:00 - 18/10/2024 16:00:00","BZN|BE","Without sequence","84.48","",""
"18/10/2024 16:00:00 - 18/10/2024 17:00:00","BZN|BE","Without sequence","95.2","",""
"18/10/2024 17:00:00 - 18/10/2024 18:00:00","BZN|BE","Without sequence","122.18","",""
"18/10/2024 18:00:00 - 18/10/2024 19:00:00","BZN|BE","Without sequence","163.14","",""
"18/10/2024 19:00:00 - 18/10/2024 20:00:00","BZN|BE","Without sequence","142.6","",""
"18/10/2024 20:00:00 - 18/10/2024 21:00:00","BZN|BE","Without sequence","103.25","",""
"18/10/2024 21:00:00 - 18/10/2024 22:00:00","BZN|BE","Without sequence","96.84","",""
"18/10/2024 22:00:00 - 18/10/2024 23:00:00","BZN|BE","Without sequence","100.6","",""
"18/10/2024 23:00:00 - 19/10/2024 00:00:00","BZN|BE","Without sequence","85.61","",""
"19/10/2024 00:00:00 - 19/10/2024 01:00:00","BZN|BE","Without sequence","87.86","",""
"19/10/2024 01:00:00 - 19/10/2024 02:00:00","BZN|BE","Without sequence","84.64","",""
"19/10/2024 02:00:00 - 19/10/2024 03:00:00","BZN|BE","Without sequence","81.33","",""
"19/10/2024 03:00:00 - 19/10/2024 04:00:00","BZN|BE","Without sequence","76.29","",""
"19/10/2024 04:00:00 - 19/10/2024 05:00:00","BZN|BE","Without sequence","77.55","",""
"19/10/2024 05:00:00 - 19/10/2024 06:00:00","BZN|BE","Without sequence","78.04","",""
"19/10/2024 06:00:00 - 19/10/2024 07:00:00","BZN|BE","Without sequence","80.41","",""
"19/10/2024 07:00:00 - 19/10/2024 08:00:00","BZN|BE","Without sequence","65.94","",""
"19/10/2024 08:00:00 - 19/10/2024 09:00:00","BZN|BE","Without sequence","94.2","",""
"19/10/2024 09:00:00 - 19/10/2024 10:00:00","BZN|BE","Without sequence","76.44","",""
"19/10/2024 10:00:00 - 19/10/2024 11:00:00","BZN|BE","Without sequence","64.03","",""
"19/10/2024 11:00:00 - 19/10/2024 12:00:00","BZN|BE","Without sequence","56.71","",""
"19/10/2024 12:00:00 - 19/10/2024 13:00:00","BZN|BE","Without sequence","51.68","",""
"19/10/2024 13:00:00 - 19/10/2024 14:00:00","BZN|BE","Without sequence","42.95","",""
"19/10/2024 14:00:00 - 19/10/2024 15:00:00","BZN|BE","Without sequence","41.2","",""
"19/10/2024 15:00:00 - 19/10/2024 16:00:00","BZN|BE","Without sequence","46.15","",""
"19/10/2024 16:00:00 - 19/10/2024 17:00:00","BZN|BE","Without sequence","57.07","",""
"19/10/2024 17:00:00 - 19/10/2024 18:00:00","BZN|BE","Without sequence","70.0","",""
"19/10/2024 18:00:00 - 19/10/2024 19:00:00","BZN|BE","Without sequence","93.89","",""
"19/10/2024 19:00:00 - 19/10/2024 20:00:00","BZN|BE","Without sequence","96.69","",""
"19/10/2024 20:00:00 - 19/10/2024 21:00:00","BZN|BE","Without sequence","84.35","",""
"19/10/2024 21:00:00 - 19/10/2024 22:00:00","BZN|BE","Without sequence","75.8","",""
"19/10/2024 22:00:00 - 19/10/2024 23:00:00","BZN|BE","Without sequence","78.81","",""
"19/10/2024 23:00:00 - 20/10/2024 00:00:00","BZN|BE","Without sequence","73.33","",""
"20/10/2024 00:00:00 - 20/10/2024 01:00:00","BZN|BE","Without sequence","47.33","",""
"20/10/2024 01:00:00 - 20/10/2024 02:00:00","BZN|BE","Without sequence","43.11","",""
"20/10/2024 02:00:00 - 20/10/2024 03:00:00","BZN|BE","Without sequence","42.9","",""
"20/10/2024 03:00:00 - 20/10/2024 04:00:00","BZN|BE","Without sequence","38.64","",""
"20/10/2024 04:00:00 - 20/10/2024 05:00:00","BZN|BE","Without sequence","39.61","",""
"20/10/2024 05:00:00 - 20/10/2024 06:00:00","BZN|BE","Without sequence","41.52","",""
"20/10/2024 06:00:00 - 20/10/2024 07:00:00","BZN|BE","Without sequence","38.65","",""
"20/10/2024 07:00:00 - 20/10/2024 08:00:00","BZN|BE","Without sequence","44.72","",""
"20/10/2024 08:00:00 - 20/10/2024 09:00:00","BZN|BE","Without sequence","42.93","",""
"20/10/2024 09:00:00 - 20/10/2024 10:00:00","BZN|BE","Without sequence","30.77","",""
"20/10/2024 10:00:00 - 20/10/2024 11:00:00","BZN|BE","Without sequence","6.37","",""
"20/10/2024 11:00:00 - 20/10/2024 12:00:00","BZN|BE","Without sequence","0.08","",""
"20/10/2024 12:00:00 - 20/10/2024 13:00:00","BZN|BE","Without sequence","0.0","",""
"20/10/2024 13:00:00 - 20/10/2024 14:00:00","BZN|BE","Without sequence","-0.98","",""
"20/10/2024 14:00:00 - 20/10/2024 15:00:00","BZN|BE","Without sequence","-2.01","",""
"20/10/2024 15:00:00 - 20/10/2024 16:00:00","BZN|BE","Without sequence","0.0","",""
"20/10/2024 16:00:00 - 20/10/2024 17:00:00","BZN|BE","Without sequence","2.75","",""
"20/10/2024 17:00:00 - 20/10/2024 18:00:00","BZN|BE","Without sequence","35.25","",""
"20/10/2024 18:00:00 - 20/10/2024 19:00:00","BZN|BE","Without sequence","41.26","",""
"20/10/2024 19:00:00 - 20/10/2024 20:00:00","BZN|BE","Without sequence","46.49","",""
"20/10/2024 20:00:00 - 20/10/2024 21:00:00","BZN|BE","Without sequence","35.53","",""
"20/10/2024 21:00:00 - 20/10/2024 22:00:00","BZN|BE","Without sequence","22.5","",""
"20/10/2024 22:00:00 - 20/10/2024 23:00:00","BZN|BE","Without sequence","13.15","",""
"20/10/2024 23:00:00 - 21/10/2024 00:00:00","BZN|BE","Without sequence","2.09","",""
"21/10/2024 00:00:00 - 21/10/2024 01:00:00","BZN|BE","Without sequence","0.35","",""
"21/10/2024 01:00:00 - 21/10/2024 02:00:00","BZN|BE","Without sequence","-0.03","",""
"21/10/2024 02:00:00 - 21/10/2024 03:00:00","BZN|BE","Without sequence","-0.08","",""
"21/10/2024 03:00:00 - 21/10/2024 04:00:00","BZN|BE","Without sequence","-0.04","",""
"21/10/2024 04:00:00 - 21/10/2024 05:00:00","BZN|BE","Without sequence","0.09","",""
"21/10/2024 05:00:00 - 21/10/2024 06:00:00","BZN|BE","Without sequence","5.91","",""
"21/10/2024 06:00:00 - 21/10/2024 07:00:00","BZN|BE","Without sequence","44.88","",""
"21/10/2024 07:00:00 - 21/10/2024 08:00:00","BZN|BE","Without sequence","96.17","",""
"21/10/2024 08:00:00 - 21/10/2024 09:00:00","BZN|BE","Without sequence","120.31","",""
"21/10/2024 09:00:00 - 21/10/2024 10:00:00","BZN|BE","Without sequence","103.9","",""
"21/10/2024 10:00:00 - 21/10/2024 11:00:00","BZN|BE","Without sequence","89.63","",""
"21/10/2024 11:00:00 - 21/10/2024 12:00:00","BZN|BE","Without sequence","82.57","",""
"21/10/2024 12:00:00 - 21/10/2024 13:00:00","BZN|BE","Without sequence","75.82","",""
"21/10/2024 13:00:00 - 21/10/2024 14:00:00","BZN|BE","Without sequence","81.6","",""
"21/10/2024 14:00:00 - 21/10/2024 15:00:00","BZN|BE","Without sequence","81.44","",""
"21/10/2024 15:00:00 - 21/10/2024 16:00:00","BZN|BE","Without sequence","83.09","",""
"21/10/2024 16:00:00 - 21/10/2024 17:00:00","BZN|BE","Without sequence","91.49","",""
"21/10/2024 17:00:00 - 21/10/2024 18:00:00","BZN|BE","Without sequence","106.19","",""
"21/10/2024 18:00:00 - 21/10/2024 19:00:00","BZN|BE","Without sequence","148.8","",""
"21/10/2024 19:00:00 - 21/10/2024 20:00:00","BZN|BE","Without sequence","170.8","",""
"21/10/2024 20:00:00 - 21/10/2024 21:00:00","BZN|BE","Without sequence","119.49","",""
"21/10/2024 21:00:00 - 21/10/2024 22:00:00","BZN|BE","Without sequence","91.78","",""
"21/10/2024 22:00:00 - 21/10/2024 23:00:00","BZN|BE","Without sequence","97.73","",""
"21/10/2024 23:00:00 - 22/10/2024 00:00:00","BZN|BE","Without sequence","92.97","",""
"22/10/2024 00:00:00 - 22/10/2024 01:00:00","BZN|BE","Without sequence","82.44","",""
"22/10/2024 01:00:00 - 22/10/2024 02:00:00","BZN|BE","Without sequence","78.72","",""
"22/10/2024 02:00:00 - 22/10/2024 03:00:00","BZN|BE","Without sequence","76.2","",""
"22/10/2024 03:00:00 - 22/10/2024 04:00:00","BZN|BE","Without sequence","79.0","",""
"22/10/2024 04:00:00 - 22/10/2024 05:00:00","BZN|BE","Without sequence","76.7","",""
"22/10/2024 05:00:00 - 22/10/2024 06:00:00","BZN|BE","Without sequence","77.99","",""
"22/10/2024 06:00:00 - 22/10/2024 07:00:00","BZN|BE","Without sequence","85.69","",""
"22/10/2024 07:00:00 - 22/10/2024 08:00:00","BZN|BE","Without sequence","123.6","",""
"22/10/2024 08:00:00 - 22/10/2024 09:00:00","BZN|BE","Without sequence","141.58","",""
"22/10/2024 09:00:00 - 22/10/2024 10:00:00","BZN|BE","Without sequence","113.06","",""
"22/10/2024 10:00:00 - 22/10/2024 11:00:00","BZN|BE","Without sequence","98.84","",""
"22/10/2024 11:00:00 - 22/10/2024 12:00:00","BZN|BE","Without sequence","88.82","",""
"22/10/2024 12:00:00 - 22/10/2024 13:00:00","BZN|BE","Without sequence","77.8","",""
"22/10/2024 13:00:00 - 22/10/2024 14:00:00","BZN|BE","Without sequence","70.88","",""
"22/10/2024 14:00:00 - 22/10/2024 15:00:00","BZN|BE","Without sequence","64.75","",""
"22/10/2024 15:00:00 - 22/10/2024 16:00:00","BZN|BE","Without sequence","66.96","",""
"22/10/2024 16:00:00 - 22/10/2024 17:00:00","BZN|BE","Without sequence","74.55","",""
"22/10/2024 17:00:00 - 22/10/2024 18:00:00","BZN|BE","Without sequence","88.76","",""
"22/10/2024 18:00:00 - 22/10/2024 19:00:00","BZN|BE","Without sequence","126.9","",""
"22/10/2024 19:00:00 - 22/10/2024 20:00:00","BZN|BE","Without sequence","158.46","",""
"22/10/2024 20:00:00 - 22/10/2024 21:00:00","BZN|BE","Without sequence","112.55","",""
"22/10/2024 21:00:00 - 22/10/2024 22:00:00","BZN|BE","Without sequence","99.64","",""
"22/10/2024 22:00:00 - 22/10/2024 23:00:00","BZN|BE","Without sequence","95.74","",""
"22/10/2024 23:00:00 - 23/10/2024 00:00:00","BZN|BE","Without sequence","88.35","",""
"23/10/2024 00:00:00 - 23/10/2024 01:00:00","BZN|BE","Without sequence","80.85","",""
"23/10/2024 01:00:00 - 23/10/2024 02:00:00","BZN|BE","Without sequence","83.08","",""
"23/10/2024 02:00:00 - 23/10/2024 03:00:00","BZN|BE","Without sequence","81.6","",""
"23/10/2024 03:00:00 - 23/10/2024 04:00:00","BZN|BE","Without sequence","82.49","",""
"23/10/2024 04:00:00 - 23/10/2024 05:00:00","BZN|BE","Without sequence","72.56","",""
"23/10/2024 05:00:00 - 23/10/2024 06:00:00","BZN|BE","Without sequence","75.96","",""
"23/10/2024 06:00:00 - 23/10/2024 07:00:00","BZN|BE","Without sequence","93.89","",""
"23/10/2024 07:00:00 - 23/10/2024 08:00:00","BZN|BE","Without sequence","120.7","",""
"23/10/2024 08:00:00 - 23/10/2024 09:00:00","BZN|BE","Without sequence","151.5","",""
"23/10/2024 09:00:00 - 23/10/2024 10:00:00","BZN|BE","Without sequence","120.69","",""
"23/10/2024 10:00:00 - 23/10/2024 11:00:00","BZN|BE","Without sequence","92.78","",""
"23/10/2024 11:00:00 - 23/10/2024 12:00:00","BZN|BE","Without sequence","89.02","",""
"23/10/2024 12:00:00 - 23/10/2024 13:00:00","BZN|BE","Without sequence","79.63","",""
"23/10/2024 13:00:00 - 23/10/2024 14:00:00","BZN|BE","Without sequence","74.23","",""
"23/10/2024 14:00:00 - 23/10/2024 15:00:00","BZN|BE","Without sequence","72.66","",""
"23/10/2024 15:00:00 - 23/10/2024 16:00:00","BZN|BE","Without sequence","80.77","",""
"23/10/2024 16:00:00 - 23/10/2024 17:00:00","BZN|BE","Without sequence","79.17","",""
"23/10/2024 17:00:00 - 23/10/2024 18:00:00","BZN|BE","Without sequence","100.56","",""
"23/10/2024 18:00:00 - 23/10/2024 19:00:00","BZN|BE","Without sequence","146.68","",""
"23/10/2024 19:00:00 - 23/10/2024 20:00:00","BZN|BE","Without sequence","164.0","",""
"23/10/2024 20:00:00 - 23/10/2024 21:00:00","BZN|BE","Without sequence","113.52","",""
"23/10/2024 21:00:00 - 23/10/2024 22:00:00","BZN|BE","Without sequence","98.23","",""
"23/10/2024 22:00:00 - 23/10/2024 23:00:00","BZN|BE","Without sequence","101.18","",""
"23/10/2024 23:00:00 - 24/10/2024 00:00:00","BZN|BE","Without sequence","93.16","",""
"24/10/2024 00:00:00 - 24/10/2024 01:00:00","BZN|BE","Without sequence","83.33","",""
"24/10/2024 01:00:00 - 24/10/2024 02:00:00","BZN|BE","Without sequence","78.14","",""
"24/10/2024 02:00:00 - 24/10/2024 03:00:00","BZN|BE","Without sequence","75.84","",""
"24/10/2024 03:00:00 - 24/10/2024 04:00:00","BZN|BE","Without sequence","71.73","",""
"24/10/2024 04:00:00 - 24/10/2024 05:00:00","BZN|BE","Without sequence","72.6","",""
"24/10/2024 05:00:00 - 24/10/2024 06:00:00","BZN|BE","Without sequence","77.75","",""
"24/10/2024 06:00:00 - 24/10/2024 07:00:00","BZN|BE","Without sequence","83.62","",""
"24/10/2024 07:00:00 - 24/10/2024 08:00:00","BZN|BE","Without sequence","106.72","",""
"24/10/2024 08:00:00 - 24/10/2024 09:00:00","BZN|BE","Without sequence","140.97","",""
"24/10/2024 09:00:00 - 24/10/2024 10:00:00","BZN|BE","Without sequence","106.0","",""
"24/10/2024 10:00:00 - 24/10/2024 11:00:00","BZN|BE","Without sequence","95.39","",""
"24/10/2024 11:00:00 - 24/10/2024 12:00:00","BZN|BE","Without sequence","86.43","",""
"24/10/2024 12:00:00 - 24/10/2024 13:00:00","BZN|BE","Without sequence","77.13","",""
"24/10/2024 13:00:00 - 24/10/2024 14:00:00","BZN|BE","Without sequence","71.95","",""
"24/10/2024 14:00:00 - 24/10/2024 15:00:00","BZN|BE","Without sequence","71.08","",""
"24/10/2024 15:00:00 - 24/10/2024 16:00:00","BZN|BE","Without sequence","81.22","",""
"24/10/2024 16:00:00 - 24/10/2024 17:00:00","BZN|BE","Without sequence","79.2","",""
"24/10/2024 17:00:00 - 24/10/2024 18:00:00","BZN|BE","Without sequence","91.69","",""
"24/10/2024 18:00:00 - 24/10/2024 19:00:00","BZN|BE","Without sequence","107.32","",""
"24/10/2024 19:00:00 - 24/10/2024 20:00:00","BZN|BE","Without sequence","116.45","",""
"24/10/2024 20:00:00 - 24/10/2024 21:00:00","BZN|BE","Without sequence","90.6","",""
"24/10/2024 21:00:00 - 24/10/2024 22:00:00","BZN|BE","Without sequence","92.9","",""
"24/10/2024 22:00:00 - 24/10/2024 23:00:00","BZN|BE","Without sequence","96.05","",""
"24/10/2024 23:00:00 - 25/10/2024 00:00:00","BZN|BE","Without sequence","81.04","",""
"25/10/2024 00:00:00 - 25/10/2024 01:00:00","BZN|BE","Without sequence","68.93","",""
"25/10/2024 01:00:00 - 25/10/2024 02:00:00","BZN|BE","Without sequence","59.66","",""
"25/10/2024 02:00:00 - 25/10/2024 03:00:00","BZN|BE","Without sequence","71.66","",""
"25/10/2024 03:00:00 - 25/10/2024 04:00:00","BZN|BE","Without sequence","62.84","",""
"25/10/2024 04:00:00 - 25/10/2024 05:00:00","BZN|BE","Without sequence","53.0","",""
"25/10/2024 05:00:00 - 25/10/2024 06:00:00","BZN|BE","Without sequence","63.9","",""
"25/10/2024 06:00:00 - 25/10/2024 07:00:00","BZN|BE","Without sequence","74.29","",""
"25/10/2024 07:00:00 - 25/10/2024 08:00:00","BZN|BE","Without sequence","86.52","",""
"25/10/2024 08:00:00 - 25/10/2024 09:00:00","BZN|BE","Without sequence","105.17","",""
"25/10/2024 09:00:00 - 25/10/2024 10:00:00","BZN|BE","Without sequence","99.04","",""
"25/10/2024 10:00:00 - 25/10/2024 11:00:00","BZN|BE","Without sequence","87.32","",""
"25/10/2024 11:00:00 - 25/10/2024 12:00:00","BZN|BE","Without sequence","80.0","",""
"25/10/2024 12:00:00 - 25/10/2024 13:00:00","BZN|BE","Without sequence","71.51","",""
"25/10/2024 13:00:00 - 25/10/2024 14:00:00","BZN|BE","Without sequence","64.96","",""
"25/10/2024 14:00:00 - 25/10/2024 15:00:00","BZN|BE","Without sequence","64.79","",""
"25/10/2024 15:00:00 - 25/10/2024 16:00:00","BZN|BE","Without sequence","67.77","",""
"25/10/2024 16:00:00 - 25/10/2024 17:00:00","BZN|BE","Without sequence","75.18","",""
"25/10/2024 17:00:00 - 25/10/2024 18:00:00","BZN|BE","Without sequence","99.83","",""
"25/10/2024 18:00:00 - 25/10/2024 19:00:00","BZN|BE","Without sequence","138.0","",""
"25/10/2024 19:00:00 - 25/10/2024 20:00:00","BZN|BE","Without sequence","137.6","",""
"25/10/2024 20:00:00 - 25/10/2024 21:00:00","BZN|BE","Without sequence","111.92","",""
"25/10/2024 21:00:00 - 25/10/2024 22:00:00","BZN|BE","Without sequence","98.65","",""
"25/10/2024 22:00:00 - 25/10/2024 23:00:00","BZN|BE","Without sequence","94.08","",""
"25/10/2024 23:00:00 - 26/10/2024 00:00:00","BZN|BE","Without sequence","101.27","",""
"26/10/2024 00:00:00 - 26/10/2024 01:00:00","BZN|BE","Without sequence","88.02","",""
"26/10/2024 01:00:00 - 26/10/2024 02:00:00","BZN|BE","Without sequence","78.97","",""
"26/10/2024 02:00:00 - 26/10/2024 03:00:00","BZN|BE","Without sequence","74.17","",""
"26/10/2024 03:00:00 - 26/10/2024 04:00:00","BZN|BE","Without sequence","72.78","",""
"26/10/2024 04:00:00 - 26/10/2024 05:00:00","BZN|BE","Without sequence","67.73","",""
"26/10/2024 05:00:00 - 26/10/2024 06:00:00","BZN|BE","Without sequence","69.43","",""
"26/10/2024 06:00:00 - 26/10/2024 07:00:00","BZN|BE","Without sequence","76.98","",""
"26/10/2024 07:00:00 - 26/10/2024 08:00:00","BZN|BE","Without sequence","85.64","",""
"26/10/2024 08:00:00 - 26/10/2024 09:00:00","BZN|BE","Without sequence","100.0","",""
"26/10/2024 09:00:00 - 26/10/2024 10:00:00","BZN|BE","Without sequence","104.12","",""
"26/10/2024 10:00:00 - 26/10/2024 11:00:00","BZN|BE","Without sequence","75.19","",""
"26/10/2024 11:00:00 - 26/10/2024 12:00:00","BZN|BE","Without sequence","60.46","",""
"26/10/2024 12:00:00 - 26/10/2024 13:00:00","BZN|BE","Without sequence","56.75","",""
"26/10/2024 13:00:00 - 26/10/2024 14:00:00","BZN|BE","Without sequence","57.85","",""
"26/10/2024 14:00:00 - 26/10/2024 15:00:00","BZN|BE","Without sequence","61.31","",""
"26/10/2024 15:00:00 - 26/10/2024 16:00:00","BZN|BE","Without sequence","72.25","",""
"26/10/2024 16:00:00 - 26/10/2024 17:00:00","BZN|BE","Without sequence","76.14","",""
"26/10/2024 17:00:00 - 26/10/2024 18:00:00","BZN|BE","Without sequence","94.87","",""
"26/10/2024 18:00:00 - 26/10/2024 19:00:00","BZN|BE","Without sequence","117.36","",""
"26/10/2024 19:00:00 - 26/10/2024 20:00:00","BZN|BE","Without sequence","107.53","",""
"26/10/2024 20:00:00 - 26/10/2024 21:00:00","BZN|BE","Without sequence","90.31","",""
"26/10/2024 21:00:00 - 26/10/2024 22:00:00","BZN|BE","Without sequence","91.49","",""
"26/10/2024 22:00:00 - 26/10/2024 23:00:00","BZN|BE","Without sequence","92.47","",""
"26/10/2024 23:00:00 - 27/10/2024 00:00:00","BZN|BE","Without sequence","78.02","",""
"27/10/2024 00:00:00 - 27/10/2024 01:00:00","BZN|BE","Without sequence","91.02","",""
"27/10/2024 01:00:00 - 27/10/2024 02:00:00 (CEST)","BZN|BE","Without sequence","83.9","",""
"27/10/2024 02:00:00 (CEST) - 27/10/2024 02:00:00 (CET)","BZN|BE","Without sequence","82.23","",""
"27/10/2024 02:00:00 (CET) - 27/10/2024 03:00:00","BZN|BE","Without sequence","80.43","",""
"27/10/2024 03:00:00 - 27/10/2024 04:00:00","BZN|BE","Without sequence","67.95","",""
"27/10/2024 04:00:00 - 27/10/2024 05:00:00","BZN|BE","Without sequence","68.82","",""
"27/10/2024 05:00:00 - 27/10/2024 06:00:00","BZN|BE","Without sequence","79.04","",""
"27/10/2024 06:00:00 - 27/10/2024 07:00:00","BZN|BE","Without sequence","86.44","",""
"27/10/2024 07:00:00 - 27/10/2024 08:00:00","BZN|BE","Without sequence","87.77","",""
"27/10/2024 08:00:00 - 27/10/2024 09:00:00","BZN|BE","Without sequence","83.87","",""
"27/10/2024 09:00:00 - 27/10/2024 10:00:00","BZN|BE","Without sequence","66.15","",""
"27/10/2024 10:00:00 - 27/10/2024 11:00:00","BZN|BE","Without sequence","54.72","",""
"27/10/2024 11:00:00 - 27/10/2024 12:00:00","BZN|BE","Without sequence","42.5","",""
"27/10/2024 12:00:00 - 27/10/2024 13:00:00","BZN|BE","Without sequence","39.99","",""
"27/10/2024 13:00:00 - 27/10/2024 14:00:00","BZN|BE","Without sequence","40.0","",""
"27/10/2024 14:00:00 - 27/10/2024 15:00:00","BZN|BE","Without sequence","62.76","",""
"27/10/2024 15:00:00 - 27/10/2024 16:00:00","BZN|BE","Without sequence","94.47","",""
"27/10/2024 16:00:00 - 27/10/2024 17:00:00","BZN|BE","Without sequence","113.48","",""
"27/10/2024 17:00:00 - 27/10/2024 18:00:00","BZN|BE","Without sequence","124.85","",""
"27/10/2024 18:00:00 - 27/10/2024 19:00:00","BZN|BE","Without sequence","141.78","",""
"27/10/2024 19:00:00 - 27/10/2024 20:00:00","BZN|BE","Without sequence","129.32","",""
"27/10/2024 20:00:00 - 27/10/2024 21:00:00","BZN|BE","Without sequence","116.49","",""
"27/10/2024 21:00:00 - 27/10/2024 22:00:00","BZN|BE","Without sequence","111.0","",""
"27/10/2024 22:00:00 - 27/10/2024 23:00:00","BZN|BE","Without sequence","107.6","",""
"27/10/2024 23:00:00 - 28/10/2024 00:00:00","BZN|BE","Without sequence","102.99","",""
"28/10/2024 00:00:00 - 28/10/2024 01:00:00","BZN|BE","Without sequence","92.19","",""
"28/10/2024 01:00:00 - 28/10/2024 02:00:00","BZN|BE","Without sequence","85.25","",""
"28/10/2024 02:00:00 - 28/10/2024 03:00:00","BZN|BE","Without sequence","80.62","",""
"28/10/2024 03:00:00 - 28/10/2024 04:00:00","BZN|BE","Without sequence","75.8","",""
"28/10/2024 04:00:00 - 28/10/2024 05:00:00","BZN|BE","Without sequence","78.86","",""
"28/10/2024 05:00:00 - 28/10/2024 06:00:00","BZN|BE","Without sequence","89.69","",""
"28/10/2024 06:00:00 - 28/10/2024 07:00:00","BZN|BE","Without sequence","97.5","",""
"28/10/2024 07:00:00 - 28/10/2024 08:00:00","BZN|BE","Without sequence","98.99","",""
"28/10/2024 08:00:00 - 28/10/2024 09:00:00","BZN|BE","Without sequence","106.71","",""
"28/10/2024 09:00:00 - 28/10/2024 10:00:00","BZN|BE","Without sequence","94.99","",""
"28/10/2024 10:00:00 - 28/10/2024 11:00:00","BZN|BE","Without sequence","91.64","",""
"28/10/2024 11:00:00 - 28/10/2024 12:00:00","BZN|BE","Without sequence","91.41","",""
"28/10/2024 12:00:00 - 28/10/2024 13:00:00","BZN|BE","Without sequence","88.5","",""
"28/10/2024 13:00:00 - 28/10/2024 14:00:00","BZN|BE","Without sequence","93.86","",""
"28/10/2024 14:00:00 - 28/10/2024 15:00:00","BZN|BE","Without sequence","104.84","",""
"28/10/2024 15:00:00 - 28/10/2024 16:00:00","BZN|BE","Without sequence","113.74","",""
"28/10/2024 16:00:00 - 28/10/2024 17:00:00","BZN|BE","Without sequence","101.14","",""
"28/10/2024 17:00:00 - 28/10/2024 18:00:00","BZN|BE","Without sequence","125.43","",""
"28/10/2024 18:00:00 - 28/10/2024 19:00:00","BZN|BE","Without sequence","149.59","",""
"28/10/2024 19:00:00 - 28/10/2024 20:00:00","BZN|BE","Without sequence","138.29","",""
"28/10/2024 20:00:00 - 28/10/2024 21:00:00","BZN|BE","Without sequence","119.77","",""
"28/10/2024 21:00:00 - 28/10/2024 22:00:00","BZN|BE","Without sequence","113.84","",""
"28/10/2024 22:00:00 - 28/10/2024 23:00:00","BZN|BE","Without sequence","107.52","",""
"28/10/2024 23:00:00 - 29/10/2024 00:00:00","BZN|BE","Without sequence","99.79","",""
"29/10/2024 00:00:00 - 29/10/2024 01:00:00","BZN|BE","Without sequence","95.07","",""
"29/10/2024 01:00:00 - 29/10/2024 02:00:00","BZN|BE","Without sequence","93.21","",""
"29/10/2024 02:00:00 - 29/10/2024 03:00:00","BZN|BE","Without sequence","90.37","",""
"29/10/2024 03:00:00 - 29/10/2024 04:00:00","BZN|BE","Without sequence","88.49","",""
"29/10/2024 04:00:00 - 29/10/2024 05:00:00","BZN|BE","Without sequence","89.98","",""
"29/10/2024 05:00:00 - 29/10/2024 06:00:00","BZN|BE","Without sequence","102.28","",""
"29/10/2024 06:00:00 - 29/10/2024 07:00:00","BZN|BE","Without sequence","115.13","",""
"29/10/2024 07:00:00 - 29/10/2024 08:00:00","BZN|BE","Without sequence","122.8","",""
"29/10/2024 08:00:00 - 29/10/2024 09:00:00","BZN|BE","Without sequence","139.86","",""
"29/10/2024 09:00:00 - 29/10/2024 10:00:00","BZN|BE","Without sequence","125.27","",""
"29/10/2024 10:00:00 - 29/10/2024 11:00:00","BZN|BE","Without sequence","117.51","",""
"29/10/2024 11:00:00 - 29/10/2024 12:00:00","BZN|BE","Without sequence","109.52","",""
"29/10/2024 12:00:00 - 29/10/2024 13:00:00","BZN|BE","Without sequence","103.08","",""
"29/10/2024 13:00:00 - 29/10/2024 14:00:00","BZN|BE","Without sequence","110.87","",""
"29/10/2024 14:00:00 - 29/10/2024 15:00:00","BZN|BE","Without sequence","124.22","",""
"29/10/2024 15:00:00 - 29/10/2024 16:00:00","BZN|BE","Without sequence","144.52","",""
"29/10/2024 16:00:00 - 29/10/2024 17:00:00","BZN|BE","Without sequence","126.25","",""
"29/10/2024 17:00:00 - 29/10/2024 18:00:00","BZN|BE","Without sequence","178.26","",""
"29/10/2024 18:00:00 - 29/10/2024 19:00:00","BZN|BE","Without sequence","205.04","",""
"29/10/2024 19:00:00 - 29/10/2024 20:00:00","BZN|BE","Without sequence","170.77","",""
"29/10/2024 20:00:00 - 29/10/2024 21:00:00","BZN|BE","Without sequence","120.7","",""
"29/10/2024 21:00:00 - 29/10/2024 22:00:00","BZN|BE","Without sequence","116.66","",""
"29/10/2024 22:00:00 - 29/10/2024 23:00:00","BZN|BE","Without sequence","110.68","",""
"29/10/2024 23:00:00 - 30/10/2024 00:00:00","BZN|BE","Without sequence","95.85","",""
"30/10/2024 00:00:00 - 30/10/2024 01:00:00","BZN|BE","Without sequence","93.7","",""
"30/10/2024 01:00:00 - 30/10/2024 02:00:00","BZN|BE","Without sequence","91.41","",""
"30/10/2024 02:00:00 - 30/10/2024 03:00:00","BZN|BE","Without sequence","89.22","",""
"30/10/2024 03:00:00 - 30/10/2024 04:00:00","BZN|BE","Without sequence","87.46","",""
"30/10/2024 04:00:00 - 30/10/2024 05:00:00","BZN|BE","Without sequence","88.56","",""
"30/10/2024 05:00:00 - 30/10/2024 06:00:00","BZN|BE","Without sequence","95.59","",""
"30/10/2024 06:00:00 - 30/10/2024 07:00:00","BZN|BE","Without sequence","112.24","",""
"30/10/2024 07:00:00 - 30/10/2024 08:00:00","BZN|BE","Without sequence","113.48","",""
"30/10/2024 08:00:00 - 30/10/2024 09:00:00","BZN|BE","Without sequence","127.37","",""
"30/10/2024 09:00:00 - 30/10/2024 10:00:00","BZN|BE","Without sequence","116.37","",""
"30/10/2024 10:00:00 - 30/10/2024 11:00:00","BZN|BE","Without sequence","104.31","",""
"30/10/2024 11:00:00 - 30/10/2024 12:00:00","BZN|BE","Without sequence","100.19","",""
"30/10/2024 12:00:00 - 30/10/2024 13:00:00","BZN|BE","Without sequence","95.42","",""
"30/10/2024 13:00:00 - 30/10/2024 14:00:00","BZN|BE","Without sequence","98.93","",""
"30/10/2024 14:00:00 - 30/10/2024 15:00:00","BZN|BE","Without sequence","101.54","",""
"30/10/2024 15:00:00 - 30/10/2024 16:00:00","BZN|BE","Without sequence","113.26","",""
"30/10/2024 16:00:00 - 30/10/2024 17:00:00","BZN|BE","Without sequence","142.29","",""
"30/10/2024 17:00:00 - 30/10/2024 18:00:00","BZN|BE","Without sequence","152.05","",""
"30/10/2024 18:00:00 - 30/10/2024 19:00:00","BZN|BE","Without sequence","168.45","",""
"30/10/2024 19:00:00 - 30/10/2024 20:00:00","BZN|BE","Without sequence","149.42","",""
"30/10/2024 20:00:00 - 30/10/2024 21:00:00","BZN|BE","Without sequence","116.98","",""
"30/10/2024 21:00:00 - 30/10/2024 22:00:00","BZN|BE","Without sequence","110.96","",""
"30/10/2024 22:00:00 - 30/10/2024 23:00:00","BZN|BE","Without sequence","107.92","",""
"30/10/2024 23:00:00 - 31/10/2024 00:00:00","BZN|BE","Without sequence","106.41","",""
"31/10/2024 00:00:00 - 31/10/2024 01:00:00","BZN|BE","Without sequence","99.64","",""
"31/10/2024 01:00:00 - 31/10/2024 02:00:00","BZN|BE","Without sequence","93.59","",""
"31/10/2024 02:00:00 - 31/10/2024 03:00:00","BZN|BE","Without sequence","91.75","",""
"31/10/2024 03:00:00 - 31/10/2024 04:00:00","BZN|BE","Without sequence","89.81","",""
"31/10/2024 04:00:00 - 31/10/2024 05:00:00","BZN|BE","Without sequence","91.96","",""
"31/10/2024 05:00:00 - 31/10/2024 06:00:00","BZN|BE","Without sequence","96.62","",""
"31/10/2024 06:00:00 - 31/10/2024 07:00:00","BZN|BE","Without sequence","113.62","",""
"31/10/2024 07:00:00 - 31/10/2024 08:00:00","BZN|BE","Without sequence","124.94","",""
"31/10/2024 08:00:00 - 31/10/2024 09:00:00","BZN|BE","Without sequence","130.6","",""
"31/10/2024 09:00:00 - 31/10/2024 10:00:00","BZN|BE","Without sequence","118.65","",""
"31/10/2024 10:00:00 - 31/10/2024 11:00:00","BZN|BE","Without sequence","102.25","",""
"31/10/2024 11:00:00 - 31/10/2024 12:00:00","BZN|BE","Without sequence","95.77","",""
"31/10/2024 12:00:00 - 31/10/2024 13:00:00","BZN|BE","Without sequence","88.91","",""
"31/10/2024 13:00:00 - 31/10/2024 14:00:00","BZN|BE","Without sequence","91.24","",""
"31/10/2024 14:00:00 - 31/10/2024 15:00:00","BZN|BE","Without sequence","96.9","",""
"31/10/2024 15:00:00 - 31/10/2024 16:00:00","BZN|BE","Without sequence","107.88","",""
"31/10/2024 16:00:00 - 31/10/2024 17:00:00","BZN|BE","Without sequence","121.3","",""
"31/10/2024 17:00:00 - 31/10/2024 18:00:00","BZN|BE","Without sequence","129.49","",""
"31/10/2024 18:00:00 - 31/10/2024 19:00:00","BZN|BE","Without sequence","134.36","",""
"31/10/2024 19:00:00 - 31/10/2024 20:00:00","BZN|BE","Without sequence","125.06","",""
"31/10/2024 20:00:00 - 31/10/2024 21:00:00","BZN|BE","Without sequence","110.0","",""
"31/10/2024 21:00:00 - 31/10/2024 22:00:00","BZN|BE","Without sequence","107.0","",""
"31/10/2024 22:00:00 - 31/10/2024 23:00:00","BZN|BE","Without sequence","116.52","",""
"31/10/2024 23:00:00 - 01/11/2024 00:00:00","BZN|BE","Without sequence","107.96","",""
"01/11/2024 00:00:00 - 01/11/2024 01:00:00","BZN|BE","Without sequence","94.28","",""
"01/11/2024 01:00:00 - 01/11/2024 02:00:00","BZN|BE","Without sequence","87.59","",""
"01/11/2024 02:00:00 - 01/11/2024 03:00:00","BZN|BE","Without sequence","79.81","",""
"01/11/2024 03:00:00 - 01/11/2024 04:00:00","BZN|BE","Without sequence","72.63","",""
"01/11/2024 04:00:00 - 01/11/2024 05:00:00","BZN|BE","Without sequence","67.87","",""
"01/11/2024 05:00:00 - 01/11/2024 06:00:00","BZN|BE","Without sequence","71.65","",""
"01/11/2024 06:00:00 - 01/11/2024 07:00:00","BZN|BE","Without sequence","79.33","",""
"01/11/2024 07:00:00 - 01/11/2024 08:00:00","BZN|BE","Without sequence","86.04","",""
"01/11/2024 08:00:00 - 01/11/2024 09:00:00","BZN|BE","Without sequence","85.32","",""
"01/11/2024 09:00:00 - 01/11/2024 10:00:00","BZN|BE","Without sequence","87.2","",""
"01/11/2024 10:00:00 - 01/11/2024 11:00:00","BZN|BE","Without sequence","79.47","",""
"01/11/2024 11:00:00 - 01/11/2024 12:00:00","BZN|BE","Without sequence","64.76","",""
"01/11/2024 12:00:00 - 01/11/2024 13:00:00","BZN|BE","Without sequence","60.44","",""
"01/11/2024 13:00:00 - 01/11/2024 14:00:00","BZN|BE","Without sequence","65.63","",""
"01/11/2024 14:00:00 - 01/11/2024 15:00:00","BZN|BE","Without sequence","83.52","",""
"01/11/2024 15:00:00 - 01/11/2024 16:00:00","BZN|BE","Without sequence","98.61","",""
"01/11/2024 16:00:00 - 01/11/2024 17:00:00","BZN|BE","Without sequence","116.72","",""
"01/11/2024 17:00:00 - 01/11/2024 18:00:00","BZN|BE","Without sequence","122.8","",""
"01/11/2024 18:00:00 - 01/11/2024 19:00:00","BZN|BE","Without sequence","127.41","",""
"01/11/2024 19:00:00 - 01/11/2024 20:00:00","BZN|BE","Without sequence","119.12","",""
"01/11/2024 20:00:00 - 01/11/2024 21:00:00","BZN|BE","Without sequence","114.36","",""
"01/11/2024 21:00:00 - 01/11/2024 22:00:00","BZN|BE","Without sequence","105.55","",""
"01/11/2024 22:00:00 - 01/11/2024 23:00:00","BZN|BE","Without sequence","100.91","",""
"01/11/2024 23:00:00 - 02/11/2024 00:00:00","BZN|BE","Without sequence","96.14","",""
"02/11/2024 00:00:00 - 02/11/2024 01:00:00","BZN|BE","Without sequence","96.03","",""
"02/11/2024 01:00:00 - 02/11/2024 02:00:00","BZN|BE","Without sequence","91.45","",""
"02/11/2024 02:00:00 - 02/11/2024 03:00:00","BZN|BE","Without sequence","88.79","",""
"02/11/2024 03:00:00 - 02/11/2024 04:00:00","BZN|BE","Without sequence","86.0","",""
"02/11/2024 04:00:00 - 02/11/2024 05:00:00","BZN|BE","Without sequence","86.85","",""
"02/11/2024 05:00:00 - 02/11/2024 06:00:00","BZN|BE","Without sequence","89.87","",""
"02/11/2024 06:00:00 - 02/11/2024 07:00:00","BZN|BE","Without sequence","96.1","",""
"02/11/2024 07:00:00 - 02/11/2024 08:00:00","BZN|BE","Without sequence","100.11","",""
"02/11/2024 08:00:00 - 02/11/2024 09:00:00","BZN|BE","Without sequence","101.16","",""
"02/11/2024 09:00:00 - 02/11/2024 10:00:00","BZN|BE","Without sequence","97.24","",""
"02/11/2024 10:00:00 - 02/11/2024 11:00:00","BZN|BE","Without sequence","85.0","",""
"02/11/2024 11:00:00 - 02/11/2024 12:00:00","BZN|BE","Without sequence","88.8","",""
"02/11/2024 12:00:00 - 02/11/2024 13:00:00","BZN|BE","Without sequence","85.49","",""
"02/11/2024 13:00:00 - 02/11/2024 14:00:00","BZN|BE","Without sequence","86.65","",""
"02/11/2024 14:00:00 - 02/11/2024 15:00:00","BZN|BE","Without sequence","84.2","",""
"02/11/2024 15:00:00 - 02/11/2024 16:00:00","BZN|BE","Without sequence","95.41","",""
"02/11/2024 16:00:00 - 02/11/2024 17:00:00","BZN|BE","Without sequence","105.11","",""
"02/11/2024 17:00:00 - 02/11/2024 18:00:00","BZN|BE","Without sequence","126.01","",""
"02/11/2024 18:00:00 - 02/11/2024 19:00:00","BZN|BE","Without sequence","128.09","",""
"02/11/2024 19:00:00 - 02/11/2024 20:00:00","BZN|BE","Without sequence","122.42","",""
"02/11/2024 20:00:00 - 02/11/2024 21:00:00","BZN|BE","Without sequence","116.37","",""
"02/11/2024 21:00:00 - 02/11/2024 22:00:00","BZN|BE","Without sequence","110.09","",""
"02/11/2024 22:00:00 - 02/11/2024 23:00:00","BZN|BE","Without sequence","106.28","",""
"02/11/2024 23:00:00 - 03/11/2024 00:00:00","BZN|BE","Without sequence","100.61","",""
"03/11/2024 00:00:00 - 03/11/2024 01:00:00","BZN|BE","Without sequence","101.19","",""
"03/11/2024 01:00:00 - 03/11/2024 02:00:00","BZN|BE","Without sequence","95.52","",""
"03/11/2024 02:00:00 - 03/11/2024 03:00:00","BZN|BE","Without sequence","88.25","",""
"03/11/2024 03:00:00 - 03/11/2024 04:00:00","BZN|BE","Without sequence","85.07","",""
"03/11/2024 04:00:00 - 03/11/2024 05:00:00","BZN|BE","Without sequence","84.93","",""
"03/11/2024 05:00:00 - 03/11/2024 06:00:00","BZN|BE","Without sequence","85.49","",""
"03/11/2024 06:00:00 - 03/11/2024 07:00:00","BZN|BE","Without sequence","93.22","",""
"03/11/2024 07:00:00 - 03/11/2024 08:00:00","BZN|BE","Without sequence","95.66","",""
"03/11/2024 08:00:00 - 03/11/2024 09:00:00","BZN|BE","Without sequence","86.1","",""
"03/11/2024 09:00:00 - 03/11/2024 10:00:00","BZN|BE","Without sequence","81.84","",""
"03/11/2024 10:00:00 - 03/11/2024 11:00:00","BZN|BE","Without sequence","66.48","",""
"03/11/2024 11:00:00 - 03/11/2024 12:00:00","BZN|BE","Without sequence","57.97","",""
"03/11/2024 12:00:00 - 03/11/2024 13:00:00","BZN|BE","Without sequence","52.63","",""
"03/11/2024 13:00:00 - 03/11/2024 14:00:00","BZN|BE","Without sequence","56.41","",""
"03/11/2024 14:00:00 - 03/11/2024 15:00:00","BZN|BE","Without sequence","73.1","",""
"03/11/2024 15:00:00 - 03/11/2024 16:00:00","BZN|BE","Without sequence","88.43","",""
"03/11/2024 16:00:00 - 03/11/2024 17:00:00","BZN|BE","Without sequence","107.82","",""
"03/11/2024 17:00:00 - 03/11/2024 18:00:00","BZN|BE","Without sequence","121.52","",""
"03/11/2024 18:00:00 - 03/11/2024 19:00:00","BZN|BE","Without sequence","124.37","",""
"03/11/2024 19:00:00 - 03/11/2024 20:00:00","BZN|BE","Without sequence","119.26","",""
"03/11/2024 20:00:00 - 03/11/2024 21:00:00","BZN|BE","Without sequence","110.92","",""
"03/11/2024 21:00:00 - 03/11/2024 22:00:00","BZN|BE","Without sequence","102.35","",""
"03/11/2024 22:00:00 - 03/11/2024 23:00:00","BZN|BE","Without sequence","100.8","",""
"03/11/2024 23:00:00 - 04/11/2024 00:00:00","BZN|BE","Without sequence","94.91","",""
"04/11/2024 00:00:00 - 04/11/2024 01:00:00","BZN|BE","Without sequence","92.04","",""
"04/11/2024 01:00:00 - 04/11/2024 02:00:00","BZN|BE","Without sequence","89.96","",""
"04/11/2024 02:00:00 - 04/11/2024 03:00:00","BZN|BE","Without sequence","90.07","",""
"04/11/2024 03:00:00 - 04/11/2024 04:00:00","BZN|BE","Without sequence","88.6","",""
"04/11/2024 04:00:00 - 04/11/2024 05:00:00","BZN|BE","Without sequence","89.67","",""
"04/11/2024 05:00:00 - 04/11/2024 06:00:00","BZN|BE","Without sequence","96.73","",""
"04/11/2024 06:00:00 - 04/11/2024 07:00:00","BZN|BE","Without sequence","120.52","",""
"04/11/2024 07:00:00 - 04/11/2024 08:00:00","BZN|BE","Without sequence","130.22","",""
"04/11/2024 08:00:00 - 04/11/2024 09:00:00","BZN|BE","Without sequence","130.0","",""
"04/11/2024 09:00:00 - 04/11/2024 10:00:00","BZN|BE","Without sequence","120.0","",""
"04/11/2024 10:00:00 - 04/11/2024 11:00:00","BZN|BE","Without sequence","99.82","",""
"04/11/2024 11:00:00 - 04/11/2024 12:00:00","BZN|BE","Without sequence","91.41","",""
"04/11/2024 12:00:00 - 04/11/2024 13:00:00","BZN|BE","Without sequence","90.0","",""
"04/11/2024 13:00:00 - 04/11/2024 14:00:00","BZN|BE","Without sequence","90.53","",""
"04/11/2024 14:00:00 - 04/11/2024 15:00:00","BZN|BE","Without sequence","97.67","",""
"04/11/2024 15:00:00 - 04/11/2024 16:00:00","BZN|BE","Without sequence","125.21","",""
"04/11/2024 16:00:00 - 04/11/2024 17:00:00","BZN|BE","Without sequence","144.44","",""
"04/11/2024 17:00:00 - 04/11/2024 18:00:00","BZN|BE","Without sequence","196.04","",""
"04/11/2024 18:00:00 - 04/11/2024 19:00:00","BZN|BE","Without sequence","192.46","",""
"04/11/2024 19:00:00 - 04/11/2024 20:00:00","BZN|BE","Without sequence","155.61","",""
"04/11/2024 20:00:00 - 04/11/2024 21:00:00","BZN|BE","Without sequence","123.0","",""
"04/11/2024 21:00:00 - 04/11/2024 22:00:00","BZN|BE","Without sequence","113.97","",""
"04/11/2024 22:00:00 - 04/11/2024 23:00:00","BZN|BE","Without sequence","109.97","",""
"04/11/2024 23:00:00 - 05/11/2024 00:00:00","BZN|BE","Without sequence","100.95","",""
"05/11/2024 00:00:00 - 05/11/2024 01:00:00","BZN|BE","Without sequence","101.22","",""
"05/11/2024 01:00:00 - 05/11/2024 02:00:00","BZN|BE","Without sequence","94.0","",""
"05/11/2024 02:00:00 - 05/11/2024 03:00:00","BZN|BE","Without sequence","90.68","",""
"05/11/2024 03:00:00 - 05/11/2024 04:00:00","BZN|BE","Without sequence","90.36","",""
"05/11/2024 04:00:00 - 05/11/2024 05:00:00","BZN|BE","Without sequence","92.79","",""
"05/11/2024 05:00:00 - 05/11/2024 06:00:00","BZN|BE","Without sequence","98.26","",""
"05/11/2024 06:00:00 - 05/11/2024 07:00:00","BZN|BE","Without sequence","110.77","",""
"05/11/2024 07:00:00 - 05/11/2024 08:00:00","BZN|BE","Without sequence","131.05","",""
"05/11/2024 08:00:00 - 05/11/2024 09:00:00","BZN|BE","Without sequence","134.87","",""
"05/11/2024 09:00:00 - 05/11/2024 10:00:00","BZN|BE","Without sequence","118.23","",""
"05/11/2024 10:00:00 - 05/11/2024 11:00:00","BZN|BE","Without sequence","105.87","",""
"05/11/2024 11:00:00 - 05/11/2024 12:00:00","BZN|BE","Without sequence","95.28","",""
"05/11/2024 12:00:00 - 05/11/2024 13:00:00","BZN|BE","Without sequence","94.92","",""
"05/11/2024 13:00:00 - 05/11/2024 14:00:00","BZN|BE","Without sequence","99.25","",""
"05/11/2024 14:00:00 - 05/11/2024 15:00:00","BZN|BE","Without sequence","109.0","",""
"05/11/2024 15:00:00 - 05/11/2024 16:00:00","BZN|BE","Without sequence","129.27","",""
"05/11/2024 16:00:00 - 05/11/2024 17:00:00","BZN|BE","Without sequence","203.08","",""
"05/11/2024 17:00:00 - 05/11/2024 18:00:00","BZN|BE","Without sequence","325.0","",""
"05/11/2024 18:00:00 - 05/11/2024 19:00:00","BZN|BE","Without sequence","302.45","",""
"05/11/2024 19:00:00 - 05/11/2024 20:00:00","BZN|BE","Without sequence","247.79","",""
"05/11/2024 20:00:00 - 05/11/2024 21:00:00","BZN|BE","Without sequence","161.51","",""
"05/11/2024 21:00:00 - 05/11/2024 22:00:00","BZN|BE","Without sequence","126.96","",""
"05/11/2024 22:00:00 - 05/11/2024 23:00:00","BZN|BE","Without sequence","117.77","",""
"05/11/2024 23:00:00 - 06/11/2024 00:00:00","BZN|BE","Without sequence","110.03","",""
"06/11/2024 00:00:00 - 06/11/2024 01:00:00","BZN|BE","Without sequence","103.55","",""
"06/11/2024 01:00:00 - 06/11/2024 02:00:00","BZN|BE","Without sequence","99.05","",""
"06/11/2024 02:00:00 - 06/11/2024 03:00:00","BZN|BE","Without sequence","95.35","",""
"06/11/2024 03:00:00 - 06/11/2024 04:00:00","BZN|BE","Without sequence","94.97","",""
"06/11/2024 04:00:00 - 06/11/2024 05:00:00","BZN|BE","Without sequence","97.6","",""
"06/11/2024 05:00:00 - 06/11/2024 06:00:00","BZN|BE","Without sequence","101.34","",""
"06/11/2024 06:00:00 - 06/11/2024 07:00:00","BZN|BE","Without sequence","124.04","",""
"06/11/2024 07:00:00 - 06/11/2024 08:00:00","BZN|BE","Without sequence","174.25","",""
"06/11/2024 08:00:00 - 06/11/2024 09:00:00","BZN|BE","Without sequence","162.81","",""
"06/11/2024 09:00:00 - 06/11/2024 10:00:00","BZN|BE","Without sequence","132.05","",""
"06/11/2024 10:00:00 - 06/11/2024 11:00:00","BZN|BE","Without sequence","124.18","",""
"06/11/2024 11:00:00 - 06/11/2024 12:00:00","BZN|BE","Without sequence","121.38","",""
"06/11/2024 12:00:00 - 06/11/2024 13:00:00","BZN|BE","Without sequence","120.33","",""
"06/11/2024 13:00:00 - 06/11/2024 14:00:00","BZN|BE","Without sequence","123.1","",""
"06/11/2024 14:00:00 - 06/11/2024 15:00:00","BZN|BE","Without sequence","126.88","",""
"06/11/2024 15:00:00 - 06/11/2024 16:00:00","BZN|BE","Without sequence","155.88","",""
"06/11/2024 16:00:00 - 06/11/2024 17:00:00","BZN|BE","Without sequence","220.22","",""
"06/11/2024 17:00:00 - 06/11/2024 18:00:00","BZN|BE","Without sequence","346.0","",""
"06/11/2024 18:00:00 - 06/11/2024 19:00:00","BZN|BE","Without sequence","363.11","",""
"06/11/2024 19:00:00 - 06/11/2024 20:00:00","BZN|BE","Without sequence","252.52","",""
"06/11/2024 20:00:00 - 06/11/2024 21:00:00","BZN|BE","Without sequence","156.4","",""
"06/11/2024 21:00:00 - 06/11/2024 22:00:00","BZN|BE","Without sequence","126.44","",""
"06/11/2024 22:00:00 - 06/11/2024 23:00:00","BZN|BE","Without sequence","116.24","",""
"06/11/2024 23:00:00 - 07/11/2024 00:00:00","BZN|BE","Without sequence","110.23","",""
"07/11/2024 00:00:00 - 07/11/2024 01:00:00","BZN|BE","Without sequence","107.3","",""
"07/11/2024 01:00:00 - 07/11/2024 02:00:00","BZN|BE","Without sequence","100.73","",""
"07/11/2024 02:00:00 - 07/11/2024 03:00:00","BZN|BE","Without sequence","98.17","",""
"07/11/2024 03:00:00 - 07/11/2024 04:00:00","BZN|BE","Without sequence","96.61","",""
"07/11/2024 04:00:00 - 07/11/2024 05:00:00","BZN|BE","Without sequence","97.39","",""
"07/11/2024 05:00:00 - 07/11/2024 06:00:00","BZN|BE","Without sequence","100.23","",""
"07/11/2024 06:00:00 - 07/11/2024 07:00:00","BZN|BE","Without sequence","110.59","",""
"07/11/2024 07:00:00 - 07/11/2024 08:00:00","BZN|BE","Without sequence","149.32","",""
"07/11/2024 08:00:00 - 07/11/2024 09:00:00","BZN|BE","Without sequence","145.89","",""
"07/11/2024 09:00:00 - 07/11/2024 10:00:00","BZN|BE","Without sequence","136.7","",""
"07/11/2024 10:00:00 - 07/11/2024 11:00:00","BZN|BE","Without sequence","121.93","",""
"07/11/2024 11:00:00 - 07/11/2024 12:00:00","BZN|BE","Without sequence","116.37","",""
"07/11/2024 12:00:00 - 07/11/2024 13:00:00","BZN|BE","Without sequence","114.77","",""
"07/11/2024 13:00:00 - 07/11/2024 14:00:00","BZN|BE","Without sequence","122.91","",""
"07/11/2024 14:00:00 - 07/11/2024 15:00:00","BZN|BE","Without sequence","114.07","",""
"07/11/2024 15:00:00 - 07/11/2024 16:00:00","BZN|BE","Without sequence","139.2","",""
"07/11/2024 16:00:00 - 07/11/2024 17:00:00","BZN|BE","Without sequence","174.78","",""
"07/11/2024 17:00:00 - 07/11/2024 18:00:00","BZN|BE","Without sequence","233.41","",""
"07/11/2024 18:00:00 - 07/11/2024 19:00:00","BZN|BE","Without sequence","207.6","",""
"07/11/2024 19:00:00 - 07/11/2024 20:00:00","BZN|BE","Without sequence","156.46","",""
"07/11/2024 20:00:00 - 07/11/2024 21:00:00","BZN|BE","Without sequence","130.26","",""
"07/11/2024 21:00:00 - 07/11/2024 22:00:00","BZN|BE","Without sequence","114.11","",""
"07/11/2024 22:00:00 - 07/11/2024 23:00:00","BZN|BE","Without sequence","111.86","",""
"07/11/2024 23:00:00 - 08/11/2024 00:00:00","BZN|BE","Without sequence","100.08","",""
"08/11/2024 00:00:00 - 08/11/2024 01:00:00","BZN|BE","Without sequence","99.58","",""
"08/11/2024 01:00:00 - 08/11/2024 02:00:00","BZN|BE","Without sequence","98.98","",""
"08/11/2024 02:00:00 - 08/11/2024 03:00:00","BZN|BE","Without sequence","96.3","",""
"08/11/2024 03:00:00 - 08/11/2024 04:00:00","BZN|BE","Without sequence","95.19","",""
"08/11/2024 04:00:00 - 08/11/2024 05:00:00","BZN|BE","Without sequence","95.63","",""
"08/11/2024 05:00:00 - 08/11/2024 06:00:00","BZN|BE","Without sequence","97.79","",""
"08/11/2024 06:00:00 - 08/11/2024 07:00:00","BZN|BE","Without sequence","107.11","",""
"08/11/2024 07:00:00 - 08/11/2024 08:00:00","BZN|BE","Without sequence","126.27","",""
"08/11/2024 08:00:00 - 08/11/2024 09:00:00","BZN|BE","Without sequence","131.34","",""
"08/11/2024 09:00:00 - 08/11/2024 10:00:00","BZN|BE","Without sequence","125.94","",""
"08/11/2024 10:00:00 - 08/11/2024 11:00:00","BZN|BE","Without sequence","117.34","",""
"08/11/2024 11:00:00 - 08/11/2024 12:00:00","BZN|BE","Without sequence","110.94","",""
"08/11/2024 12:00:00 - 08/11/2024 13:00:00","BZN|BE","Without sequence","105.59","",""
"08/11/2024 13:00:00 - 08/11/2024 14:00:00","BZN|BE","Without sequence","106.81","",""
"08/11/2024 14:00:00 - 08/11/2024 15:00:00","BZN|BE","Without sequence","112.53","",""
"08/11/2024 15:00:00 - 08/11/2024 16:00:00","BZN|BE","Without sequence","123.63","",""
"08/11/2024 16:00:00 - 08/11/2024 17:00:00","BZN|BE","Without sequence","129.06","",""
"08/11/2024 17:00:00 - 08/11/2024 18:00:00","BZN|BE","Without sequence","129.31","",""
"08/11/2024 18:00:00 - 08/11/2024 19:00:00","BZN|BE","Without sequence","133.22","",""
"08/11/2024 19:00:00 - 08/11/2024 20:00:00","BZN|BE","Without sequence","127.5","",""
"08/11/2024 20:00:00 - 08/11/2024 21:00:00","BZN|BE","Without sequence","116.05","",""
"08/11/2024 21:00:00 - 08/11/2024 22:00:00","BZN|BE","Without sequence","109.76","",""
"08/11/2024 22:00:00 - 08/11/2024 23:00:00","BZN|BE","Without sequence","113.0","",""
"08/11/2024 23:00:00 - 09/11/2024 00:00:00","BZN|BE","Without sequence","104.06","",""
"09/11/2024 00:00:00 - 09/11/2024 01:00:00","BZN|BE","Without sequence","105.1","",""
"09/11/2024 01:00:00 - 09/11/2024 02:00:00","BZN|BE","Without sequence","99.96","",""
"09/11/2024 02:00:00 - 09/11/2024 03:00:00","BZN|BE","Without sequence","98.0","",""
"09/11/2024 03:00:00 - 09/11/2024 04:00:00","BZN|BE","Without sequence","96.68","",""
"09/11/2024 04:00:00 - 09/11/2024 05:00:00","BZN|BE","Without sequence","98.41","",""
"09/11/2024 05:00:00 - 09/11/2024 06:00:00","BZN|BE","Without sequence","100.55","",""
"09/11/2024 06:00:00 - 09/11/2024 07:00:00","BZN|BE","Without sequence","104.31","",""
"09/11/2024 07:00:00 - 09/11/2024 08:00:00","BZN|BE","Without sequence","109.87","",""
"09/11/2024 08:00:00 - 09/11/2024 09:00:00","BZN|BE","Without sequence","114.1","",""
"09/11/2024 09:00:00 - 09/11/2024 10:00:00","BZN|BE","Without sequence","114.6","",""
"09/11/2024 10:00:00 - 09/11/2024 11:00:00","BZN|BE","Without sequence","109.97","",""
"09/11/2024 11:00:00 - 09/11/2024 12:00:00","BZN|BE","Without sequence","106.4","",""
"09/11/2024 12:00:00 - 09/11/2024 13:00:00","BZN|BE","Without sequence","106.88","",""
"09/11/2024 13:00:00 - 09/11/2024 14:00:00","BZN|BE","Without sequence","108.0","",""
"09/11/2024 14:00:00 - 09/11/2024 15:00:00","BZN|BE","Without sequence","110.18","",""
"09/11/2024 15:00:00 - 09/11/2024 16:00:00","BZN|BE","Without sequence","118.91","",""
"09/11/2024 16:00:00 - 09/11/2024 17:00:00","BZN|BE","Without sequence","130.74","",""
"09/11/2024 17:00:00 - 09/11/2024 18:00:00","BZN|BE","Without sequence","137.29","",""
"09/11/2024 18:00:00 - 09/11/2024 19:00:00","BZN|BE","Without sequence","139.53","",""
"09/11/2024 19:00:00 - 09/11/2024 20:00:00","BZN|BE","Without sequence","137.02","",""
"09/11/2024 20:00:00 - 09/11/2024 21:00:00","BZN|BE","Without sequence","128.32","",""
"09/11/2024 21:00:00 - 09/11/2024 22:00:00","BZN|BE","Without sequence","117.96","",""
"09/11/2024 22:00:00 - 09/11/2024 23:00:00","BZN|BE","Without sequence","114.53","",""
"09/11/2024 23:00:00 - 10/11/2024 00:00:00","BZN|BE","Without sequence","110.1","",""
"10/11/2024 00:00:00 - 10/11/2024 01:00:00","BZN|BE","Without sequence","104.99","",""
"10/11/2024 01:00:00 - 10/11/2024 02:00:00","BZN|BE","Without sequence","102.28","",""
"10/11/2024 02:00:00 - 10/11/2024 03:00:00","BZN|BE","Without sequence","100.81","",""
"10/11/2024 03:00:00 - 10/11/2024 04:00:00","BZN|BE","Without sequence","98.55","",""
"10/11/2024 04:00:00 - 10/11/2024 05:00:00","BZN|BE","Without sequence","97.86","",""
"10/11/2024 05:00:00 - 10/11/2024 06:00:00","BZN|BE","Without sequence","98.41","",""
"10/11/2024 06:00:00 - 10/11/2024 07:00:00","BZN|BE","Without sequence","98.87","",""
"10/11/2024 07:00:00 - 10/11/2024 08:00:00","BZN|BE","Without sequence","102.45","",""
"10/11/2024 08:00:00 - 10/11/2024 09:00:00","BZN|BE","Without sequence","103.3","",""
"10/11/2024 09:00:00 - 10/11/2024 10:00:00","BZN|BE","Without sequence","110.85","",""
"10/11/2024 10:00:00 - 10/11/2024 11:00:00","BZN|BE","Without sequence","111.81","",""
"10/11/2024 11:00:00 - 10/11/2024 12:00:00","BZN|BE","Without sequence","110.13","",""
"10/11/2024 12:00:00 - 10/11/2024 13:00:00","BZN|BE","Without sequence","110.92","",""
"10/11/2024 13:00:00 - 10/11/2024 14:00:00","BZN|BE","Without sequence","107.96","",""
"10/11/2024 14:00:00 - 10/11/2024 15:00:00","BZN|BE","Without sequence","109.82","",""
"10/11/2024 15:00:00 - 10/11/2024 16:00:00","BZN|BE","Without sequence","109.1","",""
"10/11/2024 16:00:00 - 10/11/2024 17:00:00","BZN|BE","Without sequence","113.2","",""
"10/11/2024 17:00:00 - 10/11/2024 18:00:00","BZN|BE","Without sequence","130.13","",""
"10/11/2024 18:00:00 - 10/11/2024 19:00:00","BZN|BE","Without sequence","135.76","",""
"10/11/2024 19:00:00 - 10/11/2024 20:00:00","BZN|BE","Without sequence","132.59","",""
"10/11/2024 20:00:00 - 10/11/2024 21:00:00","BZN|BE","Without sequence","125.31","",""
"10/11/2024 21:00:00 - 10/11/2024 22:00:00","BZN|BE","Without sequence","115.28","",""
"10/11/2024 22:00:00 - 10/11/2024 23:00:00","BZN|BE","Without sequence","111.1","",""
"10/11/2024 23:00:00 - 11/11/2024 00:00:00","BZN|BE","Without sequence","108.02","",""
"11/11/2024 00:00:00 - 11/11/2024 01:00:00","BZN|BE","Without sequence","109.48","",""
"11/11/2024 01:00:00 - 11/11/2024 02:00:00","BZN|BE","Without sequence","103.15","",""
"11/11/2024 02:00:00 - 11/11/2024 03:00:00","BZN|BE","Without sequence","99.84","",""
"11/11/2024 03:00:00 - 11/11/2024 04:00:00","BZN|BE","Without sequence","94.56","",""
"11/11/2024 04:00:00 - 11/11/2024 05:00:00","BZN|BE","Without sequence","93.04","",""
"11/11/2024 05:00:00 - 11/11/2024 06:00:00","BZN|BE","Without sequence","92.25","",""
"11/11/2024 06:00:00 - 11/11/2024 07:00:00","BZN|BE","Without sequence","101.3","",""
"11/11/2024 07:00:00 - 11/11/2024 08:00:00","BZN|BE","Without sequence","111.8","",""
"11/11/2024 08:00:00 - 11/11/2024 09:00:00","BZN|BE","Without sequence","118.69","",""
"11/11/2024 09:00:00 - 11/11/2024 10:00:00","BZN|BE","Without sequence","123.57","",""
"11/11/2024 10:00:00 - 11/11/2024 11:00:00","BZN|BE","Without sequence","116.5","",""
"11/11/2024 11:00:00 - 11/11/2024 12:00:00","BZN|BE","Without sequence","102.75","",""
"11/11/2024 12:00:00 - 11/11/2024 13:00:00","BZN|BE","Without sequence","108.97","",""
"11/11/2024 13:00:00 - 11/11/2024 14:00:00","BZN|BE","Without sequence","113.71","",""
"11/11/2024 14:00:00 - 11/11/2024 15:00:00","BZN|BE","Without sequence","115.2","",""
"11/11/2024 15:00:00 - 11/11/2024 16:00:00","BZN|BE","Without sequence","120.47","",""
"11/11/2024 16:00:00 - 11/11/2024 17:00:00","BZN|BE","Without sequence","107.51","",""
"11/11/2024 17:00:00 - 11/11/2024 18:00:00","BZN|BE","Without sequence","123.62","",""
"11/11/2024 18:00:00 - 11/11/2024 19:00:00","BZN|BE","Without sequence","135.3","",""
"11/11/2024 19:00:00 - 11/11/2024 20:00:00","BZN|BE","Without sequence","125.6","",""
"11/11/2024 20:00:00 - 11/11/2024 21:00:00","BZN|BE","Without sequence","118.75","",""
"11/11/2024 21:00:00 - 11/11/2024 22:00:00","BZN|BE","Without sequence","108.6","",""
"11/11/2024 22:00:00 - 11/11/2024 23:00:00","BZN|BE","Without sequence","105.34","",""
"11/11/2024 23:00:00 - 12/11/2024 00:00:00","BZN|BE","Without sequence","103.69","",""
"12/11/2024 00:00:00 - 12/11/2024 01:00:00","BZN|BE","Without sequence","107.7","",""
"12/11/2024 01:00:00 - 12/11/2024 02:00:00","BZN|BE","Without sequence","101.76","",""
"12/11/2024 02:00:00 - 12/11/2024 03:00:00","BZN|BE","Without sequence","96.09","",""
"12/11/2024 03:00:00 - 12/11/2024 04:00:00","BZN|BE","Without sequence","87.96","",""
"12/11/2024 04:00:00 - 12/11/2024 05:00:00","BZN|BE","Without sequence","85.22","",""
"12/11/2024 05:00:00 - 12/11/2024 06:00:00","BZN|BE","Without sequence","99.81","",""
"12/11/2024 06:00:00 - 12/11/2024 07:00:00","BZN|BE","Without sequence","104.35","",""
"12/11/2024 07:00:00 - 12/11/2024 08:00:00","BZN|BE","Without sequence","111.38","",""
"12/11/2024 08:00:00 - 12/11/2024 09:00:00","BZN|BE","Without sequence","146.34","",""
"12/11/2024 09:00:00 - 12/11/2024 10:00:00","BZN|BE","Without sequence","128.39","",""
"12/11/2024 10:00:00 - 12/11/2024 11:00:00","BZN|BE","Without sequence","126.37","",""
"12/11/2024 11:00:00 - 12/11/2024 12:00:00","BZN|BE","Without sequence","111.84","",""
"12/11/2024 12:00:00 - 12/11/2024 13:00:00","BZN|BE","Without sequence","116.0","",""
"12/11/2024 13:00:00 - 12/11/2024 14:00:00","BZN|BE","Without sequence","122.65","",""
"12/11/2024 14:00:00 - 12/11/2024 15:00:00","BZN|BE","Without sequence","126.51","",""
"12/11/2024 15:00:00 - 12/11/2024 16:00:00","BZN|BE","Without sequence","147.61","",""
"12/11/2024 16:00:00 - 12/11/2024 17:00:00","BZN|BE","Without sequence","171.93","",""
"12/11/2024 17:00:00 - 12/11/2024 18:00:00","BZN|BE","Without sequence","198.53","",""
"12/11/2024 18:00:00 - 12/11/2024 19:00:00","BZN|BE","Without sequence","179.12","",""
"12/11/2024 19:00:00 - 12/11/2024 20:00:00","BZN|BE","Without sequence","153.6","",""
"12/11/2024 20:00:00 - 12/11/2024 21:00:00","BZN|BE","Without sequence","136.75","",""
"12/11/2024 21:00:00 - 12/11/2024 22:00:00","BZN|BE","Without sequence","124.82","",""
"12/11/2024 22:00:00 - 12/11/2024 23:00:00","BZN|BE","Without sequence","123.82","",""
"12/11/2024 23:00:00 - 13/11/2024 00:00:00","BZN|BE","Without sequence","115.18","",""
"13/11/2024 00:00:00 - 13/11/2024 01:00:00","BZN|BE","Without sequence","112.81","",""
"13/11/2024 01:00:00 - 13/11/2024 02:00:00","BZN|BE","Without sequence","108.6","",""
"13/11/2024 02:00:00 - 13/11/2024 03:00:00","BZN|BE","Without sequence","105.64","",""
"13/11/2024 03:00:00 - 13/11/2024 04:00:00","BZN|BE","Without sequence","104.39","",""
"13/11/2024 04:00:00 - 13/11/2024 05:00:00","BZN|BE","Without sequence","105.89","",""
"13/11/2024 05:00:00 - 13/11/2024 06:00:00","BZN|BE","Without sequence","112.59","",""
"13/11/2024 06:00:00 - 13/11/2024 07:00:00","BZN|BE","Without sequence","118.7","",""
"13/11/2024 07:00:00 - 13/11/2024 08:00:00","BZN|BE","Without sequence","146.84","",""
"13/11/2024 08:00:00 - 13/11/2024 09:00:00","BZN|BE","Without sequence","175.14","",""
"13/11/2024 09:00:00 - 13/11/2024 10:00:00","BZN|BE","Without sequence","174.94","",""
"13/11/2024 10:00:00 - 13/11/2024 11:00:00","BZN|BE","Without sequence","157.41","",""
"13/11/2024 11:00:00 - 13/11/2024 12:00:00","BZN|BE","Without sequence","145.67","",""
"13/11/2024 12:00:00 - 13/11/2024 13:00:00","BZN|BE","Without sequence","152.58","",""
"13/11/2024 13:00:00 - 13/11/2024 14:00:00","BZN|BE","Without sequence","148.49","",""
"13/11/2024 14:00:00 - 13/11/2024 15:00:00","BZN|BE","Without sequence","149.54","",""
"13/11/2024 15:00:00 - 13/11/2024 16:00:00","BZN|BE","Without sequence","146.87","",""
"13/11/2024 16:00:00 - 13/11/2024 17:00:00","BZN|BE","Without sequence","144.48","",""
"13/11/2024 17:00:00 - 13/11/2024 18:00:00","BZN|BE","Without sequence","168.2","",""
"13/11/2024 18:00:00 - 13/11/2024 19:00:00","BZN|BE","Without sequence","175.52","",""
"13/11/2024 19:00:00 - 13/11/2024 20:00:00","BZN|BE","Without sequence","161.46","",""
"13/11/2024 20:00:00 - 13/11/2024 21:00:00","BZN|BE","Without sequence","129.77","",""
"13/11/2024 21:00:00 - 13/11/2024 22:00:00","BZN|BE","Without sequence","117.53","",""
"13/11/2024 22:00:00 - 13/11/2024 23:00:00","BZN|BE","Without sequence","114.85","",""
"13/11/2024 23:00:00 - 14/11/2024 00:00:00","BZN|BE","Without sequence","107.16","",""
"14/11/2024 00:00:00 - 14/11/2024 01:00:00","BZN|BE","Without sequence","102.33","",""
"14/11/2024 01:00:00 - 14/11/2024 02:00:00","BZN|BE","Without sequence","100.29","",""
"14/11/2024 02:00:00 - 14/11/2024 03:00:00","BZN|BE","Without sequence","96.38","",""
"14/11/2024 03:00:00 - 14/11/2024 04:00:00","BZN|BE","Without sequence","92.58","",""
"14/11/2024 04:00:00 - 14/11/2024 05:00:00","BZN|BE","Without sequence","92.05","",""
"14/11/2024 05:00:00 - 14/11/2024 06:00:00","BZN|BE","Without sequence","94.0","",""
"14/11/2024 06:00:00 - 14/11/2024 07:00:00","BZN|BE","Without sequence","107.39","",""
"14/11/2024 07:00:00 - 14/11/2024 08:00:00","BZN|BE","Without sequence","117.76","",""
"14/11/2024 08:00:00 - 14/11/2024 09:00:00","BZN|BE","Without sequence","130.24","",""
"14/11/2024 09:00:00 - 14/11/2024 10:00:00","BZN|BE","Without sequence","127.3","",""
"14/11/2024 10:00:00 - 14/11/2024 11:00:00","BZN|BE","Without sequence","127.9","",""
"14/11/2024 11:00:00 - 14/11/2024 12:00:00","BZN|BE","Without sequence","127.68","",""
"14/11/2024 12:00:00 - 14/11/2024 13:00:00","BZN|BE","Without sequence","125.6","",""
"14/11/2024 13:00:00 - 14/11/2024 14:00:00","BZN|BE","Without sequence","128.39","",""
"14/11/2024 14:00:00 - 14/11/2024 15:00:00","BZN|BE","Without sequence","134.59","",""
"14/11/2024 15:00:00 - 14/11/2024 16:00:00","BZN|BE","Without sequence","143.81","",""
"14/11/2024 16:00:00 - 14/11/2024 17:00:00","BZN|BE","Without sequence","146.79","",""
"14/11/2024 17:00:00 - 14/11/2024 18:00:00","BZN|BE","Without sequence","157.75","",""
"14/11/2024 18:00:00 - 14/11/2024 19:00:00","BZN|BE","Without sequence","156.36","",""
"14/11/2024 19:00:00 - 14/11/2024 20:00:00","BZN|BE","Without sequence","149.94","",""
"14/11/2024 20:00:00 - 14/11/2024 21:00:00","BZN|BE","Without sequence","139.34","",""
"14/11/2024 21:00:00 - 14/11/2024 22:00:00","BZN|BE","Without sequence","129.62","",""
"14/11/2024 22:00:00 - 14/11/2024 23:00:00","BZN|BE","Without sequence","123.12","",""
"14/11/2024 23:00:00 - 15/11/2024 00:00:00","BZN|BE","Without sequence","112.69","",""
"15/11/2024 00:00:00 - 15/11/2024 01:00:00","BZN|BE","Without sequence","110.99","",""
"15/11/2024 01:00:00 - 15/11/2024 02:00:00","BZN|BE","Without sequence","107.0","",""
"15/11/2024 02:00:00 - 15/11/2024 03:00:00","BZN|BE","Without sequence","107.21","",""
"15/11/2024 03:00:00 - 15/11/2024 04:00:00","BZN|BE","Without sequence","103.82","",""
"15/11/2024 04:00:00 - 15/11/2024 05:00:00","BZN|BE","Without sequence","104.6","",""
"15/11/2024 05:00:00 - 15/11/2024 06:00:00","BZN|BE","Without sequence","109.05","",""
"15/11/2024 06:00:00 - 15/11/2024 07:00:00","BZN|BE","Without sequence","130.21","",""
"15/11/2024 07:00:00 - 15/11/2024 08:00:00","BZN|BE","Without sequence","146.1","",""
"15/11/2024 08:00:00 - 15/11/2024 09:00:00","BZN|BE","Without sequence","159.16","",""
"15/11/2024 09:00:00 - 15/11/2024 10:00:00","BZN|BE","Without sequence","147.16","",""
"15/11/2024 10:00:00 - 15/11/2024 11:00:00","BZN|BE","Without sequence","134.11","",""
"15/11/2024 11:00:00 - 15/11/2024 12:00:00","BZN|BE","Without sequence","129.27","",""
"15/11/2024 12:00:00 - 15/11/2024 13:00:00","BZN|BE","Without sequence","120.93","",""
"15/11/2024 13:00:00 - 15/11/2024 14:00:00","BZN|BE","Without sequence","120.35","",""
"15/11/2024 14:00:00 - 15/11/2024 15:00:00","BZN|BE","Without sequence","124.38","",""
"15/11/2024 15:00:00 - 15/11/2024 16:00:00","BZN|BE","Without sequence","127.85","",""
"15/11/2024 16:00:00 - 15/11/2024 17:00:00","BZN|BE","Without sequence","130.14","",""
"15/11/2024 17:00:00 - 15/11/2024 18:00:00","BZN|BE","Without sequence","137.81","",""
"15/11/2024 18:00:00 - 15/11/2024 19:00:00","BZN|BE","Without sequence","136.66","",""
"15/11/2024 19:00:00 - 15/11/2024 20:00:00","BZN|BE","Without sequence","131.97","",""
"15/11/2024 20:00:00 - 15/11/2024 21:00:00","BZN|BE","Without sequence","119.52","",""
"15/11/2024 21:00:00 - 15/11/2024 22:00:00","BZN|BE","Without sequence","117.75","",""
"15/11/2024 22:00:00 - 15/11/2024 23:00:00","BZN|BE","Without sequence","125.6","",""
"15/11/2024 23:00:00 - 16/11/2024 00:00:00","BZN|BE","Without sequence","118.64","",""
"16/11/2024 00:00:00 - 16/11/2024 01:00:00","BZN|BE","Without sequence","103.34","",""
"16/11/2024 01:00:00 - 16/11/2024 02:00:00","BZN|BE","Without sequence","98.22","",""
"16/11/2024 02:00:00 - 16/11/2024 03:00:00","BZN|BE","Without sequence","94.61","",""
"16/11/2024 03:00:00 - 16/11/2024 04:00:00","BZN|BE","Without sequence","92.28","",""
"16/11/2024 04:00:00 - 16/11/2024 05:00:00","BZN|BE","Without sequence","90.71","",""
"16/11/2024 05:00:00 - 16/11/2024 06:00:00","BZN|BE","Without sequence","90.58","",""
"16/11/2024 06:00:00 - 16/11/2024 07:00:00","BZN|BE","Without sequence","93.99","",""
"16/11/2024 07:00:00 - 16/11/2024 08:00:00","BZN|BE","Without sequence","104.09","",""
"16/11/2024 08:00:00 - 16/11/2024 09:00:00","BZN|BE","Without sequence","112.7","",""
"16/11/2024 09:00:00 - 16/11/2024 10:00:00","BZN|BE","Without sequence","115.54","",""
"16/11/2024 10:00:00 - 16/11/2024 11:00:00","BZN|BE","Without sequence","112.12","",""
"16/11/2024 11:00:00 - 16/11/2024 12:00:00","BZN|BE","Without sequence","105.38","",""
"16/11/2024 12:00:00 - 16/11/2024 13:00:00","BZN|BE","Without sequence","103.0","",""
"16/11/2024 13:00:00 - 16/11/2024 14:00:00","BZN|BE","Without sequence","99.57","",""
"16/11/2024 14:00:00 - 16/11/2024 15:00:00","BZN|BE","Without sequence","100.0","",""
"16/11/2024 15:00:00 - 16/11/2024 16:00:00","BZN|BE","Without sequence","105.05","",""
"16/11/2024 16:00:00 - 16/11/2024 17:00:00","BZN|BE","Without sequence","115.28","",""
"16/11/2024 17:00:00 - 16/11/2024 18:00:00","BZN|BE","Without sequence","126.8","",""
"16/11/2024 18:00:00 - 16/11/2024 19:00:00","BZN|BE","Without sequence","135.47","",""
"16/11/2024 19:00:00 - 16/11/2024 20:00:00","BZN|BE","Without sequence","136.9","",""
"16/11/2024 20:00:00 - 16/11/2024 21:00:00","BZN|BE","Without sequence","117.0","",""
"16/11/2024 21:00:00 - 16/11/2024 22:00:00","BZN|BE","Without sequence","103.03","",""
"16/11/2024 22:00:00 - 16/11/2024 23:00:00","BZN|BE","Without sequence","102.23","",""
"16/11/2024 23:00:00 - 17/11/2024 00:00:00","BZN|BE","Without sequence","95.03","",""
"17/11/2024 00:00:00 - 17/11/2024 01:00:00","BZN|BE","Without sequence","89.23","",""
"17/11/2024 01:00:00 - 17/11/2024 02:00:00","BZN|BE","Without sequence","81.58","",""
"17/11/2024 02:00:00 - 17/11/2024 03:00:00","BZN|BE","Without sequence","76.63","",""
"17/11/2024 03:00:00 - 17/11/2024 04:00:00","BZN|BE","Without sequence","63.99","",""
"17/11/2024 04:00:00 - 17/11/2024 05:00:00","BZN|BE","Without sequence","49.03","",""
"17/11/2024 05:00:00 - 17/11/2024 06:00:00","BZN|BE","Without sequence","43.64","",""
"17/11/2024 06:00:00 - 17/11/2024 07:00:00","BZN|BE","Without sequence","50.3","",""
"17/11/2024 07:00:00 - 17/11/2024 08:00:00","BZN|BE","Without sequence","66.67","",""
"17/11/2024 08:00:00 - 17/11/2024 09:00:00","BZN|BE","Without sequence","79.59","",""
"17/11/2024 09:00:00 - 17/11/2024 10:00:00","BZN|BE","Without sequence","88.88","",""
"17/11/2024 10:00:00 - 17/11/2024 11:00:00","BZN|BE","Without sequence","89.85","",""
"17/11/2024 11:00:00 - 17/11/2024 12:00:00","BZN|BE","Without sequence","101.4","",""
"17/11/2024 12:00:00 - 17/11/2024 13:00:00","BZN|BE","Without sequence","110.3","",""
"17/11/2024 13:00:00 - 17/11/2024 14:00:00","BZN|BE","Without sequence","107.85","",""
"17/11/2024 14:00:00 - 17/11/2024 15:00:00","BZN|BE","Without sequence","73.26","",""
"17/11/2024 15:00:00 - 17/11/2024 16:00:00","BZN|BE","Without sequence","103.33","",""
"17/11/2024 16:00:00 - 17/11/2024 17:00:00","BZN|BE","Without sequence","95.84","",""
"17/11/2024 17:00:00 - 17/11/2024 18:00:00","BZN|BE","Without sequence","118.59","",""
"17/11/2024 18:00:00 - 17/11/2024 19:00:00","BZN|BE","Without sequence","159.98","",""
"17/11/2024 19:00:00 - 17/11/2024 20:00:00","BZN|BE","Without sequence","162.5","",""
"17/11/2024 20:00:00 - 17/11/2024 21:00:00","BZN|BE","Without sequence","122.46","",""
"17/11/2024 21:00:00 - 17/11/2024 22:00:00","BZN|BE","Without sequence","118.08","",""
"17/11/2024 22:00:00 - 17/11/2024 23:00:00","BZN|BE","Without sequence","116.53","",""
"17/11/2024 23:00:00 - 18/11/2024 00:00:00","BZN|BE","Without sequence","98.73","",""
"18/11/2024 00:00:00 - 18/11/2024 01:00:00","BZN|BE","Without sequence","102.3","",""
"18/11/2024 01:00:00 - 18/11/2024 02:00:00","BZN|BE","Without sequence","91.7","",""
"18/11/2024 02:00:00 - 18/11/2024 03:00:00","BZN|BE","Without sequence","81.94","",""
"18/11/2024 03:00:00 - 18/11/2024 04:00:00","BZN|BE","Without sequence","67.82","",""
"18/11/2024 04:00:00 - 18/11/2024 05:00:00","BZN|BE","Without sequence","71.23","",""
"18/11/2024 05:00:00 - 18/11/2024 06:00:00","BZN|BE","Without sequence","84.87","",""
"18/11/2024 06:00:00 - 18/11/2024 07:00:00","BZN|BE","Without sequence","100.67","",""
"18/11/2024 07:00:00 - 18/11/2024 08:00:00","BZN|BE","Without sequence","124.3","",""
"18/11/2024 08:00:00 - 18/11/2024 09:00:00","BZN|BE","Without sequence","124.26","",""
"18/11/2024 09:00:00 - 18/11/2024 10:00:00","BZN|BE","Without sequence","121.45","",""
"18/11/2024 10:00:00 - 18/11/2024 11:00:00","BZN|BE","Without sequence","117.69","",""
"18/11/2024 11:00:00 - 18/11/2024 12:00:00","BZN|BE","Without sequence","111.25","",""
"18/11/2024 12:00:00 - 18/11/2024 13:00:00","BZN|BE","Without sequence","105.05","",""
"18/11/2024 13:00:00 - 18/11/2024 14:00:00","BZN|BE","Without sequence","109.4","",""
"18/11/2024 14:00:00 - 18/11/2024 15:00:00","BZN|BE","Without sequence","114.57","",""
"18/11/2024 15:00:00 - 18/11/2024 16:00:00","BZN|BE","Without sequence","125.57","",""
"18/11/2024 16:00:00 - 18/11/2024 17:00:00","BZN|BE","Without sequence","138.84","",""
"18/11/2024 17:00:00 - 18/11/2024 18:00:00","BZN|BE","Without sequence","155.57","",""
"18/11/2024 18:00:00 - 18/11/2024 19:00:00","BZN|BE","Without sequence","164.98","",""
"18/11/2024 19:00:00 - 18/11/2024 20:00:00","BZN|BE","Without sequence","155.6","",""
"18/11/2024 20:00:00 - 18/11/2024 21:00:00","BZN|BE","Without sequence","128.81","",""
"18/11/2024 21:00:00 - 18/11/2024 22:00:00","BZN|BE","Without sequence","118.06","",""
"18/11/2024 22:00:00 - 18/11/2024 23:00:00","BZN|BE","Without sequence","117.16","",""
"18/11/2024 23:00:00 - 19/11/2024 00:00:00","BZN|BE","Without sequence","108.4","",""
"19/11/2024 00:00:00 - 19/11/2024 01:00:00","BZN|BE","Without sequence","99.57","",""
"19/11/2024 01:00:00 - 19/11/2024 02:00:00","BZN|BE","Without sequence","93.42","",""
"19/11/2024 02:00:00 - 19/11/2024 03:00:00","BZN|BE","Without sequence","79.85","",""
"19/11/2024 03:00:00 - 19/11/2024 04:00:00","BZN|BE","Without sequence","69.58","",""
"19/11/2024 04:00:00 - 19/11/2024 05:00:00","BZN|BE","Without sequence","68.84","",""
"19/11/2024 05:00:00 - 19/11/2024 06:00:00","BZN|BE","Without sequence","55.63","",""
"19/11/2024 06:00:00 - 19/11/2024 07:00:00","BZN|BE","Without sequence","92.16","",""
"19/11/2024 07:00:00 - 19/11/2024 08:00:00","BZN|BE","Without sequence","114.35","",""
"19/11/2024 08:00:00 - 19/11/2024 09:00:00","BZN|BE","Without sequence","121.62","",""
"19/11/2024 09:00:00 - 19/11/2024 10:00:00","BZN|BE","Without sequence","129.5","",""
"19/11/2024 10:00:00 - 19/11/2024 11:00:00","BZN|BE","Without sequence","139.63","",""
"19/11/2024 11:00:00 - 19/11/2024 12:00:00","BZN|BE","Without sequence","138.56","",""
"19/11/2024 12:00:00 - 19/11/2024 13:00:00","BZN|BE","Without sequence","136.05","",""
"19/11/2024 13:00:00 - 19/11/2024 14:00:00","BZN|BE","Without sequence","131.65","",""
"19/11/2024 14:00:00 - 19/11/2024 15:00:00","BZN|BE","Without sequence","127.99","",""
"19/11/2024 15:00:00 - 19/11/2024 16:00:00","BZN|BE","Without sequence","123.6","",""
"19/11/2024 16:00:00 - 19/11/2024 17:00:00","BZN|BE","Without sequence","126.98","",""
"19/11/2024 17:00:00 - 19/11/2024 18:00:00","BZN|BE","Without sequence","136.66","",""
"19/11/2024 18:00:00 - 19/11/2024 19:00:00","BZN|BE","Without sequence","135.24","",""
"19/11/2024 19:00:00 - 19/11/2024 20:00:00","BZN|BE","Without sequence","126.72","",""
"19/11/2024 20:00:00 - 19/11/2024 21:00:00","BZN|BE","Without sequence","117.19","",""
"19/11/2024 21:00:00 - 19/11/2024 22:00:00","BZN|BE","Without sequence","108.17","",""
"19/11/2024 22:00:00 - 19/11/2024 23:00:00","BZN|BE","Without sequence","105.77","",""
"19/11/2024 23:00:00 - 20/11/2024 00:00:00","BZN|BE","Without sequence","90.13","",""
"20/11/2024 00:00:00 - 20/11/2024 01:00:00","BZN|BE","Without sequence","101.2","",""
"20/11/2024 01:00:00 - 20/11/2024 02:00:00","BZN|BE","Without sequence","91.61","",""
"20/11/2024 02:00:00 - 20/11/2024 03:00:00","BZN|BE","Without sequence","86.81","",""
"20/11/2024 03:00:00 - 20/11/2024 04:00:00","BZN|BE","Without sequence","81.6","",""
"20/11/2024 04:00:00 - 20/11/2024 05:00:00","BZN|BE","Without sequence","80.32","",""
"20/11/2024 05:00:00 - 20/11/2024 06:00:00","BZN|BE","Without sequence","90.79","",""
"20/11/2024 06:00:00 - 20/11/2024 07:00:00","BZN|BE","Without sequence","106.1","",""
"20/11/2024 07:00:00 - 20/11/2024 08:00:00","BZN|BE","Without sequence","127.25","",""
"20/11/2024 08:00:00 - 20/11/2024 09:00:00","BZN|BE","Without sequence","142.87","",""
"20/11/2024 09:00:00 - 20/11/2024 10:00:00","BZN|BE","Without sequence","139.9","",""
"20/11/2024 10:00:00 - 20/11/2024 11:00:00","BZN|BE","Without sequence","118.02","",""
"20/11/2024 11:00:00 - 20/11/2024 12:00:00","BZN|BE","Without sequence","108.0","",""
"20/11/2024 12:00:00 - 20/11/2024 13:00:00","BZN|BE","Without sequence","97.75","",""
"20/11/2024 13:00:00 - 20/11/2024 14:00:00","BZN|BE","Without sequence","97.85","",""
"20/11/2024 14:00:00 - 20/11/2024 15:00:00","BZN|BE","Without sequence","106.4","",""
"20/11/2024 15:00:00 - 20/11/2024 16:00:00","BZN|BE","Without sequence","126.42","",""
"20/11/2024 16:00:00 - 20/11/2024 17:00:00","BZN|BE","Without sequence","133.65","",""
"20/11/2024 17:00:00 - 20/11/2024 18:00:00","BZN|BE","Without sequence","142.15","",""
"20/11/2024 18:00:00 - 20/11/2024 19:00:00","BZN|BE","Without sequence","142.8","",""
"20/11/2024 19:00:00 - 20/11/2024 20:00:00","BZN|BE","Without sequence","140.97","",""
"20/11/2024 20:00:00 - 20/11/2024 21:00:00","BZN|BE","Without sequence","135.98","",""
"20/11/2024 21:00:00 - 20/11/2024 22:00:00","BZN|BE","Without sequence","125.27","",""
"20/11/2024 22:00:00 - 20/11/2024 23:00:00","BZN|BE","Without sequence","117.5","",""
"20/11/2024 23:00:00 - 21/11/2024 00:00:00","BZN|BE","Without sequence","103.5","",""
"21/11/2024 00:00:00 - 21/11/2024 01:00:00","BZN|BE","Without sequence","93.96","",""
"21/11/2024 01:00:00 - 21/11/2024 02:00:00","BZN|BE","Without sequence","90.4","",""
"21/11/2024 02:00:00 - 21/11/2024 03:00:00","BZN|BE","Without sequence","86.8","",""
"21/11/2024 03:00:00 - 21/11/2024 04:00:00","BZN|BE","Without sequence","84.15","",""
"21/11/2024 04:00:00 - 21/11/2024 05:00:00","BZN|BE","Without sequence","84.23","",""
"21/11/2024 05:00:00 - 21/11/2024 06:00:00","BZN|BE","Without sequence","93.51","",""
"21/11/2024 06:00:00 - 21/11/2024 07:00:00","BZN|BE","Without sequence","109.4","",""
"21/11/2024 07:00:00 - 21/11/2024 08:00:00","BZN|BE","Without sequence","123.36","",""
"21/11/2024 08:00:00 - 21/11/2024 09:00:00","BZN|BE","Without sequence","133.85","",""
"21/11/2024 09:00:00 - 21/11/2024 10:00:00","BZN|BE","Without sequence","135.04","",""
"21/11/2024 10:00:00 - 21/11/2024 11:00:00","BZN|BE","Without sequence","127.44","",""
"21/11/2024 11:00:00 - 21/11/2024 12:00:00","BZN|BE","Without sequence","115.55","",""
"21/11/2024 12:00:00 - 21/11/2024 13:00:00","BZN|BE","Without sequence","113.7","",""
"21/11/2024 13:00:00 - 21/11/2024 14:00:00","BZN|BE","Without sequence","121.29","",""
"21/11/2024 14:00:00 - 21/11/2024 15:00:00","BZN|BE","Without sequence","134.4","",""
"21/11/2024 15:00:00 - 21/11/2024 16:00:00","BZN|BE","Without sequence","144.79","",""
"21/11/2024 16:00:00 - 21/11/2024 17:00:00","BZN|BE","Without sequence","161.23","",""
"21/11/2024 17:00:00 - 21/11/2024 18:00:00","BZN|BE","Without sequence","169.9","",""
"21/11/2024 18:00:00 - 21/11/2024 19:00:00","BZN|BE","Without sequence","155.9","",""
"21/11/2024 19:00:00 - 21/11/2024 20:00:00","BZN|BE","Without sequence","148.93","",""
"21/11/2024 20:00:00 - 21/11/2024 21:00:00","BZN|BE","Without sequence","129.08","",""
"21/11/2024 21:00:00 - 21/11/2024 22:00:00","BZN|BE","Without sequence","121.56","",""
"21/11/2024 22:00:00 - 21/11/2024 23:00:00","BZN|BE","Without sequence","120.0","",""
"21/11/2024 23:00:00 - 22/11/2024 00:00:00","BZN|BE","Without sequence","106.36","",""
"22/11/2024 00:00:00 - 22/11/2024 01:00:00","BZN|BE","Without sequence","113.3","",""
"22/11/2024 01:00:00 - 22/11/2024 02:00:00","BZN|BE","Without sequence","102.71","",""
"22/11/2024 02:00:00 - 22/11/2024 03:00:00","BZN|BE","Without sequence","95.0","",""
"22/11/2024 03:00:00 - 22/11/2024 04:00:00","BZN|BE","Without sequence","88.75","",""
"22/11/2024 04:00:00 - 22/11/2024 05:00:00","BZN|BE","Without sequence","85.85","",""
"22/11/2024 05:00:00 - 22/11/2024 06:00:00","BZN|BE","Without sequence","91.24","",""
"22/11/2024 06:00:00 - 22/11/2024 07:00:00","BZN|BE","Without sequence","113.58","",""
"22/11/2024 07:00:00 - 22/11/2024 08:00:00","BZN|BE","Without sequence","134.6","",""
"22/11/2024 08:00:00 - 22/11/2024 09:00:00","BZN|BE","Without sequence","144.04","",""
"22/11/2024 09:00:00 - 22/11/2024 10:00:00","BZN|BE","Without sequence","140.61","",""
"22/11/2024 10:00:00 - 22/11/2024 11:00:00","BZN|BE","Without sequence","130.83","",""
"22/11/2024 11:00:00 - 22/11/2024 12:00:00","BZN|BE","Without sequence","116.81","",""
"22/11/2024 12:00:00 - 22/11/2024 13:00:00","BZN|BE","Without sequence","106.45","",""
"22/11/2024 13:00:00 - 22/11/2024 14:00:00","BZN|BE","Without sequence","95.55","",""
"22/11/2024 14:00:00 - 22/11/2024 15:00:00","BZN|BE","Without sequence","96.68","",""
"22/11/2024 15:00:00 - 22/11/2024 16:00:00","BZN|BE","Without sequence","109.87","",""
"22/11/2024 16:00:00 - 22/11/2024 17:00:00","BZN|BE","Without sequence","115.07","",""
"22/11/2024 17:00:00 - 22/11/2024 18:00:00","BZN|BE","Without sequence","130.66","",""
"22/11/2024 18:00:00 - 22/11/2024 19:00:00","BZN|BE","Without sequence","135.51","",""
"22/11/2024 19:00:00 - 22/11/2024 20:00:00","BZN|BE","Without sequence","132.56","",""
"22/11/2024 20:00:00 - 22/11/2024 21:00:00","BZN|BE","Without sequence","122.86","",""
"22/11/2024 21:00:00 - 22/11/2024 22:00:00","BZN|BE","Without sequence","107.03","",""
"22/11/2024 22:00:00 - 22/11/2024 23:00:00","BZN|BE","Without sequence","112.39","",""
"22/11/2024 23:00:00 - 23/11/2024 00:00:00","BZN|BE","Without sequence","125.7","",""
"23/11/2024 00:00:00 - 23/11/2024 01:00:00","BZN|BE","Without sequence","139.04","",""
"23/11/2024 01:00:00 - 23/11/2024 02:00:00","BZN|BE","Without sequence","97.2","",""
"23/11/2024 02:00:00 - 23/11/2024 03:00:00","BZN|BE","Without sequence","91.08","",""
"23/11/2024 03:00:00 - 23/11/2024 04:00:00","BZN|BE","Without sequence","84.43","",""
"23/11/2024 04:00:00 - 23/11/2024 05:00:00","BZN|BE","Without sequence","79.68","",""
"23/11/2024 05:00:00 - 23/11/2024 06:00:00","BZN|BE","Without sequence","85.09","",""
"23/11/2024 06:00:00 - 23/11/2024 07:00:00","BZN|BE","Without sequence","84.66","",""
"23/11/2024 07:00:00 - 23/11/2024 08:00:00","BZN|BE","Without sequence","91.44","",""
"23/11/2024 08:00:00 - 23/11/2024 09:00:00","BZN|BE","Without sequence","98.51","",""
"23/11/2024 09:00:00 - 23/11/2024 10:00:00","BZN|BE","Without sequence","85.62","",""
"23/11/2024 10:00:00 - 23/11/2024 11:00:00","BZN|BE","Without sequence","79.08","",""
"23/11/2024 11:00:00 - 23/11/2024 12:00:00","BZN|BE","Without sequence","69.54","",""
"23/11/2024 12:00:00 - 23/11/2024 13:00:00","BZN|BE","Without sequence","70.34","",""
"23/11/2024 13:00:00 - 23/11/2024 14:00:00","BZN|BE","Without sequence","68.85","",""
"23/11/2024 14:00:00 - 23/11/2024 15:00:00","BZN|BE","Without sequence","74.87","",""
"23/11/2024 15:00:00 - 23/11/2024 16:00:00","BZN|BE","Without sequence","90.32","",""
"23/11/2024 16:00:00 - 23/11/2024 17:00:00","BZN|BE","Without sequence","83.96","",""
"23/11/2024 17:00:00 - 23/11/2024 18:00:00","BZN|BE","Without sequence","95.56","",""
"23/11/2024 18:00:00 - 23/11/2024 19:00:00","BZN|BE","Without sequence","91.28","",""
"23/11/2024 19:00:00 - 23/11/2024 20:00:00","BZN|BE","Without sequence","78.19","",""
"23/11/2024 20:00:00 - 23/11/2024 21:00:00","BZN|BE","Without sequence","66.89","",""
"23/11/2024 21:00:00 - 23/11/2024 22:00:00","BZN|BE","Without sequence","54.42","",""
"23/11/2024 22:00:00 - 23/11/2024 23:00:00","BZN|BE","Without sequence","45.14","",""
"23/11/2024 23:00:00 - 24/11/2024 00:00:00","BZN|BE","Without sequence","22.2","",""
"24/11/2024 00:00:00 - 24/11/2024 01:00:00","BZN|BE","Without sequence","7.85","",""
"24/11/2024 01:00:00 - 24/11/2024 02:00:00","BZN|BE","Without sequence","3.83","",""
"24/11/2024 02:00:00 - 24/11/2024 03:00:00","BZN|BE","Without sequence","1.82","",""
"24/11/2024 03:00:00 - 24/11/2024 04:00:00","BZN|BE","Without sequence","0.5","",""
"24/11/2024 04:00:00 - 24/11/2024 05:00:00","BZN|BE","Without sequence","-0.04","",""
"24/11/2024 05:00:00 - 24/11/2024 06:00:00","BZN|BE","Without sequence","0.3","",""
"24/11/2024 06:00:00 - 24/11/2024 07:00:00","BZN|BE","Without sequence","-0.22","",""
"24/11/2024 07:00:00 - 24/11/2024 08:00:00","BZN|BE","Without sequence","2.02","",""
"24/11/2024 08:00:00 - 24/11/2024 09:00:00","BZN|BE","Without sequence","3.32","",""
"24/11/2024 09:00:00 - 24/11/2024 10:00:00","BZN|BE","Without sequence","5.24","",""
"24/11/2024 10:00:00 - 24/11/2024 11:00:00","BZN|BE","Without sequence","3.96","",""
"24/11/2024 11:00:00 - 24/11/2024 12:00:00","BZN|BE","Without sequence","3.32","",""
"24/11/2024 12:00:00 - 24/11/2024 13:00:00","BZN|BE","Without sequence","4.43","",""
"24/11/2024 13:00:00 - 24/11/2024 14:00:00","BZN|BE","Without sequence","3.32","",""
"24/11/2024 14:00:00 - 24/11/2024 15:00:00","BZN|BE","Without sequence","7.3","",""
"24/11/2024 15:00:00 - 24/11/2024 16:00:00","BZN|BE","Without sequence","11.67","",""
"24/11/2024 16:00:00 - 24/11/2024 17:00:00","BZN|BE","Without sequence","28.81","",""
"24/11/2024 17:00:00 - 24/11/2024 18:00:00","BZN|BE","Without sequence","39.93","",""
"24/11/2024 18:00:00 - 24/11/2024 19:00:00","BZN|BE","Without sequence","37.25","",""
"24/11/2024 19:00:00 - 24/11/2024 20:00:00","BZN|BE","Without sequence","38.47","",""
"24/11/2024 20:00:00 - 24/11/2024 21:00:00","BZN|BE","Without sequence","28.37","",""
"24/11/2024 21:00:00 - 24/11/2024 22:00:00","BZN|BE","Without sequence","16.67","",""
"24/11/2024 22:00:00 - 24/11/2024 23:00:00","BZN|BE","Without sequence","12.97","",""
"24/11/2024 23:00:00 - 25/11/2024 00:00:00","BZN|BE","Without sequence","7.34","",""
"25/11/2024 00:00:00 - 25/11/2024 01:00:00","BZN|BE","Without sequence","4.61","",""
"25/11/2024 01:00:00 - 25/11/2024 02:00:00","BZN|BE","Without sequence","3.96","",""
"25/11/2024 02:00:00 - 25/11/2024 03:00:00","BZN|BE","Without sequence","2.69","",""
"25/11/2024 03:00:00 - 25/11/2024 04:00:00","BZN|BE","Without sequence","1.9","",""
"25/11/2024 04:00:00 - 25/11/2024 05:00:00","BZN|BE","Without sequence","2.91","",""
"25/11/2024 05:00:00 - 25/11/2024 06:00:00","BZN|BE","Without sequence","3.5","",""
"25/11/2024 06:00:00 - 25/11/2024 07:00:00","BZN|BE","Without sequence","8.35","",""
"25/11/2024 07:00:00 - 25/11/2024 08:00:00","BZN|BE","Without sequence","61.12","",""
"25/11/2024 08:00:00 - 25/11/2024 09:00:00","BZN|BE","Without sequence","87.76","",""
"25/11/2024 09:00:00 - 25/11/2024 10:00:00","BZN|BE","Without sequence","89.24","",""
"25/11/2024 10:00:00 - 25/11/2024 11:00:00","BZN|BE","Without sequence","90.11","",""
"25/11/2024 11:00:00 - 25/11/2024 12:00:00","BZN|BE","Without sequence","91.47","",""
"25/11/2024 12:00:00 - 25/11/2024 13:00:00","BZN|BE","Without sequence","95.0","",""
"25/11/2024 13:00:00 - 25/11/2024 14:00:00","BZN|BE","Without sequence","81.34","",""
"25/11/2024 14:00:00 - 25/11/2024 15:00:00","BZN|BE","Without sequence","86.92","",""
"25/11/2024 15:00:00 - 25/11/2024 16:00:00","BZN|BE","Without sequence","104.5","",""
"25/11/2024 16:00:00 - 25/11/2024 17:00:00","BZN|BE","Without sequence","110.52","",""
"25/11/2024 17:00:00 - 25/11/2024 18:00:00","BZN|BE","Without sequence","132.14","",""
"25/11/2024 18:00:00 - 25/11/2024 19:00:00","BZN|BE","Without sequence","133.58","",""
"25/11/2024 19:00:00 - 25/11/2024 20:00:00","BZN|BE","Without sequence","120.36","",""
"25/11/2024 20:00:00 - 25/11/2024 21:00:00","BZN|BE","Without sequence","98.6","",""
"25/11/2024 21:00:00 - 25/11/2024 22:00:00","BZN|BE","Without sequence","85.42","",""
"25/11/2024 22:00:00 - 25/11/2024 23:00:00","BZN|BE","Without sequence","89.71","",""
"25/11/2024 23:00:00 - 26/11/2024 00:00:00","BZN|BE","Without sequence","72.22","",""
"26/11/2024 00:00:00 - 26/11/2024 01:00:00","BZN|BE","Without sequence","90.67","",""
"26/11/2024 01:00:00 - 26/11/2024 02:00:00","BZN|BE","Without sequence","80.0","",""
"26/11/2024 02:00:00 - 26/11/2024 03:00:00","BZN|BE","Without sequence","79.48","",""
"26/11/2024 03:00:00 - 26/11/2024 04:00:00","BZN|BE","Without sequence","71.7","",""
"26/11/2024 04:00:00 - 26/11/2024 05:00:00","BZN|BE","Without sequence","73.41","",""
"26/11/2024 05:00:00 - 26/11/2024 06:00:00","BZN|BE","Without sequence","82.76","",""
"26/11/2024 06:00:00 - 26/11/2024 07:00:00","BZN|BE","Without sequence","102.03","",""
"26/11/2024 07:00:00 - 26/11/2024 08:00:00","BZN|BE","Without sequence","143.11","",""
"26/11/2024 08:00:00 - 26/11/2024 09:00:00","BZN|BE","Without sequence","137.84","",""
"26/11/2024 09:00:00 - 26/11/2024 10:00:00","BZN|BE","Without sequence","127.26","",""
"26/11/2024 10:00:00 - 26/11/2024 11:00:00","BZN|BE","Without sequence","113.65","",""
"26/11/2024 11:00:00 - 26/11/2024 12:00:00","BZN|BE","Without sequence","104.38","",""
"26/11/2024 12:00:00 - 26/11/2024 13:00:00","BZN|BE","Without sequence","94.2","",""
"26/11/2024 13:00:00 - 26/11/2024 14:00:00","BZN|BE","Without sequence","102.7","",""
"26/11/2024 14:00:00 - 26/11/2024 15:00:00","BZN|BE","Without sequence","117.0","",""
"26/11/2024 15:00:00 - 26/11/2024 16:00:00","BZN|BE","Without sequence","121.83","",""
"26/11/2024 16:00:00 - 26/11/2024 17:00:00","BZN|BE","Without sequence","140.0","",""
"26/11/2024 17:00:00 - 26/11/2024 18:00:00","BZN|BE","Without sequence","151.42","",""
"26/11/2024 18:00:00 - 26/11/2024 19:00:00","BZN|BE","Without sequence","161.2","",""
"26/11/2024 19:00:00 - 26/11/2024 20:00:00","BZN|BE","Without sequence","153.68","",""
"26/11/2024 20:00:00 - 26/11/2024 21:00:00","BZN|BE","Without sequence","128.1","",""
"26/11/2024 21:00:00 - 26/11/2024 22:00:00","BZN|BE","Without sequence","119.29","",""
"26/11/2024 22:00:00 - 26/11/2024 23:00:00","BZN|BE","Without sequence","122.98","",""
"26/11/2024 23:00:00 - 27/11/2024 00:00:00","BZN|BE","Without sequence","113.88","",""
"27/11/2024 00:00:00 - 27/11/2024 01:00:00","BZN|BE","Without sequence","102.9","",""
"27/11/2024 01:00:00 - 27/11/2024 02:00:00","BZN|BE","Without sequence","101.03","",""
"27/11/2024 02:00:00 - 27/11/2024 03:00:00","BZN|BE","Without sequence","101.97","",""
"27/11/2024 03:00:00 - 27/11/2024 04:00:00","BZN|BE","Without sequence","97.34","",""
"27/11/2024 04:00:00 - 27/11/2024 05:00:00","BZN|BE","Without sequence","90.55","",""
"27/11/2024 05:00:00 - 27/11/2024 06:00:00","BZN|BE","Without sequence","102.9","",""
"27/11/2024 06:00:00 - 27/11/2024 07:00:00","BZN|BE","Without sequence","103.05","",""
"27/11/2024 07:00:00 - 27/11/2024 08:00:00","BZN|BE","Without sequence","122.83","",""
"27/11/2024 08:00:00 - 27/11/2024 09:00:00","BZN|BE","Without sequence","135.55","",""
"27/11/2024 09:00:00 - 27/11/2024 10:00:00","BZN|BE","Without sequence","111.29","",""
"27/11/2024 10:00:00 - 27/11/2024 11:00:00","BZN|BE","Without sequence","108.4","",""
"27/11/2024 11:00:00 - 27/11/2024 12:00:00","BZN|BE","Without sequence","102.9","",""
"27/11/2024 12:00:00 - 27/11/2024 13:00:00","BZN|BE","Without sequence","99.9","",""
"27/11/2024 13:00:00 - 27/11/2024 14:00:00","BZN|BE","Without sequence","102.9","",""
"27/11/2024 14:00:00 - 27/11/2024 15:00:00","BZN|BE","Without sequence","92.42","",""
"27/11/2024 15:00:00 - 27/11/2024 16:00:00","BZN|BE","Without sequence","97.05","",""
"27/11/2024 16:00:00 - 27/11/2024 17:00:00","BZN|BE","Without sequence","106.47","",""
"27/11/2024 17:00:00 - 27/11/2024 18:00:00","BZN|BE","Without sequence","114.98","",""
"27/11/2024 18:00:00 - 27/11/2024 19:00:00","BZN|BE","Without sequence","122.82","",""
"27/11/2024 19:00:00 - 27/11/2024 20:00:00","BZN|BE","Without sequence","123.33","",""
"27/11/2024 20:00:00 - 27/11/2024 21:00:00","BZN|BE","Without sequence","94.07","",""
"27/11/2024 21:00:00 - 27/11/2024 22:00:00","BZN|BE","Without sequence","84.19","",""
"27/11/2024 22:00:00 - 27/11/2024 23:00:00","BZN|BE","Without sequence","88.1","",""
"27/11/2024 23:00:00 - 28/11/2024 00:00:00","BZN|BE","Without sequence","91.22","",""
"28/11/2024 00:00:00 - 28/11/2024 01:00:00","BZN|BE","Without sequence","66.39","",""
"28/11/2024 01:00:00 - 28/11/2024 02:00:00","BZN|BE","Without sequence","90.22","",""
"28/11/2024 02:00:00 - 28/11/2024 03:00:00","BZN|BE","Without sequence","92.38","",""
"28/11/2024 03:00:00 - 28/11/2024 04:00:00","BZN|BE","Without sequence","39.32","",""
"28/11/2024 04:00:00 - 28/11/2024 05:00:00","BZN|BE","Without sequence","89.24","",""
"28/11/2024 05:00:00 - 28/11/2024 06:00:00","BZN|BE","Without sequence","71.7","",""
"28/11/2024 06:00:00 - 28/11/2024 07:00:00","BZN|BE","Without sequence","112.09","",""
"28/11/2024 07:00:00 - 28/11/2024 08:00:00","BZN|BE","Without sequence","144.21","",""
"28/11/2024 08:00:00 - 28/11/2024 09:00:00","BZN|BE","Without sequence","143.69","",""
"28/11/2024 09:00:00 - 28/11/2024 10:00:00","BZN|BE","Without sequence","140.36","",""
"28/11/2024 10:00:00 - 28/11/2024 11:00:00","BZN|BE","Without sequence","137.5","",""
"28/11/2024 11:00:00 - 28/11/2024 12:00:00","BZN|BE","Without sequence","110.56","",""
"28/11/2024 12:00:00 - 28/11/2024 13:00:00","BZN|BE","Without sequence","102.22","",""
"28/11/2024 13:00:00 - 28/11/2024 14:00:00","BZN|BE","Without sequence","100.65","",""
"28/11/2024 14:00:00 - 28/11/2024 15:00:00","BZN|BE","Without sequence","107.83","",""
"28/11/2024 15:00:00 - 28/11/2024 16:00:00","BZN|BE","Without sequence","117.72","",""
"28/11/2024 16:00:00 - 28/11/2024 17:00:00","BZN|BE","Without sequence","135.17","",""
"28/11/2024 17:00:00 - 28/11/2024 18:00:00","BZN|BE","Without sequence","150.36","",""
"28/11/2024 18:00:00 - 28/11/2024 19:00:00","BZN|BE","Without sequence","158.23","",""
"28/11/2024 19:00:00 - 28/11/2024 20:00:00","BZN|BE","Without sequence","154.07","",""
"28/11/2024 20:00:00 - 28/11/2024 21:00:00","BZN|BE","Without sequence","138.9","",""
"28/11/2024 21:00:00 - 28/11/2024 22:00:00","BZN|BE","Without sequence","128.34","",""
"28/11/2024 22:00:00 - 28/11/2024 23:00:00","BZN|BE","Without sequence","122.16","",""
"28/11/2024 23:00:00 - 29/11/2024 00:00:00","BZN|BE","Without sequence","112.6","",""
"29/11/2024 00:00:00 - 29/11/2024 01:00:00","BZN|BE","Without sequence","110.3","",""
"29/11/2024 01:00:00 - 29/11/2024 02:00:00","BZN|BE","Without sequence","107.01","",""
"29/11/2024 02:00:00 - 29/11/2024 03:00:00","BZN|BE","Without sequence","103.47","",""
"29/11/2024 03:00:00 - 29/11/2024 04:00:00","BZN|BE","Without sequence","100.55","",""
"29/11/2024 04:00:00 - 29/11/2024 05:00:00","BZN|BE","Without sequence","101.11","",""
"29/11/2024 05:00:00 - 29/11/2024 06:00:00","BZN|BE","Without sequence","109.2","",""
"29/11/2024 06:00:00 - 29/11/2024 07:00:00","BZN|BE","Without sequence","122.91","",""
"29/11/2024 07:00:00 - 29/11/2024 08:00:00","BZN|BE","Without sequence","142.74","",""
"29/11/2024 08:00:00 - 29/11/2024 09:00:00","BZN|BE","Without sequence","157.31","",""
"29/11/2024 09:00:00 - 29/11/2024 10:00:00","BZN|BE","Without sequence","145.35","",""
"29/11/2024 10:00:00 - 29/11/2024 11:00:00","BZN|BE","Without sequence","129.12","",""
"29/11/2024 11:00:00 - 29/11/2024 12:00:00","BZN|BE","Without sequence","116.88","",""
"29/11/2024 12:00:00 - 29/11/2024 13:00:00","BZN|BE","Without sequence","109.8","",""
"29/11/2024 13:00:00 - 29/11/2024 14:00:00","BZN|BE","Without sequence","104.68","",""
"29/11/2024 14:00:00 - 29/11/2024 15:00:00","BZN|BE","Without sequence","108.1","",""
"29/11/2024 15:00:00 - 29/11/2024 16:00:00","BZN|BE","Without sequence","117.78","",""
"29/11/2024 16:00:00 - 29/11/2024 17:00:00","BZN|BE","Without sequence","130.37","",""
"29/11/2024 17:00:00 - 29/11/2024 18:00:00","BZN|BE","Without sequence","140.77","",""
"29/11/2024 18:00:00 - 29/11/2024 19:00:00","BZN|BE","Without sequence","142.28","",""
"29/11/2024 19:00:00 - 29/11/2024 20:00:00","BZN|BE","Without sequence","132.09","",""
"29/11/2024 20:00:00 - 29/11/2024 21:00:00","BZN|BE","Without sequence","120.64","",""
"29/11/2024 21:00:00 - 29/11/2024 22:00:00","BZN|BE","Without sequence","113.92","",""
"29/11/2024 22:00:00 - 29/11/2024 23:00:00","BZN|BE","Without sequence","114.01","",""
"29/11/2024 23:00:00 - 30/11/2024 00:00:00","BZN|BE","Without sequence","103.54","",""
"30/11/2024 00:00:00 - 30/11/2024 01:00:00","BZN|BE","Without sequence","99.73","",""
"30/11/2024 01:00:00 - 30/11/2024 02:00:00","BZN|BE","Without sequence","92.93","",""
"30/11/2024 02:00:00 - 30/11/2024 03:00:00","BZN|BE","Without sequence","90.26","",""
"30/11/2024 03:00:00 - 30/11/2024 04:00:00","BZN|BE","Without sequence","87.45","",""
"30/11/2024 04:00:00 - 30/11/2024 05:00:00","BZN|BE","Without sequence","88.79","",""
"30/11/2024 05:00:00 - 30/11/2024 06:00:00","BZN|BE","Without sequence","90.72","",""
"30/11/2024 06:00:00 - 30/11/2024 07:00:00","BZN|BE","Without sequence","89.26","",""
"30/11/2024 07:00:00 - 30/11/2024 08:00:00","BZN|BE","Without sequence","103.53","",""
"30/11/2024 08:00:00 - 30/11/2024 09:00:00","BZN|BE","Without sequence","112.89","",""
"30/11/2024 09:00:00 - 30/11/2024 10:00:00","BZN|BE","Without sequence","107.62","",""
"30/11/2024 10:00:00 - 30/11/2024 11:00:00","BZN|BE","Without sequence","97.18","",""
"30/11/2024 11:00:00 - 30/11/2024 12:00:00","BZN|BE","Without sequence","86.58","",""
"30/11/2024 12:00:00 - 30/11/2024 13:00:00","BZN|BE","Without sequence","88.11","",""
"30/11/2024 13:00:00 - 30/11/2024 14:00:00","BZN|BE","Without sequence","90.68","",""
"30/11/2024 14:00:00 - 30/11/2024 15:00:00","BZN|BE","Without sequence","100.0","",""
"30/11/2024 15:00:00 - 30/11/2024 16:00:00","BZN|BE","Without sequence","116.92","",""
"30/11/2024 16:00:00 - 30/11/2024 17:00:00","BZN|BE","Without sequence","126.03","",""
"30/11/2024 17:00:00 - 30/11/2024 18:00:00","BZN|BE","Without sequence","137.03","",""
"30/11/2024 18:00:00 - 30/11/2024 19:00:00","BZN|BE","Without sequence","136.48","",""
"30/11/2024 19:00:00 - 30/11/2024 20:00:00","BZN|BE","Without sequence","131.96","",""
"30/11/2024 20:00:00 - 30/11/2024 21:00:00","BZN|BE","Without sequence","124.51","",""
"30/11/2024 21:00:00 - 30/11/2024 22:00:00","BZN|BE","Without sequence","115.08","",""
"30/11/2024 22:00:00 - 30/11/2024 23:00:00","BZN|BE","Without sequence","114.78","",""
"30/11/2024 23:00:00 - 01/12/2024 00:00:00","BZN|BE","Without sequence","106.67","",""
"01/12/2024 00:00:00 - 01/12/2024 01:00:00","BZN|BE","Without sequence","99.66","",""
"01/12/2024 01:00:00 - 01/12/2024 02:00:00","BZN|BE","Without sequence","90.01","",""
"01/12/2024 02:00:00 - 01/12/2024 03:00:00","BZN|BE","Without sequence","88.14","",""
"01/12/2024 03:00:00 - 01/12/2024 04:00:00","BZN|BE","Without sequence","85.7","",""
"01/12/2024 04:00:00 - 01/12/2024 05:00:00","BZN|BE","Without sequence","83.86","",""
"01/12/2024 05:00:00 - 01/12/2024 06:00:00","BZN|BE","Without sequence","82.6","",""
"01/12/2024 06:00:00 - 01/12/2024 07:00:00","BZN|BE","Without sequence","82.3","",""
"01/12/2024 07:00:00 - 01/12/2024 08:00:00","BZN|BE","Without sequence","89.15","",""
"01/12/2024 08:00:00 - 01/12/2024 09:00:00","BZN|BE","Without sequence","98.83","",""
"01/12/2024 09:00:00 - 01/12/2024 10:00:00","BZN|BE","Without sequence","94.6","",""
"01/12/2024 10:00:00 - 01/12/2024 11:00:00","BZN|BE","Without sequence","89.3","",""
"01/12/2024 11:00:00 - 01/12/2024 12:00:00","BZN|BE","Without sequence","82.38","",""
"01/12/2024 12:00:00 - 01/12/2024 13:00:00","BZN|BE","Without sequence","85.25","",""
"01/12/2024 13:00:00 - 01/12/2024 14:00:00","BZN|BE","Without sequence","83.08","",""
"01/12/2024 14:00:00 - 01/12/2024 15:00:00","BZN|BE","Without sequence","86.81","",""
"01/12/2024 15:00:00 - 01/12/2024 16:00:00","BZN|BE","Without sequence","102.73","",""
"01/12/2024 16:00:00 - 01/12/2024 17:00:00","BZN|BE","Without sequence","114.71","",""
"01/12/2024 17:00:00 - 01/12/2024 18:00:00","BZN|BE","Without sequence","118.12","",""
"01/12/2024 18:00:00 - 01/12/2024 19:00:00","BZN|BE","Without sequence","123.59","",""
"01/12/2024 19:00:00 - 01/12/2024 20:00:00","BZN|BE","Without sequence","113.7","",""
"01/12/2024 20:00:00 - 01/12/2024 21:00:00","BZN|BE","Without sequence","95.16","",""
"01/12/2024 21:00:00 - 01/12/2024 22:00:00","BZN|BE","Without sequence","87.1","",""
"01/12/2024 22:00:00 - 01/12/2024 23:00:00","BZN|BE","Without sequence","97.7","",""
"01/12/2024 23:00:00 - 02/12/2024 00:00:00","BZN|BE","Without sequence","85.0","",""
"02/12/2024 00:00:00 - 02/12/2024 01:00:00","BZN|BE","Without sequence","75.88","",""
"02/12/2024 01:00:00 - 02/12/2024 02:00:00","BZN|BE","Without sequence","66.89","",""
"02/12/2024 02:00:00 - 02/12/2024 03:00:00","BZN|BE","Without sequence","62.19","",""
"02/12/2024 03:00:00 - 02/12/2024 04:00:00","BZN|BE","Without sequence","47.17","",""
"02/12/2024 04:00:00 - 02/12/2024 05:00:00","BZN|BE","Without sequence","48.98","",""
"02/12/2024 05:00:00 - 02/12/2024 06:00:00","BZN|BE","Without sequence","68.24","",""
"02/12/2024 06:00:00 - 02/12/2024 07:00:00","BZN|BE","Without sequence","94.08","",""
"02/12/2024 07:00:00 - 02/12/2024 08:00:00","BZN|BE","Without sequence","127.06","",""
"02/12/2024 08:00:00 - 02/12/2024 09:00:00","BZN|BE","Without sequence","127.54","",""
"02/12/2024 09:00:00 - 02/12/2024 10:00:00","BZN|BE","Without sequence","124.54","",""
"02/12/2024 10:00:00 - 02/12/2024 11:00:00","BZN|BE","Without sequence","122.05","",""
"02/12/2024 11:00:00 - 02/12/2024 12:00:00","BZN|BE","Without sequence","116.48","",""
"02/12/2024 12:00:00 - 02/12/2024 13:00:00","BZN|BE","Without sequence","115.46","",""
"02/12/2024 13:00:00 - 02/12/2024 14:00:00","BZN|BE","Without sequence","125.49","",""
"02/12/2024 14:00:00 - 02/12/2024 15:00:00","BZN|BE","Without sequence","131.95","",""
"02/12/2024 15:00:00 - 02/12/2024 16:00:00","BZN|BE","Without sequence","140.12","",""
"02/12/2024 16:00:00 - 02/12/2024 17:00:00","BZN|BE","Without sequence","135.0","",""
"02/12/2024 17:00:00 - 02/12/2024 18:00:00","BZN|BE","Without sequence","141.05","",""
"02/12/2024 18:00:00 - 02/12/2024 19:00:00","BZN|BE","Without sequence","148.83","",""
"02/12/2024 19:00:00 - 02/12/2024 20:00:00","BZN|BE","Without sequence","140.0","",""
"02/12/2024 20:00:00 - 02/12/2024 21:00:00","BZN|BE","Without sequence","123.04","",""
"02/12/2024 21:00:00 - 02/12/2024 22:00:00","BZN|BE","Without sequence","114.52","",""
"02/12/2024 22:00:00 - 02/12/2024 23:00:00","BZN|BE","Without sequence","113.57","",""
"02/12/2024 23:00:00 - 03/12/2024 00:00:00","BZN|BE","Without sequence","103.16","",""
"03/12/2024 00:00:00 - 03/12/2024 01:00:00","BZN|BE","Without sequence","111.28","",""
"03/12/2024 01:00:00 - 03/12/2024 02:00:00","BZN|BE","Without sequence","103.77","",""
"03/12/2024 02:00:00 - 03/12/2024 03:00:00","BZN|BE","Without sequence","97.36","",""
"03/12/2024 03:00:00 - 03/12/2024 04:00:00","BZN|BE","Without sequence","96.1","",""
"03/12/2024 04:00:00 - 03/12/2024 05:00:00","BZN|BE","Without sequence","106.37","",""
"03/12/2024 05:00:00 - 03/12/2024 06:00:00","BZN|BE","Without sequence","111.92","",""
"03/12/2024 06:00:00 - 03/12/2024 07:00:00","BZN|BE","Without sequence","124.14","",""
"03/12/2024 07:00:00 - 03/12/2024 08:00:00","BZN|BE","Without sequence","146.65","",""
"03/12/2024 08:00:00 - 03/12/2024 09:00:00","BZN|BE","Without sequence","156.64","",""
"03/12/2024 09:00:00 - 03/12/2024 10:00:00","BZN|BE","Without sequence","152.48","",""
"03/12/2024 10:00:00 - 03/12/2024 11:00:00","BZN|BE","Without sequence","143.8","",""
"03/12/2024 11:00:00 - 03/12/2024 12:00:00","BZN|BE","Without sequence","140.93","",""
"03/12/2024 12:00:00 - 03/12/2024 13:00:00","BZN|BE","Without sequence","138.18","",""
"03/12/2024 13:00:00 - 03/12/2024 14:00:00","BZN|BE","Without sequence","143.02","",""
"03/12/2024 14:00:00 - 03/12/2024 15:00:00","BZN|BE","Without sequence","149.12","",""
"03/12/2024 15:00:00 - 03/12/2024 16:00:00","BZN|BE","Without sequence","160.95","",""
"03/12/2024 16:00:00 - 03/12/2024 17:00:00","BZN|BE","Without sequence","182.16","",""
"03/12/2024 17:00:00 - 03/12/2024 18:00:00","BZN|BE","Without sequence","206.05","",""
"03/12/2024 18:00:00 - 03/12/2024 19:00:00","BZN|BE","Without sequence","197.88","",""
"03/12/2024 19:00:00 - 03/12/2024 20:00:00","BZN|BE","Without sequence","189.83","",""
"03/12/2024 20:00:00 - 03/12/2024 21:00:00","BZN|BE","Without sequence","163.32","",""
"03/12/2024 21:00:00 - 03/12/2024 22:00:00","BZN|BE","Without sequence","152.73","",""
"03/12/2024 22:00:00 - 03/12/2024 23:00:00","BZN|BE","Without sequence","142.08","",""
"03/12/2024 23:00:00 - 04/12/2024 00:00:00","BZN|BE","Without sequence","130.81","",""
"04/12/2024 00:00:00 - 04/12/2024 01:00:00","BZN|BE","Without sequence","121.05","",""
"04/12/2024 01:00:00 - 04/12/2024 02:00:00","BZN|BE","Without sequence","116.66","",""
"04/12/2024 02:00:00 - 04/12/2024 03:00:00","BZN|BE","Without sequence","112.79","",""
"04/12/2024 03:00:00 - 04/12/2024 04:00:00","BZN|BE","Without sequence","109.92","",""
"04/12/2024 04:00:00 - 04/12/2024 05:00:00","BZN|BE","Without sequence","111.11","",""
"04/12/2024 05:00:00 - 04/12/2024 06:00:00","BZN|BE","Without sequence","118.56","",""
"04/12/2024 06:00:00 - 04/12/2024 07:00:00","BZN|BE","Without sequence","137.49","",""
"04/12/2024 07:00:00 - 04/12/2024 08:00:00","BZN|BE","Without sequence","175.04","",""
"04/12/2024 08:00:00 - 04/12/2024 09:00:00","BZN|BE","Without sequence","232.64","",""
"04/12/2024 09:00:00 - 04/12/2024 10:00:00","BZN|BE","Without sequence","224.44","",""
"04/12/2024 10:00:00 - 04/12/2024 11:00:00","BZN|BE","Without sequence","176.42","",""
"04/12/2024 11:00:00 - 04/12/2024 12:00:00","BZN|BE","Without sequence","170.32","",""
"04/12/2024 12:00:00 - 04/12/2024 13:00:00","BZN|BE","Without sequence","170.33","",""
"04/12/2024 13:00:00 - 04/12/2024 14:00:00","BZN|BE","Without sequence","164.45","",""
"04/12/2024 14:00:00 - 04/12/2024 15:00:00","BZN|BE","Without sequence","172.49","",""
"04/12/2024 15:00:00 - 04/12/2024 16:00:00","BZN|BE","Without sequence","182.49","",""
"04/12/2024 16:00:00 - 04/12/2024 17:00:00","BZN|BE","Without sequence","202.32","",""
"04/12/2024 17:00:00 - 04/12/2024 18:00:00","BZN|BE","Without sequence","247.46","",""
"04/12/2024 18:00:00 - 04/12/2024 19:00:00","BZN|BE","Without sequence","206.67","",""
"04/12/2024 19:00:00 - 04/12/2024 20:00:00","BZN|BE","Without sequence","182.24","",""
"04/12/2024 20:00:00 - 04/12/2024 21:00:00","BZN|BE","Without sequence","150.65","",""
"04/12/2024 21:00:00 - 04/12/2024 22:00:00","BZN|BE","Without sequence","131.04","",""
"04/12/2024 22:00:00 - 04/12/2024 23:00:00","BZN|BE","Without sequence","123.4","",""
"04/12/2024 23:00:00 - 05/12/2024 00:00:00","BZN|BE","Without sequence","112.4","",""
"05/12/2024 00:00:00 - 05/12/2024 01:00:00","BZN|BE","Without sequence","114.77","",""
"05/12/2024 01:00:00 - 05/12/2024 02:00:00","BZN|BE","Without sequence","105.74","",""
"05/12/2024 02:00:00 - 05/12/2024 03:00:00","BZN|BE","Without sequence","101.77","",""
"05/12/2024 03:00:00 - 05/12/2024 04:00:00","BZN|BE","Without sequence","98.0","",""
"05/12/2024 04:00:00 - 05/12/2024 05:00:00","BZN|BE","Without sequence","88.94","",""
"05/12/2024 05:00:00 - 05/12/2024 06:00:00","BZN|BE","Without sequence","90.53","",""
"05/12/2024 06:00:00 - 05/12/2024 07:00:00","BZN|BE","Without sequence","109.04","",""
"05/12/2024 07:00:00 - 05/12/2024 08:00:00","BZN|BE","Without sequence","120.27","",""
"05/12/2024 08:00:00 - 05/12/2024 09:00:00","BZN|BE","Without sequence","137.46","",""
"05/12/2024 09:00:00 - 05/12/2024 10:00:00","BZN|BE","Without sequence","131.78","",""
"05/12/2024 10:00:00 - 05/12/2024 11:00:00","BZN|BE","Without sequence","125.97","",""
"05/12/2024 11:00:00 - 05/12/2024 12:00:00","BZN|BE","Without sequence","111.63","",""
"05/12/2024 12:00:00 - 05/12/2024 13:00:00","BZN|BE","Without sequence","106.55","",""
"05/12/2024 13:00:00 - 05/12/2024 14:00:00","BZN|BE","Without sequence","105.39","",""
"05/12/2024 14:00:00 - 05/12/2024 15:00:00","BZN|BE","Without sequence","108.45","",""
"05/12/2024 15:00:00 - 05/12/2024 16:00:00","BZN|BE","Without sequence","108.99","",""
"05/12/2024 16:00:00 - 05/12/2024 17:00:00","BZN|BE","Without sequence","124.64","",""
"05/12/2024 17:00:00 - 05/12/2024 18:00:00","BZN|BE","Without sequence","129.38","",""
"05/12/2024 18:00:00 - 05/12/2024 19:00:00","BZN|BE","Without sequence","130.0","",""
"05/12/2024 19:00:00 - 05/12/2024 20:00:00","BZN|BE","Without sequence","119.15","",""
"05/12/2024 20:00:00 - 05/12/2024 21:00:00","BZN|BE","Without sequence","101.91","",""
"05/12/2024 21:00:00 - 05/12/2024 22:00:00","BZN|BE","Without sequence","83.93","",""
"05/12/2024 22:00:00 - 05/12/2024 23:00:00","BZN|BE","Without sequence","79.96","",""
"05/12/2024 23:00:00 - 06/12/2024 00:00:00","BZN|BE","Without sequence","47.75","",""
"06/12/2024 00:00:00 - 06/12/2024 01:00:00","BZN|BE","Without sequence","16.28","",""
"06/12/2024 01:00:00 - 06/12/2024 02:00:00","BZN|BE","Without sequence","9.82","",""
"06/12/2024 02:00:00 - 06/12/2024 03:00:00","BZN|BE","Without sequence","7.63","",""
"06/12/2024 03:00:00 - 06/12/2024 04:00:00","BZN|BE","Without sequence","5.22","",""
"06/12/2024 04:00:00 - 06/12/2024 05:00:00","BZN|BE","Without sequence","5.5","",""
"06/12/2024 05:00:00 - 06/12/2024 06:00:00","BZN|BE","Without sequence","13.39","",""
"06/12/2024 06:00:00 - 06/12/2024 07:00:00","BZN|BE","Without sequence","65.11","",""
"06/12/2024 07:00:00 - 06/12/2024 08:00:00","BZN|BE","Without sequence","97.44","",""
"06/12/2024 08:00:00 - 06/12/2024 09:00:00","BZN|BE","Without sequence","114.07","",""
"06/12/2024 09:00:00 - 06/12/2024 10:00:00","BZN|BE","Without sequence","118.76","",""
"06/12/2024 10:00:00 - 06/12/2024 11:00:00","BZN|BE","Without sequence","107.77","",""
"06/12/2024 11:00:00 - 06/12/2024 12:00:00","BZN|BE","Without sequence","102.24","",""
"06/12/2024 12:00:00 - 06/12/2024 13:00:00","BZN|BE","Without sequence","93.39","",""
"06/12/2024 13:00:00 - 06/12/2024 14:00:00","BZN|BE","Without sequence","102.84","",""
"06/12/2024 14:00:00 - 06/12/2024 15:00:00","BZN|BE","Without sequence","109.0","",""
"06/12/2024 15:00:00 - 06/12/2024 16:00:00","BZN|BE","Without sequence","118.06","",""
"06/12/2024 16:00:00 - 06/12/2024 17:00:00","BZN|BE","Without sequence","131.28","",""
"06/12/2024 17:00:00 - 06/12/2024 18:00:00","BZN|BE","Without sequence","142.78","",""
"06/12/2024 18:00:00 - 06/12/2024 19:00:00","BZN|BE","Without sequence","150.42","",""
"06/12/2024 19:00:00 - 06/12/2024 20:00:00","BZN|BE","Without sequence","141.15","",""
"06/12/2024 20:00:00 - 06/12/2024 21:00:00","BZN|BE","Without sequence","127.46","",""
"06/12/2024 21:00:00 - 06/12/2024 22:00:00","BZN|BE","Without sequence","117.3","",""
"06/12/2024 22:00:00 - 06/12/2024 23:00:00","BZN|BE","Without sequence","115.77","",""
"06/12/2024 23:00:00 - 07/12/2024 00:00:00","BZN|BE","Without sequence","99.5","",""
"07/12/2024 00:00:00 - 07/12/2024 01:00:00","BZN|BE","Without sequence","78.95","",""
"07/12/2024 01:00:00 - 07/12/2024 02:00:00","BZN|BE","Without sequence","73.14","",""
"07/12/2024 02:00:00 - 07/12/2024 03:00:00","BZN|BE","Without sequence","66.23","",""
"07/12/2024 03:00:00 - 07/12/2024 04:00:00","BZN|BE","Without sequence","52.74","",""
"07/12/2024 04:00:00 - 07/12/2024 05:00:00","BZN|BE","Without sequence","38.1","",""
"07/12/2024 05:00:00 - 07/12/2024 06:00:00","BZN|BE","Without sequence","36.38","",""
"07/12/2024 06:00:00 - 07/12/2024 07:00:00","BZN|BE","Without sequence","37.25","",""
"07/12/2024 07:00:00 - 07/12/2024 08:00:00","BZN|BE","Without sequence","42.65","",""
"07/12/2024 08:00:00 - 07/12/2024 09:00:00","BZN|BE","Without sequence","55.3","",""
"07/12/2024 09:00:00 - 07/12/2024 10:00:00","BZN|BE","Without sequence","60.17","",""
"07/12/2024 10:00:00 - 07/12/2024 11:00:00","BZN|BE","Without sequence","56.97","",""
"07/12/2024 11:00:00 - 07/12/2024 12:00:00","BZN|BE","Without sequence","55.34","",""
"07/12/2024 12:00:00 - 07/12/2024 13:00:00","BZN|BE","Without sequence","62.13","",""
"07/12/2024 13:00:00 - 07/12/2024 14:00:00","BZN|BE","Without sequence","62.76","",""
"07/12/2024 14:00:00 - 07/12/2024 15:00:00","BZN|BE","Without sequence","61.16","",""
"07/12/2024 15:00:00 - 07/12/2024 16:00:00","BZN|BE","Without sequence","67.53","",""
"07/12/2024 16:00:00 - 07/12/2024 17:00:00","BZN|BE","Without sequence","79.86","",""
"07/12/2024 17:00:00 - 07/12/2024 18:00:00","BZN|BE","Without sequence","82.73","",""
"07/12/2024 18:00:00 - 07/12/2024 19:00:00","BZN|BE","Without sequence","80.66","",""
"07/12/2024 19:00:00 - 07/12/2024 20:00:00","BZN|BE","Without sequence","79.45","",""
"07/12/2024 20:00:00 - 07/12/2024 21:00:00","BZN|BE","Without sequence","79.09","",""
"07/12/2024 21:00:00 - 07/12/2024 22:00:00","BZN|BE","Without sequence","75.54","",""
"07/12/2024 22:00:00 - 07/12/2024 23:00:00","BZN|BE","Without sequence","72.25","",""
"07/12/2024 23:00:00 - 08/12/2024 00:00:00","BZN|BE","Without sequence","64.77","",""
"08/12/2024 00:00:00 - 08/12/2024 01:00:00","BZN|BE","Without sequence","75.09","",""
"08/12/2024 01:00:00 - 08/12/2024 02:00:00","BZN|BE","Without sequence","68.73","",""
"08/12/2024 02:00:00 - 08/12/2024 03:00:00","BZN|BE","Without sequence","69.33","",""
"08/12/2024 03:00:00 - 08/12/2024 04:00:00","BZN|BE","Without sequence","64.15","",""
"08/12/2024 04:00:00 - 08/12/2024 05:00:00","BZN|BE","Without sequence","64.11","",""
"08/12/2024 05:00:00 - 08/12/2024 06:00:00","BZN|BE","Without sequence","69.83","",""
"08/12/2024 06:00:00 - 08/12/2024 07:00:00","BZN|BE","Without sequence","71.28","",""
"08/12/2024 07:00:00 - 08/12/2024 08:00:00","BZN|BE","Without sequence","71.42","",""
"08/12/2024 08:00:00 - 08/12/2024 09:00:00","BZN|BE","Without sequence","80.0","",""
"08/12/2024 09:00:00 - 08/12/2024 10:00:00","BZN|BE","Without sequence","89.88","",""
"08/12/2024 10:00:00 - 08/12/2024 11:00:00","BZN|BE","Without sequence","91.75","",""
"08/12/2024 11:00:00 - 08/12/2024 12:00:00","BZN|BE","Without sequence","96.51","",""
"08/12/2024 12:00:00 - 08/12/2024 13:00:00","BZN|BE","Without sequence","100.65","",""
"08/12/2024 13:00:00 - 08/12/2024 14:00:00","BZN|BE","Without sequence","99.75","",""
"08/12/2024 14:00:00 - 08/12/2024 15:00:00","BZN|BE","Without sequence","91.22","",""
"08/12/2024 15:00:00 - 08/12/2024 16:00:00","BZN|BE","Without sequence","100.87","",""
"08/12/2024 16:00:00 - 08/12/2024 17:00:00","BZN|BE","Without sequence","88.42","",""
"08/12/2024 17:00:00 - 08/12/2024 18:00:00","BZN|BE","Without sequence","99.92","",""
"08/12/2024 18:00:00 - 08/12/2024 19:00:00","BZN|BE","Without sequence","94.06","",""
"08/12/2024 19:00:00 - 08/12/2024 20:00:00","BZN|BE","Without sequence","92.38","",""
"08/12/2024 20:00:00 - 08/12/2024 21:00:00","BZN|BE","Without sequence","87.59","",""
"08/12/2024 21:00:00 - 08/12/2024 22:00:00","BZN|BE","Without sequence","86.7","",""
"08/12/2024 22:00:00 - 08/12/2024 23:00:00","BZN|BE","Without sequence","83.9","",""
"08/12/2024 23:00:00 - 09/12/2024 00:00:00","BZN|BE","Without sequence","72.95","",""
"09/12/2024 00:00:00 - 09/12/2024 01:00:00","BZN|BE","Without sequence","67.23","",""
"09/12/2024 01:00:00 - 09/12/2024 02:00:00","BZN|BE","Without sequence","51.17","",""
"09/12/2024 02:00:00 - 09/12/2024 03:00:00","BZN|BE","Without sequence","34.28","",""
"09/12/2024 03:00:00 - 09/12/2024 04:00:00","BZN|BE","Without sequence","29.13","",""
"09/12/2024 04:00:00 - 09/12/2024 05:00:00","BZN|BE","Without sequence","31.1","",""
"09/12/2024 05:00:00 - 09/12/2024 06:00:00","BZN|BE","Without sequence","61.05","",""
"09/12/2024 06:00:00 - 09/12/2024 07:00:00","BZN|BE","Without sequence","77.71","",""
"09/12/2024 07:00:00 - 09/12/2024 08:00:00","BZN|BE","Without sequence","113.68","",""
"09/12/2024 08:00:00 - 09/12/2024 09:00:00","BZN|BE","Without sequence","122.91","",""
"09/12/2024 09:00:00 - 09/12/2024 10:00:00","BZN|BE","Without sequence","122.97","",""
"09/12/2024 10:00:00 - 09/12/2024 11:00:00","BZN|BE","Without sequence","129.54","",""
"09/12/2024 11:00:00 - 09/12/2024 12:00:00","BZN|BE","Without sequence","125.8","",""
"09/12/2024 12:00:00 - 09/12/2024 13:00:00","BZN|BE","Without sequence","127.19","",""
"09/12/2024 13:00:00 - 09/12/2024 14:00:00","BZN|BE","Without sequence","120.0","",""
"09/12/2024 14:00:00 - 09/12/2024 15:00:00","BZN|BE","Without sequence","113.36","",""
"09/12/2024 15:00:00 - 09/12/2024 16:00:00","BZN|BE","Without sequence","116.91","",""
"09/12/2024 16:00:00 - 09/12/2024 17:00:00","BZN|BE","Without sequence","116.44","",""
"09/12/2024 17:00:00 - 09/12/2024 18:00:00","BZN|BE","Without sequence","122.95","",""
"09/12/2024 18:00:00 - 09/12/2024 19:00:00","BZN|BE","Without sequence","133.86","",""
"09/12/2024 19:00:00 - 09/12/2024 20:00:00","BZN|BE","Without sequence","128.64","",""
"09/12/2024 20:00:00 - 09/12/2024 21:00:00","BZN|BE","Without sequence","120.45","",""
"09/12/2024 21:00:00 - 09/12/2024 22:00:00","BZN|BE","Without sequence","102.95","",""
"09/12/2024 22:00:00 - 09/12/2024 23:00:00","BZN|BE","Without sequence","101.62","",""
"09/12/2024 23:00:00 - 10/12/2024 00:00:00","BZN|BE","Without sequence","94.48","",""
"10/12/2024 00:00:00 - 10/12/2024 01:00:00","BZN|BE","Without sequence","100.0","",""
"10/12/2024 01:00:00 - 10/12/2024 02:00:00","BZN|BE","Without sequence","91.67","",""
"10/12/2024 02:00:00 - 10/12/2024 03:00:00","BZN|BE","Without sequence","87.84","",""
"10/12/2024 03:00:00 - 10/12/2024 04:00:00","BZN|BE","Without sequence","84.17","",""
"10/12/2024 04:00:00 - 10/12/2024 05:00:00","BZN|BE","Without sequence","87.32","",""
"10/12/2024 05:00:00 - 10/12/2024 06:00:00","BZN|BE","Without sequence","88.15","",""
"10/12/2024 06:00:00 - 10/12/2024 07:00:00","BZN|BE","Without sequence","107.11","",""
"10/12/2024 07:00:00 - 10/12/2024 08:00:00","BZN|BE","Without sequence","123.76","",""
"10/12/2024 08:00:00 - 10/12/2024 09:00:00","BZN|BE","Without sequence","133.83","",""
"10/12/2024 09:00:00 - 10/12/2024 10:00:00","BZN|BE","Without sequence","145.84","",""
"10/12/2024 10:00:00 - 10/12/2024 11:00:00","BZN|BE","Without sequence","137.53","",""
"10/12/2024 11:00:00 - 10/12/2024 12:00:00","BZN|BE","Without sequence","137.38","",""
"10/12/2024 12:00:00 - 10/12/2024 13:00:00","BZN|BE","Without sequence","132.6","",""
"10/12/2024 13:00:00 - 10/12/2024 14:00:00","BZN|BE","Without sequence","138.0","",""
"10/12/2024 14:00:00 - 10/12/2024 15:00:00","BZN|BE","Without sequence","141.28","",""
"10/12/2024 15:00:00 - 10/12/2024 16:00:00","BZN|BE","Without sequence","149.54","",""
"10/12/2024 16:00:00 - 10/12/2024 17:00:00","BZN|BE","Without sequence","158.21","",""
"10/12/2024 17:00:00 - 10/12/2024 18:00:00","BZN|BE","Without sequence","160.23","",""
"10/12/2024 18:00:00 - 10/12/2024 19:00:00","BZN|BE","Without sequence","181.0","",""
"10/12/2024 19:00:00 - 10/12/2024 20:00:00","BZN|BE","Without sequence","176.73","",""
"10/12/2024 20:00:00 - 10/12/2024 21:00:00","BZN|BE","Without sequence","151.0","",""
"10/12/2024 21:00:00 - 10/12/2024 22:00:00","BZN|BE","Without sequence","129.52","",""
"10/12/2024 22:00:00 - 10/12/2024 23:00:00","BZN|BE","Without sequence","127.68","",""
"10/12/2024 23:00:00 - 11/12/2024 00:00:00","BZN|BE","Without sequence","121.37","",""
"11/12/2024 00:00:00 - 11/12/2024 01:00:00","BZN|BE","Without sequence","105.37","",""
"11/12/2024 01:00:00 - 11/12/2024 02:00:00","BZN|BE","Without sequence","104.12","",""
"11/12/2024 02:00:00 - 11/12/2024 03:00:00","BZN|BE","Without sequence","101.97","",""
"11/12/2024 03:00:00 - 11/12/2024 04:00:00","BZN|BE","Without sequence","100.35","",""
"11/12/2024 04:00:00 - 11/12/2024 05:00:00","BZN|BE","Without sequence","98.2","",""
"11/12/2024 05:00:00 - 11/12/2024 06:00:00","BZN|BE","Without sequence","107.03","",""
"11/12/2024 06:00:00 - 11/12/2024 07:00:00","BZN|BE","Without sequence","116.4","",""
"11/12/2024 07:00:00 - 11/12/2024 08:00:00","BZN|BE","Without sequence","149.6","",""
"11/12/2024 08:00:00 - 11/12/2024 09:00:00","BZN|BE","Without sequence","235.0","",""
"11/12/2024 09:00:00 - 11/12/2024 10:00:00","BZN|BE","Without sequence","261.88","",""
"11/12/2024 10:00:00 - 11/12/2024 11:00:00","BZN|BE","Without sequence","237.14","",""
"11/12/2024 11:00:00 - 11/12/2024 12:00:00","BZN|BE","Without sequence","241.05","",""
"11/12/2024 12:00:00 - 11/12/2024 13:00:00","BZN|BE","Without sequence","244.04","",""
"11/12/2024 13:00:00 - 11/12/2024 14:00:00","BZN|BE","Without sequence","244.73","",""
"11/12/2024 14:00:00 - 11/12/2024 15:00:00","BZN|BE","Without sequence","266.33","",""
"11/12/2024 15:00:00 - 11/12/2024 16:00:00","BZN|BE","Without sequence","284.52","",""
"11/12/2024 16:00:00 - 11/12/2024 17:00:00","BZN|BE","Without sequence","319.69","",""
"11/12/2024 17:00:00 - 11/12/2024 18:00:00","BZN|BE","Without sequence","348.9","",""
"11/12/2024 18:00:00 - 11/12/2024 19:00:00","BZN|BE","Without sequence","310.02","",""
"11/12/2024 19:00:00 - 11/12/2024 20:00:00","BZN|BE","Without sequence","278.35","",""
"11/12/2024 20:00:00 - 11/12/2024 21:00:00","BZN|BE","Without sequence","186.66","",""
"11/12/2024 21:00:00 - 11/12/2024 22:00:00","BZN|BE","Without sequence","161.1","",""
"11/12/2024 22:00:00 - 11/12/2024 23:00:00","BZN|BE","Without sequence","150.0","",""
"11/12/2024 23:00:00 - 12/12/2024 00:00:00","BZN|BE","Without sequence","136.02","",""
"12/12/2024 00:00:00 - 12/12/2024 01:00:00","BZN|BE","Without sequence","122.24","",""
"12/12/2024 01:00:00 - 12/12/2024 02:00:00","BZN|BE","Without sequence","115.3","",""
"12/12/2024 02:00:00 - 12/12/2024 03:00:00","BZN|BE","Without sequence","109.96","",""
"12/12/2024 03:00:00 - 12/12/2024 04:00:00","BZN|BE","Without sequence","107.35","",""
"12/12/2024 04:00:00 - 12/12/2024 05:00:00","BZN|BE","Without sequence","112.51","",""
"12/12/2024 05:00:00 - 12/12/2024 06:00:00","BZN|BE","Without sequence","122.04","",""
"12/12/2024 06:00:00 - 12/12/2024 07:00:00","BZN|BE","Without sequence","150.17","",""
"12/12/2024 07:00:00 - 12/12/2024 08:00:00","BZN|BE","Without sequence","258.04","",""
"12/12/2024 08:00:00 - 12/12/2024 09:00:00","BZN|BE","Without sequence","389.15","",""
"12/12/2024 09:00:00 - 12/12/2024 10:00:00","BZN|BE","Without sequence","400.0","",""
"12/12/2024 10:00:00 - 12/12/2024 11:00:00","BZN|BE","Without sequence","363.37","",""
"12/12/2024 11:00:00 - 12/12/2024 12:00:00","BZN|BE","Without sequence","328.83","",""
"12/12/2024 12:00:00 - 12/12/2024 13:00:00","BZN|BE","Without sequence","293.07","",""
"12/12/2024 13:00:00 - 12/12/2024 14:00:00","BZN|BE","Without sequence","318.55","",""
"12/12/2024 14:00:00 - 12/12/2024 15:00:00","BZN|BE","Without sequence","352.89","",""
"12/12/2024 15:00:00 - 12/12/2024 16:00:00","BZN|BE","Without sequence","475.91","",""
"12/12/2024 16:00:00 - 12/12/2024 17:00:00","BZN|BE","Without sequence","551.0","",""
"12/12/2024 17:00:00 - 12/12/2024 18:00:00","BZN|BE","Without sequence","565.46","",""
"12/12/2024 18:00:00 - 12/12/2024 19:00:00","BZN|BE","Without sequence","433.07","",""
"12/12/2024 19:00:00 - 12/12/2024 20:00:00","BZN|BE","Without sequence","375.03","",""
"12/12/2024 20:00:00 - 12/12/2024 21:00:00","BZN|BE","Without sequence","241.61","",""
"12/12/2024 21:00:00 - 12/12/2024 22:00:00","BZN|BE","Without sequence","169.4","",""
"12/12/2024 22:00:00 - 12/12/2024 23:00:00","BZN|BE","Without sequence","150.0","",""
"12/12/2024 23:00:00 - 13/12/2024 00:00:00","BZN|BE","Without sequence","134.75","",""
"13/12/2024 00:00:00 - 13/12/2024 01:00:00","BZN|BE","Without sequence","130.07","",""
"13/12/2024 01:00:00 - 13/12/2024 02:00:00","BZN|BE","Without sequence","122.9","",""
"13/12/2024 02:00:00 - 13/12/2024 03:00:00","BZN|BE","Without sequence","118.97","",""
"13/12/2024 03:00:00 - 13/12/2024 04:00:00","BZN|BE","Without sequence","114.95","",""
"13/12/2024 04:00:00 - 13/12/2024 05:00:00","BZN|BE","Without sequence","115.64","",""
"13/12/2024 05:00:00 - 13/12/2024 06:00:00","BZN|BE","Without sequence","123.14","",""
"13/12/2024 06:00:00 - 13/12/2024 07:00:00","BZN|BE","Without sequence","143.95","",""
"13/12/2024 07:00:00 - 13/12/2024 08:00:00","BZN|BE","Without sequence","186.4","",""
"13/12/2024 08:00:00 - 13/12/2024 09:00:00","BZN|BE","Without sequence","253.0","",""
"13/12/2024 09:00:00 - 13/12/2024 10:00:00","BZN|BE","Without sequence","245.74","",""
"13/12/2024 10:00:00 - 13/12/2024 11:00:00","BZN|BE","Without sequence","208.42","",""
"13/12/2024 11:00:00 - 13/12/2024 12:00:00","BZN|BE","Without sequence","174.1","",""
"13/12/2024 12:00:00 - 13/12/2024 13:00:00","BZN|BE","Without sequence","165.84","",""
"13/12/2024 13:00:00 - 13/12/2024 14:00:00","BZN|BE","Without sequence","165.0","",""
"13/12/2024 14:00:00 - 13/12/2024 15:00:00","BZN|BE","Without sequence","184.5","",""
"13/12/2024 15:00:00 - 13/12/2024 16:00:00","BZN|BE","Without sequence","214.74","",""
"13/12/2024 16:00:00 - 13/12/2024 17:00:00","BZN|BE","Without sequence","245.43","",""
"13/12/2024 17:00:00 - 13/12/2024 18:00:00","BZN|BE","Without sequence","284.21","",""
"13/12/2024 18:00:00 - 13/12/2024 19:00:00","BZN|BE","Without sequence","260.0","",""
"13/12/2024 19:00:00 - 13/12/2024 20:00:00","BZN|BE","Without sequence","225.6","",""
"13/12/2024 20:00:00 - 13/12/2024 21:00:00","BZN|BE","Without sequence","175.0","",""
"13/12/2024 21:00:00 - 13/12/2024 22:00:00","BZN|BE","Without sequence","146.22","",""
"13/12/2024 22:00:00 - 13/12/2024 23:00:00","BZN|BE","Without sequence","135.09","",""
"13/12/2024 23:00:00 - 14/12/2024 00:00:00","BZN|BE","Without sequence","116.52","",""
"14/12/2024 00:00:00 - 14/12/2024 01:00:00","BZN|BE","Without sequence","116.94","",""
"14/12/2024 01:00:00 - 14/12/2024 02:00:00","BZN|BE","Without sequence","111.36","",""
"14/12/2024 02:00:00 - 14/12/2024 03:00:00","BZN|BE","Without sequence","108.04","",""
"14/12/2024 03:00:00 - 14/12/2024 04:00:00","BZN|BE","Without sequence","99.02","",""
"14/12/2024 04:00:00 - 14/12/2024 05:00:00","BZN|BE","Without sequence","93.44","",""
"14/12/2024 05:00:00 - 14/12/2024 06:00:00","BZN|BE","Without sequence","91.55","",""
"14/12/2024 06:00:00 - 14/12/2024 07:00:00","BZN|BE","Without sequence","93.23","",""
"14/12/2024 07:00:00 - 14/12/2024 08:00:00","BZN|BE","Without sequence","102.7","",""
"14/12/2024 08:00:00 - 14/12/2024 09:00:00","BZN|BE","Without sequence","114.26","",""
"14/12/2024 09:00:00 - 14/12/2024 10:00:00","BZN|BE","Without sequence","125.36","",""
"14/12/2024 10:00:00 - 14/12/2024 11:00:00","BZN|BE","Without sequence","121.5","",""
"14/12/2024 11:00:00 - 14/12/2024 12:00:00","BZN|BE","Without sequence","109.13","",""
"14/12/2024 12:00:00 - 14/12/2024 13:00:00","BZN|BE","Without sequence","110.01","",""
"14/12/2024 13:00:00 - 14/12/2024 14:00:00","BZN|BE","Without sequence","107.95","",""
"14/12/2024 14:00:00 - 14/12/2024 15:00:00","BZN|BE","Without sequence","104.07","",""
"14/12/2024 15:00:00 - 14/12/2024 16:00:00","BZN|BE","Without sequence","103.67","",""
"14/12/2024 16:00:00 - 14/12/2024 17:00:00","BZN|BE","Without sequence","112.29","",""
"14/12/2024 17:00:00 - 14/12/2024 18:00:00","BZN|BE","Without sequence","123.88","",""
"14/12/2024 18:00:00 - 14/12/2024 19:00:00","BZN|BE","Without sequence","129.5","",""
"14/12/2024 19:00:00 - 14/12/2024 20:00:00","BZN|BE","Without sequence","126.3","",""
"14/12/2024 20:00:00 - 14/12/2024 21:00:00","BZN|BE","Without sequence","110.29","",""
"14/12/2024 21:00:00 - 14/12/2024 22:00:00","BZN|BE","Without sequence","114.48","",""
"14/12/2024 22:00:00 - 14/12/2024 23:00:00","BZN|BE","Without sequence","124.69","",""
"14/12/2024 23:00:00 - 15/12/2024 00:00:00","BZN|BE","Without sequence","104.99","",""
"15/12/2024 00:00:00 - 15/12/2024 01:00:00","BZN|BE","Without sequence","86.72","",""
"15/12/2024 01:00:00 - 15/12/2024 02:00:00","BZN|BE","Without sequence","79.05","",""
"15/12/2024 02:00:00 - 15/12/2024 03:00:00","BZN|BE","Without sequence","73.66","",""
"15/12/2024 03:00:00 - 15/12/2024 04:00:00","BZN|BE","Without sequence","65.89","",""
"15/12/2024 04:00:00 - 15/12/2024 05:00:00","BZN|BE","Without sequence","56.55","",""
"15/12/2024 05:00:00 - 15/12/2024 06:00:00","BZN|BE","Without sequence","54.63","",""
"15/12/2024 06:00:00 - 15/12/2024 07:00:00","BZN|BE","Without sequence","48.45","",""
"15/12/2024 07:00:00 - 15/12/2024 08:00:00","BZN|BE","Without sequence","57.49","",""
"15/12/2024 08:00:00 - 15/12/2024 09:00:00","BZN|BE","Without sequence","67.44","",""
"15/12/2024 09:00:00 - 15/12/2024 10:00:00","BZN|BE","Without sequence","78.12","",""
"15/12/2024 10:00:00 - 15/12/2024 11:00:00","BZN|BE","Without sequence","75.69","",""
"15/12/2024 11:00:00 - 15/12/2024 12:00:00","BZN|BE","Without sequence","75.0","",""
"15/12/2024 12:00:00 - 15/12/2024 13:00:00","BZN|BE","Without sequence","85.06","",""
"15/12/2024 13:00:00 - 15/12/2024 14:00:00","BZN|BE","Without sequence","90.0","",""
"15/12/2024 14:00:00 - 15/12/2024 15:00:00","BZN|BE","Without sequence","80.22","",""
"15/12/2024 15:00:00 - 15/12/2024 16:00:00","BZN|BE","Without sequence","76.54","",""
"15/12/2024 16:00:00 - 15/12/2024 17:00:00","BZN|BE","Without sequence","99.96","",""
"15/12/2024 17:00:00 - 15/12/2024 18:00:00","BZN|BE","Without sequence","113.02","",""
"15/12/2024 18:00:00 - 15/12/2024 19:00:00","BZN|BE","Without sequence","146.39","",""
"15/12/2024 19:00:00 - 15/12/2024 20:00:00","BZN|BE","Without sequence","112.2","",""
"15/12/2024 20:00:00 - 15/12/2024 21:00:00","BZN|BE","Without sequence","95.64","",""
"15/12/2024 21:00:00 - 15/12/2024 22:00:00","BZN|BE","Without sequence","99.52","",""
"15/12/2024 22:00:00 - 15/12/2024 23:00:00","BZN|BE","Without sequence","76.37","",""
"15/12/2024 23:00:00 - 16/12/2024 00:00:00","BZN|BE","Without sequence","50.0","",""
"16/12/2024 00:00:00 - 16/12/2024 01:00:00","BZN|BE","Without sequence","8.21","",""
"16/12/2024 01:00:00 - 16/12/2024 02:00:00","BZN|BE","Without sequence","9.21","",""
"16/12/2024 02:00:00 - 16/12/2024 03:00:00","BZN|BE","Without sequence","9.85","",""
"16/12/2024 03:00:00 - 16/12/2024 04:00:00","BZN|BE","Without sequence","6.13","",""
"16/12/2024 04:00:00 - 16/12/2024 05:00:00","BZN|BE","Without sequence","5.84","",""
"16/12/2024 05:00:00 - 16/12/2024 06:00:00","BZN|BE","Without sequence","10.3","",""
"16/12/2024 06:00:00 - 16/12/2024 07:00:00","BZN|BE","Without sequence","22.57","",""
"16/12/2024 07:00:00 - 16/12/2024 08:00:00","BZN|BE","Without sequence","102.35","",""
"16/12/2024 08:00:00 - 16/12/2024 09:00:00","BZN|BE","Without sequence","111.8","",""
"16/12/2024 09:00:00 - 16/12/2024 10:00:00","BZN|BE","Without sequence","125.13","",""
"16/12/2024 10:00:00 - 16/12/2024 11:00:00","BZN|BE","Without sequence","120.71","",""
"16/12/2024 11:00:00 - 16/12/2024 12:00:00","BZN|BE","Without sequence","107.71","",""
"16/12/2024 12:00:00 - 16/12/2024 13:00:00","BZN|BE","Without sequence","100.0","",""
"16/12/2024 13:00:00 - 16/12/2024 14:00:00","BZN|BE","Without sequence","92.07","",""
"16/12/2024 14:00:00 - 16/12/2024 15:00:00","BZN|BE","Without sequence","87.73","",""
"16/12/2024 15:00:00 - 16/12/2024 16:00:00","BZN|BE","Without sequence","106.19","",""
"16/12/2024 16:00:00 - 16/12/2024 17:00:00","BZN|BE","Without sequence","120.0","",""
"16/12/2024 17:00:00 - 16/12/2024 18:00:00","BZN|BE","Without sequence","120.0","",""
"16/12/2024 18:00:00 - 16/12/2024 19:00:00","BZN|BE","Without sequence","140.71","",""
"16/12/2024 19:00:00 - 16/12/2024 20:00:00","BZN|BE","Without sequence","138.42","",""
"16/12/2024 20:00:00 - 16/12/2024 21:00:00","BZN|BE","Without sequence","125.54","",""
"16/12/2024 21:00:00 - 16/12/2024 22:00:00","BZN|BE","Without sequence","120.0","",""
"16/12/2024 22:00:00 - 16/12/2024 23:00:00","BZN|BE","Without sequence","138.14","",""
"16/12/2024 23:00:00 - 17/12/2024 00:00:00","BZN|BE","Without sequence","118.02","",""
"17/12/2024 00:00:00 - 17/12/2024 01:00:00","BZN|BE","Without sequence","45.74","",""
"17/12/2024 01:00:00 - 17/12/2024 02:00:00","BZN|BE","Without sequence","65.7","",""
"17/12/2024 02:00:00 - 17/12/2024 03:00:00","BZN|BE","Without sequence","68.34","",""
"17/12/2024 03:00:00 - 17/12/2024 04:00:00","BZN|BE","Without sequence","47.9","",""
"17/12/2024 04:00:00 - 17/12/2024 05:00:00","BZN|BE","Without sequence","65.49","",""
"17/12/2024 05:00:00 - 17/12/2024 06:00:00","BZN|BE","Without sequence","62.44","",""
"17/12/2024 06:00:00 - 17/12/2024 07:00:00","BZN|BE","Without sequence","92.0","",""
"17/12/2024 07:00:00 - 17/12/2024 08:00:00","BZN|BE","Without sequence","107.47","",""
"17/12/2024 08:00:00 - 17/12/2024 09:00:00","BZN|BE","Without sequence","116.9","",""
"17/12/2024 09:00:00 - 17/12/2024 10:00:00","BZN|BE","Without sequence","121.1","",""
"17/12/2024 10:00:00 - 17/12/2024 11:00:00","BZN|BE","Without sequence","109.59","",""
"17/12/2024 11:00:00 - 17/12/2024 12:00:00","BZN|BE","Without sequence","102.51","",""
"17/12/2024 12:00:00 - 17/12/2024 13:00:00","BZN|BE","Without sequence","102.82","",""
"17/12/2024 13:00:00 - 17/12/2024 14:00:00","BZN|BE","Without sequence","106.32","",""
"17/12/2024 14:00:00 - 17/12/2024 15:00:00","BZN|BE","Without sequence","109.93","",""
"17/12/2024 15:00:00 - 17/12/2024 16:00:00","BZN|BE","Without sequence","116.52","",""
"17/12/2024 16:00:00 - 17/12/2024 17:00:00","BZN|BE","Without sequence","113.62","",""
"17/12/2024 17:00:00 - 17/12/2024 18:00:00","BZN|BE","Without sequence","125.56","",""
"17/12/2024 18:00:00 - 17/12/2024 19:00:00","BZN|BE","Without sequence","122.56","",""
"17/12/2024 19:00:00 - 17/12/2024 20:00:00","BZN|BE","Without sequence","108.85","",""
"17/12/2024 20:00:00 - 17/12/2024 21:00:00","BZN|BE","Without sequence","100.13","",""
"17/12/2024 21:00:00 - 17/12/2024 22:00:00","BZN|BE","Without sequence","96.5","",""
"17/12/2024 22:00:00 - 17/12/2024 23:00:00","BZN|BE","Without sequence","92.75","",""
"17/12/2024 23:00:00 - 18/12/2024 00:00:00","BZN|BE","Without sequence","72.13","",""
"18/12/2024 00:00:00 - 18/12/2024 01:00:00","BZN|BE","Without sequence","68.54","",""
"18/12/2024 01:00:00 - 18/12/2024 02:00:00","BZN|BE","Without sequence","52.32","",""
"18/12/2024 02:00:00 - 18/12/2024 03:00:00","BZN|BE","Without sequence","43.83","",""
"18/12/2024 03:00:00 - 18/12/2024 04:00:00","BZN|BE","Without sequence","38.32","",""
"18/12/2024 04:00:00 - 18/12/2024 05:00:00","BZN|BE","Without sequence","24.75","",""
"18/12/2024 05:00:00 - 18/12/2024 06:00:00","BZN|BE","Without sequence","31.65","",""
"18/12/2024 06:00:00 - 18/12/2024 07:00:00","BZN|BE","Without sequence","47.03","",""
"18/12/2024 07:00:00 - 18/12/2024 08:00:00","BZN|BE","Without sequence","60.16","",""
"18/12/2024 08:00:00 - 18/12/2024 09:00:00","BZN|BE","Without sequence","77.9","",""
"18/12/2024 09:00:00 - 18/12/2024 10:00:00","BZN|BE","Without sequence","76.69","",""
"18/12/2024 10:00:00 - 18/12/2024 11:00:00","BZN|BE","Without sequence","68.62","",""
"18/12/2024 11:00:00 - 18/12/2024 12:00:00","BZN|BE","Without sequence","67.12","",""
"18/12/2024 12:00:00 - 18/12/2024 13:00:00","BZN|BE","Without sequence","68.32","",""
"18/12/2024 13:00:00 - 18/12/2024 14:00:00","BZN|BE","Without sequence","68.0","",""
"18/12/2024 14:00:00 - 18/12/2024 15:00:00","BZN|BE","Without sequence","68.94","",""
"18/12/2024 15:00:00 - 18/12/2024 16:00:00","BZN|BE","Without sequence","67.18","",""
"18/12/2024 16:00:00 - 18/12/2024 17:00:00","BZN|BE","Without sequence","65.05","",""
"18/12/2024 17:00:00 - 18/12/2024 18:00:00","BZN|BE","Without sequence","77.16","",""
"18/12/2024 18:00:00 - 18/12/2024 19:00:00","BZN|BE","Without sequence","78.16","",""
"18/12/2024 19:00:00 - 18/12/2024 20:00:00","BZN|BE","Without sequence","76.43","",""
"18/12/2024 20:00:00 - 18/12/2024 21:00:00","BZN|BE","Without sequence","71.04","",""
"18/12/2024 21:00:00 - 18/12/2024 22:00:00","BZN|BE","Without sequence","59.2","",""
"18/12/2024 22:00:00 - 18/12/2024 23:00:00","BZN|BE","Without sequence","47.93","",""
"18/12/2024 23:00:00 - 19/12/2024 00:00:00","BZN|BE","Without sequence","26.91","",""
"19/12/2024 00:00:00 - 19/12/2024 01:00:00","BZN|BE","Without sequence","15.74","",""
"19/12/2024 01:00:00 - 19/12/2024 02:00:00","BZN|BE","Without sequence","16.4","",""
"19/12/2024 02:00:00 - 19/12/2024 03:00:00","BZN|BE","Without sequence","6.92","",""
"19/12/2024 03:00:00 - 19/12/2024 04:00:00","BZN|BE","Without sequence","2.88","",""
"19/12/2024 04:00:00 - 19/12/2024 05:00:00","BZN|BE","Without sequence","1.19","",""
"19/12/2024 05:00:00 - 19/12/2024 06:00:00","BZN|BE","Without sequence","1.76","",""
"19/12/2024 06:00:00 - 19/12/2024 07:00:00","BZN|BE","Without sequence","8.5","",""
"19/12/2024 07:00:00 - 19/12/2024 08:00:00","BZN|BE","Without sequence","58.66","",""
"19/12/2024 08:00:00 - 19/12/2024 09:00:00","BZN|BE","Without sequence","79.71","",""
"19/12/2024 09:00:00 - 19/12/2024 10:00:00","BZN|BE","Without sequence","94.94","",""
"19/12/2024 10:00:00 - 19/12/2024 11:00:00","BZN|BE","Without sequence","84.27","",""
"19/12/2024 11:00:00 - 19/12/2024 12:00:00","BZN|BE","Without sequence","79.64","",""
"19/12/2024 12:00:00 - 19/12/2024 13:00:00","BZN|BE","Without sequence","74.64","",""
"19/12/2024 13:00:00 - 19/12/2024 14:00:00","BZN|BE","Without sequence","73.56","",""
"19/12/2024 14:00:00 - 19/12/2024 15:00:00","BZN|BE","Without sequence","72.5","",""
"19/12/2024 15:00:00 - 19/12/2024 16:00:00","BZN|BE","Without sequence","76.24","",""
"19/12/2024 16:00:00 - 19/12/2024 17:00:00","BZN|BE","Without sequence","87.23","",""
"19/12/2024 17:00:00 - 19/12/2024 18:00:00","BZN|BE","Without sequence","105.03","",""
"19/12/2024 18:00:00 - 19/12/2024 19:00:00","BZN|BE","Without sequence","106.71","",""
"19/12/2024 19:00:00 - 19/12/2024 20:00:00","BZN|BE","Without sequence","91.54","",""
"19/12/2024 20:00:00 - 19/12/2024 21:00:00","BZN|BE","Without sequence","81.26","",""
"19/12/2024 21:00:00 - 19/12/2024 22:00:00","BZN|BE","Without sequence","76.11","",""
"19/12/2024 22:00:00 - 19/12/2024 23:00:00","BZN|BE","Without sequence","75.12","",""
"19/12/2024 23:00:00 - 20/12/2024 00:00:00","BZN|BE","Without sequence","60.3","",""
"20/12/2024 00:00:00 - 20/12/2024 01:00:00","BZN|BE","Without sequence","49.71","",""
"20/12/2024 01:00:00 - 20/12/2024 02:00:00","BZN|BE","Without sequence","33.32","",""
"20/12/2024 02:00:00 - 20/12/2024 03:00:00","BZN|BE","Without sequence","21.34","",""
"20/12/2024 03:00:00 - 20/12/2024 04:00:00","BZN|BE","Without sequence","18.96","",""
"20/12/2024 04:00:00 - 20/12/2024 05:00:00","BZN|BE","Without sequence","24.53","",""
"20/12/2024 05:00:00 - 20/12/2024 06:00:00","BZN|BE","Without sequence","49.71","",""
"20/12/2024 06:00:00 - 20/12/2024 07:00:00","BZN|BE","Without sequence","72.57","",""
"20/12/2024 07:00:00 - 20/12/2024 08:00:00","BZN|BE","Without sequence","110.04","",""
"20/12/2024 08:00:00 - 20/12/2024 09:00:00","BZN|BE","Without sequence","131.97","",""
"20/12/2024 09:00:00 - 20/12/2024 10:00:00","BZN|BE","Without sequence","123.18","",""
"20/12/2024 10:00:00 - 20/12/2024 11:00:00","BZN|BE","Without sequence","111.0","",""
"20/12/2024 11:00:00 - 20/12/2024 12:00:00","BZN|BE","Without sequence","98.43","",""
"20/12/2024 12:00:00 - 20/12/2024 13:00:00","BZN|BE","Without sequence","88.5","",""
"20/12/2024 13:00:00 - 20/12/2024 14:00:00","BZN|BE","Without sequence","84.83","",""
"20/12/2024 14:00:00 - 20/12/2024 15:00:00","BZN|BE","Without sequence","89.41","",""
"20/12/2024 15:00:00 - 20/12/2024 16:00:00","BZN|BE","Without sequence","100.06","",""
"20/12/2024 16:00:00 - 20/12/2024 17:00:00","BZN|BE","Without sequence","106.02","",""
"20/12/2024 17:00:00 - 20/12/2024 18:00:00","BZN|BE","Without sequence","110.44","",""
"20/12/2024 18:00:00 - 20/12/2024 19:00:00","BZN|BE","Without sequence","102.34","",""
"20/12/2024 19:00:00 - 20/12/2024 20:00:00","BZN|BE","Without sequence","100.0","",""
"20/12/2024 20:00:00 - 20/12/2024 21:00:00","BZN|BE","Without sequence","91.04","",""
"20/12/2024 21:00:00 - 20/12/2024 22:00:00","BZN|BE","Without sequence","73.14","",""
"20/12/2024 22:00:00 - 20/12/2024 23:00:00","BZN|BE","Without sequence","70.52","",""
"20/12/2024 23:00:00 - 21/12/2024 00:00:00","BZN|BE","Without sequence","58.39","",""
"21/12/2024 00:00:00 - 21/12/2024 01:00:00","BZN|BE","Without sequence","29.75","",""
"21/12/2024 01:00:00 - 21/12/2024 02:00:00","BZN|BE","Without sequence","24.51","",""
"21/12/2024 02:00:00 - 21/12/2024 03:00:00","BZN|BE","Without sequence","23.58","",""
"21/12/2024 03:00:00 - 21/12/2024 04:00:00","BZN|BE","Without sequence","19.41","",""
"21/12/2024 04:00:00 - 21/12/2024 05:00:00","BZN|BE","Without sequence","18.11","",""
"21/12/2024 05:00:00 - 21/12/2024 06:00:00","BZN|BE","Without sequence","24.0","",""
"21/12/2024 06:00:00 - 21/12/2024 07:00:00","BZN|BE","Without sequence","33.29","",""
"21/12/2024 07:00:00 - 21/12/2024 08:00:00","BZN|BE","Without sequence","33.27","",""
"21/12/2024 08:00:00 - 21/12/2024 09:00:00","BZN|BE","Without sequence","39.46","",""
"21/12/2024 09:00:00 - 21/12/2024 10:00:00","BZN|BE","Without sequence","45.77","",""
"21/12/2024 10:00:00 - 21/12/2024 11:00:00","BZN|BE","Without sequence","45.59","",""
"21/12/2024 11:00:00 - 21/12/2024 12:00:00","BZN|BE","Without sequence","36.88","",""
"21/12/2024 12:00:00 - 21/12/2024 13:00:00","BZN|BE","Without sequence","34.64","",""
"21/12/2024 13:00:00 - 21/12/2024 14:00:00","BZN|BE","Without sequence","33.04","",""
"21/12/2024 14:00:00 - 21/12/2024 15:00:00","BZN|BE","Without sequence","31.02","",""
"21/12/2024 15:00:00 - 21/12/2024 16:00:00","BZN|BE","Without sequence","33.93","",""
"21/12/2024 16:00:00 - 21/12/2024 17:00:00","BZN|BE","Without sequence","35.7","",""
"21/12/2024 17:00:00 - 21/12/2024 18:00:00","BZN|BE","Without sequence","43.18","",""
"21/12/2024 18:00:00 - 21/12/2024 19:00:00","BZN|BE","Without sequence","47.44","",""
"21/12/2024 19:00:00 - 21/12/2024 20:00:00","BZN|BE","Without sequence","41.08","",""
"21/12/2024 20:00:00 - 21/12/2024 21:00:00","BZN|BE","Without sequence","26.89","",""
"21/12/2024 21:00:00 - 21/12/2024 22:00:00","BZN|BE","Without sequence","13.0","",""
"21/12/2024 22:00:00 - 21/12/2024 23:00:00","BZN|BE","Without sequence","10.82","",""
"21/12/2024 23:00:00 - 22/12/2024 00:00:00","BZN|BE","Without sequence","7.05","",""
"22/12/2024 00:00:00 - 22/12/2024 01:00:00","BZN|BE","Without sequence","5.05","",""
"22/12/2024 01:00:00 - 22/12/2024 02:00:00","BZN|BE","Without sequence","3.78","",""
"22/12/2024 02:00:00 - 22/12/2024 03:00:00","BZN|BE","Without sequence","2.28","",""
"22/12/2024 03:00:00 - 22/12/2024 04:00:00","BZN|BE","Without sequence","1.24","",""
"22/12/2024 04:00:00 - 22/12/2024 05:00:00","BZN|BE","Without sequence","0.09","",""
"22/12/2024 05:00:00 - 22/12/2024 06:00:00","BZN|BE","Without sequence","0.77","",""
"22/12/2024 06:00:00 - 22/12/2024 07:00:00","BZN|BE","Without sequence","1.2","",""
"22/12/2024 07:00:00 - 22/12/2024 08:00:00","BZN|BE","Without sequence","4.65","",""
"22/12/2024 08:00:00 - 22/12/2024 09:00:00","BZN|BE","Without sequence","9.25","",""
"22/12/2024 09:00:00 - 22/12/2024 10:00:00","BZN|BE","Without sequence","23.99","",""
"22/12/2024 10:00:00 - 22/12/2024 11:00:00","BZN|BE","Without sequence","21.78","",""
"22/12/2024 11:00:00 - 22/12/2024 12:00:00","BZN|BE","Without sequence","24.22","",""
"22/12/2024 12:00:00 - 22/12/2024 13:00:00","BZN|BE","Without sequence","23.75","",""
"22/12/2024 13:00:00 - 22/12/2024 14:00:00","BZN|BE","Without sequence","23.13","",""
"22/12/2024 14:00:00 - 22/12/2024 15:00:00","BZN|BE","Without sequence","27.82","",""
"22/12/2024 15:00:00 - 22/12/2024 16:00:00","BZN|BE","Without sequence","40.0","",""
"22/12/2024 16:00:00 - 22/12/2024 17:00:00","BZN|BE","Without sequence","49.48","",""
"22/12/2024 17:00:00 - 22/12/2024 18:00:00","BZN|BE","Without sequence","74.91","",""
"22/12/2024 18:00:00 - 22/12/2024 19:00:00","BZN|BE","Without sequence","75.33","",""
"22/12/2024 19:00:00 - 22/12/2024 20:00:00","BZN|BE","Without sequence","68.96","",""
"22/12/2024 20:00:00 - 22/12/2024 21:00:00","BZN|BE","Without sequence","55.0","",""
"22/12/2024 21:00:00 - 22/12/2024 22:00:00","BZN|BE","Without sequence","42.27","",""
"22/12/2024 22:00:00 - 22/12/2024 23:00:00","BZN|BE","Without sequence","39.28","",""
"22/12/2024 23:00:00 - 23/12/2024 00:00:00","BZN|BE","Without sequence","27.67","",""
"23/12/2024 00:00:00 - 23/12/2024 01:00:00","BZN|BE","Without sequence","18.75","",""
"23/12/2024 01:00:00 - 23/12/2024 02:00:00","BZN|BE","Without sequence","12.73","",""
"23/12/2024 02:00:00 - 23/12/2024 03:00:00","BZN|BE","Without sequence","10.85","",""
"23/12/2024 03:00:00 - 23/12/2024 04:00:00","BZN|BE","Without sequence","7.61","",""
"23/12/2024 04:00:00 - 23/12/2024 05:00:00","BZN|BE","Without sequence","6.31","",""
"23/12/2024 05:00:00 - 23/12/2024 06:00:00","BZN|BE","Without sequence","6.66","",""
"23/12/2024 06:00:00 - 23/12/2024 07:00:00","BZN|BE","Without sequence","20.16","",""
"23/12/2024 07:00:00 - 23/12/2024 08:00:00","BZN|BE","Without sequence","55.93","",""
"23/12/2024 08:00:00 - 23/12/2024 09:00:00","BZN|BE","Without sequence","67.71","",""
"23/12/2024 09:00:00 - 23/12/2024 10:00:00","BZN|BE","Without sequence","67.36","",""
"23/12/2024 10:00:00 - 23/12/2024 11:00:00","BZN|BE","Without sequence","57.85","",""
"23/12/2024 11:00:00 - 23/12/2024 12:00:00","BZN|BE","Without sequence","56.74","",""
"23/12/2024 12:00:00 - 23/12/2024 13:00:00","BZN|BE","Without sequence","58.48","",""
"23/12/2024 13:00:00 - 23/12/2024 14:00:00","BZN|BE","Without sequence","59.21","",""
"23/12/2024 14:00:00 - 23/12/2024 15:00:00","BZN|BE","Without sequence","66.0","",""
"23/12/2024 15:00:00 - 23/12/2024 16:00:00","BZN|BE","Without sequence","77.61","",""
"23/12/2024 16:00:00 - 23/12/2024 17:00:00","BZN|BE","Without sequence","100.5","",""
"23/12/2024 17:00:00 - 23/12/2024 18:00:00","BZN|BE","Without sequence","113.98","",""
"23/12/2024 18:00:00 - 23/12/2024 19:00:00","BZN|BE","Without sequence","119.71","",""
"23/12/2024 19:00:00 - 23/12/2024 20:00:00","BZN|BE","Without sequence","139.32","",""
"23/12/2024 20:00:00 - 23/12/2024 21:00:00","BZN|BE","Without sequence","132.03","",""
"23/12/2024 21:00:00 - 23/12/2024 22:00:00","BZN|BE","Without sequence","109.88","",""
"23/12/2024 22:00:00 - 23/12/2024 23:00:00","BZN|BE","Without sequence","105.82","",""
"23/12/2024 23:00:00 - 24/12/2024 00:00:00","BZN|BE","Without sequence","110.06","",""
"24/12/2024 00:00:00 - 24/12/2024 01:00:00","BZN|BE","Without sequence","86.03","",""
"24/12/2024 01:00:00 - 24/12/2024 02:00:00","BZN|BE","Without sequence","82.84","",""
"24/12/2024 02:00:00 - 24/12/2024 03:00:00","BZN|BE","Without sequence","81.89","",""
"24/12/2024 03:00:00 - 24/12/2024 04:00:00","BZN|BE","Without sequence","78.0","",""
"24/12/2024 04:00:00 - 24/12/2024 05:00:00","BZN|BE","Without sequence","78.78","",""
"24/12/2024 05:00:00 - 24/12/2024 06:00:00","BZN|BE","Without sequence","80.6","",""
"24/12/2024 06:00:00 - 24/12/2024 07:00:00","BZN|BE","Without sequence","85.07","",""
"24/12/2024 07:00:00 - 24/12/2024 08:00:00","BZN|BE","Without sequence","100.83","",""
"24/12/2024 08:00:00 - 24/12/2024 09:00:00","BZN|BE","Without sequence","115.09","",""
"24/12/2024 09:00:00 - 24/12/2024 10:00:00","BZN|BE","Without sequence","120.95","",""
"24/12/2024 10:00:00 - 24/12/2024 11:00:00","BZN|BE","Without sequence","120.0","",""
"24/12/2024 11:00:00 - 24/12/2024 12:00:00","BZN|BE","Without sequence","118.16","",""
"24/12/2024 12:00:00 - 24/12/2024 13:00:00","BZN|BE","Without sequence","117.49","",""
"24/12/2024 13:00:00 - 24/12/2024 14:00:00","BZN|BE","Without sequence","115.38","",""
"24/12/2024 14:00:00 - 24/12/2024 15:00:00","BZN|BE","Without sequence","117.98","",""
"24/12/2024 15:00:00 - 24/12/2024 16:00:00","BZN|BE","Without sequence","119.5","",""
"24/12/2024 16:00:00 - 24/12/2024 17:00:00","BZN|BE","Without sequence","120.21","",""
"24/12/2024 17:00:00 - 24/12/2024 18:00:00","BZN|BE","Without sequence","118.0","",""
"24/12/2024 18:00:00 - 24/12/2024 19:00:00","BZN|BE","Without sequence","110.98","",""
"24/12/2024 19:00:00 - 24/12/2024 20:00:00","BZN|BE","Without sequence","105.66","",""
"24/12/2024 20:00:00 - 24/12/2024 21:00:00","BZN|BE","Without sequence","102.56","",""
"24/12/2024 21:00:00 - 24/12/2024 22:00:00","BZN|BE","Without sequence","94.63","",""
"24/12/2024 22:00:00 - 24/12/2024 23:00:00","BZN|BE","Without sequence","99.04","",""
"24/12/2024 23:00:00 - 25/12/2024 00:00:00","BZN|BE","Without sequence","90.0","",""
"25/12/2024 00:00:00 - 25/12/2024 01:00:00","BZN|BE","Without sequence","91.37","",""
"25/12/2024 01:00:00 - 25/12/2024 02:00:00","BZN|BE","Without sequence","86.44","",""
"25/12/2024 02:00:00 - 25/12/2024 03:00:00","BZN|BE","Without sequence","85.07","",""
"25/12/2024 03:00:00 - 25/12/2024 04:00:00","BZN|BE","Without sequence","80.81","",""
"25/12/2024 04:00:00 - 25/12/2024 05:00:00","BZN|BE","Without sequence","75.99","",""
"25/12/2024 05:00:00 - 25/12/2024 06:00:00","BZN|BE","Without sequence","80.81","",""
"25/12/2024 06:00:00 - 25/12/2024 07:00:00","BZN|BE","Without sequence","83.01","",""
"25/12/2024 07:00:00 - 25/12/2024 08:00:00","BZN|BE","Without sequence","84.94","",""
"25/12/2024 08:00:00 - 25/12/2024 09:00:00","BZN|BE","Without sequence","90.21","",""
"25/12/2024 09:00:00 - 25/12/2024 10:00:00","BZN|BE","Without sequence","99.24","",""
"25/12/2024 10:00:00 - 25/12/2024 11:00:00","BZN|BE","Without sequence","93.56","",""
"25/12/2024 11:00:00 - 25/12/2024 12:00:00","BZN|BE","Without sequence","92.55","",""
"25/12/2024 12:00:00 - 25/12/2024 13:00:00","BZN|BE","Without sequence","94.41","",""
"25/12/2024 13:00:00 - 25/12/2024 14:00:00","BZN|BE","Without sequence","91.02","",""
"25/12/2024 14:00:00 - 25/12/2024 15:00:00","BZN|BE","Without sequence","96.4","",""
"25/12/2024 15:00:00 - 25/12/2024 16:00:00","BZN|BE","Without sequence","107.74","",""
"25/12/2024 16:00:00 - 25/12/2024 17:00:00","BZN|BE","Without sequence","115.61","",""
"25/12/2024 17:00:00 - 25/12/2024 18:00:00","BZN|BE","Without sequence","120.52","",""
"25/12/2024 18:00:00 - 25/12/2024 19:00:00","BZN|BE","Without sequence","119.09","",""
"25/12/2024 19:00:00 - 25/12/2024 20:00:00","BZN|BE","Without sequence","117.99","",""
"25/12/2024 20:00:00 - 25/12/2024 21:00:00","BZN|BE","Without sequence","118.31","",""
"25/12/2024 21:00:00 - 25/12/2024 22:00:00","BZN|BE","Without sequence","113.01","",""
"25/12/2024 22:00:00 - 25/12/2024 23:00:00","BZN|BE","Without sequence","114.07","",""
"25/12/2024 23:00:00 - 26/12/2024 00:00:00","BZN|BE","Without sequence","104.63","",""
"26/12/2024 00:00:00 - 26/12/2024 01:00:00","BZN|BE","Without sequence","102.17","",""
"26/12/2024 01:00:00 - 26/12/2024 02:00:00","BZN|BE","Without sequence","95.06","",""
"26/12/2024 02:00:00 - 26/12/2024 03:00:00","BZN|BE","Without sequence","94.61","",""
"26/12/2024 03:00:00 - 26/12/2024 04:00:00","BZN|BE","Without sequence","89.64","",""
"26/12/2024 04:00:00 - 26/12/2024 05:00:00","BZN|BE","Without sequence","90.87","",""
"26/12/2024 05:00:00 - 26/12/2024 06:00:00","BZN|BE","Without sequence","95.1","",""
"26/12/2024 06:00:00 - 26/12/2024 07:00:00","BZN|BE","Without sequence","99.0","",""
"26/12/2024 07:00:00 - 26/12/2024 08:00:00","BZN|BE","Without sequence","112.63","",""
"26/12/2024 08:00:00 - 26/12/2024 09:00:00","BZN|BE","Without sequence","119.29","",""
"26/12/2024 09:00:00 - 26/12/2024 10:00:00","BZN|BE","Without sequence","118.23","",""
"26/12/2024 10:00:00 - 26/12/2024 11:00:00","BZN|BE","Without sequence","113.25","",""
"26/12/2024 11:00:00 - 26/12/2024 12:00:00","BZN|BE","Without sequence","106.01","",""
"26/12/2024 12:00:00 - 26/12/2024 13:00:00","BZN|BE","Without sequence","107.71","",""
"26/12/2024 13:00:00 - 26/12/2024 14:00:00","BZN|BE","Without sequence","103.9","",""
"26/12/2024 14:00:00 - 26/12/2024 15:00:00","BZN|BE","Without sequence","109.64","",""
"26/12/2024 15:00:00 - 26/12/2024 16:00:00","BZN|BE","Without sequence","120.75","",""
"26/12/2024 16:00:00 - 26/12/2024 17:00:00","BZN|BE","Without sequence","128.09","",""
"26/12/2024 17:00:00 - 26/12/2024 18:00:00","BZN|BE","Without sequence","137.9","",""
"26/12/2024 18:00:00 - 26/12/2024 19:00:00","BZN|BE","Without sequence","138.05","",""
"26/12/2024 19:00:00 - 26/12/2024 20:00:00","BZN|BE","Without sequence","135.71","",""
"26/12/2024 20:00:00 - 26/12/2024 21:00:00","BZN|BE","Without sequence","129.13","",""
"26/12/2024 21:00:00 - 26/12/2024 22:00:00","BZN|BE","Without sequence","120.85","",""
"26/12/2024 22:00:00 - 26/12/2024 23:00:00","BZN|BE","Without sequence","123.5","",""
"26/12/2024 23:00:00 - 27/12/2024 00:00:00","BZN|BE","Without sequence","116.98","",""
"27/12/2024 00:00:00 - 27/12/2024 01:00:00","BZN|BE","Without sequence","106.79","",""
"27/12/2024 01:00:00 - 27/12/2024 02:00:00","BZN|BE","Without sequence","101.52","",""
"27/12/2024 02:00:00 - 27/12/2024 03:00:00","BZN|BE","Without sequence","101.03","",""
"27/12/2024 03:00:00 - 27/12/2024 04:00:00","BZN|BE","Without sequence","99.74","",""
"27/12/2024 04:00:00 - 27/12/2024 05:00:00","BZN|BE","Without sequence","99.58","",""
"27/12/2024 05:00:00 - 27/12/2024 06:00:00","BZN|BE","Without sequence","106.2","",""
"27/12/2024 06:00:00 - 27/12/2024 07:00:00","BZN|BE","Without sequence","115.7","",""
"27/12/2024 07:00:00 - 27/12/2024 08:00:00","BZN|BE","Without sequence","124.29","",""
"27/12/2024 08:00:00 - 27/12/2024 09:00:00","BZN|BE","Without sequence","131.85","",""
"27/12/2024 09:00:00 - 27/12/2024 10:00:00","BZN|BE","Without sequence","130.15","",""
"27/12/2024 10:00:00 - 27/12/2024 11:00:00","BZN|BE","Without sequence","120.1","",""
"27/12/2024 11:00:00 - 27/12/2024 12:00:00","BZN|BE","Without sequence","107.94","",""
"27/12/2024 12:00:00 - 27/12/2024 13:00:00","BZN|BE","Without sequence","107.81","",""
"27/12/2024 13:00:00 - 27/12/2024 14:00:00","BZN|BE","Without sequence","107.94","",""
"27/12/2024 14:00:00 - 27/12/2024 15:00:00","BZN|BE","Without sequence","118.91","",""
"27/12/2024 15:00:00 - 27/12/2024 16:00:00","BZN|BE","Without sequence","131.07","",""
"27/12/2024 16:00:00 - 27/12/2024 17:00:00","BZN|BE","Without sequence","142.36","",""
"27/12/2024 17:00:00 - 27/12/2024 18:00:00","BZN|BE","Without sequence","151.31","",""
"27/12/2024 18:00:00 - 27/12/2024 19:00:00","BZN|BE","Without sequence","158.4","",""
"27/12/2024 19:00:00 - 27/12/2024 20:00:00","BZN|BE","Without sequence","146.43","",""
"27/12/2024 20:00:00 - 27/12/2024 21:00:00","BZN|BE","Without sequence","133.14","",""
"27/12/2024 21:00:00 - 27/12/2024 22:00:00","BZN|BE","Without sequence","125.42","",""
"27/12/2024 22:00:00 - 27/12/2024 23:00:00","BZN|BE","Without sequence","126.76","",""
"27/12/2024 23:00:00 - 28/12/2024 00:00:00","BZN|BE","Without sequence","114.0","",""
"28/12/2024 00:00:00 - 28/12/2024 01:00:00","BZN|BE","Without sequence","126.4","",""
"28/12/2024 01:00:00 - 28/12/2024 02:00:00","BZN|BE","Without sequence","116.63","",""
"28/12/2024 02:00:00 - 28/12/2024 03:00:00","BZN|BE","Without sequence","110.15","",""
"28/12/2024 03:00:00 - 28/12/2024 04:00:00","BZN|BE","Without sequence","105.92","",""
"28/12/2024 04:00:00 - 28/12/2024 05:00:00","BZN|BE","Without sequence","102.93","",""
"28/12/2024 05:00:00 - 28/12/2024 06:00:00","BZN|BE","Without sequence","105.58","",""
"28/12/2024 06:00:00 - 28/12/2024 07:00:00","BZN|BE","Without sequence","109.71","",""
"28/12/2024 07:00:00 - 28/12/2024 08:00:00","BZN|BE","Without sequence","124.24","",""
"28/12/2024 08:00:00 - 28/12/2024 09:00:00","BZN|BE","Without sequence","128.0","",""
"28/12/2024 09:00:00 - 28/12/2024 10:00:00","BZN|BE","Without sequence","128.3","",""
"28/12/2024 10:00:00 - 28/12/2024 11:00:00","BZN|BE","Without sequence","122.83","",""
"28/12/2024 11:00:00 - 28/12/2024 12:00:00","BZN|BE","Without sequence","113.4","",""
"28/12/2024 12:00:00 - 28/12/2024 13:00:00","BZN|BE","Without sequence","108.97","",""
"28/12/2024 13:00:00 - 28/12/2024 14:00:00","BZN|BE","Without sequence","110.01","",""
"28/12/2024 14:00:00 - 28/12/2024 15:00:00","BZN|BE","Without sequence","116.92","",""
"28/12/2024 15:00:00 - 28/12/2024 16:00:00","BZN|BE","Without sequence","132.02","",""
"28/12/2024 16:00:00 - 28/12/2024 17:00:00","BZN|BE","Without sequence","137.6","",""
"28/12/2024 17:00:00 - 28/12/2024 18:00:00","BZN|BE","Without sequence","146.07","",""
"28/12/2024 18:00:00 - 28/12/2024 19:00:00","BZN|BE","Without sequence","147.87","",""
"28/12/2024 19:00:00 - 28/12/2024 20:00:00","BZN|BE","Without sequence","141.1","",""
"28/12/2024 20:00:00 - 28/12/2024 21:00:00","BZN|BE","Without sequence","129.77","",""
"28/12/2024 21:00:00 - 28/12/2024 22:00:00","BZN|BE","Without sequence","125.9","",""
"28/12/2024 22:00:00 - 28/12/2024 23:00:00","BZN|BE","Without sequence","121.25","",""
"28/12/2024 23:00:00 - 29/12/2024 00:00:00","BZN|BE","Without sequence","115.06","",""
"29/12/2024 00:00:00 - 29/12/2024 01:00:00","BZN|BE","Without sequence","127.39","",""
"29/12/2024 01:00:00 - 29/12/2024 02:00:00","BZN|BE","Without sequence","114.09","",""
"29/12/2024 02:00:00 - 29/12/2024 03:00:00","BZN|BE","Without sequence","107.71","",""
"29/12/2024 03:00:00 - 29/12/2024 04:00:00","BZN|BE","Without sequence","101.7","",""
"29/12/2024 04:00:00 - 29/12/2024 05:00:00","BZN|BE","Without sequence","97.73","",""
"29/12/2024 05:00:00 - 29/12/2024 06:00:00","BZN|BE","Without sequence","98.61","",""
"29/12/2024 06:00:00 - 29/12/2024 07:00:00","BZN|BE","Without sequence","98.16","",""
"29/12/2024 07:00:00 - 29/12/2024 08:00:00","BZN|BE","Without sequence","102.71","",""
"29/12/2024 08:00:00 - 29/12/2024 09:00:00","BZN|BE","Without sequence","110.71","",""
"29/12/2024 09:00:00 - 29/12/2024 10:00:00","BZN|BE","Without sequence","116.32","",""
"29/12/2024 10:00:00 - 29/12/2024 11:00:00","BZN|BE","Without sequence","122.6","",""
"29/12/2024 11:00:00 - 29/12/2024 12:00:00","BZN|BE","Without sequence","115.68","",""
"29/12/2024 12:00:00 - 29/12/2024 13:00:00","BZN|BE","Without sequence","114.6","",""
"29/12/2024 13:00:00 - 29/12/2024 14:00:00","BZN|BE","Without sequence","113.53","",""
"29/12/2024 14:00:00 - 29/12/2024 15:00:00","BZN|BE","Without sequence","115.23","",""
"29/12/2024 15:00:00 - 29/12/2024 16:00:00","BZN|BE","Without sequence","116.18","",""
"29/12/2024 16:00:00 - 29/12/2024 17:00:00","BZN|BE","Without sequence","123.6","",""
"29/12/2024 17:00:00 - 29/12/2024 18:00:00","BZN|BE","Without sequence","135.58","",""
"29/12/2024 18:00:00 - 29/12/2024 19:00:00","BZN|BE","Without sequence","135.52","",""
"29/12/2024 19:00:00 - 29/12/2024 20:00:00","BZN|BE","Without sequence","139.8","",""
"29/12/2024 20:00:00 - 29/12/2024 21:00:00","BZN|BE","Without sequence","130.24","",""
"29/12/2024 21:00:00 - 29/12/2024 22:00:00","BZN|BE","Without sequence","104.99","",""
"29/12/2024 22:00:00 - 29/12/2024 23:00:00","BZN|BE","Without sequence","101.96","",""
"29/12/2024 23:00:00 - 30/12/2024 00:00:00","BZN|BE","Without sequence","87.84","",""
"30/12/2024 00:00:00 - 30/12/2024 01:00:00","BZN|BE","Without sequence","89.04","",""
"30/12/2024 01:00:00 - 30/12/2024 02:00:00","BZN|BE","Without sequence","86.59","",""
"30/12/2024 02:00:00 - 30/12/2024 03:00:00","BZN|BE","Without sequence","79.9","",""
"30/12/2024 03:00:00 - 30/12/2024 04:00:00","BZN|BE","Without sequence","56.54","",""
"30/12/2024 04:00:00 - 30/12/2024 05:00:00","BZN|BE","Without sequence","49.4","",""
"30/12/2024 05:00:00 - 30/12/2024 06:00:00","BZN|BE","Without sequence","77.97","",""
"30/12/2024 06:00:00 - 30/12/2024 07:00:00","BZN|BE","Without sequence","85.52","",""
"30/12/2024 07:00:00 - 30/12/2024 08:00:00","BZN|BE","Without sequence","96.13","",""
"30/12/2024 08:00:00 - 30/12/2024 09:00:00","BZN|BE","Without sequence","111.88","",""
"30/12/2024 09:00:00 - 30/12/2024 10:00:00","BZN|BE","Without sequence","119.43","",""
"30/12/2024 10:00:00 - 30/12/2024 11:00:00","BZN|BE","Without sequence","117.5","",""
"30/12/2024 11:00:00 - 30/12/2024 12:00:00","BZN|BE","Without sequence","112.1","",""
"30/12/2024 12:00:00 - 30/12/2024 13:00:00","BZN|BE","Without sequence","103.13","",""
"30/12/2024 13:00:00 - 30/12/2024 14:00:00","BZN|BE","Without sequence","98.93","",""
"30/12/2024 14:00:00 - 30/12/2024 15:00:00","BZN|BE","Without sequence","102.3","",""
"30/12/2024 15:00:00 - 30/12/2024 16:00:00","BZN|BE","Without sequence","109.08","",""
"30/12/2024 16:00:00 - 30/12/2024 17:00:00","BZN|BE","Without sequence","132.1","",""
"30/12/2024 17:00:00 - 30/12/2024 18:00:00","BZN|BE","Without sequence","131.13","",""
"30/12/2024 18:00:00 - 30/12/2024 19:00:00","BZN|BE","Without sequence","122.59","",""
"30/12/2024 19:00:00 - 30/12/2024 20:00:00","BZN|BE","Without sequence","116.41","",""
"30/12/2024 20:00:00 - 30/12/2024 21:00:00","BZN|BE","Without sequence","108.18","",""
"30/12/2024 21:00:00 - 30/12/2024 22:00:00","BZN|BE","Without sequence","100.26","",""
"30/12/2024 22:00:00 - 30/12/2024 23:00:00","BZN|BE","Without sequence","99.19","",""
"30/12/2024 23:00:00 - 31/12/2024 00:00:00","BZN|BE","Without sequence","82.73","",""
"31/12/2024 00:00:00 - 31/12/2024 01:00:00","BZN|BE","Without sequence","61.18","",""
"31/12/2024 01:00:00 - 31/12/2024 02:00:00","BZN|BE","Without sequence","48.38","",""
"31/12/2024 02:00:00 - 31/12/2024 03:00:00","BZN|BE","Without sequence","54.86","",""
"31/12/2024 03:00:00 - 31/12/2024 04:00:00","BZN|BE","Without sequence","45.42","",""
"31/12/2024 04:00:00 - 31/12/2024 05:00:00","BZN|BE","Without sequence","46.26","",""
"31/12/2024 05:00:00 - 31/12/2024 06:00:00","BZN|BE","Without sequence","46.26","",""
"31/12/2024 06:00:00 - 31/12/2024 07:00:00","BZN|BE","Without sequence","50.05","",""
"31/12/2024 07:00:00 - 31/12/2024 08:00:00","BZN|BE","Without sequence","65.44","",""
"31/12/2024 08:00:00 - 31/12/2024 09:00:00","BZN|BE","Without sequence","76.35","",""
"31/12/2024 09:00:00 - 31/12/2024 10:00:00","BZN|BE","Without sequence","102.68","",""
"31/12/2024 10:00:00 - 31/12/2024 11:00:00","BZN|BE","Without sequence","103.15","",""
"31/12/2024 11:00:00 - 31/12/2024 12:00:00","BZN|BE","Without sequence","97.41","",""
"31/12/2024 12:00:00 - 31/12/2024 13:00:00","BZN|BE","Without sequence","101.85","",""
"31/12/2024 13:00:00 - 31/12/2024 14:00:00","BZN|BE","Without sequence","92.45","",""
"31/12/2024 14:00:00 - 31/12/2024 15:00:00","BZN|BE","Without sequence","80.69","",""
"31/12/2024 15:00:00 - 31/12/2024 16:00:00","BZN|BE","Without sequence","87.6","",""
"31/12/2024 16:00:00 - 31/12/2024 17:00:00","BZN|BE","Without sequence","93.05","",""
"31/12/2024 17:00:00 - 31/12/2024 18:00:00","BZN|BE","Without sequence","103.35","",""
"31/12/2024 18:00:00 - 31/12/2024 19:00:00","BZN|BE","Without sequence","100.15","",""
"31/12/2024 19:00:00 - 31/12/2024 20:00:00","BZN|BE","Without sequence","81.3","",""
"31/12/2024 20:00:00 - 31/12/2024 21:00:00","BZN|BE","Without sequence","45.6","",""
"31/12/2024 21:00:00 - 31/12/2024 22:00:00","BZN|BE","Without sequence","17.6","",""
"31/12/2024 22:00:00 - 31/12/2024 23:00:00","BZN|BE","Without sequence","4.04","",""
"31/12/2024 23:00:00 - 01/01/2025 00:00:00","BZN|BE","Without sequence","-1.26","",""
