"MTU (CET/CEST)","Area","Sequence","Day-ahead Price (EUR/MWh)","Intraday Period (CET/CEST)","Intraday Price (EUR/MWh)"
"01/01/2024 00:00:00 - 01/01/2024 01:00:00","BZN|IE(SEM)","Without sequence","41.26","",""
"01/01/2024 01:00:00 - 01/01/2024 02:00:00","BZN|IE(SEM)","Without sequence","52.98","",""
"01/01/2024 02:00:00 - 01/01/2024 03:00:00","BZN|IE(SEM)","Without sequence","52.33","",""
"01/01/2024 03:00:00 - 01/01/2024 04:00:00","BZN|IE(SEM)","Without sequence","36.02","",""
"01/01/2024 04:00:00 - 01/01/2024 05:00:00","BZN|IE(SEM)","Without sequence","31.15","",""
"01/01/2024 05:00:00 - 01/01/2024 06:00:00","BZN|IE(SEM)","Without sequence","30.98","",""
"01/01/2024 06:00:00 - 01/01/2024 07:00:00","BZN|IE(SEM)","Without sequence","45.87","",""
"01/01/2024 07:00:00 - 01/01/2024 08:00:00","BZN|IE(SEM)","Without sequence","68.81","",""
"01/01/2024 08:00:00 - 01/01/2024 09:00:00","BZN|IE(SEM)","Without sequence","78.3","",""
"01/01/2024 09:00:00 - 01/01/2024 10:00:00","BZN|IE(SEM)","Without sequence","82.76","",""
"01/01/2024 10:00:00 - 01/01/2024 11:00:00","BZN|IE(SEM)","Without sequence","97.91","",""
"01/01/2024 11:00:00 - 01/01/2024 12:00:00","BZN|IE(SEM)","Without sequence","139.58","",""
"01/01/2024 12:00:00 - 01/01/2024 13:00:00","BZN|IE(SEM)","Without sequence","115.0","",""
"01/01/2024 13:00:00 - 01/01/2024 14:00:00","BZN|IE(SEM)","Without sequence","125.58","",""
"01/01/2024 14:00:00 - 01/01/2024 15:00:00","BZN|IE(SEM)","Without sequence","118.72","",""
"01/01/2024 15:00:00 - 01/01/2024 16:00:00","BZN|IE(SEM)","Without sequence","106.43","",""
"01/01/2024 16:00:00 - 01/01/2024 17:00:00","BZN|IE(SEM)","Without sequence","100.0","",""
"01/01/2024 17:00:00 - 01/01/2024 18:00:00","BZN|IE(SEM)","Without sequence","115.0","",""
"01/01/2024 18:00:00 - 01/01/2024 19:00:00","BZN|IE(SEM)","Without sequence","125.0","",""
"01/01/2024 19:00:00 - 01/01/2024 20:00:00","BZN|IE(SEM)","Without sequence","102.53","",""
"01/01/2024 20:00:00 - 01/01/2024 21:00:00","BZN|IE(SEM)","Without sequence","85.61","",""
"01/01/2024 21:00:00 - 01/01/2024 22:00:00","BZN|IE(SEM)","Without sequence","74.12","",""
"01/01/2024 22:00:00 - 01/01/2024 23:00:00","BZN|IE(SEM)","Without sequence","65.97","",""
"01/01/2024 23:00:00 - 02/01/2024 00:00:00","BZN|IE(SEM)","Without sequence","40.7","",""
"02/01/2024 00:00:00 - 02/01/2024 01:00:00","BZN|IE(SEM)","Without sequence","30.0","",""
"02/01/2024 01:00:00 - 02/01/2024 02:00:00","BZN|IE(SEM)","Without sequence","28.39","",""
"02/01/2024 02:00:00 - 02/01/2024 03:00:00","BZN|IE(SEM)","Without sequence","35.0","",""
"02/01/2024 03:00:00 - 02/01/2024 04:00:00","BZN|IE(SEM)","Without sequence","44.82","",""
"02/01/2024 04:00:00 - 02/01/2024 05:00:00","BZN|IE(SEM)","Without sequence","51.87","",""
"02/01/2024 05:00:00 - 02/01/2024 06:00:00","BZN|IE(SEM)","Without sequence","68.94","",""
"02/01/2024 06:00:00 - 02/01/2024 07:00:00","BZN|IE(SEM)","Without sequence","90.0","",""
"02/01/2024 07:00:00 - 02/01/2024 08:00:00","BZN|IE(SEM)","Without sequence","110.0","",""
"02/01/2024 08:00:00 - 02/01/2024 09:00:00","BZN|IE(SEM)","Without sequence","121.02","",""
"02/01/2024 09:00:00 - 02/01/2024 10:00:00","BZN|IE(SEM)","Without sequence","140.4","",""
"02/01/2024 10:00:00 - 02/01/2024 11:00:00","BZN|IE(SEM)","Without sequence","150.0","",""
"02/01/2024 11:00:00 - 02/01/2024 12:00:00","BZN|IE(SEM)","Without sequence","135.7","",""
"02/01/2024 12:00:00 - 02/01/2024 13:00:00","BZN|IE(SEM)","Without sequence","119.66","",""
"02/01/2024 13:00:00 - 02/01/2024 14:00:00","BZN|IE(SEM)","Without sequence","115.0","",""
"02/01/2024 14:00:00 - 02/01/2024 15:00:00","BZN|IE(SEM)","Without sequence","109.0","",""
"02/01/2024 15:00:00 - 02/01/2024 16:00:00","BZN|IE(SEM)","Without sequence","99.0","",""
"02/01/2024 16:00:00 - 02/01/2024 17:00:00","BZN|IE(SEM)","Without sequence","95.73","",""
"02/01/2024 17:00:00 - 02/01/2024 18:00:00","BZN|IE(SEM)","Without sequence","110.0","",""
"02/01/2024 18:00:00 - 02/01/2024 19:00:00","BZN|IE(SEM)","Without sequence","125.63","",""
"02/01/2024 19:00:00 - 02/01/2024 20:00:00","BZN|IE(SEM)","Without sequence","115.0","",""
"02/01/2024 20:00:00 - 02/01/2024 21:00:00","BZN|IE(SEM)","Without sequence","101.43","",""
"02/01/2024 21:00:00 - 02/01/2024 22:00:00","BZN|IE(SEM)","Without sequence","97.09","",""
"02/01/2024 22:00:00 - 02/01/2024 23:00:00","BZN|IE(SEM)","Without sequence","87.16","",""
"02/01/2024 23:00:00 - 03/01/2024 00:00:00","BZN|IE(SEM)","Without sequence","76.9","",""
"03/01/2024 00:00:00 - 03/01/2024 01:00:00","BZN|IE(SEM)","Without sequence","77.41","",""
"03/01/2024 01:00:00 - 03/01/2024 02:00:00","BZN|IE(SEM)","Without sequence","81.12","",""
"03/01/2024 02:00:00 - 03/01/2024 03:00:00","BZN|IE(SEM)","Without sequence","79.58","",""
"03/01/2024 03:00:00 - 03/01/2024 04:00:00","BZN|IE(SEM)","Without sequence","78.41","",""
"03/01/2024 04:00:00 - 03/01/2024 05:00:00","BZN|IE(SEM)","Without sequence","78.78","",""
"03/01/2024 05:00:00 - 03/01/2024 06:00:00","BZN|IE(SEM)","Without sequence","76.9","",""
"03/01/2024 06:00:00 - 03/01/2024 07:00:00","BZN|IE(SEM)","Without sequence","89.85","",""
"03/01/2024 07:00:00 - 03/01/2024 08:00:00","BZN|IE(SEM)","Without sequence","110.73","",""
"03/01/2024 08:00:00 - 03/01/2024 09:00:00","BZN|IE(SEM)","Without sequence","108.33","",""
"03/01/2024 09:00:00 - 03/01/2024 10:00:00","BZN|IE(SEM)","Without sequence","132.22","",""
"03/01/2024 10:00:00 - 03/01/2024 11:00:00","BZN|IE(SEM)","Without sequence","135.53","",""
"03/01/2024 11:00:00 - 03/01/2024 12:00:00","BZN|IE(SEM)","Without sequence","125.94","",""
"03/01/2024 12:00:00 - 03/01/2024 13:00:00","BZN|IE(SEM)","Without sequence","99.82","",""
"03/01/2024 13:00:00 - 03/01/2024 14:00:00","BZN|IE(SEM)","Without sequence","97.35","",""
"03/01/2024 14:00:00 - 03/01/2024 15:00:00","BZN|IE(SEM)","Without sequence","97.82","",""
"03/01/2024 15:00:00 - 03/01/2024 16:00:00","BZN|IE(SEM)","Without sequence","85.83","",""
"03/01/2024 16:00:00 - 03/01/2024 17:00:00","BZN|IE(SEM)","Without sequence","85.83","",""
"03/01/2024 17:00:00 - 03/01/2024 18:00:00","BZN|IE(SEM)","Without sequence","100.0","",""
"03/01/2024 18:00:00 - 03/01/2024 19:00:00","BZN|IE(SEM)","Without sequence","108.61","",""
"03/01/2024 19:00:00 - 03/01/2024 20:00:00","BZN|IE(SEM)","Without sequence","99.14","",""
"03/01/2024 20:00:00 - 03/01/2024 21:00:00","BZN|IE(SEM)","Without sequence","91.36","",""
"03/01/2024 21:00:00 - 03/01/2024 22:00:00","BZN|IE(SEM)","Without sequence","91.36","",""
"03/01/2024 22:00:00 - 03/01/2024 23:00:00","BZN|IE(SEM)","Without sequence","90.66","",""
"03/01/2024 23:00:00 - 04/01/2024 00:00:00","BZN|IE(SEM)","Without sequence","81.0","",""
"04/01/2024 00:00:00 - 04/01/2024 01:00:00","BZN|IE(SEM)","Without sequence","81.28","",""
"04/01/2024 01:00:00 - 04/01/2024 02:00:00","BZN|IE(SEM)","Without sequence","82.33","",""
"04/01/2024 02:00:00 - 04/01/2024 03:00:00","BZN|IE(SEM)","Without sequence","79.0","",""
"04/01/2024 03:00:00 - 04/01/2024 04:00:00","BZN|IE(SEM)","Without sequence","75.72","",""
"04/01/2024 04:00:00 - 04/01/2024 05:00:00","BZN|IE(SEM)","Without sequence","75.72","",""
"04/01/2024 05:00:00 - 04/01/2024 06:00:00","BZN|IE(SEM)","Without sequence","74.0","",""
"04/01/2024 06:00:00 - 04/01/2024 07:00:00","BZN|IE(SEM)","Without sequence","78.78","",""
"04/01/2024 07:00:00 - 04/01/2024 08:00:00","BZN|IE(SEM)","Without sequence","87.34","",""
"04/01/2024 08:00:00 - 04/01/2024 09:00:00","BZN|IE(SEM)","Without sequence","90.0","",""
"04/01/2024 09:00:00 - 04/01/2024 10:00:00","BZN|IE(SEM)","Without sequence","95.66","",""
"04/01/2024 10:00:00 - 04/01/2024 11:00:00","BZN|IE(SEM)","Without sequence","105.27","",""
"04/01/2024 11:00:00 - 04/01/2024 12:00:00","BZN|IE(SEM)","Without sequence","110.56","",""
"04/01/2024 12:00:00 - 04/01/2024 13:00:00","BZN|IE(SEM)","Without sequence","115.0","",""
"04/01/2024 13:00:00 - 04/01/2024 14:00:00","BZN|IE(SEM)","Without sequence","120.0","",""
"04/01/2024 14:00:00 - 04/01/2024 15:00:00","BZN|IE(SEM)","Without sequence","122.53","",""
"04/01/2024 15:00:00 - 04/01/2024 16:00:00","BZN|IE(SEM)","Without sequence","128.39","",""
"04/01/2024 16:00:00 - 04/01/2024 17:00:00","BZN|IE(SEM)","Without sequence","139.3","",""
"04/01/2024 17:00:00 - 04/01/2024 18:00:00","BZN|IE(SEM)","Without sequence","178.0","",""
"04/01/2024 18:00:00 - 04/01/2024 19:00:00","BZN|IE(SEM)","Without sequence","196.96","",""
"04/01/2024 19:00:00 - 04/01/2024 20:00:00","BZN|IE(SEM)","Without sequence","176.55","",""
"04/01/2024 20:00:00 - 04/01/2024 21:00:00","BZN|IE(SEM)","Without sequence","150.77","",""
"04/01/2024 21:00:00 - 04/01/2024 22:00:00","BZN|IE(SEM)","Without sequence","125.0","",""
"04/01/2024 22:00:00 - 04/01/2024 23:00:00","BZN|IE(SEM)","Without sequence","106.13","",""
"04/01/2024 23:00:00 - 05/01/2024 00:00:00","BZN|IE(SEM)","Without sequence","90.04","",""
"05/01/2024 00:00:00 - 05/01/2024 01:00:00","BZN|IE(SEM)","Without sequence","97.61","",""
"05/01/2024 01:00:00 - 05/01/2024 02:00:00","BZN|IE(SEM)","Without sequence","96.53","",""
"05/01/2024 02:00:00 - 05/01/2024 03:00:00","BZN|IE(SEM)","Without sequence","94.14","",""
"05/01/2024 03:00:00 - 05/01/2024 04:00:00","BZN|IE(SEM)","Without sequence","89.0","",""
"05/01/2024 04:00:00 - 05/01/2024 05:00:00","BZN|IE(SEM)","Without sequence","86.09","",""
"05/01/2024 05:00:00 - 05/01/2024 06:00:00","BZN|IE(SEM)","Without sequence","84.43","",""
"05/01/2024 06:00:00 - 05/01/2024 07:00:00","BZN|IE(SEM)","Without sequence","86.45","",""
"05/01/2024 07:00:00 - 05/01/2024 08:00:00","BZN|IE(SEM)","Without sequence","94.02","",""
"05/01/2024 08:00:00 - 05/01/2024 09:00:00","BZN|IE(SEM)","Without sequence","102.43","",""
"05/01/2024 09:00:00 - 05/01/2024 10:00:00","BZN|IE(SEM)","Without sequence","106.22","",""
"05/01/2024 10:00:00 - 05/01/2024 11:00:00","BZN|IE(SEM)","Without sequence","106.62","",""
"05/01/2024 11:00:00 - 05/01/2024 12:00:00","BZN|IE(SEM)","Without sequence","106.22","",""
"05/01/2024 12:00:00 - 05/01/2024 13:00:00","BZN|IE(SEM)","Without sequence","105.0","",""
"05/01/2024 13:00:00 - 05/01/2024 14:00:00","BZN|IE(SEM)","Without sequence","102.0","",""
"05/01/2024 14:00:00 - 05/01/2024 15:00:00","BZN|IE(SEM)","Without sequence","101.39","",""
"05/01/2024 15:00:00 - 05/01/2024 16:00:00","BZN|IE(SEM)","Without sequence","105.82","",""
"05/01/2024 16:00:00 - 05/01/2024 17:00:00","BZN|IE(SEM)","Without sequence","110.0","",""
"05/01/2024 17:00:00 - 05/01/2024 18:00:00","BZN|IE(SEM)","Without sequence","127.0","",""
"05/01/2024 18:00:00 - 05/01/2024 19:00:00","BZN|IE(SEM)","Without sequence","138.77","",""
"05/01/2024 19:00:00 - 05/01/2024 20:00:00","BZN|IE(SEM)","Without sequence","130.0","",""
"05/01/2024 20:00:00 - 05/01/2024 21:00:00","BZN|IE(SEM)","Without sequence","115.0","",""
"05/01/2024 21:00:00 - 05/01/2024 22:00:00","BZN|IE(SEM)","Without sequence","102.38","",""
"05/01/2024 22:00:00 - 05/01/2024 23:00:00","BZN|IE(SEM)","Without sequence","100.79","",""
"05/01/2024 23:00:00 - 06/01/2024 00:00:00","BZN|IE(SEM)","Without sequence","91.93","",""
"06/01/2024 00:00:00 - 06/01/2024 01:00:00","BZN|IE(SEM)","Without sequence","95.3","",""
"06/01/2024 01:00:00 - 06/01/2024 02:00:00","BZN|IE(SEM)","Without sequence","101.25","",""
"06/01/2024 02:00:00 - 06/01/2024 03:00:00","BZN|IE(SEM)","Without sequence","97.26","",""
"06/01/2024 03:00:00 - 06/01/2024 04:00:00","BZN|IE(SEM)","Without sequence","93.58","",""
"06/01/2024 04:00:00 - 06/01/2024 05:00:00","BZN|IE(SEM)","Without sequence","91.57","",""
"06/01/2024 05:00:00 - 06/01/2024 06:00:00","BZN|IE(SEM)","Without sequence","90.15","",""
"06/01/2024 06:00:00 - 06/01/2024 07:00:00","BZN|IE(SEM)","Without sequence","86.08","",""
"06/01/2024 07:00:00 - 06/01/2024 08:00:00","BZN|IE(SEM)","Without sequence","88.18","",""
"06/01/2024 08:00:00 - 06/01/2024 09:00:00","BZN|IE(SEM)","Without sequence","93.38","",""
"06/01/2024 09:00:00 - 06/01/2024 10:00:00","BZN|IE(SEM)","Without sequence","95.94","",""
"06/01/2024 10:00:00 - 06/01/2024 11:00:00","BZN|IE(SEM)","Without sequence","106.95","",""
"06/01/2024 11:00:00 - 06/01/2024 12:00:00","BZN|IE(SEM)","Without sequence","114.8","",""
"06/01/2024 12:00:00 - 06/01/2024 13:00:00","BZN|IE(SEM)","Without sequence","117.59","",""
"06/01/2024 13:00:00 - 06/01/2024 14:00:00","BZN|IE(SEM)","Without sequence","115.0","",""
"06/01/2024 14:00:00 - 06/01/2024 15:00:00","BZN|IE(SEM)","Without sequence","114.22","",""
"06/01/2024 15:00:00 - 06/01/2024 16:00:00","BZN|IE(SEM)","Without sequence","110.0","",""
"06/01/2024 16:00:00 - 06/01/2024 17:00:00","BZN|IE(SEM)","Without sequence","118.4","",""
"06/01/2024 17:00:00 - 06/01/2024 18:00:00","BZN|IE(SEM)","Without sequence","150.49","",""
"06/01/2024 18:00:00 - 06/01/2024 19:00:00","BZN|IE(SEM)","Without sequence","175.23","",""
"06/01/2024 19:00:00 - 06/01/2024 20:00:00","BZN|IE(SEM)","Without sequence","168.46","",""
"06/01/2024 20:00:00 - 06/01/2024 21:00:00","BZN|IE(SEM)","Without sequence","135.81","",""
"06/01/2024 21:00:00 - 06/01/2024 22:00:00","BZN|IE(SEM)","Without sequence","110.36","",""
"06/01/2024 22:00:00 - 06/01/2024 23:00:00","BZN|IE(SEM)","Without sequence","106.95","",""
"06/01/2024 23:00:00 - 07/01/2024 00:00:00","BZN|IE(SEM)","Without sequence","100.0","",""
"07/01/2024 00:00:00 - 07/01/2024 01:00:00","BZN|IE(SEM)","Without sequence","101.01","",""
"07/01/2024 01:00:00 - 07/01/2024 02:00:00","BZN|IE(SEM)","Without sequence","116.65","",""
"07/01/2024 02:00:00 - 07/01/2024 03:00:00","BZN|IE(SEM)","Without sequence","117.21","",""
"07/01/2024 03:00:00 - 07/01/2024 04:00:00","BZN|IE(SEM)","Without sequence","113.18","",""
"07/01/2024 04:00:00 - 07/01/2024 05:00:00","BZN|IE(SEM)","Without sequence","109.01","",""
"07/01/2024 05:00:00 - 07/01/2024 06:00:00","BZN|IE(SEM)","Without sequence","103.8","",""
"07/01/2024 06:00:00 - 07/01/2024 07:00:00","BZN|IE(SEM)","Without sequence","93.89","",""
"07/01/2024 07:00:00 - 07/01/2024 08:00:00","BZN|IE(SEM)","Without sequence","90.34","",""
"07/01/2024 08:00:00 - 07/01/2024 09:00:00","BZN|IE(SEM)","Without sequence","90.85","",""
"07/01/2024 09:00:00 - 07/01/2024 10:00:00","BZN|IE(SEM)","Without sequence","95.98","",""
"07/01/2024 10:00:00 - 07/01/2024 11:00:00","BZN|IE(SEM)","Without sequence","99.43","",""
"07/01/2024 11:00:00 - 07/01/2024 12:00:00","BZN|IE(SEM)","Without sequence","111.51","",""
"07/01/2024 12:00:00 - 07/01/2024 13:00:00","BZN|IE(SEM)","Without sequence","130.1","",""
"07/01/2024 13:00:00 - 07/01/2024 14:00:00","BZN|IE(SEM)","Without sequence","135.9","",""
"07/01/2024 14:00:00 - 07/01/2024 15:00:00","BZN|IE(SEM)","Without sequence","139.3","",""
"07/01/2024 15:00:00 - 07/01/2024 16:00:00","BZN|IE(SEM)","Without sequence","129.25","",""
"07/01/2024 16:00:00 - 07/01/2024 17:00:00","BZN|IE(SEM)","Without sequence","141.24","",""
"07/01/2024 17:00:00 - 07/01/2024 18:00:00","BZN|IE(SEM)","Without sequence","159.82","",""
"07/01/2024 18:00:00 - 07/01/2024 19:00:00","BZN|IE(SEM)","Without sequence","205.0","",""
"07/01/2024 19:00:00 - 07/01/2024 20:00:00","BZN|IE(SEM)","Without sequence","195.0","",""
"07/01/2024 20:00:00 - 07/01/2024 21:00:00","BZN|IE(SEM)","Without sequence","150.9","",""
"07/01/2024 21:00:00 - 07/01/2024 22:00:00","BZN|IE(SEM)","Without sequence","130.0","",""
"07/01/2024 22:00:00 - 07/01/2024 23:00:00","BZN|IE(SEM)","Without sequence","105.13","",""
"07/01/2024 23:00:00 - 08/01/2024 00:00:00","BZN|IE(SEM)","Without sequence","92.99","",""
"08/01/2024 00:00:00 - 08/01/2024 01:00:00","BZN|IE(SEM)","Without sequence","108.93","",""
"08/01/2024 01:00:00 - 08/01/2024 02:00:00","BZN|IE(SEM)","Without sequence","116.69","",""
"08/01/2024 02:00:00 - 08/01/2024 03:00:00","BZN|IE(SEM)","Without sequence","106.64","",""
"08/01/2024 03:00:00 - 08/01/2024 04:00:00","BZN|IE(SEM)","Without sequence","99.6","",""
"08/01/2024 04:00:00 - 08/01/2024 05:00:00","BZN|IE(SEM)","Without sequence","97.92","",""
"08/01/2024 05:00:00 - 08/01/2024 06:00:00","BZN|IE(SEM)","Without sequence","97.22","",""
"08/01/2024 06:00:00 - 08/01/2024 07:00:00","BZN|IE(SEM)","Without sequence","97.93","",""
"08/01/2024 07:00:00 - 08/01/2024 08:00:00","BZN|IE(SEM)","Without sequence","95.63","",""
"08/01/2024 08:00:00 - 08/01/2024 09:00:00","BZN|IE(SEM)","Without sequence","110.0","",""
"08/01/2024 09:00:00 - 08/01/2024 10:00:00","BZN|IE(SEM)","Without sequence","119.0","",""
"08/01/2024 10:00:00 - 08/01/2024 11:00:00","BZN|IE(SEM)","Without sequence","117.0","",""
"08/01/2024 11:00:00 - 08/01/2024 12:00:00","BZN|IE(SEM)","Without sequence","109.97","",""
"08/01/2024 12:00:00 - 08/01/2024 13:00:00","BZN|IE(SEM)","Without sequence","106.33","",""
"08/01/2024 13:00:00 - 08/01/2024 14:00:00","BZN|IE(SEM)","Without sequence","101.25","",""
"08/01/2024 14:00:00 - 08/01/2024 15:00:00","BZN|IE(SEM)","Without sequence","103.86","",""
"08/01/2024 15:00:00 - 08/01/2024 16:00:00","BZN|IE(SEM)","Without sequence","107.46","",""
"08/01/2024 16:00:00 - 08/01/2024 17:00:00","BZN|IE(SEM)","Without sequence","119.9","",""
"08/01/2024 17:00:00 - 08/01/2024 18:00:00","BZN|IE(SEM)","Without sequence","136.26","",""
"08/01/2024 18:00:00 - 08/01/2024 19:00:00","BZN|IE(SEM)","Without sequence","143.0","",""
"08/01/2024 19:00:00 - 08/01/2024 20:00:00","BZN|IE(SEM)","Without sequence","130.93","",""
"08/01/2024 20:00:00 - 08/01/2024 21:00:00","BZN|IE(SEM)","Without sequence","114.31","",""
"08/01/2024 21:00:00 - 08/01/2024 22:00:00","BZN|IE(SEM)","Without sequence","100.0","",""
"08/01/2024 22:00:00 - 08/01/2024 23:00:00","BZN|IE(SEM)","Without sequence","95.64","",""
"08/01/2024 23:00:00 - 09/01/2024 00:00:00","BZN|IE(SEM)","Without sequence","88.11","",""
"09/01/2024 00:00:00 - 09/01/2024 01:00:00","BZN|IE(SEM)","Without sequence","86.11","",""
"09/01/2024 01:00:00 - 09/01/2024 02:00:00","BZN|IE(SEM)","Without sequence","86.45","",""
"09/01/2024 02:00:00 - 09/01/2024 03:00:00","BZN|IE(SEM)","Without sequence","85.18","",""
"09/01/2024 03:00:00 - 09/01/2024 04:00:00","BZN|IE(SEM)","Without sequence","85.05","",""
"09/01/2024 04:00:00 - 09/01/2024 05:00:00","BZN|IE(SEM)","Without sequence","85.05","",""
"09/01/2024 05:00:00 - 09/01/2024 06:00:00","BZN|IE(SEM)","Without sequence","85.05","",""
"09/01/2024 06:00:00 - 09/01/2024 07:00:00","BZN|IE(SEM)","Without sequence","85.05","",""
"09/01/2024 07:00:00 - 09/01/2024 08:00:00","BZN|IE(SEM)","Without sequence","87.7","",""
"09/01/2024 08:00:00 - 09/01/2024 09:00:00","BZN|IE(SEM)","Without sequence","110.57","",""
"09/01/2024 09:00:00 - 09/01/2024 10:00:00","BZN|IE(SEM)","Without sequence","118.11","",""
"09/01/2024 10:00:00 - 09/01/2024 11:00:00","BZN|IE(SEM)","Without sequence","110.31","",""
"09/01/2024 11:00:00 - 09/01/2024 12:00:00","BZN|IE(SEM)","Without sequence","101.01","",""
"09/01/2024 12:00:00 - 09/01/2024 13:00:00","BZN|IE(SEM)","Without sequence","97.34","",""
"09/01/2024 13:00:00 - 09/01/2024 14:00:00","BZN|IE(SEM)","Without sequence","96.99","",""
"09/01/2024 14:00:00 - 09/01/2024 15:00:00","BZN|IE(SEM)","Without sequence","98.11","",""
"09/01/2024 15:00:00 - 09/01/2024 16:00:00","BZN|IE(SEM)","Without sequence","106.53","",""
"09/01/2024 16:00:00 - 09/01/2024 17:00:00","BZN|IE(SEM)","Without sequence","122.7","",""
"09/01/2024 17:00:00 - 09/01/2024 18:00:00","BZN|IE(SEM)","Without sequence","141.08","",""
"09/01/2024 18:00:00 - 09/01/2024 19:00:00","BZN|IE(SEM)","Without sequence","146.53","",""
"09/01/2024 19:00:00 - 09/01/2024 20:00:00","BZN|IE(SEM)","Without sequence","139.1","",""
"09/01/2024 20:00:00 - 09/01/2024 21:00:00","BZN|IE(SEM)","Without sequence","123.21","",""
"09/01/2024 21:00:00 - 09/01/2024 22:00:00","BZN|IE(SEM)","Without sequence","105.74","",""
"09/01/2024 22:00:00 - 09/01/2024 23:00:00","BZN|IE(SEM)","Without sequence","96.11","",""
"09/01/2024 23:00:00 - 10/01/2024 00:00:00","BZN|IE(SEM)","Without sequence","89.8","",""
"10/01/2024 00:00:00 - 10/01/2024 01:00:00","BZN|IE(SEM)","Without sequence","82.5","",""
"10/01/2024 01:00:00 - 10/01/2024 02:00:00","BZN|IE(SEM)","Without sequence","82.0","",""
"10/01/2024 02:00:00 - 10/01/2024 03:00:00","BZN|IE(SEM)","Without sequence","82.14","",""
"10/01/2024 03:00:00 - 10/01/2024 04:00:00","BZN|IE(SEM)","Without sequence","80.57","",""
"10/01/2024 04:00:00 - 10/01/2024 05:00:00","BZN|IE(SEM)","Without sequence","81.44","",""
"10/01/2024 05:00:00 - 10/01/2024 06:00:00","BZN|IE(SEM)","Without sequence","82.89","",""
"10/01/2024 06:00:00 - 10/01/2024 07:00:00","BZN|IE(SEM)","Without sequence","83.0","",""
"10/01/2024 07:00:00 - 10/01/2024 08:00:00","BZN|IE(SEM)","Without sequence","86.45","",""
"10/01/2024 08:00:00 - 10/01/2024 09:00:00","BZN|IE(SEM)","Without sequence","113.91","",""
"10/01/2024 09:00:00 - 10/01/2024 10:00:00","BZN|IE(SEM)","Without sequence","125.65","",""
"10/01/2024 10:00:00 - 10/01/2024 11:00:00","BZN|IE(SEM)","Without sequence","123.96","",""
"10/01/2024 11:00:00 - 10/01/2024 12:00:00","BZN|IE(SEM)","Without sequence","119.71","",""
"10/01/2024 12:00:00 - 10/01/2024 13:00:00","BZN|IE(SEM)","Without sequence","115.55","",""
"10/01/2024 13:00:00 - 10/01/2024 14:00:00","BZN|IE(SEM)","Without sequence","119.0","",""
"10/01/2024 14:00:00 - 10/01/2024 15:00:00","BZN|IE(SEM)","Without sequence","122.5","",""
"10/01/2024 15:00:00 - 10/01/2024 16:00:00","BZN|IE(SEM)","Without sequence","127.69","",""
"10/01/2024 16:00:00 - 10/01/2024 17:00:00","BZN|IE(SEM)","Without sequence","141.2","",""
"10/01/2024 17:00:00 - 10/01/2024 18:00:00","BZN|IE(SEM)","Without sequence","155.0","",""
"10/01/2024 18:00:00 - 10/01/2024 19:00:00","BZN|IE(SEM)","Without sequence","184.83","",""
"10/01/2024 19:00:00 - 10/01/2024 20:00:00","BZN|IE(SEM)","Without sequence","158.6","",""
"10/01/2024 20:00:00 - 10/01/2024 21:00:00","BZN|IE(SEM)","Without sequence","129.5","",""
"10/01/2024 21:00:00 - 10/01/2024 22:00:00","BZN|IE(SEM)","Without sequence","115.0","",""
"10/01/2024 22:00:00 - 10/01/2024 23:00:00","BZN|IE(SEM)","Without sequence","103.8","",""
"10/01/2024 23:00:00 - 11/01/2024 00:00:00","BZN|IE(SEM)","Without sequence","90.59","",""
"11/01/2024 00:00:00 - 11/01/2024 01:00:00","BZN|IE(SEM)","Without sequence","88.96","",""
"11/01/2024 01:00:00 - 11/01/2024 02:00:00","BZN|IE(SEM)","Without sequence","86.34","",""
"11/01/2024 02:00:00 - 11/01/2024 03:00:00","BZN|IE(SEM)","Without sequence","86.84","",""
"11/01/2024 03:00:00 - 11/01/2024 04:00:00","BZN|IE(SEM)","Without sequence","84.66","",""
"11/01/2024 04:00:00 - 11/01/2024 05:00:00","BZN|IE(SEM)","Without sequence","84.66","",""
"11/01/2024 05:00:00 - 11/01/2024 06:00:00","BZN|IE(SEM)","Without sequence","86.0","",""
"11/01/2024 06:00:00 - 11/01/2024 07:00:00","BZN|IE(SEM)","Without sequence","84.66","",""
"11/01/2024 07:00:00 - 11/01/2024 08:00:00","BZN|IE(SEM)","Without sequence","92.97","",""
"11/01/2024 08:00:00 - 11/01/2024 09:00:00","BZN|IE(SEM)","Without sequence","128.0","",""
"11/01/2024 09:00:00 - 11/01/2024 10:00:00","BZN|IE(SEM)","Without sequence","133.0","",""
"11/01/2024 10:00:00 - 11/01/2024 11:00:00","BZN|IE(SEM)","Without sequence","126.0","",""
"11/01/2024 11:00:00 - 11/01/2024 12:00:00","BZN|IE(SEM)","Without sequence","118.08","",""
"11/01/2024 12:00:00 - 11/01/2024 13:00:00","BZN|IE(SEM)","Without sequence","112.79","",""
"11/01/2024 13:00:00 - 11/01/2024 14:00:00","BZN|IE(SEM)","Without sequence","113.27","",""
"11/01/2024 14:00:00 - 11/01/2024 15:00:00","BZN|IE(SEM)","Without sequence","113.0","",""
"11/01/2024 15:00:00 - 11/01/2024 16:00:00","BZN|IE(SEM)","Without sequence","123.0","",""
"11/01/2024 16:00:00 - 11/01/2024 17:00:00","BZN|IE(SEM)","Without sequence","135.62","",""
"11/01/2024 17:00:00 - 11/01/2024 18:00:00","BZN|IE(SEM)","Without sequence","150.4","",""
"11/01/2024 18:00:00 - 11/01/2024 19:00:00","BZN|IE(SEM)","Without sequence","188.3","",""
"11/01/2024 19:00:00 - 11/01/2024 20:00:00","BZN|IE(SEM)","Without sequence","171.0","",""
"11/01/2024 20:00:00 - 11/01/2024 21:00:00","BZN|IE(SEM)","Without sequence","135.7","",""
"11/01/2024 21:00:00 - 11/01/2024 22:00:00","BZN|IE(SEM)","Without sequence","113.0","",""
"11/01/2024 22:00:00 - 11/01/2024 23:00:00","BZN|IE(SEM)","Without sequence","103.0","",""
"11/01/2024 23:00:00 - 12/01/2024 00:00:00","BZN|IE(SEM)","Without sequence","94.0","",""
"12/01/2024 00:00:00 - 12/01/2024 01:00:00","BZN|IE(SEM)","Without sequence","96.19","",""
"12/01/2024 01:00:00 - 12/01/2024 02:00:00","BZN|IE(SEM)","Without sequence","94.98","",""
"12/01/2024 02:00:00 - 12/01/2024 03:00:00","BZN|IE(SEM)","Without sequence","100.0","",""
"12/01/2024 03:00:00 - 12/01/2024 04:00:00","BZN|IE(SEM)","Without sequence","99.21","",""
"12/01/2024 04:00:00 - 12/01/2024 05:00:00","BZN|IE(SEM)","Without sequence","99.21","",""
"12/01/2024 05:00:00 - 12/01/2024 06:00:00","BZN|IE(SEM)","Without sequence","98.01","",""
"12/01/2024 06:00:00 - 12/01/2024 07:00:00","BZN|IE(SEM)","Without sequence","95.0","",""
"12/01/2024 07:00:00 - 12/01/2024 08:00:00","BZN|IE(SEM)","Without sequence","104.97","",""
"12/01/2024 08:00:00 - 12/01/2024 09:00:00","BZN|IE(SEM)","Without sequence","140.84","",""
"12/01/2024 09:00:00 - 12/01/2024 10:00:00","BZN|IE(SEM)","Without sequence","163.45","",""
"12/01/2024 10:00:00 - 12/01/2024 11:00:00","BZN|IE(SEM)","Without sequence","165.2","",""
"12/01/2024 11:00:00 - 12/01/2024 12:00:00","BZN|IE(SEM)","Without sequence","206.99","",""
"12/01/2024 12:00:00 - 12/01/2024 13:00:00","BZN|IE(SEM)","Without sequence","200.0","",""
"12/01/2024 13:00:00 - 12/01/2024 14:00:00","BZN|IE(SEM)","Without sequence","189.42","",""
"12/01/2024 14:00:00 - 12/01/2024 15:00:00","BZN|IE(SEM)","Without sequence","169.76","",""
"12/01/2024 15:00:00 - 12/01/2024 16:00:00","BZN|IE(SEM)","Without sequence","164.58","",""
"12/01/2024 16:00:00 - 12/01/2024 17:00:00","BZN|IE(SEM)","Without sequence","171.33","",""
"12/01/2024 17:00:00 - 12/01/2024 18:00:00","BZN|IE(SEM)","Without sequence","184.48","",""
"12/01/2024 18:00:00 - 12/01/2024 19:00:00","BZN|IE(SEM)","Without sequence","272.9","",""
"12/01/2024 19:00:00 - 12/01/2024 20:00:00","BZN|IE(SEM)","Without sequence","255.5","",""
"12/01/2024 20:00:00 - 12/01/2024 21:00:00","BZN|IE(SEM)","Without sequence","195.0","",""
"12/01/2024 21:00:00 - 12/01/2024 22:00:00","BZN|IE(SEM)","Without sequence","133.81","",""
"12/01/2024 22:00:00 - 12/01/2024 23:00:00","BZN|IE(SEM)","Without sequence","112.25","",""
"12/01/2024 23:00:00 - 13/01/2024 00:00:00","BZN|IE(SEM)","Without sequence","104.92","",""
"13/01/2024 00:00:00 - 13/01/2024 01:00:00","BZN|IE(SEM)","Without sequence","117.44","",""
"13/01/2024 01:00:00 - 13/01/2024 02:00:00","BZN|IE(SEM)","Without sequence","109.31","",""
"13/01/2024 02:00:00 - 13/01/2024 03:00:00","BZN|IE(SEM)","Without sequence","109.31","",""
"13/01/2024 03:00:00 - 13/01/2024 04:00:00","BZN|IE(SEM)","Without sequence","109.31","",""
"13/01/2024 04:00:00 - 13/01/2024 05:00:00","BZN|IE(SEM)","Without sequence","106.0","",""
"13/01/2024 05:00:00 - 13/01/2024 06:00:00","BZN|IE(SEM)","Without sequence","104.05","",""
"13/01/2024 06:00:00 - 13/01/2024 07:00:00","BZN|IE(SEM)","Without sequence","90.81","",""
"13/01/2024 07:00:00 - 13/01/2024 08:00:00","BZN|IE(SEM)","Without sequence","91.0","",""
"13/01/2024 08:00:00 - 13/01/2024 09:00:00","BZN|IE(SEM)","Without sequence","92.75","",""
"13/01/2024 09:00:00 - 13/01/2024 10:00:00","BZN|IE(SEM)","Without sequence","103.6","",""
"13/01/2024 10:00:00 - 13/01/2024 11:00:00","BZN|IE(SEM)","Without sequence","113.27","",""
"13/01/2024 11:00:00 - 13/01/2024 12:00:00","BZN|IE(SEM)","Without sequence","113.8","",""
"13/01/2024 12:00:00 - 13/01/2024 13:00:00","BZN|IE(SEM)","Without sequence","116.9","",""
"13/01/2024 13:00:00 - 13/01/2024 14:00:00","BZN|IE(SEM)","Without sequence","113.8","",""
"13/01/2024 14:00:00 - 13/01/2024 15:00:00","BZN|IE(SEM)","Without sequence","113.8","",""
"13/01/2024 15:00:00 - 13/01/2024 16:00:00","BZN|IE(SEM)","Without sequence","107.77","",""
"13/01/2024 16:00:00 - 13/01/2024 17:00:00","BZN|IE(SEM)","Without sequence","114.46","",""
"13/01/2024 17:00:00 - 13/01/2024 18:00:00","BZN|IE(SEM)","Without sequence","137.02","",""
"13/01/2024 18:00:00 - 13/01/2024 19:00:00","BZN|IE(SEM)","Without sequence","192.15","",""
"13/01/2024 19:00:00 - 13/01/2024 20:00:00","BZN|IE(SEM)","Without sequence","176.17","",""
"13/01/2024 20:00:00 - 13/01/2024 21:00:00","BZN|IE(SEM)","Without sequence","136.52","",""
"13/01/2024 21:00:00 - 13/01/2024 22:00:00","BZN|IE(SEM)","Without sequence","113.68","",""
"13/01/2024 22:00:00 - 13/01/2024 23:00:00","BZN|IE(SEM)","Without sequence","103.35","",""
"13/01/2024 23:00:00 - 14/01/2024 00:00:00","BZN|IE(SEM)","Without sequence","102.86","",""
"14/01/2024 00:00:00 - 14/01/2024 01:00:00","BZN|IE(SEM)","Without sequence","105.0","",""
"14/01/2024 01:00:00 - 14/01/2024 02:00:00","BZN|IE(SEM)","Without sequence","107.72","",""
"14/01/2024 02:00:00 - 14/01/2024 03:00:00","BZN|IE(SEM)","Without sequence","107.68","",""
"14/01/2024 03:00:00 - 14/01/2024 04:00:00","BZN|IE(SEM)","Without sequence","105.72","",""
"14/01/2024 04:00:00 - 14/01/2024 05:00:00","BZN|IE(SEM)","Without sequence","104.0","",""
"14/01/2024 05:00:00 - 14/01/2024 06:00:00","BZN|IE(SEM)","Without sequence","100.72","",""
"14/01/2024 06:00:00 - 14/01/2024 07:00:00","BZN|IE(SEM)","Without sequence","89.64","",""
"14/01/2024 07:00:00 - 14/01/2024 08:00:00","BZN|IE(SEM)","Without sequence","90.06","",""
"14/01/2024 08:00:00 - 14/01/2024 09:00:00","BZN|IE(SEM)","Without sequence","92.18","",""
"14/01/2024 09:00:00 - 14/01/2024 10:00:00","BZN|IE(SEM)","Without sequence","94.89","",""
"14/01/2024 10:00:00 - 14/01/2024 11:00:00","BZN|IE(SEM)","Without sequence","101.0","",""
"14/01/2024 11:00:00 - 14/01/2024 12:00:00","BZN|IE(SEM)","Without sequence","118.34","",""
"14/01/2024 12:00:00 - 14/01/2024 13:00:00","BZN|IE(SEM)","Without sequence","122.5","",""
"14/01/2024 13:00:00 - 14/01/2024 14:00:00","BZN|IE(SEM)","Without sequence","125.0","",""
"14/01/2024 14:00:00 - 14/01/2024 15:00:00","BZN|IE(SEM)","Without sequence","118.45","",""
"14/01/2024 15:00:00 - 14/01/2024 16:00:00","BZN|IE(SEM)","Without sequence","104.01","",""
"14/01/2024 16:00:00 - 14/01/2024 17:00:00","BZN|IE(SEM)","Without sequence","107.82","",""
"14/01/2024 17:00:00 - 14/01/2024 18:00:00","BZN|IE(SEM)","Without sequence","120.0","",""
"14/01/2024 18:00:00 - 14/01/2024 19:00:00","BZN|IE(SEM)","Without sequence","135.0","",""
"14/01/2024 19:00:00 - 14/01/2024 20:00:00","BZN|IE(SEM)","Without sequence","124.1","",""
"14/01/2024 20:00:00 - 14/01/2024 21:00:00","BZN|IE(SEM)","Without sequence","96.0","",""
"14/01/2024 21:00:00 - 14/01/2024 22:00:00","BZN|IE(SEM)","Without sequence","90.32","",""
"14/01/2024 22:00:00 - 14/01/2024 23:00:00","BZN|IE(SEM)","Without sequence","85.95","",""
"14/01/2024 23:00:00 - 15/01/2024 00:00:00","BZN|IE(SEM)","Without sequence","80.09","",""
"15/01/2024 00:00:00 - 15/01/2024 01:00:00","BZN|IE(SEM)","Without sequence","87.4","",""
"15/01/2024 01:00:00 - 15/01/2024 02:00:00","BZN|IE(SEM)","Without sequence","83.79","",""
"15/01/2024 02:00:00 - 15/01/2024 03:00:00","BZN|IE(SEM)","Without sequence","82.04","",""
"15/01/2024 03:00:00 - 15/01/2024 04:00:00","BZN|IE(SEM)","Without sequence","77.43","",""
"15/01/2024 04:00:00 - 15/01/2024 05:00:00","BZN|IE(SEM)","Without sequence","77.07","",""
"15/01/2024 05:00:00 - 15/01/2024 06:00:00","BZN|IE(SEM)","Without sequence","77.43","",""
"15/01/2024 06:00:00 - 15/01/2024 07:00:00","BZN|IE(SEM)","Without sequence","84.93","",""
"15/01/2024 07:00:00 - 15/01/2024 08:00:00","BZN|IE(SEM)","Without sequence","91.53","",""
"15/01/2024 08:00:00 - 15/01/2024 09:00:00","BZN|IE(SEM)","Without sequence","98.0","",""
"15/01/2024 09:00:00 - 15/01/2024 10:00:00","BZN|IE(SEM)","Without sequence","101.9","",""
"15/01/2024 10:00:00 - 15/01/2024 11:00:00","BZN|IE(SEM)","Without sequence","108.0","",""
"15/01/2024 11:00:00 - 15/01/2024 12:00:00","BZN|IE(SEM)","Without sequence","106.84","",""
"15/01/2024 12:00:00 - 15/01/2024 13:00:00","BZN|IE(SEM)","Without sequence","130.0","",""
"15/01/2024 13:00:00 - 15/01/2024 14:00:00","BZN|IE(SEM)","Without sequence","137.43","",""
"15/01/2024 14:00:00 - 15/01/2024 15:00:00","BZN|IE(SEM)","Without sequence","140.0","",""
"15/01/2024 15:00:00 - 15/01/2024 16:00:00","BZN|IE(SEM)","Without sequence","140.0","",""
"15/01/2024 16:00:00 - 15/01/2024 17:00:00","BZN|IE(SEM)","Without sequence","174.71","",""
"15/01/2024 17:00:00 - 15/01/2024 18:00:00","BZN|IE(SEM)","Without sequence","245.0","",""
"15/01/2024 18:00:00 - 15/01/2024 19:00:00","BZN|IE(SEM)","Without sequence","304.36","",""
"15/01/2024 19:00:00 - 15/01/2024 20:00:00","BZN|IE(SEM)","Without sequence","284.23","",""
"15/01/2024 20:00:00 - 15/01/2024 21:00:00","BZN|IE(SEM)","Without sequence","202.77","",""
"15/01/2024 21:00:00 - 15/01/2024 22:00:00","BZN|IE(SEM)","Without sequence","169.14","",""
"15/01/2024 22:00:00 - 15/01/2024 23:00:00","BZN|IE(SEM)","Without sequence","111.54","",""
"15/01/2024 23:00:00 - 16/01/2024 00:00:00","BZN|IE(SEM)","Without sequence","97.0","",""
"16/01/2024 00:00:00 - 16/01/2024 01:00:00","BZN|IE(SEM)","Without sequence","108.15","",""
"16/01/2024 01:00:00 - 16/01/2024 02:00:00","BZN|IE(SEM)","Without sequence","103.49","",""
"16/01/2024 02:00:00 - 16/01/2024 03:00:00","BZN|IE(SEM)","Without sequence","103.0","",""
"16/01/2024 03:00:00 - 16/01/2024 04:00:00","BZN|IE(SEM)","Without sequence","97.57","",""
"16/01/2024 04:00:00 - 16/01/2024 05:00:00","BZN|IE(SEM)","Without sequence","94.82","",""
"16/01/2024 05:00:00 - 16/01/2024 06:00:00","BZN|IE(SEM)","Without sequence","88.58","",""
"16/01/2024 06:00:00 - 16/01/2024 07:00:00","BZN|IE(SEM)","Without sequence","87.2","",""
"16/01/2024 07:00:00 - 16/01/2024 08:00:00","BZN|IE(SEM)","Without sequence","93.02","",""
"16/01/2024 08:00:00 - 16/01/2024 09:00:00","BZN|IE(SEM)","Without sequence","115.35","",""
"16/01/2024 09:00:00 - 16/01/2024 10:00:00","BZN|IE(SEM)","Without sequence","122.16","",""
"16/01/2024 10:00:00 - 16/01/2024 11:00:00","BZN|IE(SEM)","Without sequence","118.15","",""
"16/01/2024 11:00:00 - 16/01/2024 12:00:00","BZN|IE(SEM)","Without sequence","110.0","",""
"16/01/2024 12:00:00 - 16/01/2024 13:00:00","BZN|IE(SEM)","Without sequence","100.35","",""
"16/01/2024 13:00:00 - 16/01/2024 14:00:00","BZN|IE(SEM)","Without sequence","99.0","",""
"16/01/2024 14:00:00 - 16/01/2024 15:00:00","BZN|IE(SEM)","Without sequence","99.37","",""
"16/01/2024 15:00:00 - 16/01/2024 16:00:00","BZN|IE(SEM)","Without sequence","102.0","",""
"16/01/2024 16:00:00 - 16/01/2024 17:00:00","BZN|IE(SEM)","Without sequence","110.97","",""
"16/01/2024 17:00:00 - 16/01/2024 18:00:00","BZN|IE(SEM)","Without sequence","145.0","",""
"16/01/2024 18:00:00 - 16/01/2024 19:00:00","BZN|IE(SEM)","Without sequence","185.45","",""
"16/01/2024 19:00:00 - 16/01/2024 20:00:00","BZN|IE(SEM)","Without sequence","195.0","",""
"16/01/2024 20:00:00 - 16/01/2024 21:00:00","BZN|IE(SEM)","Without sequence","175.94","",""
"16/01/2024 21:00:00 - 16/01/2024 22:00:00","BZN|IE(SEM)","Without sequence","160.28","",""
"16/01/2024 22:00:00 - 16/01/2024 23:00:00","BZN|IE(SEM)","Without sequence","122.2","",""
"16/01/2024 23:00:00 - 17/01/2024 00:00:00","BZN|IE(SEM)","Without sequence","103.49","",""
"17/01/2024 00:00:00 - 17/01/2024 01:00:00","BZN|IE(SEM)","Without sequence","102.8","",""
"17/01/2024 01:00:00 - 17/01/2024 02:00:00","BZN|IE(SEM)","Without sequence","98.8","",""
"17/01/2024 02:00:00 - 17/01/2024 03:00:00","BZN|IE(SEM)","Without sequence","97.0","",""
"17/01/2024 03:00:00 - 17/01/2024 04:00:00","BZN|IE(SEM)","Without sequence","95.7","",""
"17/01/2024 04:00:00 - 17/01/2024 05:00:00","BZN|IE(SEM)","Without sequence","90.04","",""
"17/01/2024 05:00:00 - 17/01/2024 06:00:00","BZN|IE(SEM)","Without sequence","89.99","",""
"17/01/2024 06:00:00 - 17/01/2024 07:00:00","BZN|IE(SEM)","Without sequence","87.63","",""
"17/01/2024 07:00:00 - 17/01/2024 08:00:00","BZN|IE(SEM)","Without sequence","95.29","",""
"17/01/2024 08:00:00 - 17/01/2024 09:00:00","BZN|IE(SEM)","Without sequence","123.72","",""
"17/01/2024 09:00:00 - 17/01/2024 10:00:00","BZN|IE(SEM)","Without sequence","150.97","",""
"17/01/2024 10:00:00 - 17/01/2024 11:00:00","BZN|IE(SEM)","Without sequence","160.6","",""
"17/01/2024 11:00:00 - 17/01/2024 12:00:00","BZN|IE(SEM)","Without sequence","167.9","",""
"17/01/2024 12:00:00 - 17/01/2024 13:00:00","BZN|IE(SEM)","Without sequence","176.14","",""
"17/01/2024 13:00:00 - 17/01/2024 14:00:00","BZN|IE(SEM)","Without sequence","162.46","",""
"17/01/2024 14:00:00 - 17/01/2024 15:00:00","BZN|IE(SEM)","Without sequence","145.0","",""
"17/01/2024 15:00:00 - 17/01/2024 16:00:00","BZN|IE(SEM)","Without sequence","140.8","",""
"17/01/2024 16:00:00 - 17/01/2024 17:00:00","BZN|IE(SEM)","Without sequence","153.0","",""
"17/01/2024 17:00:00 - 17/01/2024 18:00:00","BZN|IE(SEM)","Without sequence","190.0","",""
"17/01/2024 18:00:00 - 17/01/2024 19:00:00","BZN|IE(SEM)","Without sequence","245.0","",""
"17/01/2024 19:00:00 - 17/01/2024 20:00:00","BZN|IE(SEM)","Without sequence","245.0","",""
"17/01/2024 20:00:00 - 17/01/2024 21:00:00","BZN|IE(SEM)","Without sequence","173.5","",""
"17/01/2024 21:00:00 - 17/01/2024 22:00:00","BZN|IE(SEM)","Without sequence","135.0","",""
"17/01/2024 22:00:00 - 17/01/2024 23:00:00","BZN|IE(SEM)","Without sequence","105.65","",""
"17/01/2024 23:00:00 - 18/01/2024 00:00:00","BZN|IE(SEM)","Without sequence","95.96","",""
"18/01/2024 00:00:00 - 18/01/2024 01:00:00","BZN|IE(SEM)","Without sequence","93.64","",""
"18/01/2024 01:00:00 - 18/01/2024 02:00:00","BZN|IE(SEM)","Without sequence","86.77","",""
"18/01/2024 02:00:00 - 18/01/2024 03:00:00","BZN|IE(SEM)","Without sequence","90.5","",""
"18/01/2024 03:00:00 - 18/01/2024 04:00:00","BZN|IE(SEM)","Without sequence","89.4","",""
"18/01/2024 04:00:00 - 18/01/2024 05:00:00","BZN|IE(SEM)","Without sequence","86.5","",""
"18/01/2024 05:00:00 - 18/01/2024 06:00:00","BZN|IE(SEM)","Without sequence","86.5","",""
"18/01/2024 06:00:00 - 18/01/2024 07:00:00","BZN|IE(SEM)","Without sequence","83.74","",""
"18/01/2024 07:00:00 - 18/01/2024 08:00:00","BZN|IE(SEM)","Without sequence","86.93","",""
"18/01/2024 08:00:00 - 18/01/2024 09:00:00","BZN|IE(SEM)","Without sequence","110.66","",""
"18/01/2024 09:00:00 - 18/01/2024 10:00:00","BZN|IE(SEM)","Without sequence","131.6","",""
"18/01/2024 10:00:00 - 18/01/2024 11:00:00","BZN|IE(SEM)","Without sequence","155.6","",""
"18/01/2024 11:00:00 - 18/01/2024 12:00:00","BZN|IE(SEM)","Without sequence","150.3","",""
"18/01/2024 12:00:00 - 18/01/2024 13:00:00","BZN|IE(SEM)","Without sequence","150.44","",""
"18/01/2024 13:00:00 - 18/01/2024 14:00:00","BZN|IE(SEM)","Without sequence","155.0","",""
"18/01/2024 14:00:00 - 18/01/2024 15:00:00","BZN|IE(SEM)","Without sequence","149.56","",""
"18/01/2024 15:00:00 - 18/01/2024 16:00:00","BZN|IE(SEM)","Without sequence","140.0","",""
"18/01/2024 16:00:00 - 18/01/2024 17:00:00","BZN|IE(SEM)","Without sequence","152.5","",""
"18/01/2024 17:00:00 - 18/01/2024 18:00:00","BZN|IE(SEM)","Without sequence","183.93","",""
"18/01/2024 18:00:00 - 18/01/2024 19:00:00","BZN|IE(SEM)","Without sequence","273.73","",""
"18/01/2024 19:00:00 - 18/01/2024 20:00:00","BZN|IE(SEM)","Without sequence","265.0","",""
"18/01/2024 20:00:00 - 18/01/2024 21:00:00","BZN|IE(SEM)","Without sequence","195.0","",""
"18/01/2024 21:00:00 - 18/01/2024 22:00:00","BZN|IE(SEM)","Without sequence","169.01","",""
"18/01/2024 22:00:00 - 18/01/2024 23:00:00","BZN|IE(SEM)","Without sequence","119.68","",""
"18/01/2024 23:00:00 - 19/01/2024 00:00:00","BZN|IE(SEM)","Without sequence","95.0","",""
"19/01/2024 00:00:00 - 19/01/2024 01:00:00","BZN|IE(SEM)","Without sequence","135.0","",""
"19/01/2024 01:00:00 - 19/01/2024 02:00:00","BZN|IE(SEM)","Without sequence","102.65","",""
"19/01/2024 02:00:00 - 19/01/2024 03:00:00","BZN|IE(SEM)","Without sequence","102.65","",""
"19/01/2024 03:00:00 - 19/01/2024 04:00:00","BZN|IE(SEM)","Without sequence","89.8","",""
"19/01/2024 04:00:00 - 19/01/2024 05:00:00","BZN|IE(SEM)","Without sequence","81.86","",""
"19/01/2024 05:00:00 - 19/01/2024 06:00:00","BZN|IE(SEM)","Without sequence","81.0","",""
"19/01/2024 06:00:00 - 19/01/2024 07:00:00","BZN|IE(SEM)","Without sequence","75.85","",""
"19/01/2024 07:00:00 - 19/01/2024 08:00:00","BZN|IE(SEM)","Without sequence","85.06","",""
"19/01/2024 08:00:00 - 19/01/2024 09:00:00","BZN|IE(SEM)","Without sequence","109.53","",""
"19/01/2024 09:00:00 - 19/01/2024 10:00:00","BZN|IE(SEM)","Without sequence","119.2","",""
"19/01/2024 10:00:00 - 19/01/2024 11:00:00","BZN|IE(SEM)","Without sequence","110.0","",""
"19/01/2024 11:00:00 - 19/01/2024 12:00:00","BZN|IE(SEM)","Without sequence","91.94","",""
"19/01/2024 12:00:00 - 19/01/2024 13:00:00","BZN|IE(SEM)","Without sequence","82.06","",""
"19/01/2024 13:00:00 - 19/01/2024 14:00:00","BZN|IE(SEM)","Without sequence","83.6","",""
"19/01/2024 14:00:00 - 19/01/2024 15:00:00","BZN|IE(SEM)","Without sequence","76.26","",""
"19/01/2024 15:00:00 - 19/01/2024 16:00:00","BZN|IE(SEM)","Without sequence","77.31","",""
"19/01/2024 16:00:00 - 19/01/2024 17:00:00","BZN|IE(SEM)","Without sequence","78.42","",""
"19/01/2024 17:00:00 - 19/01/2024 18:00:00","BZN|IE(SEM)","Without sequence","90.82","",""
"19/01/2024 18:00:00 - 19/01/2024 19:00:00","BZN|IE(SEM)","Without sequence","92.98","",""
"19/01/2024 19:00:00 - 19/01/2024 20:00:00","BZN|IE(SEM)","Without sequence","85.36","",""
"19/01/2024 20:00:00 - 19/01/2024 21:00:00","BZN|IE(SEM)","Without sequence","80.81","",""
"19/01/2024 21:00:00 - 19/01/2024 22:00:00","BZN|IE(SEM)","Without sequence","75.64","",""
"19/01/2024 22:00:00 - 19/01/2024 23:00:00","BZN|IE(SEM)","Without sequence","69.93","",""
"19/01/2024 23:00:00 - 20/01/2024 00:00:00","BZN|IE(SEM)","Without sequence","52.0","",""
"20/01/2024 00:00:00 - 20/01/2024 01:00:00","BZN|IE(SEM)","Without sequence","47.3","",""
"20/01/2024 01:00:00 - 20/01/2024 02:00:00","BZN|IE(SEM)","Without sequence","15.0","",""
"20/01/2024 02:00:00 - 20/01/2024 03:00:00","BZN|IE(SEM)","Without sequence","15.0","",""
"20/01/2024 03:00:00 - 20/01/2024 04:00:00","BZN|IE(SEM)","Without sequence","6.41","",""
"20/01/2024 04:00:00 - 20/01/2024 05:00:00","BZN|IE(SEM)","Without sequence","5.32","",""
"20/01/2024 05:00:00 - 20/01/2024 06:00:00","BZN|IE(SEM)","Without sequence","11.11","",""
"20/01/2024 06:00:00 - 20/01/2024 07:00:00","BZN|IE(SEM)","Without sequence","28.1","",""
"20/01/2024 07:00:00 - 20/01/2024 08:00:00","BZN|IE(SEM)","Without sequence","34.0","",""
"20/01/2024 08:00:00 - 20/01/2024 09:00:00","BZN|IE(SEM)","Without sequence","58.32","",""
"20/01/2024 09:00:00 - 20/01/2024 10:00:00","BZN|IE(SEM)","Without sequence","71.0","",""
"20/01/2024 10:00:00 - 20/01/2024 11:00:00","BZN|IE(SEM)","Without sequence","77.55","",""
"20/01/2024 11:00:00 - 20/01/2024 12:00:00","BZN|IE(SEM)","Without sequence","74.37","",""
"20/01/2024 12:00:00 - 20/01/2024 13:00:00","BZN|IE(SEM)","Without sequence","73.87","",""
"20/01/2024 13:00:00 - 20/01/2024 14:00:00","BZN|IE(SEM)","Without sequence","70.4","",""
"20/01/2024 14:00:00 - 20/01/2024 15:00:00","BZN|IE(SEM)","Without sequence","68.49","",""
"20/01/2024 15:00:00 - 20/01/2024 16:00:00","BZN|IE(SEM)","Without sequence","65.5","",""
"20/01/2024 16:00:00 - 20/01/2024 17:00:00","BZN|IE(SEM)","Without sequence","65.42","",""
"20/01/2024 17:00:00 - 20/01/2024 18:00:00","BZN|IE(SEM)","Without sequence","80.47","",""
"20/01/2024 18:00:00 - 20/01/2024 19:00:00","BZN|IE(SEM)","Without sequence","88.55","",""
"20/01/2024 19:00:00 - 20/01/2024 20:00:00","BZN|IE(SEM)","Without sequence","88.85","",""
"20/01/2024 20:00:00 - 20/01/2024 21:00:00","BZN|IE(SEM)","Without sequence","82.4","",""
"20/01/2024 21:00:00 - 20/01/2024 22:00:00","BZN|IE(SEM)","Without sequence","80.55","",""
"20/01/2024 22:00:00 - 20/01/2024 23:00:00","BZN|IE(SEM)","Without sequence","77.9","",""
"20/01/2024 23:00:00 - 21/01/2024 00:00:00","BZN|IE(SEM)","Without sequence","73.48","",""
"21/01/2024 00:00:00 - 21/01/2024 01:00:00","BZN|IE(SEM)","Without sequence","77.91","",""
"21/01/2024 01:00:00 - 21/01/2024 02:00:00","BZN|IE(SEM)","Without sequence","62.9","",""
"21/01/2024 02:00:00 - 21/01/2024 03:00:00","BZN|IE(SEM)","Without sequence","56.81","",""
"21/01/2024 03:00:00 - 21/01/2024 04:00:00","BZN|IE(SEM)","Without sequence","46.64","",""
"21/01/2024 04:00:00 - 21/01/2024 05:00:00","BZN|IE(SEM)","Without sequence","41.11","",""
"21/01/2024 05:00:00 - 21/01/2024 06:00:00","BZN|IE(SEM)","Without sequence","31.0","",""
"21/01/2024 06:00:00 - 21/01/2024 07:00:00","BZN|IE(SEM)","Without sequence","31.13","",""
"21/01/2024 07:00:00 - 21/01/2024 08:00:00","BZN|IE(SEM)","Without sequence","38.85","",""
"21/01/2024 08:00:00 - 21/01/2024 09:00:00","BZN|IE(SEM)","Without sequence","41.81","",""
"21/01/2024 09:00:00 - 21/01/2024 10:00:00","BZN|IE(SEM)","Without sequence","41.4","",""
"21/01/2024 10:00:00 - 21/01/2024 11:00:00","BZN|IE(SEM)","Without sequence","51.2","",""
"21/01/2024 11:00:00 - 21/01/2024 12:00:00","BZN|IE(SEM)","Without sequence","62.9","",""
"21/01/2024 12:00:00 - 21/01/2024 13:00:00","BZN|IE(SEM)","Without sequence","66.03","",""
"21/01/2024 13:00:00 - 21/01/2024 14:00:00","BZN|IE(SEM)","Without sequence","69.52","",""
"21/01/2024 14:00:00 - 21/01/2024 15:00:00","BZN|IE(SEM)","Without sequence","72.38","",""
"21/01/2024 15:00:00 - 21/01/2024 16:00:00","BZN|IE(SEM)","Without sequence","70.0","",""
"21/01/2024 16:00:00 - 21/01/2024 17:00:00","BZN|IE(SEM)","Without sequence","76.35","",""
"21/01/2024 17:00:00 - 21/01/2024 18:00:00","BZN|IE(SEM)","Without sequence","76.32","",""
"21/01/2024 18:00:00 - 21/01/2024 19:00:00","BZN|IE(SEM)","Without sequence","100.0","",""
"21/01/2024 19:00:00 - 21/01/2024 20:00:00","BZN|IE(SEM)","Without sequence","102.72","",""
"21/01/2024 20:00:00 - 21/01/2024 21:00:00","BZN|IE(SEM)","Without sequence","84.15","",""
"21/01/2024 21:00:00 - 21/01/2024 22:00:00","BZN|IE(SEM)","Without sequence","82.0","",""
"21/01/2024 22:00:00 - 21/01/2024 23:00:00","BZN|IE(SEM)","Without sequence","75.78","",""
"21/01/2024 23:00:00 - 22/01/2024 00:00:00","BZN|IE(SEM)","Without sequence","49.11","",""
"22/01/2024 00:00:00 - 22/01/2024 01:00:00","BZN|IE(SEM)","Without sequence","35.0","",""
"22/01/2024 01:00:00 - 22/01/2024 02:00:00","BZN|IE(SEM)","Without sequence","19.9","",""
"22/01/2024 02:00:00 - 22/01/2024 03:00:00","BZN|IE(SEM)","Without sequence","15.0","",""
"22/01/2024 03:00:00 - 22/01/2024 04:00:00","BZN|IE(SEM)","Without sequence","3.21","",""
"22/01/2024 04:00:00 - 22/01/2024 05:00:00","BZN|IE(SEM)","Without sequence","0.0","",""
"22/01/2024 05:00:00 - 22/01/2024 06:00:00","BZN|IE(SEM)","Without sequence","0.0","",""
"22/01/2024 06:00:00 - 22/01/2024 07:00:00","BZN|IE(SEM)","Without sequence","8.63","",""
"22/01/2024 07:00:00 - 22/01/2024 08:00:00","BZN|IE(SEM)","Without sequence","45.0","",""
"22/01/2024 08:00:00 - 22/01/2024 09:00:00","BZN|IE(SEM)","Without sequence","76.06","",""
"22/01/2024 09:00:00 - 22/01/2024 10:00:00","BZN|IE(SEM)","Without sequence","82.78","",""
"22/01/2024 10:00:00 - 22/01/2024 11:00:00","BZN|IE(SEM)","Without sequence","85.47","",""
"22/01/2024 11:00:00 - 22/01/2024 12:00:00","BZN|IE(SEM)","Without sequence","86.51","",""
"22/01/2024 12:00:00 - 22/01/2024 13:00:00","BZN|IE(SEM)","Without sequence","85.0","",""
"22/01/2024 13:00:00 - 22/01/2024 14:00:00","BZN|IE(SEM)","Without sequence","70.0","",""
"22/01/2024 14:00:00 - 22/01/2024 15:00:00","BZN|IE(SEM)","Without sequence","66.98","",""
"22/01/2024 15:00:00 - 22/01/2024 16:00:00","BZN|IE(SEM)","Without sequence","70.15","",""
"22/01/2024 16:00:00 - 22/01/2024 17:00:00","BZN|IE(SEM)","Without sequence","71.1","",""
"22/01/2024 17:00:00 - 22/01/2024 18:00:00","BZN|IE(SEM)","Without sequence","83.37","",""
"22/01/2024 18:00:00 - 22/01/2024 19:00:00","BZN|IE(SEM)","Without sequence","102.3","",""
"22/01/2024 19:00:00 - 22/01/2024 20:00:00","BZN|IE(SEM)","Without sequence","101.4","",""
"22/01/2024 20:00:00 - 22/01/2024 21:00:00","BZN|IE(SEM)","Without sequence","92.12","",""
"22/01/2024 21:00:00 - 22/01/2024 22:00:00","BZN|IE(SEM)","Without sequence","97.6","",""
"22/01/2024 22:00:00 - 22/01/2024 23:00:00","BZN|IE(SEM)","Without sequence","95.6","",""
"22/01/2024 23:00:00 - 23/01/2024 00:00:00","BZN|IE(SEM)","Without sequence","93.85","",""
"23/01/2024 00:00:00 - 23/01/2024 01:00:00","BZN|IE(SEM)","Without sequence","106.79","",""
"23/01/2024 01:00:00 - 23/01/2024 02:00:00","BZN|IE(SEM)","Without sequence","94.51","",""
"23/01/2024 02:00:00 - 23/01/2024 03:00:00","BZN|IE(SEM)","Without sequence","65.0","",""
"23/01/2024 03:00:00 - 23/01/2024 04:00:00","BZN|IE(SEM)","Without sequence","52.57","",""
"23/01/2024 04:00:00 - 23/01/2024 05:00:00","BZN|IE(SEM)","Without sequence","42.18","",""
"23/01/2024 05:00:00 - 23/01/2024 06:00:00","BZN|IE(SEM)","Without sequence","48.0","",""
"23/01/2024 06:00:00 - 23/01/2024 07:00:00","BZN|IE(SEM)","Without sequence","55.81","",""
"23/01/2024 07:00:00 - 23/01/2024 08:00:00","BZN|IE(SEM)","Without sequence","66.95","",""
"23/01/2024 08:00:00 - 23/01/2024 09:00:00","BZN|IE(SEM)","Without sequence","90.0","",""
"23/01/2024 09:00:00 - 23/01/2024 10:00:00","BZN|IE(SEM)","Without sequence","93.28","",""
"23/01/2024 10:00:00 - 23/01/2024 11:00:00","BZN|IE(SEM)","Without sequence","87.03","",""
"23/01/2024 11:00:00 - 23/01/2024 12:00:00","BZN|IE(SEM)","Without sequence","79.62","",""
"23/01/2024 12:00:00 - 23/01/2024 13:00:00","BZN|IE(SEM)","Without sequence","76.0","",""
"23/01/2024 13:00:00 - 23/01/2024 14:00:00","BZN|IE(SEM)","Without sequence","78.38","",""
"23/01/2024 14:00:00 - 23/01/2024 15:00:00","BZN|IE(SEM)","Without sequence","73.78","",""
"23/01/2024 15:00:00 - 23/01/2024 16:00:00","BZN|IE(SEM)","Without sequence","74.25","",""
"23/01/2024 16:00:00 - 23/01/2024 17:00:00","BZN|IE(SEM)","Without sequence","75.0","",""
"23/01/2024 17:00:00 - 23/01/2024 18:00:00","BZN|IE(SEM)","Without sequence","84.55","",""
"23/01/2024 18:00:00 - 23/01/2024 19:00:00","BZN|IE(SEM)","Without sequence","95.0","",""
"23/01/2024 19:00:00 - 23/01/2024 20:00:00","BZN|IE(SEM)","Without sequence","82.94","",""
"23/01/2024 20:00:00 - 23/01/2024 21:00:00","BZN|IE(SEM)","Without sequence","76.0","",""
"23/01/2024 21:00:00 - 23/01/2024 22:00:00","BZN|IE(SEM)","Without sequence","75.0","",""
"23/01/2024 22:00:00 - 23/01/2024 23:00:00","BZN|IE(SEM)","Without sequence","69.03","",""
"23/01/2024 23:00:00 - 24/01/2024 00:00:00","BZN|IE(SEM)","Without sequence","45.0","",""
"24/01/2024 00:00:00 - 24/01/2024 01:00:00","BZN|IE(SEM)","Without sequence","14.0","",""
"24/01/2024 01:00:00 - 24/01/2024 02:00:00","BZN|IE(SEM)","Without sequence","7.73","",""
"24/01/2024 02:00:00 - 24/01/2024 03:00:00","BZN|IE(SEM)","Without sequence","5.0","",""
"24/01/2024 03:00:00 - 24/01/2024 04:00:00","BZN|IE(SEM)","Without sequence","3.51","",""
"24/01/2024 04:00:00 - 24/01/2024 05:00:00","BZN|IE(SEM)","Without sequence","1.64","",""
"24/01/2024 05:00:00 - 24/01/2024 06:00:00","BZN|IE(SEM)","Without sequence","10.0","",""
"24/01/2024 06:00:00 - 24/01/2024 07:00:00","BZN|IE(SEM)","Without sequence","38.05","",""
"24/01/2024 07:00:00 - 24/01/2024 08:00:00","BZN|IE(SEM)","Without sequence","67.09","",""
"24/01/2024 08:00:00 - 24/01/2024 09:00:00","BZN|IE(SEM)","Without sequence","76.79","",""
"24/01/2024 09:00:00 - 24/01/2024 10:00:00","BZN|IE(SEM)","Without sequence","78.05","",""
"24/01/2024 10:00:00 - 24/01/2024 11:00:00","BZN|IE(SEM)","Without sequence","86.28","",""
"24/01/2024 11:00:00 - 24/01/2024 12:00:00","BZN|IE(SEM)","Without sequence","86.02","",""
"24/01/2024 12:00:00 - 24/01/2024 13:00:00","BZN|IE(SEM)","Without sequence","85.0","",""
"24/01/2024 13:00:00 - 24/01/2024 14:00:00","BZN|IE(SEM)","Without sequence","85.0","",""
"24/01/2024 14:00:00 - 24/01/2024 15:00:00","BZN|IE(SEM)","Without sequence","85.0","",""
"24/01/2024 15:00:00 - 24/01/2024 16:00:00","BZN|IE(SEM)","Without sequence","102.98","",""
"24/01/2024 16:00:00 - 24/01/2024 17:00:00","BZN|IE(SEM)","Without sequence","112.3","",""
"24/01/2024 17:00:00 - 24/01/2024 18:00:00","BZN|IE(SEM)","Without sequence","162.42","",""
"24/01/2024 18:00:00 - 24/01/2024 19:00:00","BZN|IE(SEM)","Without sequence","280.0","",""
"24/01/2024 19:00:00 - 24/01/2024 20:00:00","BZN|IE(SEM)","Without sequence","275.0","",""
"24/01/2024 20:00:00 - 24/01/2024 21:00:00","BZN|IE(SEM)","Without sequence","200.0","",""
"24/01/2024 21:00:00 - 24/01/2024 22:00:00","BZN|IE(SEM)","Without sequence","150.78","",""
"24/01/2024 22:00:00 - 24/01/2024 23:00:00","BZN|IE(SEM)","Without sequence","110.03","",""
"24/01/2024 23:00:00 - 25/01/2024 00:00:00","BZN|IE(SEM)","Without sequence","98.7","",""
"25/01/2024 00:00:00 - 25/01/2024 01:00:00","BZN|IE(SEM)","Without sequence","85.0","",""
"25/01/2024 01:00:00 - 25/01/2024 02:00:00","BZN|IE(SEM)","Without sequence","78.89","",""
"25/01/2024 02:00:00 - 25/01/2024 03:00:00","BZN|IE(SEM)","Without sequence","73.91","",""
"25/01/2024 03:00:00 - 25/01/2024 04:00:00","BZN|IE(SEM)","Without sequence","68.92","",""
"25/01/2024 04:00:00 - 25/01/2024 05:00:00","BZN|IE(SEM)","Without sequence","64.84","",""
"25/01/2024 05:00:00 - 25/01/2024 06:00:00","BZN|IE(SEM)","Without sequence","61.0","",""
"25/01/2024 06:00:00 - 25/01/2024 07:00:00","BZN|IE(SEM)","Without sequence","62.48","",""
"25/01/2024 07:00:00 - 25/01/2024 08:00:00","BZN|IE(SEM)","Without sequence","69.6","",""
"25/01/2024 08:00:00 - 25/01/2024 09:00:00","BZN|IE(SEM)","Without sequence","87.65","",""
"25/01/2024 09:00:00 - 25/01/2024 10:00:00","BZN|IE(SEM)","Without sequence","90.8","",""
"25/01/2024 10:00:00 - 25/01/2024 11:00:00","BZN|IE(SEM)","Without sequence","88.0","",""
"25/01/2024 11:00:00 - 25/01/2024 12:00:00","BZN|IE(SEM)","Without sequence","80.97","",""
"25/01/2024 12:00:00 - 25/01/2024 13:00:00","BZN|IE(SEM)","Without sequence","78.51","",""
"25/01/2024 13:00:00 - 25/01/2024 14:00:00","BZN|IE(SEM)","Without sequence","77.0","",""
"25/01/2024 14:00:00 - 25/01/2024 15:00:00","BZN|IE(SEM)","Without sequence","76.63","",""
"25/01/2024 15:00:00 - 25/01/2024 16:00:00","BZN|IE(SEM)","Without sequence","77.0","",""
"25/01/2024 16:00:00 - 25/01/2024 17:00:00","BZN|IE(SEM)","Without sequence","74.9","",""
"25/01/2024 17:00:00 - 25/01/2024 18:00:00","BZN|IE(SEM)","Without sequence","81.86","",""
"25/01/2024 18:00:00 - 25/01/2024 19:00:00","BZN|IE(SEM)","Without sequence","97.96","",""
"25/01/2024 19:00:00 - 25/01/2024 20:00:00","BZN|IE(SEM)","Without sequence","91.3","",""
"25/01/2024 20:00:00 - 25/01/2024 21:00:00","BZN|IE(SEM)","Without sequence","79.15","",""
"25/01/2024 21:00:00 - 25/01/2024 22:00:00","BZN|IE(SEM)","Without sequence","72.0","",""
"25/01/2024 22:00:00 - 25/01/2024 23:00:00","BZN|IE(SEM)","Without sequence","68.79","",""
"25/01/2024 23:00:00 - 26/01/2024 00:00:00","BZN|IE(SEM)","Without sequence","60.0","",""
"26/01/2024 00:00:00 - 26/01/2024 01:00:00","BZN|IE(SEM)","Without sequence","56.11","",""
"26/01/2024 01:00:00 - 26/01/2024 02:00:00","BZN|IE(SEM)","Without sequence","46.4","",""
"26/01/2024 02:00:00 - 26/01/2024 03:00:00","BZN|IE(SEM)","Without sequence","41.61","",""
"26/01/2024 03:00:00 - 26/01/2024 04:00:00","BZN|IE(SEM)","Without sequence","40.46","",""
"26/01/2024 04:00:00 - 26/01/2024 05:00:00","BZN|IE(SEM)","Without sequence","40.9","",""
"26/01/2024 05:00:00 - 26/01/2024 06:00:00","BZN|IE(SEM)","Without sequence","42.06","",""
"26/01/2024 06:00:00 - 26/01/2024 07:00:00","BZN|IE(SEM)","Without sequence","54.7","",""
"26/01/2024 07:00:00 - 26/01/2024 08:00:00","BZN|IE(SEM)","Without sequence","71.0","",""
"26/01/2024 08:00:00 - 26/01/2024 09:00:00","BZN|IE(SEM)","Without sequence","108.0","",""
"26/01/2024 09:00:00 - 26/01/2024 10:00:00","BZN|IE(SEM)","Without sequence","118.89","",""
"26/01/2024 10:00:00 - 26/01/2024 11:00:00","BZN|IE(SEM)","Without sequence","123.0","",""
"26/01/2024 11:00:00 - 26/01/2024 12:00:00","BZN|IE(SEM)","Without sequence","104.89","",""
"26/01/2024 12:00:00 - 26/01/2024 13:00:00","BZN|IE(SEM)","Without sequence","87.64","",""
"26/01/2024 13:00:00 - 26/01/2024 14:00:00","BZN|IE(SEM)","Without sequence","75.0","",""
"26/01/2024 14:00:00 - 26/01/2024 15:00:00","BZN|IE(SEM)","Without sequence","67.0","",""
"26/01/2024 15:00:00 - 26/01/2024 16:00:00","BZN|IE(SEM)","Without sequence","67.59","",""
"26/01/2024 16:00:00 - 26/01/2024 17:00:00","BZN|IE(SEM)","Without sequence","73.33","",""
"26/01/2024 17:00:00 - 26/01/2024 18:00:00","BZN|IE(SEM)","Without sequence","81.8","",""
"26/01/2024 18:00:00 - 26/01/2024 19:00:00","BZN|IE(SEM)","Without sequence","101.12","",""
"26/01/2024 19:00:00 - 26/01/2024 20:00:00","BZN|IE(SEM)","Without sequence","100.0","",""
"26/01/2024 20:00:00 - 26/01/2024 21:00:00","BZN|IE(SEM)","Without sequence","93.52","",""
"26/01/2024 21:00:00 - 26/01/2024 22:00:00","BZN|IE(SEM)","Without sequence","80.0","",""
"26/01/2024 22:00:00 - 26/01/2024 23:00:00","BZN|IE(SEM)","Without sequence","76.57","",""
"26/01/2024 23:00:00 - 27/01/2024 00:00:00","BZN|IE(SEM)","Without sequence","70.0","",""
"27/01/2024 00:00:00 - 27/01/2024 01:00:00","BZN|IE(SEM)","Without sequence","66.44","",""
"27/01/2024 01:00:00 - 27/01/2024 02:00:00","BZN|IE(SEM)","Without sequence","61.78","",""
"27/01/2024 02:00:00 - 27/01/2024 03:00:00","BZN|IE(SEM)","Without sequence","62.0","",""
"27/01/2024 03:00:00 - 27/01/2024 04:00:00","BZN|IE(SEM)","Without sequence","58.03","",""
"27/01/2024 04:00:00 - 27/01/2024 05:00:00","BZN|IE(SEM)","Without sequence","54.62","",""
"27/01/2024 05:00:00 - 27/01/2024 06:00:00","BZN|IE(SEM)","Without sequence","55.08","",""
"27/01/2024 06:00:00 - 27/01/2024 07:00:00","BZN|IE(SEM)","Without sequence","57.0","",""
"27/01/2024 07:00:00 - 27/01/2024 08:00:00","BZN|IE(SEM)","Without sequence","61.78","",""
"27/01/2024 08:00:00 - 27/01/2024 09:00:00","BZN|IE(SEM)","Without sequence","72.83","",""
"27/01/2024 09:00:00 - 27/01/2024 10:00:00","BZN|IE(SEM)","Without sequence","75.35","",""
"27/01/2024 10:00:00 - 27/01/2024 11:00:00","BZN|IE(SEM)","Without sequence","77.07","",""
"27/01/2024 11:00:00 - 27/01/2024 12:00:00","BZN|IE(SEM)","Without sequence","72.0","",""
"27/01/2024 12:00:00 - 27/01/2024 13:00:00","BZN|IE(SEM)","Without sequence","67.04","",""
"27/01/2024 13:00:00 - 27/01/2024 14:00:00","BZN|IE(SEM)","Without sequence","66.6","",""
"27/01/2024 14:00:00 - 27/01/2024 15:00:00","BZN|IE(SEM)","Without sequence","65.93","",""
"27/01/2024 15:00:00 - 27/01/2024 16:00:00","BZN|IE(SEM)","Without sequence","74.34","",""
"27/01/2024 16:00:00 - 27/01/2024 17:00:00","BZN|IE(SEM)","Without sequence","77.0","",""
"27/01/2024 17:00:00 - 27/01/2024 18:00:00","BZN|IE(SEM)","Without sequence","87.12","",""
"27/01/2024 18:00:00 - 27/01/2024 19:00:00","BZN|IE(SEM)","Without sequence","100.0","",""
"27/01/2024 19:00:00 - 27/01/2024 20:00:00","BZN|IE(SEM)","Without sequence","97.2","",""
"27/01/2024 20:00:00 - 27/01/2024 21:00:00","BZN|IE(SEM)","Without sequence","85.0","",""
"27/01/2024 21:00:00 - 27/01/2024 22:00:00","BZN|IE(SEM)","Without sequence","71.49","",""
"27/01/2024 22:00:00 - 27/01/2024 23:00:00","BZN|IE(SEM)","Without sequence","72.21","",""
"27/01/2024 23:00:00 - 28/01/2024 00:00:00","BZN|IE(SEM)","Without sequence","61.78","",""
"28/01/2024 00:00:00 - 28/01/2024 01:00:00","BZN|IE(SEM)","Without sequence","58.0","",""
"28/01/2024 01:00:00 - 28/01/2024 02:00:00","BZN|IE(SEM)","Without sequence","48.7","",""
"28/01/2024 02:00:00 - 28/01/2024 03:00:00","BZN|IE(SEM)","Without sequence","40.0","",""
"28/01/2024 03:00:00 - 28/01/2024 04:00:00","BZN|IE(SEM)","Without sequence","43.95","",""
"28/01/2024 04:00:00 - 28/01/2024 05:00:00","BZN|IE(SEM)","Without sequence","36.88","",""
"28/01/2024 05:00:00 - 28/01/2024 06:00:00","BZN|IE(SEM)","Without sequence","25.0","",""
"28/01/2024 06:00:00 - 28/01/2024 07:00:00","BZN|IE(SEM)","Without sequence","22.24","",""
"28/01/2024 07:00:00 - 28/01/2024 08:00:00","BZN|IE(SEM)","Without sequence","25.0","",""
"28/01/2024 08:00:00 - 28/01/2024 09:00:00","BZN|IE(SEM)","Without sequence","35.11","",""
"28/01/2024 09:00:00 - 28/01/2024 10:00:00","BZN|IE(SEM)","Without sequence","41.38","",""
"28/01/2024 10:00:00 - 28/01/2024 11:00:00","BZN|IE(SEM)","Without sequence","49.3","",""
"28/01/2024 11:00:00 - 28/01/2024 12:00:00","BZN|IE(SEM)","Without sequence","49.0","",""
"28/01/2024 12:00:00 - 28/01/2024 13:00:00","BZN|IE(SEM)","Without sequence","49.0","",""
"28/01/2024 13:00:00 - 28/01/2024 14:00:00","BZN|IE(SEM)","Without sequence","46.93","",""
"28/01/2024 14:00:00 - 28/01/2024 15:00:00","BZN|IE(SEM)","Without sequence","49.85","",""
"28/01/2024 15:00:00 - 28/01/2024 16:00:00","BZN|IE(SEM)","Without sequence","57.0","",""
"28/01/2024 16:00:00 - 28/01/2024 17:00:00","BZN|IE(SEM)","Without sequence","69.0","",""
"28/01/2024 17:00:00 - 28/01/2024 18:00:00","BZN|IE(SEM)","Without sequence","83.0","",""
"28/01/2024 18:00:00 - 28/01/2024 19:00:00","BZN|IE(SEM)","Without sequence","109.1","",""
"28/01/2024 19:00:00 - 28/01/2024 20:00:00","BZN|IE(SEM)","Without sequence","117.03","",""
"28/01/2024 20:00:00 - 28/01/2024 21:00:00","BZN|IE(SEM)","Without sequence","125.0","",""
"28/01/2024 21:00:00 - 28/01/2024 22:00:00","BZN|IE(SEM)","Without sequence","127.56","",""
"28/01/2024 22:00:00 - 28/01/2024 23:00:00","BZN|IE(SEM)","Without sequence","113.93","",""
"28/01/2024 23:00:00 - 29/01/2024 00:00:00","BZN|IE(SEM)","Without sequence","99.62","",""
"29/01/2024 00:00:00 - 29/01/2024 01:00:00","BZN|IE(SEM)","Without sequence","85.16","",""
"29/01/2024 01:00:00 - 29/01/2024 02:00:00","BZN|IE(SEM)","Without sequence","89.8","",""
"29/01/2024 02:00:00 - 29/01/2024 03:00:00","BZN|IE(SEM)","Without sequence","94.4","",""
"29/01/2024 03:00:00 - 29/01/2024 04:00:00","BZN|IE(SEM)","Without sequence","103.81","",""
"29/01/2024 04:00:00 - 29/01/2024 05:00:00","BZN|IE(SEM)","Without sequence","100.0","",""
"29/01/2024 05:00:00 - 29/01/2024 06:00:00","BZN|IE(SEM)","Without sequence","100.26","",""
"29/01/2024 06:00:00 - 29/01/2024 07:00:00","BZN|IE(SEM)","Without sequence","90.79","",""
"29/01/2024 07:00:00 - 29/01/2024 08:00:00","BZN|IE(SEM)","Without sequence","100.0","",""
"29/01/2024 08:00:00 - 29/01/2024 09:00:00","BZN|IE(SEM)","Without sequence","122.41","",""
"29/01/2024 09:00:00 - 29/01/2024 10:00:00","BZN|IE(SEM)","Without sequence","138.03","",""
"29/01/2024 10:00:00 - 29/01/2024 11:00:00","BZN|IE(SEM)","Without sequence","165.83","",""
"29/01/2024 11:00:00 - 29/01/2024 12:00:00","BZN|IE(SEM)","Without sequence","165.36","",""
"29/01/2024 12:00:00 - 29/01/2024 13:00:00","BZN|IE(SEM)","Without sequence","152.0","",""
"29/01/2024 13:00:00 - 29/01/2024 14:00:00","BZN|IE(SEM)","Without sequence","144.0","",""
"29/01/2024 14:00:00 - 29/01/2024 15:00:00","BZN|IE(SEM)","Without sequence","126.39","",""
"29/01/2024 15:00:00 - 29/01/2024 16:00:00","BZN|IE(SEM)","Without sequence","116.1","",""
"29/01/2024 16:00:00 - 29/01/2024 17:00:00","BZN|IE(SEM)","Without sequence","125.22","",""
"29/01/2024 17:00:00 - 29/01/2024 18:00:00","BZN|IE(SEM)","Without sequence","139.7","",""
"29/01/2024 18:00:00 - 29/01/2024 19:00:00","BZN|IE(SEM)","Without sequence","152.77","",""
"29/01/2024 19:00:00 - 29/01/2024 20:00:00","BZN|IE(SEM)","Without sequence","136.17","",""
"29/01/2024 20:00:00 - 29/01/2024 21:00:00","BZN|IE(SEM)","Without sequence","119.2","",""
"29/01/2024 21:00:00 - 29/01/2024 22:00:00","BZN|IE(SEM)","Without sequence","102.73","",""
"29/01/2024 22:00:00 - 29/01/2024 23:00:00","BZN|IE(SEM)","Without sequence","95.29","",""
"29/01/2024 23:00:00 - 30/01/2024 00:00:00","BZN|IE(SEM)","Without sequence","82.58","",""
"31/01/2024 00:00:00 - 31/01/2024 01:00:00","BZN|IE(SEM)","Without sequence","75.38","",""
"31/01/2024 01:00:00 - 31/01/2024 02:00:00","BZN|IE(SEM)","Without sequence","71.82","",""
"31/01/2024 02:00:00 - 31/01/2024 03:00:00","BZN|IE(SEM)","Without sequence","70.57","",""
"31/01/2024 03:00:00 - 31/01/2024 04:00:00","BZN|IE(SEM)","Without sequence","67.06","",""
"31/01/2024 04:00:00 - 31/01/2024 05:00:00","BZN|IE(SEM)","Without sequence","63.51","",""
"31/01/2024 05:00:00 - 31/01/2024 06:00:00","BZN|IE(SEM)","Without sequence","59.08","",""
"31/01/2024 06:00:00 - 31/01/2024 07:00:00","BZN|IE(SEM)","Without sequence","58.58","",""
"31/01/2024 07:00:00 - 31/01/2024 08:00:00","BZN|IE(SEM)","Without sequence","63.02","",""
"31/01/2024 08:00:00 - 31/01/2024 09:00:00","BZN|IE(SEM)","Without sequence","85.0","",""
"31/01/2024 09:00:00 - 31/01/2024 10:00:00","BZN|IE(SEM)","Without sequence","82.27","",""
"31/01/2024 10:00:00 - 31/01/2024 11:00:00","BZN|IE(SEM)","Without sequence","80.72","",""
"31/01/2024 11:00:00 - 31/01/2024 12:00:00","BZN|IE(SEM)","Without sequence","71.81","",""
"31/01/2024 12:00:00 - 31/01/2024 13:00:00","BZN|IE(SEM)","Without sequence","70.0","",""
"31/01/2024 13:00:00 - 31/01/2024 14:00:00","BZN|IE(SEM)","Without sequence","65.84","",""
"31/01/2024 14:00:00 - 31/01/2024 15:00:00","BZN|IE(SEM)","Without sequence","65.0","",""
"31/01/2024 15:00:00 - 31/01/2024 16:00:00","BZN|IE(SEM)","Without sequence","67.26","",""
"31/01/2024 16:00:00 - 31/01/2024 17:00:00","BZN|IE(SEM)","Without sequence","73.37","",""
"31/01/2024 17:00:00 - 31/01/2024 18:00:00","BZN|IE(SEM)","Without sequence","84.36","",""
"31/01/2024 18:00:00 - 31/01/2024 19:00:00","BZN|IE(SEM)","Without sequence","104.85","",""
"31/01/2024 19:00:00 - 31/01/2024 20:00:00","BZN|IE(SEM)","Without sequence","111.92","",""
"31/01/2024 20:00:00 - 31/01/2024 21:00:00","BZN|IE(SEM)","Without sequence","117.42","",""
"31/01/2024 21:00:00 - 31/01/2024 22:00:00","BZN|IE(SEM)","Without sequence","129.0","",""
"31/01/2024 22:00:00 - 31/01/2024 23:00:00","BZN|IE(SEM)","Without sequence","115.82","",""
"31/01/2024 23:00:00 - 01/02/2024 00:00:00","BZN|IE(SEM)","Without sequence","89.69","",""
"01/02/2024 00:00:00 - 01/02/2024 01:00:00","BZN|IE(SEM)","Without sequence","79.48","",""
"01/02/2024 01:00:00 - 01/02/2024 02:00:00","BZN|IE(SEM)","Without sequence","79.48","",""
"01/02/2024 02:00:00 - 01/02/2024 03:00:00","BZN|IE(SEM)","Without sequence","77.91","",""
"01/02/2024 03:00:00 - 01/02/2024 04:00:00","BZN|IE(SEM)","Without sequence","77.4","",""
"01/02/2024 04:00:00 - 01/02/2024 05:00:00","BZN|IE(SEM)","Without sequence","79.48","",""
"01/02/2024 05:00:00 - 01/02/2024 06:00:00","BZN|IE(SEM)","Without sequence","77.22","",""
"01/02/2024 06:00:00 - 01/02/2024 07:00:00","BZN|IE(SEM)","Without sequence","79.84","",""
"01/02/2024 07:00:00 - 01/02/2024 08:00:00","BZN|IE(SEM)","Without sequence","88.78","",""
"01/02/2024 08:00:00 - 01/02/2024 09:00:00","BZN|IE(SEM)","Without sequence","148.61","",""
"01/02/2024 09:00:00 - 01/02/2024 10:00:00","BZN|IE(SEM)","Without sequence","155.0","",""
"01/02/2024 10:00:00 - 01/02/2024 11:00:00","BZN|IE(SEM)","Without sequence","142.6","",""
"01/02/2024 11:00:00 - 01/02/2024 12:00:00","BZN|IE(SEM)","Without sequence","119.96","",""
"01/02/2024 12:00:00 - 01/02/2024 13:00:00","BZN|IE(SEM)","Without sequence","92.03","",""
"01/02/2024 13:00:00 - 01/02/2024 14:00:00","BZN|IE(SEM)","Without sequence","84.0","",""
"01/02/2024 14:00:00 - 01/02/2024 15:00:00","BZN|IE(SEM)","Without sequence","78.39","",""
"01/02/2024 15:00:00 - 01/02/2024 16:00:00","BZN|IE(SEM)","Without sequence","80.03","",""
"01/02/2024 16:00:00 - 01/02/2024 17:00:00","BZN|IE(SEM)","Without sequence","83.7","",""
"01/02/2024 17:00:00 - 01/02/2024 18:00:00","BZN|IE(SEM)","Without sequence","91.73","",""
"01/02/2024 18:00:00 - 01/02/2024 19:00:00","BZN|IE(SEM)","Without sequence","101.15","",""
"01/02/2024 19:00:00 - 01/02/2024 20:00:00","BZN|IE(SEM)","Without sequence","99.0","",""
"01/02/2024 20:00:00 - 01/02/2024 21:00:00","BZN|IE(SEM)","Without sequence","91.0","",""
"01/02/2024 21:00:00 - 01/02/2024 22:00:00","BZN|IE(SEM)","Without sequence","82.0","",""
"01/02/2024 22:00:00 - 01/02/2024 23:00:00","BZN|IE(SEM)","Without sequence","82.54","",""
"01/02/2024 23:00:00 - 02/02/2024 00:00:00","BZN|IE(SEM)","Without sequence","70.04","",""
"02/02/2024 00:00:00 - 02/02/2024 01:00:00","BZN|IE(SEM)","Without sequence","61.0","",""
"02/02/2024 01:00:00 - 02/02/2024 02:00:00","BZN|IE(SEM)","Without sequence","55.0","",""
"02/02/2024 02:00:00 - 02/02/2024 03:00:00","BZN|IE(SEM)","Without sequence","48.0","",""
"02/02/2024 03:00:00 - 02/02/2024 04:00:00","BZN|IE(SEM)","Without sequence","46.3","",""
"02/02/2024 04:00:00 - 02/02/2024 05:00:00","BZN|IE(SEM)","Without sequence","43.3","",""
"02/02/2024 05:00:00 - 02/02/2024 06:00:00","BZN|IE(SEM)","Without sequence","41.87","",""
"02/02/2024 06:00:00 - 02/02/2024 07:00:00","BZN|IE(SEM)","Without sequence","40.6","",""
"02/02/2024 07:00:00 - 02/02/2024 08:00:00","BZN|IE(SEM)","Without sequence","60.1","",""
"02/02/2024 08:00:00 - 02/02/2024 09:00:00","BZN|IE(SEM)","Without sequence","86.08","",""
"02/02/2024 09:00:00 - 02/02/2024 10:00:00","BZN|IE(SEM)","Without sequence","89.19","",""
"02/02/2024 10:00:00 - 02/02/2024 11:00:00","BZN|IE(SEM)","Without sequence","90.0","",""
"02/02/2024 11:00:00 - 02/02/2024 12:00:00","BZN|IE(SEM)","Without sequence","84.3","",""
"02/02/2024 12:00:00 - 02/02/2024 13:00:00","BZN|IE(SEM)","Without sequence","76.0","",""
"02/02/2024 13:00:00 - 02/02/2024 14:00:00","BZN|IE(SEM)","Without sequence","74.0","",""
"02/02/2024 14:00:00 - 02/02/2024 15:00:00","BZN|IE(SEM)","Without sequence","69.0","",""
"02/02/2024 15:00:00 - 02/02/2024 16:00:00","BZN|IE(SEM)","Without sequence","66.22","",""
"02/02/2024 16:00:00 - 02/02/2024 17:00:00","BZN|IE(SEM)","Without sequence","66.22","",""
"02/02/2024 17:00:00 - 02/02/2024 18:00:00","BZN|IE(SEM)","Without sequence","80.0","",""
"02/02/2024 18:00:00 - 02/02/2024 19:00:00","BZN|IE(SEM)","Without sequence","94.0","",""
"02/02/2024 19:00:00 - 02/02/2024 20:00:00","BZN|IE(SEM)","Without sequence","95.5","",""
"02/02/2024 20:00:00 - 02/02/2024 21:00:00","BZN|IE(SEM)","Without sequence","87.41","",""
"02/02/2024 21:00:00 - 02/02/2024 22:00:00","BZN|IE(SEM)","Without sequence","74.0","",""
"02/02/2024 22:00:00 - 02/02/2024 23:00:00","BZN|IE(SEM)","Without sequence","66.22","",""
"02/02/2024 23:00:00 - 03/02/2024 00:00:00","BZN|IE(SEM)","Without sequence","52.01","",""
"03/02/2024 00:00:00 - 03/02/2024 01:00:00","BZN|IE(SEM)","Without sequence","44.42","",""
"03/02/2024 01:00:00 - 03/02/2024 02:00:00","BZN|IE(SEM)","Without sequence","55.0","",""
"03/02/2024 02:00:00 - 03/02/2024 03:00:00","BZN|IE(SEM)","Without sequence","52.11","",""
"03/02/2024 03:00:00 - 03/02/2024 04:00:00","BZN|IE(SEM)","Without sequence","52.71","",""
"03/02/2024 04:00:00 - 03/02/2024 05:00:00","BZN|IE(SEM)","Without sequence","50.71","",""
"03/02/2024 05:00:00 - 03/02/2024 06:00:00","BZN|IE(SEM)","Without sequence","54.44","",""
"03/02/2024 06:00:00 - 03/02/2024 07:00:00","BZN|IE(SEM)","Without sequence","51.42","",""
"03/02/2024 07:00:00 - 03/02/2024 08:00:00","BZN|IE(SEM)","Without sequence","76.0","",""
"03/02/2024 08:00:00 - 03/02/2024 09:00:00","BZN|IE(SEM)","Without sequence","83.33","",""
"03/02/2024 09:00:00 - 03/02/2024 10:00:00","BZN|IE(SEM)","Without sequence","94.44","",""
"03/02/2024 10:00:00 - 03/02/2024 11:00:00","BZN|IE(SEM)","Without sequence","117.14","",""
"03/02/2024 11:00:00 - 03/02/2024 12:00:00","BZN|IE(SEM)","Without sequence","108.86","",""
"03/02/2024 12:00:00 - 03/02/2024 13:00:00","BZN|IE(SEM)","Without sequence","105.3","",""
"03/02/2024 13:00:00 - 03/02/2024 14:00:00","BZN|IE(SEM)","Without sequence","94.3","",""
"03/02/2024 14:00:00 - 03/02/2024 15:00:00","BZN|IE(SEM)","Without sequence","73.88","",""
"03/02/2024 15:00:00 - 03/02/2024 16:00:00","BZN|IE(SEM)","Without sequence","69.59","",""
"03/02/2024 16:00:00 - 03/02/2024 17:00:00","BZN|IE(SEM)","Without sequence","82.9","",""
"03/02/2024 17:00:00 - 03/02/2024 18:00:00","BZN|IE(SEM)","Without sequence","99.0","",""
"03/02/2024 18:00:00 - 03/02/2024 19:00:00","BZN|IE(SEM)","Without sequence","129.01","",""
"03/02/2024 19:00:00 - 03/02/2024 20:00:00","BZN|IE(SEM)","Without sequence","135.0","",""
"03/02/2024 20:00:00 - 03/02/2024 21:00:00","BZN|IE(SEM)","Without sequence","95.55","",""
"03/02/2024 21:00:00 - 03/02/2024 22:00:00","BZN|IE(SEM)","Without sequence","76.11","",""
"03/02/2024 22:00:00 - 03/02/2024 23:00:00","BZN|IE(SEM)","Without sequence","68.35","",""
"03/02/2024 23:00:00 - 04/02/2024 00:00:00","BZN|IE(SEM)","Without sequence","53.98","",""
"04/02/2024 00:00:00 - 04/02/2024 01:00:00","BZN|IE(SEM)","Without sequence","55.0","",""
"04/02/2024 01:00:00 - 04/02/2024 02:00:00","BZN|IE(SEM)","Without sequence","23.74","",""
"04/02/2024 02:00:00 - 04/02/2024 03:00:00","BZN|IE(SEM)","Without sequence","16.79","",""
"04/02/2024 03:00:00 - 04/02/2024 04:00:00","BZN|IE(SEM)","Without sequence","11.07","",""
"04/02/2024 04:00:00 - 04/02/2024 05:00:00","BZN|IE(SEM)","Without sequence","5.0","",""
"04/02/2024 05:00:00 - 04/02/2024 06:00:00","BZN|IE(SEM)","Without sequence","2.03","",""
"04/02/2024 06:00:00 - 04/02/2024 07:00:00","BZN|IE(SEM)","Without sequence","1.0","",""
"04/02/2024 07:00:00 - 04/02/2024 08:00:00","BZN|IE(SEM)","Without sequence","6.32","",""
"04/02/2024 08:00:00 - 04/02/2024 09:00:00","BZN|IE(SEM)","Without sequence","10.0","",""
"04/02/2024 09:00:00 - 04/02/2024 10:00:00","BZN|IE(SEM)","Without sequence","18.0","",""
"04/02/2024 10:00:00 - 04/02/2024 11:00:00","BZN|IE(SEM)","Without sequence","29.0","",""
"04/02/2024 11:00:00 - 04/02/2024 12:00:00","BZN|IE(SEM)","Without sequence","36.64","",""
"04/02/2024 12:00:00 - 04/02/2024 13:00:00","BZN|IE(SEM)","Without sequence","45.74","",""
"04/02/2024 13:00:00 - 04/02/2024 14:00:00","BZN|IE(SEM)","Without sequence","45.0","",""
"04/02/2024 14:00:00 - 04/02/2024 15:00:00","BZN|IE(SEM)","Without sequence","42.0","",""
"04/02/2024 15:00:00 - 04/02/2024 16:00:00","BZN|IE(SEM)","Without sequence","45.0","",""
"04/02/2024 16:00:00 - 04/02/2024 17:00:00","BZN|IE(SEM)","Without sequence","49.59","",""
"04/02/2024 17:00:00 - 04/02/2024 18:00:00","BZN|IE(SEM)","Without sequence","68.02","",""
"04/02/2024 18:00:00 - 04/02/2024 19:00:00","BZN|IE(SEM)","Without sequence","90.17","",""
"04/02/2024 19:00:00 - 04/02/2024 20:00:00","BZN|IE(SEM)","Without sequence","94.52","",""
"04/02/2024 20:00:00 - 04/02/2024 21:00:00","BZN|IE(SEM)","Without sequence","78.39","",""
"04/02/2024 21:00:00 - 04/02/2024 22:00:00","BZN|IE(SEM)","Without sequence","65.34","",""
"04/02/2024 22:00:00 - 04/02/2024 23:00:00","BZN|IE(SEM)","Without sequence","55.21","",""
"04/02/2024 23:00:00 - 05/02/2024 00:00:00","BZN|IE(SEM)","Without sequence","33.3","",""
"05/02/2024 00:00:00 - 05/02/2024 01:00:00","BZN|IE(SEM)","Without sequence","17.75","",""
"05/02/2024 01:00:00 - 05/02/2024 02:00:00","BZN|IE(SEM)","Without sequence","12.9","",""
"05/02/2024 02:00:00 - 05/02/2024 03:00:00","BZN|IE(SEM)","Without sequence","12.76","",""
"05/02/2024 03:00:00 - 05/02/2024 04:00:00","BZN|IE(SEM)","Without sequence","8.67","",""
"05/02/2024 04:00:00 - 05/02/2024 05:00:00","BZN|IE(SEM)","Without sequence","7.09","",""
"05/02/2024 05:00:00 - 05/02/2024 06:00:00","BZN|IE(SEM)","Without sequence","12.0","",""
"05/02/2024 06:00:00 - 05/02/2024 07:00:00","BZN|IE(SEM)","Without sequence","34.13","",""
"05/02/2024 07:00:00 - 05/02/2024 08:00:00","BZN|IE(SEM)","Without sequence","58.63","",""
"05/02/2024 08:00:00 - 05/02/2024 09:00:00","BZN|IE(SEM)","Without sequence","78.31","",""
"05/02/2024 09:00:00 - 05/02/2024 10:00:00","BZN|IE(SEM)","Without sequence","84.66","",""
"05/02/2024 10:00:00 - 05/02/2024 11:00:00","BZN|IE(SEM)","Without sequence","83.0","",""
"05/02/2024 11:00:00 - 05/02/2024 12:00:00","BZN|IE(SEM)","Without sequence","77.31","",""
"05/02/2024 12:00:00 - 05/02/2024 13:00:00","BZN|IE(SEM)","Without sequence","74.13","",""
"05/02/2024 13:00:00 - 05/02/2024 14:00:00","BZN|IE(SEM)","Without sequence","73.72","",""
"05/02/2024 14:00:00 - 05/02/2024 15:00:00","BZN|IE(SEM)","Without sequence","71.0","",""
"05/02/2024 15:00:00 - 05/02/2024 16:00:00","BZN|IE(SEM)","Without sequence","66.02","",""
"05/02/2024 16:00:00 - 05/02/2024 17:00:00","BZN|IE(SEM)","Without sequence","71.84","",""
"05/02/2024 17:00:00 - 05/02/2024 18:00:00","BZN|IE(SEM)","Without sequence","84.2","",""
"05/02/2024 18:00:00 - 05/02/2024 19:00:00","BZN|IE(SEM)","Without sequence","94.16","",""
"05/02/2024 19:00:00 - 05/02/2024 20:00:00","BZN|IE(SEM)","Without sequence","94.0","",""
"05/02/2024 20:00:00 - 05/02/2024 21:00:00","BZN|IE(SEM)","Without sequence","84.01","",""
"05/02/2024 21:00:00 - 05/02/2024 22:00:00","BZN|IE(SEM)","Without sequence","72.42","",""
"05/02/2024 22:00:00 - 05/02/2024 23:00:00","BZN|IE(SEM)","Without sequence","58.0","",""
"05/02/2024 23:00:00 - 06/02/2024 00:00:00","BZN|IE(SEM)","Without sequence","42.0","",""
"06/02/2024 00:00:00 - 06/02/2024 01:00:00","BZN|IE(SEM)","Without sequence","26.89","",""
"06/02/2024 01:00:00 - 06/02/2024 02:00:00","BZN|IE(SEM)","Without sequence","22.5","",""
"06/02/2024 02:00:00 - 06/02/2024 03:00:00","BZN|IE(SEM)","Without sequence","18.01","",""
"06/02/2024 03:00:00 - 06/02/2024 04:00:00","BZN|IE(SEM)","Without sequence","14.0","",""
"06/02/2024 04:00:00 - 06/02/2024 05:00:00","BZN|IE(SEM)","Without sequence","12.5","",""
"06/02/2024 05:00:00 - 06/02/2024 06:00:00","BZN|IE(SEM)","Without sequence","19.49","",""
"06/02/2024 06:00:00 - 06/02/2024 07:00:00","BZN|IE(SEM)","Without sequence","40.14","",""
"06/02/2024 07:00:00 - 06/02/2024 08:00:00","BZN|IE(SEM)","Without sequence","76.0","",""
"06/02/2024 08:00:00 - 06/02/2024 09:00:00","BZN|IE(SEM)","Without sequence","98.9","",""
"06/02/2024 09:00:00 - 06/02/2024 10:00:00","BZN|IE(SEM)","Without sequence","96.05","",""
"06/02/2024 10:00:00 - 06/02/2024 11:00:00","BZN|IE(SEM)","Without sequence","95.43","",""
"06/02/2024 11:00:00 - 06/02/2024 12:00:00","BZN|IE(SEM)","Without sequence","80.82","",""
"06/02/2024 12:00:00 - 06/02/2024 13:00:00","BZN|IE(SEM)","Without sequence","81.56","",""
"06/02/2024 13:00:00 - 06/02/2024 14:00:00","BZN|IE(SEM)","Without sequence","87.15","",""
"06/02/2024 14:00:00 - 06/02/2024 15:00:00","BZN|IE(SEM)","Without sequence","92.03","",""
"06/02/2024 15:00:00 - 06/02/2024 16:00:00","BZN|IE(SEM)","Without sequence","94.0","",""
"06/02/2024 16:00:00 - 06/02/2024 17:00:00","BZN|IE(SEM)","Without sequence","103.4","",""
"06/02/2024 17:00:00 - 06/02/2024 18:00:00","BZN|IE(SEM)","Without sequence","123.14","",""
"06/02/2024 18:00:00 - 06/02/2024 19:00:00","BZN|IE(SEM)","Without sequence","162.95","",""
"06/02/2024 19:00:00 - 06/02/2024 20:00:00","BZN|IE(SEM)","Without sequence","177.66","",""
"06/02/2024 20:00:00 - 06/02/2024 21:00:00","BZN|IE(SEM)","Without sequence","160.0","",""
"06/02/2024 21:00:00 - 06/02/2024 22:00:00","BZN|IE(SEM)","Without sequence","148.0","",""
"06/02/2024 22:00:00 - 06/02/2024 23:00:00","BZN|IE(SEM)","Without sequence","125.0","",""
"06/02/2024 23:00:00 - 07/02/2024 00:00:00","BZN|IE(SEM)","Without sequence","103.69","",""
"07/02/2024 00:00:00 - 07/02/2024 01:00:00","BZN|IE(SEM)","Without sequence","106.83","",""
"07/02/2024 01:00:00 - 07/02/2024 02:00:00","BZN|IE(SEM)","Without sequence","100.67","",""
"07/02/2024 02:00:00 - 07/02/2024 03:00:00","BZN|IE(SEM)","Without sequence","99.82","",""
"07/02/2024 03:00:00 - 07/02/2024 04:00:00","BZN|IE(SEM)","Without sequence","93.41","",""
"07/02/2024 04:00:00 - 07/02/2024 05:00:00","BZN|IE(SEM)","Without sequence","83.95","",""
"07/02/2024 05:00:00 - 07/02/2024 06:00:00","BZN|IE(SEM)","Without sequence","81.97","",""
"07/02/2024 06:00:00 - 07/02/2024 07:00:00","BZN|IE(SEM)","Without sequence","80.91","",""
"07/02/2024 07:00:00 - 07/02/2024 08:00:00","BZN|IE(SEM)","Without sequence","97.29","",""
"07/02/2024 08:00:00 - 07/02/2024 09:00:00","BZN|IE(SEM)","Without sequence","162.64","",""
"07/02/2024 09:00:00 - 07/02/2024 10:00:00","BZN|IE(SEM)","Without sequence","201.98","",""
"07/02/2024 10:00:00 - 07/02/2024 11:00:00","BZN|IE(SEM)","Without sequence","216.2","",""
"07/02/2024 11:00:00 - 07/02/2024 12:00:00","BZN|IE(SEM)","Without sequence","244.65","",""
"07/02/2024 12:00:00 - 07/02/2024 13:00:00","BZN|IE(SEM)","Without sequence","240.0","",""
"07/02/2024 13:00:00 - 07/02/2024 14:00:00","BZN|IE(SEM)","Without sequence","224.8","",""
"07/02/2024 14:00:00 - 07/02/2024 15:00:00","BZN|IE(SEM)","Without sequence","194.4","",""
"07/02/2024 15:00:00 - 07/02/2024 16:00:00","BZN|IE(SEM)","Without sequence","185.92","",""
"07/02/2024 16:00:00 - 07/02/2024 17:00:00","BZN|IE(SEM)","Without sequence","193.02","",""
"07/02/2024 17:00:00 - 07/02/2024 18:00:00","BZN|IE(SEM)","Without sequence","216.8","",""
"07/02/2024 18:00:00 - 07/02/2024 19:00:00","BZN|IE(SEM)","Without sequence","212.0","",""
"07/02/2024 19:00:00 - 07/02/2024 20:00:00","BZN|IE(SEM)","Without sequence","193.5","",""
"07/02/2024 20:00:00 - 07/02/2024 21:00:00","BZN|IE(SEM)","Without sequence","145.0","",""
"07/02/2024 21:00:00 - 07/02/2024 22:00:00","BZN|IE(SEM)","Without sequence","100.0","",""
"07/02/2024 22:00:00 - 07/02/2024 23:00:00","BZN|IE(SEM)","Without sequence","87.02","",""
"07/02/2024 23:00:00 - 08/02/2024 00:00:00","BZN|IE(SEM)","Without sequence","85.1","",""
"08/02/2024 00:00:00 - 08/02/2024 01:00:00","BZN|IE(SEM)","Without sequence","84.0","",""
"08/02/2024 01:00:00 - 08/02/2024 02:00:00","BZN|IE(SEM)","Without sequence","80.0","",""
"08/02/2024 02:00:00 - 08/02/2024 03:00:00","BZN|IE(SEM)","Without sequence","76.79","",""
"08/02/2024 03:00:00 - 08/02/2024 04:00:00","BZN|IE(SEM)","Without sequence","70.89","",""
"08/02/2024 04:00:00 - 08/02/2024 05:00:00","BZN|IE(SEM)","Without sequence","65.46","",""
"08/02/2024 05:00:00 - 08/02/2024 06:00:00","BZN|IE(SEM)","Without sequence","65.08","",""
"08/02/2024 06:00:00 - 08/02/2024 07:00:00","BZN|IE(SEM)","Without sequence","61.2","",""
"08/02/2024 07:00:00 - 08/02/2024 08:00:00","BZN|IE(SEM)","Without sequence","76.79","",""
"08/02/2024 08:00:00 - 08/02/2024 09:00:00","BZN|IE(SEM)","Without sequence","91.8","",""
"08/02/2024 09:00:00 - 08/02/2024 10:00:00","BZN|IE(SEM)","Without sequence","92.99","",""
"08/02/2024 10:00:00 - 08/02/2024 11:00:00","BZN|IE(SEM)","Without sequence","98.95","",""
"08/02/2024 11:00:00 - 08/02/2024 12:00:00","BZN|IE(SEM)","Without sequence","91.4","",""
"08/02/2024 12:00:00 - 08/02/2024 13:00:00","BZN|IE(SEM)","Without sequence","88.21","",""
"08/02/2024 13:00:00 - 08/02/2024 14:00:00","BZN|IE(SEM)","Without sequence","92.04","",""
"08/02/2024 14:00:00 - 08/02/2024 15:00:00","BZN|IE(SEM)","Without sequence","88.25","",""
"08/02/2024 15:00:00 - 08/02/2024 16:00:00","BZN|IE(SEM)","Without sequence","86.18","",""
"08/02/2024 16:00:00 - 08/02/2024 17:00:00","BZN|IE(SEM)","Without sequence","87.08","",""
"08/02/2024 17:00:00 - 08/02/2024 18:00:00","BZN|IE(SEM)","Without sequence","91.65","",""
"08/02/2024 18:00:00 - 08/02/2024 19:00:00","BZN|IE(SEM)","Without sequence","105.0","",""
"08/02/2024 19:00:00 - 08/02/2024 20:00:00","BZN|IE(SEM)","Without sequence","107.05","",""
"08/02/2024 20:00:00 - 08/02/2024 21:00:00","BZN|IE(SEM)","Without sequence","95.55","",""
"08/02/2024 21:00:00 - 08/02/2024 22:00:00","BZN|IE(SEM)","Without sequence","87.45","",""
"08/02/2024 22:00:00 - 08/02/2024 23:00:00","BZN|IE(SEM)","Without sequence","90.89","",""
"08/02/2024 23:00:00 - 09/02/2024 00:00:00","BZN|IE(SEM)","Without sequence","71.95","",""
"09/02/2024 00:00:00 - 09/02/2024 01:00:00","BZN|IE(SEM)","Without sequence","73.13","",""
"09/02/2024 01:00:00 - 09/02/2024 02:00:00","BZN|IE(SEM)","Without sequence","71.68","",""
"09/02/2024 02:00:00 - 09/02/2024 03:00:00","BZN|IE(SEM)","Without sequence","65.54","",""
"09/02/2024 03:00:00 - 09/02/2024 04:00:00","BZN|IE(SEM)","Without sequence","63.83","",""
"09/02/2024 04:00:00 - 09/02/2024 05:00:00","BZN|IE(SEM)","Without sequence","68.09","",""
"09/02/2024 05:00:00 - 09/02/2024 06:00:00","BZN|IE(SEM)","Without sequence","61.2","",""
"09/02/2024 06:00:00 - 09/02/2024 07:00:00","BZN|IE(SEM)","Without sequence","70.09","",""
"09/02/2024 07:00:00 - 09/02/2024 08:00:00","BZN|IE(SEM)","Without sequence","90.84","",""
"09/02/2024 08:00:00 - 09/02/2024 09:00:00","BZN|IE(SEM)","Without sequence","89.0","",""
"09/02/2024 09:00:00 - 09/02/2024 10:00:00","BZN|IE(SEM)","Without sequence","100.36","",""
"09/02/2024 10:00:00 - 09/02/2024 11:00:00","BZN|IE(SEM)","Without sequence","115.0","",""
"09/02/2024 11:00:00 - 09/02/2024 12:00:00","BZN|IE(SEM)","Without sequence","100.36","",""
"09/02/2024 12:00:00 - 09/02/2024 13:00:00","BZN|IE(SEM)","Without sequence","105.0","",""
"09/02/2024 13:00:00 - 09/02/2024 14:00:00","BZN|IE(SEM)","Without sequence","112.0","",""
"09/02/2024 14:00:00 - 09/02/2024 15:00:00","BZN|IE(SEM)","Without sequence","114.82","",""
"09/02/2024 15:00:00 - 09/02/2024 16:00:00","BZN|IE(SEM)","Without sequence","109.0","",""
"09/02/2024 16:00:00 - 09/02/2024 17:00:00","BZN|IE(SEM)","Without sequence","121.28","",""
"09/02/2024 17:00:00 - 09/02/2024 18:00:00","BZN|IE(SEM)","Without sequence","119.0","",""
"09/02/2024 18:00:00 - 09/02/2024 19:00:00","BZN|IE(SEM)","Without sequence","146.7","",""
"09/02/2024 19:00:00 - 09/02/2024 20:00:00","BZN|IE(SEM)","Without sequence","151.5","",""
"09/02/2024 20:00:00 - 09/02/2024 21:00:00","BZN|IE(SEM)","Without sequence","135.0","",""
"09/02/2024 21:00:00 - 09/02/2024 22:00:00","BZN|IE(SEM)","Without sequence","105.44","",""
"09/02/2024 22:00:00 - 09/02/2024 23:00:00","BZN|IE(SEM)","Without sequence","100.76","",""
"09/02/2024 23:00:00 - 10/02/2024 00:00:00","BZN|IE(SEM)","Without sequence","80.3","",""
"10/02/2024 00:00:00 - 10/02/2024 01:00:00","BZN|IE(SEM)","Without sequence","72.33","",""
"10/02/2024 01:00:00 - 10/02/2024 02:00:00","BZN|IE(SEM)","Without sequence","77.76","",""
"10/02/2024 02:00:00 - 10/02/2024 03:00:00","BZN|IE(SEM)","Without sequence","84.13","",""
"10/02/2024 03:00:00 - 10/02/2024 04:00:00","BZN|IE(SEM)","Without sequence","85.04","",""
"10/02/2024 04:00:00 - 10/02/2024 05:00:00","BZN|IE(SEM)","Without sequence","85.04","",""
"10/02/2024 05:00:00 - 10/02/2024 06:00:00","BZN|IE(SEM)","Without sequence","86.02","",""
"10/02/2024 06:00:00 - 10/02/2024 07:00:00","BZN|IE(SEM)","Without sequence","79.44","",""
"10/02/2024 07:00:00 - 10/02/2024 08:00:00","BZN|IE(SEM)","Without sequence","88.41","",""
"10/02/2024 08:00:00 - 10/02/2024 09:00:00","BZN|IE(SEM)","Without sequence","78.96","",""
"10/02/2024 09:00:00 - 10/02/2024 10:00:00","BZN|IE(SEM)","Without sequence","86.77","",""
"10/02/2024 10:00:00 - 10/02/2024 11:00:00","BZN|IE(SEM)","Without sequence","98.5","",""
"10/02/2024 11:00:00 - 10/02/2024 12:00:00","BZN|IE(SEM)","Without sequence","110.2","",""
"10/02/2024 12:00:00 - 10/02/2024 13:00:00","BZN|IE(SEM)","Without sequence","115.0","",""
"10/02/2024 13:00:00 - 10/02/2024 14:00:00","BZN|IE(SEM)","Without sequence","120.21","",""
"10/02/2024 14:00:00 - 10/02/2024 15:00:00","BZN|IE(SEM)","Without sequence","115.0","",""
"10/02/2024 15:00:00 - 10/02/2024 16:00:00","BZN|IE(SEM)","Without sequence","108.14","",""
"10/02/2024 16:00:00 - 10/02/2024 17:00:00","BZN|IE(SEM)","Without sequence","118.2","",""
"10/02/2024 17:00:00 - 10/02/2024 18:00:00","BZN|IE(SEM)","Without sequence","128.2","",""
"10/02/2024 18:00:00 - 10/02/2024 19:00:00","BZN|IE(SEM)","Without sequence","153.21","",""
"10/02/2024 19:00:00 - 10/02/2024 20:00:00","BZN|IE(SEM)","Without sequence","154.6","",""
"10/02/2024 20:00:00 - 10/02/2024 21:00:00","BZN|IE(SEM)","Without sequence","132.56","",""
"10/02/2024 21:00:00 - 10/02/2024 22:00:00","BZN|IE(SEM)","Without sequence","97.92","",""
"10/02/2024 22:00:00 - 10/02/2024 23:00:00","BZN|IE(SEM)","Without sequence","92.39","",""
"10/02/2024 23:00:00 - 11/02/2024 00:00:00","BZN|IE(SEM)","Without sequence","86.0","",""
"11/02/2024 00:00:00 - 11/02/2024 01:00:00","BZN|IE(SEM)","Without sequence","102.22","",""
"11/02/2024 01:00:00 - 11/02/2024 02:00:00","BZN|IE(SEM)","Without sequence","98.39","",""
"11/02/2024 02:00:00 - 11/02/2024 03:00:00","BZN|IE(SEM)","Without sequence","97.73","",""
"11/02/2024 03:00:00 - 11/02/2024 04:00:00","BZN|IE(SEM)","Without sequence","87.0","",""
"11/02/2024 04:00:00 - 11/02/2024 05:00:00","BZN|IE(SEM)","Without sequence","81.29","",""
"11/02/2024 05:00:00 - 11/02/2024 06:00:00","BZN|IE(SEM)","Without sequence","76.75","",""
"11/02/2024 06:00:00 - 11/02/2024 07:00:00","BZN|IE(SEM)","Without sequence","71.31","",""
"11/02/2024 07:00:00 - 11/02/2024 08:00:00","BZN|IE(SEM)","Without sequence","75.0","",""
"11/02/2024 08:00:00 - 11/02/2024 09:00:00","BZN|IE(SEM)","Without sequence","68.0","",""
"11/02/2024 09:00:00 - 11/02/2024 10:00:00","BZN|IE(SEM)","Without sequence","75.0","",""
"11/02/2024 10:00:00 - 11/02/2024 11:00:00","BZN|IE(SEM)","Without sequence","92.0","",""
"11/02/2024 11:00:00 - 11/02/2024 12:00:00","BZN|IE(SEM)","Without sequence","94.39","",""
"11/02/2024 12:00:00 - 11/02/2024 13:00:00","BZN|IE(SEM)","Without sequence","88.0","",""
"11/02/2024 13:00:00 - 11/02/2024 14:00:00","BZN|IE(SEM)","Without sequence","85.0","",""
"11/02/2024 14:00:00 - 11/02/2024 15:00:00","BZN|IE(SEM)","Without sequence","71.47","",""
"11/02/2024 15:00:00 - 11/02/2024 16:00:00","BZN|IE(SEM)","Without sequence","67.14","",""
"11/02/2024 16:00:00 - 11/02/2024 17:00:00","BZN|IE(SEM)","Without sequence","71.07","",""
"11/02/2024 17:00:00 - 11/02/2024 18:00:00","BZN|IE(SEM)","Without sequence","88.4","",""
"11/02/2024 18:00:00 - 11/02/2024 19:00:00","BZN|IE(SEM)","Without sequence","117.22","",""
"11/02/2024 19:00:00 - 11/02/2024 20:00:00","BZN|IE(SEM)","Without sequence","123.03","",""
"11/02/2024 20:00:00 - 11/02/2024 21:00:00","BZN|IE(SEM)","Without sequence","106.22","",""
"11/02/2024 21:00:00 - 11/02/2024 22:00:00","BZN|IE(SEM)","Without sequence","86.43","",""
"11/02/2024 22:00:00 - 11/02/2024 23:00:00","BZN|IE(SEM)","Without sequence","78.35","",""
"11/02/2024 23:00:00 - 12/02/2024 00:00:00","BZN|IE(SEM)","Without sequence","67.06","",""
"12/02/2024 00:00:00 - 12/02/2024 01:00:00","BZN|IE(SEM)","Without sequence","64.92","",""
"12/02/2024 01:00:00 - 12/02/2024 02:00:00","BZN|IE(SEM)","Without sequence","67.8","",""
"12/02/2024 02:00:00 - 12/02/2024 03:00:00","BZN|IE(SEM)","Without sequence","69.44","",""
"12/02/2024 03:00:00 - 12/02/2024 04:00:00","BZN|IE(SEM)","Without sequence","69.65","",""
"12/02/2024 04:00:00 - 12/02/2024 05:00:00","BZN|IE(SEM)","Without sequence","70.06","",""
"12/02/2024 05:00:00 - 12/02/2024 06:00:00","BZN|IE(SEM)","Without sequence","72.31","",""
"12/02/2024 06:00:00 - 12/02/2024 07:00:00","BZN|IE(SEM)","Without sequence","75.85","",""
"12/02/2024 07:00:00 - 12/02/2024 08:00:00","BZN|IE(SEM)","Without sequence","90.95","",""
"12/02/2024 08:00:00 - 12/02/2024 09:00:00","BZN|IE(SEM)","Without sequence","99.57","",""
"12/02/2024 09:00:00 - 12/02/2024 10:00:00","BZN|IE(SEM)","Without sequence","96.0","",""
"12/02/2024 10:00:00 - 12/02/2024 11:00:00","BZN|IE(SEM)","Without sequence","89.0","",""
"12/02/2024 11:00:00 - 12/02/2024 12:00:00","BZN|IE(SEM)","Without sequence","76.01","",""
"12/02/2024 12:00:00 - 12/02/2024 13:00:00","BZN|IE(SEM)","Without sequence","69.0","",""
"12/02/2024 13:00:00 - 12/02/2024 14:00:00","BZN|IE(SEM)","Without sequence","64.93","",""
"12/02/2024 14:00:00 - 12/02/2024 15:00:00","BZN|IE(SEM)","Without sequence","64.0","",""
"12/02/2024 15:00:00 - 12/02/2024 16:00:00","BZN|IE(SEM)","Without sequence","65.18","",""
"12/02/2024 16:00:00 - 12/02/2024 17:00:00","BZN|IE(SEM)","Without sequence","66.51","",""
"12/02/2024 17:00:00 - 12/02/2024 18:00:00","BZN|IE(SEM)","Without sequence","79.0","",""
"12/02/2024 18:00:00 - 12/02/2024 19:00:00","BZN|IE(SEM)","Without sequence","98.0","",""
"12/02/2024 19:00:00 - 12/02/2024 20:00:00","BZN|IE(SEM)","Without sequence","99.0","",""
"12/02/2024 20:00:00 - 12/02/2024 21:00:00","BZN|IE(SEM)","Without sequence","95.15","",""
"12/02/2024 21:00:00 - 12/02/2024 22:00:00","BZN|IE(SEM)","Without sequence","84.07","",""
"12/02/2024 22:00:00 - 12/02/2024 23:00:00","BZN|IE(SEM)","Without sequence","76.6","",""
"12/02/2024 23:00:00 - 13/02/2024 00:00:00","BZN|IE(SEM)","Without sequence","68.0","",""
"14/02/2024 00:00:00 - 14/02/2024 01:00:00","BZN|IE(SEM)","Without sequence","75.99","",""
"14/02/2024 01:00:00 - 14/02/2024 02:00:00","BZN|IE(SEM)","Without sequence","74.74","",""
"14/02/2024 02:00:00 - 14/02/2024 03:00:00","BZN|IE(SEM)","Without sequence","74.34","",""
"14/02/2024 03:00:00 - 14/02/2024 04:00:00","BZN|IE(SEM)","Without sequence","72.21","",""
"14/02/2024 04:00:00 - 14/02/2024 05:00:00","BZN|IE(SEM)","Without sequence","69.73","",""
"14/02/2024 05:00:00 - 14/02/2024 06:00:00","BZN|IE(SEM)","Without sequence","67.7","",""
"14/02/2024 06:00:00 - 14/02/2024 07:00:00","BZN|IE(SEM)","Without sequence","69.62","",""
"14/02/2024 07:00:00 - 14/02/2024 08:00:00","BZN|IE(SEM)","Without sequence","75.4","",""
"14/02/2024 08:00:00 - 14/02/2024 09:00:00","BZN|IE(SEM)","Without sequence","82.66","",""
"14/02/2024 09:00:00 - 14/02/2024 10:00:00","BZN|IE(SEM)","Without sequence","80.0","",""
"14/02/2024 10:00:00 - 14/02/2024 11:00:00","BZN|IE(SEM)","Without sequence","82.0","",""
"14/02/2024 11:00:00 - 14/02/2024 12:00:00","BZN|IE(SEM)","Without sequence","80.0","",""
"14/02/2024 12:00:00 - 14/02/2024 13:00:00","BZN|IE(SEM)","Without sequence","80.36","",""
"14/02/2024 13:00:00 - 14/02/2024 14:00:00","BZN|IE(SEM)","Without sequence","79.98","",""
"14/02/2024 14:00:00 - 14/02/2024 15:00:00","BZN|IE(SEM)","Without sequence","79.0","",""
"14/02/2024 15:00:00 - 14/02/2024 16:00:00","BZN|IE(SEM)","Without sequence","81.0","",""
"14/02/2024 16:00:00 - 14/02/2024 17:00:00","BZN|IE(SEM)","Without sequence","88.3","",""
"14/02/2024 17:00:00 - 14/02/2024 18:00:00","BZN|IE(SEM)","Without sequence","110.0","",""
"14/02/2024 18:00:00 - 14/02/2024 19:00:00","BZN|IE(SEM)","Without sequence","145.6","",""
"14/02/2024 19:00:00 - 14/02/2024 20:00:00","BZN|IE(SEM)","Without sequence","155.6","",""
"14/02/2024 20:00:00 - 14/02/2024 21:00:00","BZN|IE(SEM)","Without sequence","120.88","",""
"14/02/2024 21:00:00 - 14/02/2024 22:00:00","BZN|IE(SEM)","Without sequence","94.27","",""
"14/02/2024 22:00:00 - 14/02/2024 23:00:00","BZN|IE(SEM)","Without sequence","84.16","",""
"14/02/2024 23:00:00 - 15/02/2024 00:00:00","BZN|IE(SEM)","Without sequence","72.34","",""
"15/02/2024 00:00:00 - 15/02/2024 01:00:00","BZN|IE(SEM)","Without sequence","69.1","",""
"15/02/2024 01:00:00 - 15/02/2024 02:00:00","BZN|IE(SEM)","Without sequence","71.81","",""
"15/02/2024 02:00:00 - 15/02/2024 03:00:00","BZN|IE(SEM)","Without sequence","69.93","",""
"15/02/2024 03:00:00 - 15/02/2024 04:00:00","BZN|IE(SEM)","Without sequence","70.03","",""
"15/02/2024 04:00:00 - 15/02/2024 05:00:00","BZN|IE(SEM)","Without sequence","72.35","",""
"15/02/2024 05:00:00 - 15/02/2024 06:00:00","BZN|IE(SEM)","Without sequence","71.6","",""
"15/02/2024 06:00:00 - 15/02/2024 07:00:00","BZN|IE(SEM)","Without sequence","76.01","",""
"15/02/2024 07:00:00 - 15/02/2024 08:00:00","BZN|IE(SEM)","Without sequence","79.15","",""
"15/02/2024 08:00:00 - 15/02/2024 09:00:00","BZN|IE(SEM)","Without sequence","87.97","",""
"15/02/2024 09:00:00 - 15/02/2024 10:00:00","BZN|IE(SEM)","Without sequence","103.92","",""
"15/02/2024 10:00:00 - 15/02/2024 11:00:00","BZN|IE(SEM)","Without sequence","145.0","",""
"15/02/2024 11:00:00 - 15/02/2024 12:00:00","BZN|IE(SEM)","Without sequence","155.0","",""
"15/02/2024 12:00:00 - 15/02/2024 13:00:00","BZN|IE(SEM)","Without sequence","155.0","",""
"15/02/2024 13:00:00 - 15/02/2024 14:00:00","BZN|IE(SEM)","Without sequence","155.0","",""
"15/02/2024 14:00:00 - 15/02/2024 15:00:00","BZN|IE(SEM)","Without sequence","141.45","",""
"15/02/2024 15:00:00 - 15/02/2024 16:00:00","BZN|IE(SEM)","Without sequence","135.0","",""
"15/02/2024 16:00:00 - 15/02/2024 17:00:00","BZN|IE(SEM)","Without sequence","135.0","",""
"15/02/2024 17:00:00 - 15/02/2024 18:00:00","BZN|IE(SEM)","Without sequence","132.09","",""
"15/02/2024 18:00:00 - 15/02/2024 19:00:00","BZN|IE(SEM)","Without sequence","175.0","",""
"15/02/2024 19:00:00 - 15/02/2024 20:00:00","BZN|IE(SEM)","Without sequence","180.0","",""
"15/02/2024 20:00:00 - 15/02/2024 21:00:00","BZN|IE(SEM)","Without sequence","112.45","",""
"15/02/2024 21:00:00 - 15/02/2024 22:00:00","BZN|IE(SEM)","Without sequence","88.04","",""
"15/02/2024 22:00:00 - 15/02/2024 23:00:00","BZN|IE(SEM)","Without sequence","81.5","",""
"15/02/2024 23:00:00 - 16/02/2024 00:00:00","BZN|IE(SEM)","Without sequence","72.35","",""
"16/02/2024 00:00:00 - 16/02/2024 01:00:00","BZN|IE(SEM)","Without sequence","75.3","",""
"16/02/2024 01:00:00 - 16/02/2024 02:00:00","BZN|IE(SEM)","Without sequence","69.72","",""
"16/02/2024 02:00:00 - 16/02/2024 03:00:00","BZN|IE(SEM)","Without sequence","70.4","",""
"16/02/2024 03:00:00 - 16/02/2024 04:00:00","BZN|IE(SEM)","Without sequence","67.53","",""
"16/02/2024 04:00:00 - 16/02/2024 05:00:00","BZN|IE(SEM)","Without sequence","65.6","",""
"16/02/2024 05:00:00 - 16/02/2024 06:00:00","BZN|IE(SEM)","Without sequence","65.3","",""
"16/02/2024 06:00:00 - 16/02/2024 07:00:00","BZN|IE(SEM)","Without sequence","66.0","",""
"16/02/2024 07:00:00 - 16/02/2024 08:00:00","BZN|IE(SEM)","Without sequence","75.0","",""
"16/02/2024 08:00:00 - 16/02/2024 09:00:00","BZN|IE(SEM)","Without sequence","77.0","",""
"16/02/2024 09:00:00 - 16/02/2024 10:00:00","BZN|IE(SEM)","Without sequence","81.68","",""
"16/02/2024 10:00:00 - 16/02/2024 11:00:00","BZN|IE(SEM)","Without sequence","85.35","",""
"16/02/2024 11:00:00 - 16/02/2024 12:00:00","BZN|IE(SEM)","Without sequence","86.14","",""
"16/02/2024 12:00:00 - 16/02/2024 13:00:00","BZN|IE(SEM)","Without sequence","80.89","",""
"16/02/2024 13:00:00 - 16/02/2024 14:00:00","BZN|IE(SEM)","Without sequence","77.0","",""
"16/02/2024 14:00:00 - 16/02/2024 15:00:00","BZN|IE(SEM)","Without sequence","77.0","",""
"16/02/2024 15:00:00 - 16/02/2024 16:00:00","BZN|IE(SEM)","Without sequence","88.93","",""
"16/02/2024 16:00:00 - 16/02/2024 17:00:00","BZN|IE(SEM)","Without sequence","99.0","",""
"16/02/2024 17:00:00 - 16/02/2024 18:00:00","BZN|IE(SEM)","Without sequence","115.54","",""
"16/02/2024 18:00:00 - 16/02/2024 19:00:00","BZN|IE(SEM)","Without sequence","149.3","",""
"16/02/2024 19:00:00 - 16/02/2024 20:00:00","BZN|IE(SEM)","Without sequence","176.0","",""
"16/02/2024 20:00:00 - 16/02/2024 21:00:00","BZN|IE(SEM)","Without sequence","132.0","",""
"16/02/2024 21:00:00 - 16/02/2024 22:00:00","BZN|IE(SEM)","Without sequence","106.75","",""
"16/02/2024 22:00:00 - 16/02/2024 23:00:00","BZN|IE(SEM)","Without sequence","90.65","",""
"16/02/2024 23:00:00 - 17/02/2024 00:00:00","BZN|IE(SEM)","Without sequence","82.22","",""
"17/02/2024 00:00:00 - 17/02/2024 01:00:00","BZN|IE(SEM)","Without sequence","100.04","",""
"17/02/2024 01:00:00 - 17/02/2024 02:00:00","BZN|IE(SEM)","Without sequence","81.0","",""
"17/02/2024 02:00:00 - 17/02/2024 03:00:00","BZN|IE(SEM)","Without sequence","74.79","",""
"17/02/2024 03:00:00 - 17/02/2024 04:00:00","BZN|IE(SEM)","Without sequence","78.01","",""
"17/02/2024 04:00:00 - 17/02/2024 05:00:00","BZN|IE(SEM)","Without sequence","71.02","",""
"17/02/2024 05:00:00 - 17/02/2024 06:00:00","BZN|IE(SEM)","Without sequence","67.9","",""
"17/02/2024 06:00:00 - 17/02/2024 07:00:00","BZN|IE(SEM)","Without sequence","66.09","",""
"17/02/2024 07:00:00 - 17/02/2024 08:00:00","BZN|IE(SEM)","Without sequence","66.95","",""
"17/02/2024 08:00:00 - 17/02/2024 09:00:00","BZN|IE(SEM)","Without sequence","70.41","",""
"17/02/2024 09:00:00 - 17/02/2024 10:00:00","BZN|IE(SEM)","Without sequence","72.69","",""
"17/02/2024 10:00:00 - 17/02/2024 11:00:00","BZN|IE(SEM)","Without sequence","78.42","",""
"17/02/2024 11:00:00 - 17/02/2024 12:00:00","BZN|IE(SEM)","Without sequence","71.0","",""
"17/02/2024 12:00:00 - 17/02/2024 13:00:00","BZN|IE(SEM)","Without sequence","67.22","",""
"17/02/2024 13:00:00 - 17/02/2024 14:00:00","BZN|IE(SEM)","Without sequence","66.4","",""
"17/02/2024 14:00:00 - 17/02/2024 15:00:00","BZN|IE(SEM)","Without sequence","67.0","",""
"17/02/2024 15:00:00 - 17/02/2024 16:00:00","BZN|IE(SEM)","Without sequence","66.27","",""
"17/02/2024 16:00:00 - 17/02/2024 17:00:00","BZN|IE(SEM)","Without sequence","68.4","",""
"17/02/2024 17:00:00 - 17/02/2024 18:00:00","BZN|IE(SEM)","Without sequence","76.8","",""
"17/02/2024 18:00:00 - 17/02/2024 19:00:00","BZN|IE(SEM)","Without sequence","105.0","",""
"17/02/2024 19:00:00 - 17/02/2024 20:00:00","BZN|IE(SEM)","Without sequence","123.0","",""
"17/02/2024 20:00:00 - 17/02/2024 21:00:00","BZN|IE(SEM)","Without sequence","118.0","",""
"17/02/2024 21:00:00 - 17/02/2024 22:00:00","BZN|IE(SEM)","Without sequence","102.2","",""
"17/02/2024 22:00:00 - 17/02/2024 23:00:00","BZN|IE(SEM)","Without sequence","93.01","",""
"17/02/2024 23:00:00 - 18/02/2024 00:00:00","BZN|IE(SEM)","Without sequence","91.16","",""
"18/02/2024 00:00:00 - 18/02/2024 01:00:00","BZN|IE(SEM)","Without sequence","71.74","",""
"18/02/2024 01:00:00 - 18/02/2024 02:00:00","BZN|IE(SEM)","Without sequence","70.74","",""
"18/02/2024 02:00:00 - 18/02/2024 03:00:00","BZN|IE(SEM)","Without sequence","74.6","",""
"18/02/2024 03:00:00 - 18/02/2024 04:00:00","BZN|IE(SEM)","Without sequence","74.71","",""
"18/02/2024 04:00:00 - 18/02/2024 05:00:00","BZN|IE(SEM)","Without sequence","71.37","",""
"18/02/2024 05:00:00 - 18/02/2024 06:00:00","BZN|IE(SEM)","Without sequence","71.37","",""
"18/02/2024 06:00:00 - 18/02/2024 07:00:00","BZN|IE(SEM)","Without sequence","65.02","",""
"18/02/2024 07:00:00 - 18/02/2024 08:00:00","BZN|IE(SEM)","Without sequence","65.4","",""
"18/02/2024 08:00:00 - 18/02/2024 09:00:00","BZN|IE(SEM)","Without sequence","65.57","",""
"18/02/2024 09:00:00 - 18/02/2024 10:00:00","BZN|IE(SEM)","Without sequence","70.35","",""
"18/02/2024 10:00:00 - 18/02/2024 11:00:00","BZN|IE(SEM)","Without sequence","74.72","",""
"18/02/2024 11:00:00 - 18/02/2024 12:00:00","BZN|IE(SEM)","Without sequence","80.76","",""
"18/02/2024 12:00:00 - 18/02/2024 13:00:00","BZN|IE(SEM)","Without sequence","88.0","",""
"18/02/2024 13:00:00 - 18/02/2024 14:00:00","BZN|IE(SEM)","Without sequence","88.0","",""
"18/02/2024 14:00:00 - 18/02/2024 15:00:00","BZN|IE(SEM)","Without sequence","78.51","",""
"18/02/2024 15:00:00 - 18/02/2024 16:00:00","BZN|IE(SEM)","Without sequence","73.07","",""
"18/02/2024 16:00:00 - 18/02/2024 17:00:00","BZN|IE(SEM)","Without sequence","70.09","",""
"18/02/2024 17:00:00 - 18/02/2024 18:00:00","BZN|IE(SEM)","Without sequence","80.0","",""
"18/02/2024 18:00:00 - 18/02/2024 19:00:00","BZN|IE(SEM)","Without sequence","101.39","",""
"18/02/2024 19:00:00 - 18/02/2024 20:00:00","BZN|IE(SEM)","Without sequence","104.99","",""
"18/02/2024 20:00:00 - 18/02/2024 21:00:00","BZN|IE(SEM)","Without sequence","85.0","",""
"18/02/2024 21:00:00 - 18/02/2024 22:00:00","BZN|IE(SEM)","Without sequence","69.38","",""
"18/02/2024 22:00:00 - 18/02/2024 23:00:00","BZN|IE(SEM)","Without sequence","71.0","",""
"18/02/2024 23:00:00 - 19/02/2024 00:00:00","BZN|IE(SEM)","Without sequence","61.75","",""
"19/02/2024 00:00:00 - 19/02/2024 01:00:00","BZN|IE(SEM)","Without sequence","59.73","",""
"19/02/2024 01:00:00 - 19/02/2024 02:00:00","BZN|IE(SEM)","Without sequence","58.82","",""
"19/02/2024 02:00:00 - 19/02/2024 03:00:00","BZN|IE(SEM)","Without sequence","53.07","",""
"19/02/2024 03:00:00 - 19/02/2024 04:00:00","BZN|IE(SEM)","Without sequence","48.5","",""
"19/02/2024 04:00:00 - 19/02/2024 05:00:00","BZN|IE(SEM)","Without sequence","49.46","",""
"19/02/2024 05:00:00 - 19/02/2024 06:00:00","BZN|IE(SEM)","Without sequence","52.0","",""
"19/02/2024 06:00:00 - 19/02/2024 07:00:00","BZN|IE(SEM)","Without sequence","62.63","",""
"19/02/2024 07:00:00 - 19/02/2024 08:00:00","BZN|IE(SEM)","Without sequence","76.45","",""
"19/02/2024 08:00:00 - 19/02/2024 09:00:00","BZN|IE(SEM)","Without sequence","90.35","",""
"19/02/2024 09:00:00 - 19/02/2024 10:00:00","BZN|IE(SEM)","Without sequence","109.6","",""
"19/02/2024 10:00:00 - 19/02/2024 11:00:00","BZN|IE(SEM)","Without sequence","115.0","",""
"19/02/2024 11:00:00 - 19/02/2024 12:00:00","BZN|IE(SEM)","Without sequence","120.0","",""
"19/02/2024 12:00:00 - 19/02/2024 13:00:00","BZN|IE(SEM)","Without sequence","92.0","",""
"19/02/2024 13:00:00 - 19/02/2024 14:00:00","BZN|IE(SEM)","Without sequence","82.66","",""
"19/02/2024 14:00:00 - 19/02/2024 15:00:00","BZN|IE(SEM)","Without sequence","77.23","",""
"19/02/2024 15:00:00 - 19/02/2024 16:00:00","BZN|IE(SEM)","Without sequence","78.51","",""
"19/02/2024 16:00:00 - 19/02/2024 17:00:00","BZN|IE(SEM)","Without sequence","91.0","",""
"19/02/2024 17:00:00 - 19/02/2024 18:00:00","BZN|IE(SEM)","Without sequence","107.58","",""
"19/02/2024 18:00:00 - 19/02/2024 19:00:00","BZN|IE(SEM)","Without sequence","110.0","",""
"19/02/2024 19:00:00 - 19/02/2024 20:00:00","BZN|IE(SEM)","Without sequence","110.51","",""
"19/02/2024 20:00:00 - 19/02/2024 21:00:00","BZN|IE(SEM)","Without sequence","92.0","",""
"19/02/2024 21:00:00 - 19/02/2024 22:00:00","BZN|IE(SEM)","Without sequence","72.0","",""
"19/02/2024 22:00:00 - 19/02/2024 23:00:00","BZN|IE(SEM)","Without sequence","71.55","",""
"19/02/2024 23:00:00 - 20/02/2024 00:00:00","BZN|IE(SEM)","Without sequence","61.72","",""
"20/02/2024 00:00:00 - 20/02/2024 01:00:00","BZN|IE(SEM)","Without sequence","56.12","",""
"20/02/2024 01:00:00 - 20/02/2024 02:00:00","BZN|IE(SEM)","Without sequence","48.0","",""
"20/02/2024 02:00:00 - 20/02/2024 03:00:00","BZN|IE(SEM)","Without sequence","47.0","",""
"20/02/2024 03:00:00 - 20/02/2024 04:00:00","BZN|IE(SEM)","Without sequence","46.84","",""
"20/02/2024 04:00:00 - 20/02/2024 05:00:00","BZN|IE(SEM)","Without sequence","43.0","",""
"20/02/2024 05:00:00 - 20/02/2024 06:00:00","BZN|IE(SEM)","Without sequence","41.22","",""
"20/02/2024 06:00:00 - 20/02/2024 07:00:00","BZN|IE(SEM)","Without sequence","44.49","",""
"20/02/2024 07:00:00 - 20/02/2024 08:00:00","BZN|IE(SEM)","Without sequence","51.0","",""
"20/02/2024 08:00:00 - 20/02/2024 09:00:00","BZN|IE(SEM)","Without sequence","75.0","",""
"20/02/2024 09:00:00 - 20/02/2024 10:00:00","BZN|IE(SEM)","Without sequence","76.54","",""
"20/02/2024 10:00:00 - 20/02/2024 11:00:00","BZN|IE(SEM)","Without sequence","74.72","",""
"20/02/2024 11:00:00 - 20/02/2024 12:00:00","BZN|IE(SEM)","Without sequence","71.77","",""
"20/02/2024 12:00:00 - 20/02/2024 13:00:00","BZN|IE(SEM)","Without sequence","66.97","",""
"20/02/2024 13:00:00 - 20/02/2024 14:00:00","BZN|IE(SEM)","Without sequence","65.64","",""
"20/02/2024 14:00:00 - 20/02/2024 15:00:00","BZN|IE(SEM)","Without sequence","74.42","",""
"20/02/2024 15:00:00 - 20/02/2024 16:00:00","BZN|IE(SEM)","Without sequence","74.84","",""
"20/02/2024 16:00:00 - 20/02/2024 17:00:00","BZN|IE(SEM)","Without sequence","83.48","",""
"20/02/2024 17:00:00 - 20/02/2024 18:00:00","BZN|IE(SEM)","Without sequence","88.0","",""
"20/02/2024 18:00:00 - 20/02/2024 19:00:00","BZN|IE(SEM)","Without sequence","155.0","",""
"20/02/2024 19:00:00 - 20/02/2024 20:00:00","BZN|IE(SEM)","Without sequence","190.0","",""
"20/02/2024 20:00:00 - 20/02/2024 21:00:00","BZN|IE(SEM)","Without sequence","164.0","",""
"20/02/2024 21:00:00 - 20/02/2024 22:00:00","BZN|IE(SEM)","Without sequence","105.03","",""
"20/02/2024 22:00:00 - 20/02/2024 23:00:00","BZN|IE(SEM)","Without sequence","75.34","",""
"20/02/2024 23:00:00 - 21/02/2024 00:00:00","BZN|IE(SEM)","Without sequence","67.16","",""
"21/02/2024 00:00:00 - 21/02/2024 01:00:00","BZN|IE(SEM)","Without sequence","70.41","",""
"21/02/2024 01:00:00 - 21/02/2024 02:00:00","BZN|IE(SEM)","Without sequence","59.0","",""
"21/02/2024 02:00:00 - 21/02/2024 03:00:00","BZN|IE(SEM)","Without sequence","53.83","",""
"21/02/2024 03:00:00 - 21/02/2024 04:00:00","BZN|IE(SEM)","Without sequence","35.88","",""
"21/02/2024 04:00:00 - 21/02/2024 05:00:00","BZN|IE(SEM)","Without sequence","25.0","",""
"21/02/2024 05:00:00 - 21/02/2024 06:00:00","BZN|IE(SEM)","Without sequence","20.21","",""
"21/02/2024 06:00:00 - 21/02/2024 07:00:00","BZN|IE(SEM)","Without sequence","25.0","",""
"21/02/2024 07:00:00 - 21/02/2024 08:00:00","BZN|IE(SEM)","Without sequence","49.58","",""
"21/02/2024 08:00:00 - 21/02/2024 09:00:00","BZN|IE(SEM)","Without sequence","65.62","",""
"21/02/2024 09:00:00 - 21/02/2024 10:00:00","BZN|IE(SEM)","Without sequence","67.88","",""
"21/02/2024 10:00:00 - 21/02/2024 11:00:00","BZN|IE(SEM)","Without sequence","63.0","",""
"21/02/2024 11:00:00 - 21/02/2024 12:00:00","BZN|IE(SEM)","Without sequence","59.0","",""
"21/02/2024 12:00:00 - 21/02/2024 13:00:00","BZN|IE(SEM)","Without sequence","58.17","",""
"21/02/2024 13:00:00 - 21/02/2024 14:00:00","BZN|IE(SEM)","Without sequence","58.99","",""
"21/02/2024 14:00:00 - 21/02/2024 15:00:00","BZN|IE(SEM)","Without sequence","56.08","",""
"21/02/2024 15:00:00 - 21/02/2024 16:00:00","BZN|IE(SEM)","Without sequence","59.98","",""
"21/02/2024 16:00:00 - 21/02/2024 17:00:00","BZN|IE(SEM)","Without sequence","66.0","",""
"21/02/2024 17:00:00 - 21/02/2024 18:00:00","BZN|IE(SEM)","Without sequence","81.0","",""
"21/02/2024 18:00:00 - 21/02/2024 19:00:00","BZN|IE(SEM)","Without sequence","110.07","",""
"21/02/2024 19:00:00 - 21/02/2024 20:00:00","BZN|IE(SEM)","Without sequence","107.34","",""
"21/02/2024 20:00:00 - 21/02/2024 21:00:00","BZN|IE(SEM)","Without sequence","89.03","",""
"21/02/2024 21:00:00 - 21/02/2024 22:00:00","BZN|IE(SEM)","Without sequence","68.32","",""
"21/02/2024 22:00:00 - 21/02/2024 23:00:00","BZN|IE(SEM)","Without sequence","62.23","",""
"21/02/2024 23:00:00 - 22/02/2024 00:00:00","BZN|IE(SEM)","Without sequence","44.59","",""
"22/02/2024 00:00:00 - 22/02/2024 01:00:00","BZN|IE(SEM)","Without sequence","34.87","",""
"22/02/2024 01:00:00 - 22/02/2024 02:00:00","BZN|IE(SEM)","Without sequence","35.0","",""
"22/02/2024 02:00:00 - 22/02/2024 03:00:00","BZN|IE(SEM)","Without sequence","34.3","",""
"22/02/2024 03:00:00 - 22/02/2024 04:00:00","BZN|IE(SEM)","Without sequence","37.15","",""
"22/02/2024 04:00:00 - 22/02/2024 05:00:00","BZN|IE(SEM)","Without sequence","43.4","",""
"22/02/2024 05:00:00 - 22/02/2024 06:00:00","BZN|IE(SEM)","Without sequence","53.22","",""
"22/02/2024 06:00:00 - 22/02/2024 07:00:00","BZN|IE(SEM)","Without sequence","59.85","",""
"22/02/2024 07:00:00 - 22/02/2024 08:00:00","BZN|IE(SEM)","Without sequence","75.0","",""
"22/02/2024 08:00:00 - 22/02/2024 09:00:00","BZN|IE(SEM)","Without sequence","98.01","",""
"22/02/2024 09:00:00 - 22/02/2024 10:00:00","BZN|IE(SEM)","Without sequence","115.89","",""
"22/02/2024 10:00:00 - 22/02/2024 11:00:00","BZN|IE(SEM)","Without sequence","113.35","",""
"22/02/2024 11:00:00 - 22/02/2024 12:00:00","BZN|IE(SEM)","Without sequence","94.66","",""
"22/02/2024 12:00:00 - 22/02/2024 13:00:00","BZN|IE(SEM)","Without sequence","82.0","",""
"22/02/2024 13:00:00 - 22/02/2024 14:00:00","BZN|IE(SEM)","Without sequence","80.01","",""
"22/02/2024 14:00:00 - 22/02/2024 15:00:00","BZN|IE(SEM)","Without sequence","72.01","",""
"22/02/2024 15:00:00 - 22/02/2024 16:00:00","BZN|IE(SEM)","Without sequence","70.02","",""
"22/02/2024 16:00:00 - 22/02/2024 17:00:00","BZN|IE(SEM)","Without sequence","67.27","",""
"22/02/2024 17:00:00 - 22/02/2024 18:00:00","BZN|IE(SEM)","Without sequence","70.92","",""
"22/02/2024 18:00:00 - 22/02/2024 19:00:00","BZN|IE(SEM)","Without sequence","89.0","",""
"22/02/2024 19:00:00 - 22/02/2024 20:00:00","BZN|IE(SEM)","Without sequence","105.14","",""
"22/02/2024 20:00:00 - 22/02/2024 21:00:00","BZN|IE(SEM)","Without sequence","93.01","",""
"22/02/2024 21:00:00 - 22/02/2024 22:00:00","BZN|IE(SEM)","Without sequence","77.07","",""
"22/02/2024 22:00:00 - 22/02/2024 23:00:00","BZN|IE(SEM)","Without sequence","75.93","",""
"22/02/2024 23:00:00 - 23/02/2024 00:00:00","BZN|IE(SEM)","Without sequence","53.64","",""
"23/02/2024 00:00:00 - 23/02/2024 01:00:00","BZN|IE(SEM)","Without sequence","60.4","",""
"23/02/2024 01:00:00 - 23/02/2024 02:00:00","BZN|IE(SEM)","Without sequence","61.07","",""
"23/02/2024 02:00:00 - 23/02/2024 03:00:00","BZN|IE(SEM)","Without sequence","60.67","",""
"23/02/2024 03:00:00 - 23/02/2024 04:00:00","BZN|IE(SEM)","Without sequence","52.0","",""
"23/02/2024 04:00:00 - 23/02/2024 05:00:00","BZN|IE(SEM)","Without sequence","46.76","",""
"23/02/2024 05:00:00 - 23/02/2024 06:00:00","BZN|IE(SEM)","Without sequence","46.9","",""
"23/02/2024 06:00:00 - 23/02/2024 07:00:00","BZN|IE(SEM)","Without sequence","54.0","",""
"23/02/2024 07:00:00 - 23/02/2024 08:00:00","BZN|IE(SEM)","Without sequence","72.31","",""
"23/02/2024 08:00:00 - 23/02/2024 09:00:00","BZN|IE(SEM)","Without sequence","76.18","",""
"23/02/2024 09:00:00 - 23/02/2024 10:00:00","BZN|IE(SEM)","Without sequence","87.54","",""
"23/02/2024 10:00:00 - 23/02/2024 11:00:00","BZN|IE(SEM)","Without sequence","86.56","",""
"23/02/2024 11:00:00 - 23/02/2024 12:00:00","BZN|IE(SEM)","Without sequence","73.32","",""
"23/02/2024 12:00:00 - 23/02/2024 13:00:00","BZN|IE(SEM)","Without sequence","68.75","",""
"23/02/2024 13:00:00 - 23/02/2024 14:00:00","BZN|IE(SEM)","Without sequence","68.12","",""
"23/02/2024 14:00:00 - 23/02/2024 15:00:00","BZN|IE(SEM)","Without sequence","67.04","",""
"23/02/2024 15:00:00 - 23/02/2024 16:00:00","BZN|IE(SEM)","Without sequence","69.0","",""
"23/02/2024 16:00:00 - 23/02/2024 17:00:00","BZN|IE(SEM)","Without sequence","70.38","",""
"23/02/2024 17:00:00 - 23/02/2024 18:00:00","BZN|IE(SEM)","Without sequence","78.2","",""
"23/02/2024 18:00:00 - 23/02/2024 19:00:00","BZN|IE(SEM)","Without sequence","94.25","",""
"23/02/2024 19:00:00 - 23/02/2024 20:00:00","BZN|IE(SEM)","Without sequence","103.19","",""
"23/02/2024 20:00:00 - 23/02/2024 21:00:00","BZN|IE(SEM)","Without sequence","99.15","",""
"23/02/2024 21:00:00 - 23/02/2024 22:00:00","BZN|IE(SEM)","Without sequence","84.17","",""
"23/02/2024 22:00:00 - 23/02/2024 23:00:00","BZN|IE(SEM)","Without sequence","79.7","",""
"23/02/2024 23:00:00 - 24/02/2024 00:00:00","BZN|IE(SEM)","Without sequence","76.0","",""
"24/02/2024 00:00:00 - 24/02/2024 01:00:00","BZN|IE(SEM)","Without sequence","73.23","",""
"24/02/2024 01:00:00 - 24/02/2024 02:00:00","BZN|IE(SEM)","Without sequence","69.29","",""
"24/02/2024 02:00:00 - 24/02/2024 03:00:00","BZN|IE(SEM)","Without sequence","77.0","",""
"24/02/2024 03:00:00 - 24/02/2024 04:00:00","BZN|IE(SEM)","Without sequence","72.76","",""
"24/02/2024 04:00:00 - 24/02/2024 05:00:00","BZN|IE(SEM)","Without sequence","69.89","",""
"24/02/2024 05:00:00 - 24/02/2024 06:00:00","BZN|IE(SEM)","Without sequence","68.02","",""
"24/02/2024 06:00:00 - 24/02/2024 07:00:00","BZN|IE(SEM)","Without sequence","68.2","",""
"24/02/2024 07:00:00 - 24/02/2024 08:00:00","BZN|IE(SEM)","Without sequence","73.08","",""
"24/02/2024 08:00:00 - 24/02/2024 09:00:00","BZN|IE(SEM)","Without sequence","71.53","",""
"24/02/2024 09:00:00 - 24/02/2024 10:00:00","BZN|IE(SEM)","Without sequence","71.42","",""
"24/02/2024 10:00:00 - 24/02/2024 11:00:00","BZN|IE(SEM)","Without sequence","78.61","",""
"24/02/2024 11:00:00 - 24/02/2024 12:00:00","BZN|IE(SEM)","Without sequence","74.98","",""
"24/02/2024 12:00:00 - 24/02/2024 13:00:00","BZN|IE(SEM)","Without sequence","74.98","",""
"24/02/2024 13:00:00 - 24/02/2024 14:00:00","BZN|IE(SEM)","Without sequence","77.42","",""
"24/02/2024 14:00:00 - 24/02/2024 15:00:00","BZN|IE(SEM)","Without sequence","87.09","",""
"24/02/2024 15:00:00 - 24/02/2024 16:00:00","BZN|IE(SEM)","Without sequence","95.0","",""
"24/02/2024 16:00:00 - 24/02/2024 17:00:00","BZN|IE(SEM)","Without sequence","113.15","",""
"24/02/2024 17:00:00 - 24/02/2024 18:00:00","BZN|IE(SEM)","Without sequence","138.52","",""
"24/02/2024 18:00:00 - 24/02/2024 19:00:00","BZN|IE(SEM)","Without sequence","194.37","",""
"24/02/2024 19:00:00 - 24/02/2024 20:00:00","BZN|IE(SEM)","Without sequence","215.4","",""
"24/02/2024 20:00:00 - 24/02/2024 21:00:00","BZN|IE(SEM)","Without sequence","195.0","",""
"24/02/2024 21:00:00 - 24/02/2024 22:00:00","BZN|IE(SEM)","Without sequence","195.0","",""
"24/02/2024 22:00:00 - 24/02/2024 23:00:00","BZN|IE(SEM)","Without sequence","167.77","",""
"24/02/2024 23:00:00 - 25/02/2024 00:00:00","BZN|IE(SEM)","Without sequence","92.46","",""
"25/02/2024 00:00:00 - 25/02/2024 01:00:00","BZN|IE(SEM)","Without sequence","84.32","",""
"25/02/2024 01:00:00 - 25/02/2024 02:00:00","BZN|IE(SEM)","Without sequence","86.3","",""
"25/02/2024 02:00:00 - 25/02/2024 03:00:00","BZN|IE(SEM)","Without sequence","83.76","",""
"25/02/2024 03:00:00 - 25/02/2024 04:00:00","BZN|IE(SEM)","Without sequence","75.45","",""
"25/02/2024 04:00:00 - 25/02/2024 05:00:00","BZN|IE(SEM)","Without sequence","69.65","",""
"25/02/2024 05:00:00 - 25/02/2024 06:00:00","BZN|IE(SEM)","Without sequence","66.05","",""
"25/02/2024 06:00:00 - 25/02/2024 07:00:00","BZN|IE(SEM)","Without sequence","61.9","",""
"25/02/2024 07:00:00 - 25/02/2024 08:00:00","BZN|IE(SEM)","Without sequence","65.0","",""
"25/02/2024 08:00:00 - 25/02/2024 09:00:00","BZN|IE(SEM)","Without sequence","65.59","",""
"25/02/2024 09:00:00 - 25/02/2024 10:00:00","BZN|IE(SEM)","Without sequence","66.0","",""
"25/02/2024 10:00:00 - 25/02/2024 11:00:00","BZN|IE(SEM)","Without sequence","80.0","",""
"25/02/2024 11:00:00 - 25/02/2024 12:00:00","BZN|IE(SEM)","Without sequence","72.05","",""
"25/02/2024 12:00:00 - 25/02/2024 13:00:00","BZN|IE(SEM)","Without sequence","77.0","",""
"25/02/2024 13:00:00 - 25/02/2024 14:00:00","BZN|IE(SEM)","Without sequence","84.0","",""
"25/02/2024 14:00:00 - 25/02/2024 15:00:00","BZN|IE(SEM)","Without sequence","80.0","",""
"25/02/2024 15:00:00 - 25/02/2024 16:00:00","BZN|IE(SEM)","Without sequence","70.29","",""
"25/02/2024 16:00:00 - 25/02/2024 17:00:00","BZN|IE(SEM)","Without sequence","71.0","",""
"25/02/2024 17:00:00 - 25/02/2024 18:00:00","BZN|IE(SEM)","Without sequence","78.8","",""
"25/02/2024 18:00:00 - 25/02/2024 19:00:00","BZN|IE(SEM)","Without sequence","91.0","",""
"25/02/2024 19:00:00 - 25/02/2024 20:00:00","BZN|IE(SEM)","Without sequence","91.0","",""
"25/02/2024 20:00:00 - 25/02/2024 21:00:00","BZN|IE(SEM)","Without sequence","80.32","",""
"25/02/2024 21:00:00 - 25/02/2024 22:00:00","BZN|IE(SEM)","Without sequence","77.0","",""
"25/02/2024 22:00:00 - 25/02/2024 23:00:00","BZN|IE(SEM)","Without sequence","80.0","",""
"25/02/2024 23:00:00 - 26/02/2024 00:00:00","BZN|IE(SEM)","Without sequence","65.0","",""
"26/02/2024 00:00:00 - 26/02/2024 01:00:00","BZN|IE(SEM)","Without sequence","58.26","",""
"26/02/2024 01:00:00 - 26/02/2024 02:00:00","BZN|IE(SEM)","Without sequence","56.27","",""
"26/02/2024 02:00:00 - 26/02/2024 03:00:00","BZN|IE(SEM)","Without sequence","54.72","",""
"26/02/2024 03:00:00 - 26/02/2024 04:00:00","BZN|IE(SEM)","Without sequence","52.67","",""
"26/02/2024 04:00:00 - 26/02/2024 05:00:00","BZN|IE(SEM)","Without sequence","52.23","",""
"26/02/2024 05:00:00 - 26/02/2024 06:00:00","BZN|IE(SEM)","Without sequence","52.71","",""
"26/02/2024 06:00:00 - 26/02/2024 07:00:00","BZN|IE(SEM)","Without sequence","59.56","",""
"26/02/2024 07:00:00 - 26/02/2024 08:00:00","BZN|IE(SEM)","Without sequence","72.95","",""
"26/02/2024 08:00:00 - 26/02/2024 09:00:00","BZN|IE(SEM)","Without sequence","75.92","",""
"26/02/2024 09:00:00 - 26/02/2024 10:00:00","BZN|IE(SEM)","Without sequence","75.05","",""
"26/02/2024 10:00:00 - 26/02/2024 11:00:00","BZN|IE(SEM)","Without sequence","75.0","",""
"26/02/2024 11:00:00 - 26/02/2024 12:00:00","BZN|IE(SEM)","Without sequence","70.21","",""
"26/02/2024 12:00:00 - 26/02/2024 13:00:00","BZN|IE(SEM)","Without sequence","67.0","",""
"26/02/2024 13:00:00 - 26/02/2024 14:00:00","BZN|IE(SEM)","Without sequence","68.9","",""
"26/02/2024 14:00:00 - 26/02/2024 15:00:00","BZN|IE(SEM)","Without sequence","73.0","",""
"26/02/2024 15:00:00 - 26/02/2024 16:00:00","BZN|IE(SEM)","Without sequence","77.0","",""
"26/02/2024 16:00:00 - 26/02/2024 17:00:00","BZN|IE(SEM)","Without sequence","89.35","",""
"26/02/2024 17:00:00 - 26/02/2024 18:00:00","BZN|IE(SEM)","Without sequence","141.0","",""
"26/02/2024 18:00:00 - 26/02/2024 19:00:00","BZN|IE(SEM)","Without sequence","209.22","",""
"26/02/2024 19:00:00 - 26/02/2024 20:00:00","BZN|IE(SEM)","Without sequence","285.0","",""
"26/02/2024 20:00:00 - 26/02/2024 21:00:00","BZN|IE(SEM)","Without sequence","229.9","",""
"26/02/2024 21:00:00 - 26/02/2024 22:00:00","BZN|IE(SEM)","Without sequence","200.0","",""
"26/02/2024 22:00:00 - 26/02/2024 23:00:00","BZN|IE(SEM)","Without sequence","96.37","",""
"26/02/2024 23:00:00 - 27/02/2024 00:00:00","BZN|IE(SEM)","Without sequence","70.41","",""
"28/02/2024 00:00:00 - 28/02/2024 01:00:00","BZN|IE(SEM)","Without sequence","92.19","",""
"28/02/2024 01:00:00 - 28/02/2024 02:00:00","BZN|IE(SEM)","Without sequence","72.1","",""
"28/02/2024 02:00:00 - 28/02/2024 03:00:00","BZN|IE(SEM)","Without sequence","72.61","",""
"28/02/2024 03:00:00 - 28/02/2024 04:00:00","BZN|IE(SEM)","Without sequence","71.61","",""
"28/02/2024 04:00:00 - 28/02/2024 05:00:00","BZN|IE(SEM)","Without sequence","64.27","",""
"28/02/2024 05:00:00 - 28/02/2024 06:00:00","BZN|IE(SEM)","Without sequence","61.87","",""
"28/02/2024 06:00:00 - 28/02/2024 07:00:00","BZN|IE(SEM)","Without sequence","67.54","",""
"28/02/2024 07:00:00 - 28/02/2024 08:00:00","BZN|IE(SEM)","Without sequence","77.11","",""
"28/02/2024 08:00:00 - 28/02/2024 09:00:00","BZN|IE(SEM)","Without sequence","88.06","",""
"28/02/2024 09:00:00 - 28/02/2024 10:00:00","BZN|IE(SEM)","Without sequence","86.12","",""
"28/02/2024 10:00:00 - 28/02/2024 11:00:00","BZN|IE(SEM)","Without sequence","78.64","",""
"28/02/2024 11:00:00 - 28/02/2024 12:00:00","BZN|IE(SEM)","Without sequence","72.07","",""
"28/02/2024 12:00:00 - 28/02/2024 13:00:00","BZN|IE(SEM)","Without sequence","70.07","",""
"28/02/2024 13:00:00 - 28/02/2024 14:00:00","BZN|IE(SEM)","Without sequence","68.06","",""
"28/02/2024 14:00:00 - 28/02/2024 15:00:00","BZN|IE(SEM)","Without sequence","65.56","",""
"28/02/2024 15:00:00 - 28/02/2024 16:00:00","BZN|IE(SEM)","Without sequence","68.04","",""
"28/02/2024 16:00:00 - 28/02/2024 17:00:00","BZN|IE(SEM)","Without sequence","69.0","",""
"28/02/2024 17:00:00 - 28/02/2024 18:00:00","BZN|IE(SEM)","Without sequence","74.68","",""
"28/02/2024 18:00:00 - 28/02/2024 19:00:00","BZN|IE(SEM)","Without sequence","88.97","",""
"28/02/2024 19:00:00 - 28/02/2024 20:00:00","BZN|IE(SEM)","Without sequence","89.23","",""
"28/02/2024 20:00:00 - 28/02/2024 21:00:00","BZN|IE(SEM)","Without sequence","75.87","",""
"28/02/2024 21:00:00 - 28/02/2024 22:00:00","BZN|IE(SEM)","Without sequence","66.17","",""
"28/02/2024 22:00:00 - 28/02/2024 23:00:00","BZN|IE(SEM)","Without sequence","61.45","",""
"28/02/2024 23:00:00 - 29/02/2024 00:00:00","BZN|IE(SEM)","Without sequence","50.0","",""
"29/02/2024 00:00:00 - 29/02/2024 01:00:00","BZN|IE(SEM)","Without sequence","50.63","",""
"29/02/2024 01:00:00 - 29/02/2024 02:00:00","BZN|IE(SEM)","Without sequence","48.0","",""
"29/02/2024 02:00:00 - 29/02/2024 03:00:00","BZN|IE(SEM)","Without sequence","47.0","",""
"29/02/2024 03:00:00 - 29/02/2024 04:00:00","BZN|IE(SEM)","Without sequence","45.0","",""
"29/02/2024 04:00:00 - 29/02/2024 05:00:00","BZN|IE(SEM)","Without sequence","46.0","",""
"29/02/2024 05:00:00 - 29/02/2024 06:00:00","BZN|IE(SEM)","Without sequence","46.79","",""
"29/02/2024 06:00:00 - 29/02/2024 07:00:00","BZN|IE(SEM)","Without sequence","56.49","",""
"29/02/2024 07:00:00 - 29/02/2024 08:00:00","BZN|IE(SEM)","Without sequence","71.89","",""
"29/02/2024 08:00:00 - 29/02/2024 09:00:00","BZN|IE(SEM)","Without sequence","80.0","",""
"29/02/2024 09:00:00 - 29/02/2024 10:00:00","BZN|IE(SEM)","Without sequence","80.41","",""
"29/02/2024 10:00:00 - 29/02/2024 11:00:00","BZN|IE(SEM)","Without sequence","79.0","",""
"29/02/2024 11:00:00 - 29/02/2024 12:00:00","BZN|IE(SEM)","Without sequence","74.35","",""
"29/02/2024 12:00:00 - 29/02/2024 13:00:00","BZN|IE(SEM)","Without sequence","71.6","",""
"29/02/2024 13:00:00 - 29/02/2024 14:00:00","BZN|IE(SEM)","Without sequence","74.98","",""
"29/02/2024 14:00:00 - 29/02/2024 15:00:00","BZN|IE(SEM)","Without sequence","75.53","",""
"29/02/2024 15:00:00 - 29/02/2024 16:00:00","BZN|IE(SEM)","Without sequence","72.05","",""
"29/02/2024 16:00:00 - 29/02/2024 17:00:00","BZN|IE(SEM)","Without sequence","75.87","",""
"29/02/2024 17:00:00 - 29/02/2024 18:00:00","BZN|IE(SEM)","Without sequence","80.21","",""
"29/02/2024 18:00:00 - 29/02/2024 19:00:00","BZN|IE(SEM)","Without sequence","101.43","",""
"29/02/2024 19:00:00 - 29/02/2024 20:00:00","BZN|IE(SEM)","Without sequence","118.0","",""
"29/02/2024 20:00:00 - 29/02/2024 21:00:00","BZN|IE(SEM)","Without sequence","108.99","",""
"29/02/2024 21:00:00 - 29/02/2024 22:00:00","BZN|IE(SEM)","Without sequence","97.68","",""
"29/02/2024 22:00:00 - 29/02/2024 23:00:00","BZN|IE(SEM)","Without sequence","84.82","",""
"29/02/2024 23:00:00 - 01/03/2024 00:00:00","BZN|IE(SEM)","Without sequence","77.84","",""
"01/03/2024 00:00:00 - 01/03/2024 01:00:00","BZN|IE(SEM)","Without sequence","75.77","",""
"01/03/2024 01:00:00 - 01/03/2024 02:00:00","BZN|IE(SEM)","Without sequence","80.26","",""
"01/03/2024 02:00:00 - 01/03/2024 03:00:00","BZN|IE(SEM)","Without sequence","81.1","",""
"01/03/2024 03:00:00 - 01/03/2024 04:00:00","BZN|IE(SEM)","Without sequence","76.72","",""
"01/03/2024 04:00:00 - 01/03/2024 05:00:00","BZN|IE(SEM)","Without sequence","75.77","",""
"01/03/2024 05:00:00 - 01/03/2024 06:00:00","BZN|IE(SEM)","Without sequence","75.44","",""
"01/03/2024 06:00:00 - 01/03/2024 07:00:00","BZN|IE(SEM)","Without sequence","78.33","",""
"01/03/2024 07:00:00 - 01/03/2024 08:00:00","BZN|IE(SEM)","Without sequence","83.71","",""
"01/03/2024 08:00:00 - 01/03/2024 09:00:00","BZN|IE(SEM)","Without sequence","106.22","",""
"01/03/2024 09:00:00 - 01/03/2024 10:00:00","BZN|IE(SEM)","Without sequence","116.15","",""
"01/03/2024 10:00:00 - 01/03/2024 11:00:00","BZN|IE(SEM)","Without sequence","106.43","",""
"01/03/2024 11:00:00 - 01/03/2024 12:00:00","BZN|IE(SEM)","Without sequence","88.0","",""
"01/03/2024 12:00:00 - 01/03/2024 13:00:00","BZN|IE(SEM)","Without sequence","77.0","",""
"01/03/2024 13:00:00 - 01/03/2024 14:00:00","BZN|IE(SEM)","Without sequence","74.21","",""
"01/03/2024 14:00:00 - 01/03/2024 15:00:00","BZN|IE(SEM)","Without sequence","71.0","",""
"01/03/2024 15:00:00 - 01/03/2024 16:00:00","BZN|IE(SEM)","Without sequence","68.32","",""
"01/03/2024 16:00:00 - 01/03/2024 17:00:00","BZN|IE(SEM)","Without sequence","74.21","",""
"01/03/2024 17:00:00 - 01/03/2024 18:00:00","BZN|IE(SEM)","Without sequence","82.23","",""
"01/03/2024 18:00:00 - 01/03/2024 19:00:00","BZN|IE(SEM)","Without sequence","95.3","",""
"01/03/2024 19:00:00 - 01/03/2024 20:00:00","BZN|IE(SEM)","Without sequence","96.14","",""
"01/03/2024 20:00:00 - 01/03/2024 21:00:00","BZN|IE(SEM)","Without sequence","96.29","",""
"01/03/2024 21:00:00 - 01/03/2024 22:00:00","BZN|IE(SEM)","Without sequence","87.85","",""
"01/03/2024 22:00:00 - 01/03/2024 23:00:00","BZN|IE(SEM)","Without sequence","79.0","",""
"01/03/2024 23:00:00 - 02/03/2024 00:00:00","BZN|IE(SEM)","Without sequence","71.0","",""
"02/03/2024 00:00:00 - 02/03/2024 01:00:00","BZN|IE(SEM)","Without sequence","77.58","",""
"02/03/2024 01:00:00 - 02/03/2024 02:00:00","BZN|IE(SEM)","Without sequence","76.0","",""
"02/03/2024 02:00:00 - 02/03/2024 03:00:00","BZN|IE(SEM)","Without sequence","74.46","",""
"02/03/2024 03:00:00 - 02/03/2024 04:00:00","BZN|IE(SEM)","Without sequence","72.0","",""
"02/03/2024 04:00:00 - 02/03/2024 05:00:00","BZN|IE(SEM)","Without sequence","70.56","",""
"02/03/2024 05:00:00 - 02/03/2024 06:00:00","BZN|IE(SEM)","Without sequence","71.58","",""
"02/03/2024 06:00:00 - 02/03/2024 07:00:00","BZN|IE(SEM)","Without sequence","68.0","",""
"02/03/2024 07:00:00 - 02/03/2024 08:00:00","BZN|IE(SEM)","Without sequence","68.0","",""
"02/03/2024 08:00:00 - 02/03/2024 09:00:00","BZN|IE(SEM)","Without sequence","72.0","",""
"02/03/2024 09:00:00 - 02/03/2024 10:00:00","BZN|IE(SEM)","Without sequence","78.51","",""
"02/03/2024 10:00:00 - 02/03/2024 11:00:00","BZN|IE(SEM)","Without sequence","83.0","",""
"02/03/2024 11:00:00 - 02/03/2024 12:00:00","BZN|IE(SEM)","Without sequence","81.36","",""
"02/03/2024 12:00:00 - 02/03/2024 13:00:00","BZN|IE(SEM)","Without sequence","76.0","",""
"02/03/2024 13:00:00 - 02/03/2024 14:00:00","BZN|IE(SEM)","Without sequence","76.12","",""
"02/03/2024 14:00:00 - 02/03/2024 15:00:00","BZN|IE(SEM)","Without sequence","72.0","",""
"02/03/2024 15:00:00 - 02/03/2024 16:00:00","BZN|IE(SEM)","Without sequence","68.16","",""
"02/03/2024 16:00:00 - 02/03/2024 17:00:00","BZN|IE(SEM)","Without sequence","72.88","",""
"02/03/2024 17:00:00 - 02/03/2024 18:00:00","BZN|IE(SEM)","Without sequence","83.89","",""
"02/03/2024 18:00:00 - 02/03/2024 19:00:00","BZN|IE(SEM)","Without sequence","99.0","",""
"02/03/2024 19:00:00 - 02/03/2024 20:00:00","BZN|IE(SEM)","Without sequence","105.01","",""
"02/03/2024 20:00:00 - 02/03/2024 21:00:00","BZN|IE(SEM)","Without sequence","103.0","",""
"02/03/2024 21:00:00 - 02/03/2024 22:00:00","BZN|IE(SEM)","Without sequence","91.54","",""
"02/03/2024 22:00:00 - 02/03/2024 23:00:00","BZN|IE(SEM)","Without sequence","93.77","",""
"02/03/2024 23:00:00 - 03/03/2024 00:00:00","BZN|IE(SEM)","Without sequence","90.32","",""
"03/03/2024 00:00:00 - 03/03/2024 01:00:00","BZN|IE(SEM)","Without sequence","78.0","",""
"03/03/2024 01:00:00 - 03/03/2024 02:00:00","BZN|IE(SEM)","Without sequence","76.24","",""
"03/03/2024 02:00:00 - 03/03/2024 03:00:00","BZN|IE(SEM)","Without sequence","76.0","",""
"03/03/2024 03:00:00 - 03/03/2024 04:00:00","BZN|IE(SEM)","Without sequence","75.26","",""
"03/03/2024 04:00:00 - 03/03/2024 05:00:00","BZN|IE(SEM)","Without sequence","76.8","",""
"03/03/2024 05:00:00 - 03/03/2024 06:00:00","BZN|IE(SEM)","Without sequence","76.04","",""
"03/03/2024 06:00:00 - 03/03/2024 07:00:00","BZN|IE(SEM)","Without sequence","76.9","",""
"03/03/2024 07:00:00 - 03/03/2024 08:00:00","BZN|IE(SEM)","Without sequence","82.0","",""
"03/03/2024 08:00:00 - 03/03/2024 09:00:00","BZN|IE(SEM)","Without sequence","77.2","",""
"03/03/2024 09:00:00 - 03/03/2024 10:00:00","BZN|IE(SEM)","Without sequence","86.44","",""
"03/03/2024 10:00:00 - 03/03/2024 11:00:00","BZN|IE(SEM)","Without sequence","82.04","",""
"03/03/2024 11:00:00 - 03/03/2024 12:00:00","BZN|IE(SEM)","Without sequence","83.01","",""
"03/03/2024 12:00:00 - 03/03/2024 13:00:00","BZN|IE(SEM)","Without sequence","84.35","",""
"03/03/2024 13:00:00 - 03/03/2024 14:00:00","BZN|IE(SEM)","Without sequence","88.0","",""
"03/03/2024 14:00:00 - 03/03/2024 15:00:00","BZN|IE(SEM)","Without sequence","95.0","",""
"03/03/2024 15:00:00 - 03/03/2024 16:00:00","BZN|IE(SEM)","Without sequence","92.74","",""
"03/03/2024 16:00:00 - 03/03/2024 17:00:00","BZN|IE(SEM)","Without sequence","96.39","",""
"03/03/2024 17:00:00 - 03/03/2024 18:00:00","BZN|IE(SEM)","Without sequence","111.9","",""
"03/03/2024 18:00:00 - 03/03/2024 19:00:00","BZN|IE(SEM)","Without sequence","167.19","",""
"03/03/2024 19:00:00 - 03/03/2024 20:00:00","BZN|IE(SEM)","Without sequence","201.37","",""
"03/03/2024 20:00:00 - 03/03/2024 21:00:00","BZN|IE(SEM)","Without sequence","196.2","",""
"03/03/2024 21:00:00 - 03/03/2024 22:00:00","BZN|IE(SEM)","Without sequence","155.0","",""
"03/03/2024 22:00:00 - 03/03/2024 23:00:00","BZN|IE(SEM)","Without sequence","115.7","",""
"03/03/2024 23:00:00 - 04/03/2024 00:00:00","BZN|IE(SEM)","Without sequence","92.81","",""
"04/03/2024 00:00:00 - 04/03/2024 01:00:00","BZN|IE(SEM)","Without sequence","135.65","",""
"04/03/2024 01:00:00 - 04/03/2024 02:00:00","BZN|IE(SEM)","Without sequence","103.43","",""
"04/03/2024 02:00:00 - 04/03/2024 03:00:00","BZN|IE(SEM)","Without sequence","92.94","",""
"04/03/2024 03:00:00 - 04/03/2024 04:00:00","BZN|IE(SEM)","Without sequence","82.49","",""
"04/03/2024 04:00:00 - 04/03/2024 05:00:00","BZN|IE(SEM)","Without sequence","74.8","",""
"04/03/2024 05:00:00 - 04/03/2024 06:00:00","BZN|IE(SEM)","Without sequence","72.86","",""
"04/03/2024 06:00:00 - 04/03/2024 07:00:00","BZN|IE(SEM)","Without sequence","75.21","",""
"04/03/2024 07:00:00 - 04/03/2024 08:00:00","BZN|IE(SEM)","Without sequence","90.0","",""
"04/03/2024 08:00:00 - 04/03/2024 09:00:00","BZN|IE(SEM)","Without sequence","99.4","",""
"04/03/2024 09:00:00 - 04/03/2024 10:00:00","BZN|IE(SEM)","Without sequence","94.0","",""
"04/03/2024 10:00:00 - 04/03/2024 11:00:00","BZN|IE(SEM)","Without sequence","84.0","",""
"04/03/2024 11:00:00 - 04/03/2024 12:00:00","BZN|IE(SEM)","Without sequence","71.0","",""
"04/03/2024 12:00:00 - 04/03/2024 13:00:00","BZN|IE(SEM)","Without sequence","66.93","",""
"04/03/2024 13:00:00 - 04/03/2024 14:00:00","BZN|IE(SEM)","Without sequence","66.91","",""
"04/03/2024 14:00:00 - 04/03/2024 15:00:00","BZN|IE(SEM)","Without sequence","64.82","",""
"04/03/2024 15:00:00 - 04/03/2024 16:00:00","BZN|IE(SEM)","Without sequence","69.01","",""
"04/03/2024 16:00:00 - 04/03/2024 17:00:00","BZN|IE(SEM)","Without sequence","72.0","",""
"04/03/2024 17:00:00 - 04/03/2024 18:00:00","BZN|IE(SEM)","Without sequence","84.02","",""
"04/03/2024 18:00:00 - 04/03/2024 19:00:00","BZN|IE(SEM)","Without sequence","91.54","",""
"04/03/2024 19:00:00 - 04/03/2024 20:00:00","BZN|IE(SEM)","Without sequence","96.0","",""
"04/03/2024 20:00:00 - 04/03/2024 21:00:00","BZN|IE(SEM)","Without sequence","87.98","",""
"04/03/2024 21:00:00 - 04/03/2024 22:00:00","BZN|IE(SEM)","Without sequence","83.05","",""
"04/03/2024 22:00:00 - 04/03/2024 23:00:00","BZN|IE(SEM)","Without sequence","73.57","",""
"04/03/2024 23:00:00 - 05/03/2024 00:00:00","BZN|IE(SEM)","Without sequence","64.53","",""
"05/03/2024 00:00:00 - 05/03/2024 01:00:00","BZN|IE(SEM)","Without sequence","52.0","",""
"05/03/2024 01:00:00 - 05/03/2024 02:00:00","BZN|IE(SEM)","Without sequence","51.34","",""
"05/03/2024 02:00:00 - 05/03/2024 03:00:00","BZN|IE(SEM)","Without sequence","49.0","",""
"05/03/2024 03:00:00 - 05/03/2024 04:00:00","BZN|IE(SEM)","Without sequence","49.87","",""
"05/03/2024 04:00:00 - 05/03/2024 05:00:00","BZN|IE(SEM)","Without sequence","46.48","",""
"05/03/2024 05:00:00 - 05/03/2024 06:00:00","BZN|IE(SEM)","Without sequence","41.93","",""
"05/03/2024 06:00:00 - 05/03/2024 07:00:00","BZN|IE(SEM)","Without sequence","55.34","",""
"05/03/2024 07:00:00 - 05/03/2024 08:00:00","BZN|IE(SEM)","Without sequence","69.88","",""
"05/03/2024 08:00:00 - 05/03/2024 09:00:00","BZN|IE(SEM)","Without sequence","86.0","",""
"05/03/2024 09:00:00 - 05/03/2024 10:00:00","BZN|IE(SEM)","Without sequence","81.59","",""
"05/03/2024 10:00:00 - 05/03/2024 11:00:00","BZN|IE(SEM)","Without sequence","79.0","",""
"05/03/2024 11:00:00 - 05/03/2024 12:00:00","BZN|IE(SEM)","Without sequence","72.2","",""
"05/03/2024 12:00:00 - 05/03/2024 13:00:00","BZN|IE(SEM)","Without sequence","70.2","",""
"05/03/2024 13:00:00 - 05/03/2024 14:00:00","BZN|IE(SEM)","Without sequence","71.0","",""
"05/03/2024 14:00:00 - 05/03/2024 15:00:00","BZN|IE(SEM)","Without sequence","72.46","",""
"05/03/2024 15:00:00 - 05/03/2024 16:00:00","BZN|IE(SEM)","Without sequence","78.68","",""
"05/03/2024 16:00:00 - 05/03/2024 17:00:00","BZN|IE(SEM)","Without sequence","82.0","",""
"05/03/2024 17:00:00 - 05/03/2024 18:00:00","BZN|IE(SEM)","Without sequence","92.3","",""
"05/03/2024 18:00:00 - 05/03/2024 19:00:00","BZN|IE(SEM)","Without sequence","119.8","",""
"05/03/2024 19:00:00 - 05/03/2024 20:00:00","BZN|IE(SEM)","Without sequence","124.29","",""
"05/03/2024 20:00:00 - 05/03/2024 21:00:00","BZN|IE(SEM)","Without sequence","106.36","",""
"05/03/2024 21:00:00 - 05/03/2024 22:00:00","BZN|IE(SEM)","Without sequence","88.3","",""
"05/03/2024 22:00:00 - 05/03/2024 23:00:00","BZN|IE(SEM)","Without sequence","82.71","",""
"05/03/2024 23:00:00 - 06/03/2024 00:00:00","BZN|IE(SEM)","Without sequence","82.29","",""
"06/03/2024 00:00:00 - 06/03/2024 01:00:00","BZN|IE(SEM)","Without sequence","79.0","",""
"06/03/2024 01:00:00 - 06/03/2024 02:00:00","BZN|IE(SEM)","Without sequence","75.0","",""
"06/03/2024 02:00:00 - 06/03/2024 03:00:00","BZN|IE(SEM)","Without sequence","72.58","",""
"06/03/2024 03:00:00 - 06/03/2024 04:00:00","BZN|IE(SEM)","Without sequence","68.67","",""
"06/03/2024 04:00:00 - 06/03/2024 05:00:00","BZN|IE(SEM)","Without sequence","67.7","",""
"06/03/2024 05:00:00 - 06/03/2024 06:00:00","BZN|IE(SEM)","Without sequence","65.99","",""
"06/03/2024 06:00:00 - 06/03/2024 07:00:00","BZN|IE(SEM)","Without sequence","71.52","",""
"06/03/2024 07:00:00 - 06/03/2024 08:00:00","BZN|IE(SEM)","Without sequence","86.25","",""
"06/03/2024 08:00:00 - 06/03/2024 09:00:00","BZN|IE(SEM)","Without sequence","98.22","",""
"06/03/2024 09:00:00 - 06/03/2024 10:00:00","BZN|IE(SEM)","Without sequence","93.13","",""
"06/03/2024 10:00:00 - 06/03/2024 11:00:00","BZN|IE(SEM)","Without sequence","84.0","",""
"06/03/2024 11:00:00 - 06/03/2024 12:00:00","BZN|IE(SEM)","Without sequence","76.66","",""
"06/03/2024 12:00:00 - 06/03/2024 13:00:00","BZN|IE(SEM)","Without sequence","71.81","",""
"06/03/2024 13:00:00 - 06/03/2024 14:00:00","BZN|IE(SEM)","Without sequence","71.81","",""
"06/03/2024 14:00:00 - 06/03/2024 15:00:00","BZN|IE(SEM)","Without sequence","71.81","",""
"06/03/2024 15:00:00 - 06/03/2024 16:00:00","BZN|IE(SEM)","Without sequence","73.67","",""
"06/03/2024 16:00:00 - 06/03/2024 17:00:00","BZN|IE(SEM)","Without sequence","79.63","",""
"06/03/2024 17:00:00 - 06/03/2024 18:00:00","BZN|IE(SEM)","Without sequence","90.26","",""
"06/03/2024 18:00:00 - 06/03/2024 19:00:00","BZN|IE(SEM)","Without sequence","107.75","",""
"06/03/2024 19:00:00 - 06/03/2024 20:00:00","BZN|IE(SEM)","Without sequence","112.0","",""
"06/03/2024 20:00:00 - 06/03/2024 21:00:00","BZN|IE(SEM)","Without sequence","95.96","",""
"06/03/2024 21:00:00 - 06/03/2024 22:00:00","BZN|IE(SEM)","Without sequence","83.48","",""
"06/03/2024 22:00:00 - 06/03/2024 23:00:00","BZN|IE(SEM)","Without sequence","76.66","",""
"06/03/2024 23:00:00 - 07/03/2024 00:00:00","BZN|IE(SEM)","Without sequence","65.3","",""
"07/03/2024 00:00:00 - 07/03/2024 01:00:00","BZN|IE(SEM)","Without sequence","68.17","",""
"07/03/2024 01:00:00 - 07/03/2024 02:00:00","BZN|IE(SEM)","Without sequence","64.73","",""
"07/03/2024 02:00:00 - 07/03/2024 03:00:00","BZN|IE(SEM)","Without sequence","64.73","",""
"07/03/2024 03:00:00 - 07/03/2024 04:00:00","BZN|IE(SEM)","Without sequence","64.73","",""
"07/03/2024 04:00:00 - 07/03/2024 05:00:00","BZN|IE(SEM)","Without sequence","64.73","",""
"07/03/2024 05:00:00 - 07/03/2024 06:00:00","BZN|IE(SEM)","Without sequence","64.73","",""
"07/03/2024 06:00:00 - 07/03/2024 07:00:00","BZN|IE(SEM)","Without sequence","71.44","",""
"07/03/2024 07:00:00 - 07/03/2024 08:00:00","BZN|IE(SEM)","Without sequence","91.83","",""
"07/03/2024 08:00:00 - 07/03/2024 09:00:00","BZN|IE(SEM)","Without sequence","105.0","",""
"07/03/2024 09:00:00 - 07/03/2024 10:00:00","BZN|IE(SEM)","Without sequence","96.0","",""
"07/03/2024 10:00:00 - 07/03/2024 11:00:00","BZN|IE(SEM)","Without sequence","90.03","",""
"07/03/2024 11:00:00 - 07/03/2024 12:00:00","BZN|IE(SEM)","Without sequence","75.6","",""
"07/03/2024 12:00:00 - 07/03/2024 13:00:00","BZN|IE(SEM)","Without sequence","72.0","",""
"07/03/2024 13:00:00 - 07/03/2024 14:00:00","BZN|IE(SEM)","Without sequence","70.22","",""
"07/03/2024 14:00:00 - 07/03/2024 15:00:00","BZN|IE(SEM)","Without sequence","69.31","",""
"07/03/2024 15:00:00 - 07/03/2024 16:00:00","BZN|IE(SEM)","Without sequence","72.0","",""
"07/03/2024 16:00:00 - 07/03/2024 17:00:00","BZN|IE(SEM)","Without sequence","75.8","",""
"07/03/2024 17:00:00 - 07/03/2024 18:00:00","BZN|IE(SEM)","Without sequence","87.0","",""
"07/03/2024 18:00:00 - 07/03/2024 19:00:00","BZN|IE(SEM)","Without sequence","106.93","",""
"07/03/2024 19:00:00 - 07/03/2024 20:00:00","BZN|IE(SEM)","Without sequence","114.4","",""
"07/03/2024 20:00:00 - 07/03/2024 21:00:00","BZN|IE(SEM)","Without sequence","104.28","",""
"07/03/2024 21:00:00 - 07/03/2024 22:00:00","BZN|IE(SEM)","Without sequence","88.23","",""
"07/03/2024 22:00:00 - 07/03/2024 23:00:00","BZN|IE(SEM)","Without sequence","81.0","",""
"07/03/2024 23:00:00 - 08/03/2024 00:00:00","BZN|IE(SEM)","Without sequence","70.4","",""
"08/03/2024 00:00:00 - 08/03/2024 01:00:00","BZN|IE(SEM)","Without sequence","71.89","",""
"08/03/2024 01:00:00 - 08/03/2024 02:00:00","BZN|IE(SEM)","Without sequence","67.77","",""
"08/03/2024 02:00:00 - 08/03/2024 03:00:00","BZN|IE(SEM)","Without sequence","68.12","",""
"08/03/2024 03:00:00 - 08/03/2024 04:00:00","BZN|IE(SEM)","Without sequence","65.0","",""
"08/03/2024 04:00:00 - 08/03/2024 05:00:00","BZN|IE(SEM)","Without sequence","62.16","",""
"08/03/2024 05:00:00 - 08/03/2024 06:00:00","BZN|IE(SEM)","Without sequence","62.16","",""
"08/03/2024 06:00:00 - 08/03/2024 07:00:00","BZN|IE(SEM)","Without sequence","70.33","",""
"08/03/2024 07:00:00 - 08/03/2024 08:00:00","BZN|IE(SEM)","Without sequence","88.22","",""
"08/03/2024 08:00:00 - 08/03/2024 09:00:00","BZN|IE(SEM)","Without sequence","99.0","",""
"08/03/2024 09:00:00 - 08/03/2024 10:00:00","BZN|IE(SEM)","Without sequence","91.0","",""
"08/03/2024 10:00:00 - 08/03/2024 11:00:00","BZN|IE(SEM)","Without sequence","77.0","",""
"08/03/2024 11:00:00 - 08/03/2024 12:00:00","BZN|IE(SEM)","Without sequence","64.04","",""
"08/03/2024 12:00:00 - 08/03/2024 13:00:00","BZN|IE(SEM)","Without sequence","58.6","",""
"08/03/2024 13:00:00 - 08/03/2024 14:00:00","BZN|IE(SEM)","Without sequence","55.0","",""
"08/03/2024 14:00:00 - 08/03/2024 15:00:00","BZN|IE(SEM)","Without sequence","51.43","",""
"08/03/2024 15:00:00 - 08/03/2024 16:00:00","BZN|IE(SEM)","Without sequence","52.0","",""
"08/03/2024 16:00:00 - 08/03/2024 17:00:00","BZN|IE(SEM)","Without sequence","59.61","",""
"08/03/2024 17:00:00 - 08/03/2024 18:00:00","BZN|IE(SEM)","Without sequence","68.82","",""
"08/03/2024 18:00:00 - 08/03/2024 19:00:00","BZN|IE(SEM)","Without sequence","83.43","",""
"08/03/2024 19:00:00 - 08/03/2024 20:00:00","BZN|IE(SEM)","Without sequence","97.0","",""
"08/03/2024 20:00:00 - 08/03/2024 21:00:00","BZN|IE(SEM)","Without sequence","95.3","",""
"08/03/2024 21:00:00 - 08/03/2024 22:00:00","BZN|IE(SEM)","Without sequence","75.0","",""
"08/03/2024 22:00:00 - 08/03/2024 23:00:00","BZN|IE(SEM)","Without sequence","65.99","",""
"08/03/2024 23:00:00 - 09/03/2024 00:00:00","BZN|IE(SEM)","Without sequence","59.0","",""
"09/03/2024 00:00:00 - 09/03/2024 01:00:00","BZN|IE(SEM)","Without sequence","57.0","",""
"09/03/2024 01:00:00 - 09/03/2024 02:00:00","BZN|IE(SEM)","Without sequence","56.0","",""
"09/03/2024 02:00:00 - 09/03/2024 03:00:00","BZN|IE(SEM)","Without sequence","55.0","",""
"09/03/2024 03:00:00 - 09/03/2024 04:00:00","BZN|IE(SEM)","Without sequence","53.0","",""
"09/03/2024 04:00:00 - 09/03/2024 05:00:00","BZN|IE(SEM)","Without sequence","51.0","",""
"09/03/2024 05:00:00 - 09/03/2024 06:00:00","BZN|IE(SEM)","Without sequence","48.27","",""
"09/03/2024 06:00:00 - 09/03/2024 07:00:00","BZN|IE(SEM)","Without sequence","49.4","",""
"09/03/2024 07:00:00 - 09/03/2024 08:00:00","BZN|IE(SEM)","Without sequence","53.0","",""
"09/03/2024 08:00:00 - 09/03/2024 09:00:00","BZN|IE(SEM)","Without sequence","52.88","",""
"09/03/2024 09:00:00 - 09/03/2024 10:00:00","BZN|IE(SEM)","Without sequence","60.76","",""
"09/03/2024 10:00:00 - 09/03/2024 11:00:00","BZN|IE(SEM)","Without sequence","59.82","",""
"09/03/2024 11:00:00 - 09/03/2024 12:00:00","BZN|IE(SEM)","Without sequence","56.28","",""
"09/03/2024 12:00:00 - 09/03/2024 13:00:00","BZN|IE(SEM)","Without sequence","55.0","",""
"09/03/2024 13:00:00 - 09/03/2024 14:00:00","BZN|IE(SEM)","Without sequence","57.46","",""
"09/03/2024 14:00:00 - 09/03/2024 15:00:00","BZN|IE(SEM)","Without sequence","64.0","",""
"09/03/2024 15:00:00 - 09/03/2024 16:00:00","BZN|IE(SEM)","Without sequence","67.56","",""
"09/03/2024 16:00:00 - 09/03/2024 17:00:00","BZN|IE(SEM)","Without sequence","66.0","",""
"09/03/2024 17:00:00 - 09/03/2024 18:00:00","BZN|IE(SEM)","Without sequence","81.4","",""
"09/03/2024 18:00:00 - 09/03/2024 19:00:00","BZN|IE(SEM)","Without sequence","96.16","",""
"09/03/2024 19:00:00 - 09/03/2024 20:00:00","BZN|IE(SEM)","Without sequence","112.81","",""
"09/03/2024 20:00:00 - 09/03/2024 21:00:00","BZN|IE(SEM)","Without sequence","105.32","",""
"09/03/2024 21:00:00 - 09/03/2024 22:00:00","BZN|IE(SEM)","Without sequence","93.81","",""
"09/03/2024 22:00:00 - 09/03/2024 23:00:00","BZN|IE(SEM)","Without sequence","85.97","",""
"09/03/2024 23:00:00 - 10/03/2024 00:00:00","BZN|IE(SEM)","Without sequence","81.03","",""
"10/03/2024 00:00:00 - 10/03/2024 01:00:00","BZN|IE(SEM)","Without sequence","81.78","",""
"10/03/2024 01:00:00 - 10/03/2024 02:00:00","BZN|IE(SEM)","Without sequence","72.1","",""
"10/03/2024 02:00:00 - 10/03/2024 03:00:00","BZN|IE(SEM)","Without sequence","67.77","",""
"10/03/2024 03:00:00 - 10/03/2024 04:00:00","BZN|IE(SEM)","Without sequence","67.3","",""
"10/03/2024 04:00:00 - 10/03/2024 05:00:00","BZN|IE(SEM)","Without sequence","67.3","",""
"10/03/2024 05:00:00 - 10/03/2024 06:00:00","BZN|IE(SEM)","Without sequence","67.3","",""
"10/03/2024 06:00:00 - 10/03/2024 07:00:00","BZN|IE(SEM)","Without sequence","67.3","",""
"10/03/2024 07:00:00 - 10/03/2024 08:00:00","BZN|IE(SEM)","Without sequence","67.3","",""
"10/03/2024 08:00:00 - 10/03/2024 09:00:00","BZN|IE(SEM)","Without sequence","77.57","",""
"10/03/2024 09:00:00 - 10/03/2024 10:00:00","BZN|IE(SEM)","Without sequence","73.64","",""
"10/03/2024 10:00:00 - 10/03/2024 11:00:00","BZN|IE(SEM)","Without sequence","88.62","",""
"10/03/2024 11:00:00 - 10/03/2024 12:00:00","BZN|IE(SEM)","Without sequence","95.0","",""
"10/03/2024 12:00:00 - 10/03/2024 13:00:00","BZN|IE(SEM)","Without sequence","88.52","",""
"10/03/2024 13:00:00 - 10/03/2024 14:00:00","BZN|IE(SEM)","Without sequence","91.8","",""
"10/03/2024 14:00:00 - 10/03/2024 15:00:00","BZN|IE(SEM)","Without sequence","95.0","",""
"10/03/2024 15:00:00 - 10/03/2024 16:00:00","BZN|IE(SEM)","Without sequence","88.62","",""
"10/03/2024 16:00:00 - 10/03/2024 17:00:00","BZN|IE(SEM)","Without sequence","88.52","",""
"10/03/2024 17:00:00 - 10/03/2024 18:00:00","BZN|IE(SEM)","Without sequence","92.56","",""
"10/03/2024 18:00:00 - 10/03/2024 19:00:00","BZN|IE(SEM)","Without sequence","115.83","",""
"10/03/2024 19:00:00 - 10/03/2024 20:00:00","BZN|IE(SEM)","Without sequence","140.2","",""
"10/03/2024 20:00:00 - 10/03/2024 21:00:00","BZN|IE(SEM)","Without sequence","136.0","",""
"10/03/2024 21:00:00 - 10/03/2024 22:00:00","BZN|IE(SEM)","Without sequence","114.35","",""
"10/03/2024 22:00:00 - 10/03/2024 23:00:00","BZN|IE(SEM)","Without sequence","97.0","",""
"10/03/2024 23:00:00 - 11/03/2024 00:00:00","BZN|IE(SEM)","Without sequence","85.85","",""
"11/03/2024 00:00:00 - 11/03/2024 01:00:00","BZN|IE(SEM)","Without sequence","102.39","",""
"11/03/2024 01:00:00 - 11/03/2024 02:00:00","BZN|IE(SEM)","Without sequence","95.44","",""
"11/03/2024 02:00:00 - 11/03/2024 03:00:00","BZN|IE(SEM)","Without sequence","95.44","",""
"11/03/2024 03:00:00 - 11/03/2024 04:00:00","BZN|IE(SEM)","Without sequence","95.44","",""
"11/03/2024 04:00:00 - 11/03/2024 05:00:00","BZN|IE(SEM)","Without sequence","95.44","",""
"11/03/2024 05:00:00 - 11/03/2024 06:00:00","BZN|IE(SEM)","Without sequence","95.44","",""
"11/03/2024 06:00:00 - 11/03/2024 07:00:00","BZN|IE(SEM)","Without sequence","93.79","",""
"11/03/2024 07:00:00 - 11/03/2024 08:00:00","BZN|IE(SEM)","Without sequence","89.75","",""
"11/03/2024 08:00:00 - 11/03/2024 09:00:00","BZN|IE(SEM)","Without sequence","115.0","",""
"11/03/2024 09:00:00 - 11/03/2024 10:00:00","BZN|IE(SEM)","Without sequence","167.2","",""
"11/03/2024 10:00:00 - 11/03/2024 11:00:00","BZN|IE(SEM)","Without sequence","204.2","",""
"11/03/2024 11:00:00 - 11/03/2024 12:00:00","BZN|IE(SEM)","Without sequence","203.3","",""
"11/03/2024 12:00:00 - 11/03/2024 13:00:00","BZN|IE(SEM)","Without sequence","205.0","",""
"11/03/2024 13:00:00 - 11/03/2024 14:00:00","BZN|IE(SEM)","Without sequence","197.87","",""
"11/03/2024 14:00:00 - 11/03/2024 15:00:00","BZN|IE(SEM)","Without sequence","182.59","",""
"11/03/2024 15:00:00 - 11/03/2024 16:00:00","BZN|IE(SEM)","Without sequence","165.0","",""
"11/03/2024 16:00:00 - 11/03/2024 17:00:00","BZN|IE(SEM)","Without sequence","166.9","",""
"11/03/2024 17:00:00 - 11/03/2024 18:00:00","BZN|IE(SEM)","Without sequence","190.0","",""
"11/03/2024 18:00:00 - 11/03/2024 19:00:00","BZN|IE(SEM)","Without sequence","209.0","",""
"11/03/2024 19:00:00 - 11/03/2024 20:00:00","BZN|IE(SEM)","Without sequence","199.8","",""
"11/03/2024 20:00:00 - 11/03/2024 21:00:00","BZN|IE(SEM)","Without sequence","163.1","",""
"11/03/2024 21:00:00 - 11/03/2024 22:00:00","BZN|IE(SEM)","Without sequence","110.81","",""
"11/03/2024 22:00:00 - 11/03/2024 23:00:00","BZN|IE(SEM)","Without sequence","88.0","",""
"11/03/2024 23:00:00 - 12/03/2024 00:00:00","BZN|IE(SEM)","Without sequence","80.0","",""
"12/03/2024 00:00:00 - 12/03/2024 01:00:00","BZN|IE(SEM)","Without sequence","75.3","",""
"12/03/2024 01:00:00 - 12/03/2024 02:00:00","BZN|IE(SEM)","Without sequence","73.8","",""
"12/03/2024 02:00:00 - 12/03/2024 03:00:00","BZN|IE(SEM)","Without sequence","70.0","",""
"12/03/2024 03:00:00 - 12/03/2024 04:00:00","BZN|IE(SEM)","Without sequence","67.22","",""
"12/03/2024 04:00:00 - 12/03/2024 05:00:00","BZN|IE(SEM)","Without sequence","67.57","",""
"12/03/2024 05:00:00 - 12/03/2024 06:00:00","BZN|IE(SEM)","Without sequence","67.3","",""
"12/03/2024 06:00:00 - 12/03/2024 07:00:00","BZN|IE(SEM)","Without sequence","72.3","",""
"12/03/2024 07:00:00 - 12/03/2024 08:00:00","BZN|IE(SEM)","Without sequence","85.55","",""
"12/03/2024 08:00:00 - 12/03/2024 09:00:00","BZN|IE(SEM)","Without sequence","97.79","",""
"12/03/2024 09:00:00 - 12/03/2024 10:00:00","BZN|IE(SEM)","Without sequence","91.0","",""
"12/03/2024 10:00:00 - 12/03/2024 11:00:00","BZN|IE(SEM)","Without sequence","90.28","",""
"12/03/2024 11:00:00 - 12/03/2024 12:00:00","BZN|IE(SEM)","Without sequence","82.4","",""
"12/03/2024 12:00:00 - 12/03/2024 13:00:00","BZN|IE(SEM)","Without sequence","79.0","",""
"12/03/2024 13:00:00 - 12/03/2024 14:00:00","BZN|IE(SEM)","Without sequence","76.3","",""
"12/03/2024 14:00:00 - 12/03/2024 15:00:00","BZN|IE(SEM)","Without sequence","73.0","",""
"12/03/2024 15:00:00 - 12/03/2024 16:00:00","BZN|IE(SEM)","Without sequence","72.6","",""
"12/03/2024 16:00:00 - 12/03/2024 17:00:00","BZN|IE(SEM)","Without sequence","72.22","",""
"12/03/2024 17:00:00 - 12/03/2024 18:00:00","BZN|IE(SEM)","Without sequence","76.05","",""
"12/03/2024 18:00:00 - 12/03/2024 19:00:00","BZN|IE(SEM)","Without sequence","85.32","",""
"12/03/2024 19:00:00 - 12/03/2024 20:00:00","BZN|IE(SEM)","Without sequence","95.96","",""
"12/03/2024 20:00:00 - 12/03/2024 21:00:00","BZN|IE(SEM)","Without sequence","83.82","",""
"12/03/2024 21:00:00 - 12/03/2024 22:00:00","BZN|IE(SEM)","Without sequence","72.22","",""
"12/03/2024 22:00:00 - 12/03/2024 23:00:00","BZN|IE(SEM)","Without sequence","68.06","",""
"12/03/2024 23:00:00 - 13/03/2024 00:00:00","BZN|IE(SEM)","Without sequence","55.38","",""
"13/03/2024 00:00:00 - 13/03/2024 01:00:00","BZN|IE(SEM)","Without sequence","55.23","",""
"13/03/2024 01:00:00 - 13/03/2024 02:00:00","BZN|IE(SEM)","Without sequence","49.44","",""
"13/03/2024 02:00:00 - 13/03/2024 03:00:00","BZN|IE(SEM)","Without sequence","49.5","",""
"13/03/2024 03:00:00 - 13/03/2024 04:00:00","BZN|IE(SEM)","Without sequence","52.0","",""
"13/03/2024 04:00:00 - 13/03/2024 05:00:00","BZN|IE(SEM)","Without sequence","52.57","",""
"13/03/2024 05:00:00 - 13/03/2024 06:00:00","BZN|IE(SEM)","Without sequence","55.78","",""
"13/03/2024 06:00:00 - 13/03/2024 07:00:00","BZN|IE(SEM)","Without sequence","64.05","",""
"13/03/2024 07:00:00 - 13/03/2024 08:00:00","BZN|IE(SEM)","Without sequence","75.21","",""
"13/03/2024 08:00:00 - 13/03/2024 09:00:00","BZN|IE(SEM)","Without sequence","85.0","",""
"13/03/2024 09:00:00 - 13/03/2024 10:00:00","BZN|IE(SEM)","Without sequence","91.68","",""
"13/03/2024 10:00:00 - 13/03/2024 11:00:00","BZN|IE(SEM)","Without sequence","94.35","",""
"13/03/2024 11:00:00 - 13/03/2024 12:00:00","BZN|IE(SEM)","Without sequence","91.0","",""
"13/03/2024 12:00:00 - 13/03/2024 13:00:00","BZN|IE(SEM)","Without sequence","89.0","",""
"13/03/2024 13:00:00 - 13/03/2024 14:00:00","BZN|IE(SEM)","Without sequence","89.03","",""
"13/03/2024 14:00:00 - 13/03/2024 15:00:00","BZN|IE(SEM)","Without sequence","88.0","",""
"13/03/2024 15:00:00 - 13/03/2024 16:00:00","BZN|IE(SEM)","Without sequence","91.38","",""
"13/03/2024 16:00:00 - 13/03/2024 17:00:00","BZN|IE(SEM)","Without sequence","96.0","",""
"13/03/2024 17:00:00 - 13/03/2024 18:00:00","BZN|IE(SEM)","Without sequence","105.6","",""
"13/03/2024 18:00:00 - 13/03/2024 19:00:00","BZN|IE(SEM)","Without sequence","127.5","",""
"13/03/2024 19:00:00 - 13/03/2024 20:00:00","BZN|IE(SEM)","Without sequence","138.71","",""
"13/03/2024 20:00:00 - 13/03/2024 21:00:00","BZN|IE(SEM)","Without sequence","132.3","",""
"13/03/2024 21:00:00 - 13/03/2024 22:00:00","BZN|IE(SEM)","Without sequence","101.1","",""
"13/03/2024 22:00:00 - 13/03/2024 23:00:00","BZN|IE(SEM)","Without sequence","81.1","",""
"13/03/2024 23:00:00 - 14/03/2024 00:00:00","BZN|IE(SEM)","Without sequence","67.97","",""
"14/03/2024 00:00:00 - 14/03/2024 01:00:00","BZN|IE(SEM)","Without sequence","70.53","",""
"14/03/2024 01:00:00 - 14/03/2024 02:00:00","BZN|IE(SEM)","Without sequence","65.59","",""
"14/03/2024 02:00:00 - 14/03/2024 03:00:00","BZN|IE(SEM)","Without sequence","66.78","",""
"14/03/2024 03:00:00 - 14/03/2024 04:00:00","BZN|IE(SEM)","Without sequence","64.59","",""
"14/03/2024 04:00:00 - 14/03/2024 05:00:00","BZN|IE(SEM)","Without sequence","63.0","",""
"14/03/2024 05:00:00 - 14/03/2024 06:00:00","BZN|IE(SEM)","Without sequence","63.1","",""
"14/03/2024 06:00:00 - 14/03/2024 07:00:00","BZN|IE(SEM)","Without sequence","70.0","",""
"14/03/2024 07:00:00 - 14/03/2024 08:00:00","BZN|IE(SEM)","Without sequence","81.0","",""
"14/03/2024 08:00:00 - 14/03/2024 09:00:00","BZN|IE(SEM)","Without sequence","86.0","",""
"14/03/2024 09:00:00 - 14/03/2024 10:00:00","BZN|IE(SEM)","Without sequence","88.26","",""
"14/03/2024 10:00:00 - 14/03/2024 11:00:00","BZN|IE(SEM)","Without sequence","87.58","",""
"14/03/2024 11:00:00 - 14/03/2024 12:00:00","BZN|IE(SEM)","Without sequence","81.62","",""
"14/03/2024 12:00:00 - 14/03/2024 13:00:00","BZN|IE(SEM)","Without sequence","78.45","",""
"14/03/2024 13:00:00 - 14/03/2024 14:00:00","BZN|IE(SEM)","Without sequence","76.86","",""
"14/03/2024 14:00:00 - 14/03/2024 15:00:00","BZN|IE(SEM)","Without sequence","72.54","",""
"14/03/2024 15:00:00 - 14/03/2024 16:00:00","BZN|IE(SEM)","Without sequence","69.75","",""
"14/03/2024 16:00:00 - 14/03/2024 17:00:00","BZN|IE(SEM)","Without sequence","71.5","",""
"14/03/2024 17:00:00 - 14/03/2024 18:00:00","BZN|IE(SEM)","Without sequence","78.0","",""
"14/03/2024 18:00:00 - 14/03/2024 19:00:00","BZN|IE(SEM)","Without sequence","88.56","",""
"14/03/2024 19:00:00 - 14/03/2024 20:00:00","BZN|IE(SEM)","Without sequence","92.13","",""
"14/03/2024 20:00:00 - 14/03/2024 21:00:00","BZN|IE(SEM)","Without sequence","89.07","",""
"14/03/2024 21:00:00 - 14/03/2024 22:00:00","BZN|IE(SEM)","Without sequence","75.0","",""
"14/03/2024 22:00:00 - 14/03/2024 23:00:00","BZN|IE(SEM)","Without sequence","73.26","",""
"14/03/2024 23:00:00 - 15/03/2024 00:00:00","BZN|IE(SEM)","Without sequence","64.25","",""
"15/03/2024 00:00:00 - 15/03/2024 01:00:00","BZN|IE(SEM)","Without sequence","60.0","",""
"15/03/2024 01:00:00 - 15/03/2024 02:00:00","BZN|IE(SEM)","Without sequence","62.7","",""
"15/03/2024 02:00:00 - 15/03/2024 03:00:00","BZN|IE(SEM)","Without sequence","64.19","",""
"15/03/2024 03:00:00 - 15/03/2024 04:00:00","BZN|IE(SEM)","Without sequence","63.27","",""
"15/03/2024 04:00:00 - 15/03/2024 05:00:00","BZN|IE(SEM)","Without sequence","67.91","",""
"15/03/2024 05:00:00 - 15/03/2024 06:00:00","BZN|IE(SEM)","Without sequence","71.89","",""
"15/03/2024 06:00:00 - 15/03/2024 07:00:00","BZN|IE(SEM)","Without sequence","63.36","",""
"15/03/2024 07:00:00 - 15/03/2024 08:00:00","BZN|IE(SEM)","Without sequence","73.08","",""
"15/03/2024 08:00:00 - 15/03/2024 09:00:00","BZN|IE(SEM)","Without sequence","77.53","",""
"15/03/2024 09:00:00 - 15/03/2024 10:00:00","BZN|IE(SEM)","Without sequence","84.36","",""
"15/03/2024 10:00:00 - 15/03/2024 11:00:00","BZN|IE(SEM)","Without sequence","86.9","",""
"15/03/2024 11:00:00 - 15/03/2024 12:00:00","BZN|IE(SEM)","Without sequence","78.45","",""
"15/03/2024 12:00:00 - 15/03/2024 13:00:00","BZN|IE(SEM)","Without sequence","76.1","",""
"15/03/2024 13:00:00 - 15/03/2024 14:00:00","BZN|IE(SEM)","Without sequence","74.47","",""
"15/03/2024 14:00:00 - 15/03/2024 15:00:00","BZN|IE(SEM)","Without sequence","69.45","",""
"15/03/2024 15:00:00 - 15/03/2024 16:00:00","BZN|IE(SEM)","Without sequence","68.87","",""
"15/03/2024 16:00:00 - 15/03/2024 17:00:00","BZN|IE(SEM)","Without sequence","72.16","",""
"15/03/2024 17:00:00 - 15/03/2024 18:00:00","BZN|IE(SEM)","Without sequence","89.59","",""
"15/03/2024 18:00:00 - 15/03/2024 19:00:00","BZN|IE(SEM)","Without sequence","117.46","",""
"15/03/2024 19:00:00 - 15/03/2024 20:00:00","BZN|IE(SEM)","Without sequence","152.35","",""
"15/03/2024 20:00:00 - 15/03/2024 21:00:00","BZN|IE(SEM)","Without sequence","184.2","",""
"15/03/2024 21:00:00 - 15/03/2024 22:00:00","BZN|IE(SEM)","Without sequence","160.0","",""
"15/03/2024 22:00:00 - 15/03/2024 23:00:00","BZN|IE(SEM)","Without sequence","125.0","",""
"15/03/2024 23:00:00 - 16/03/2024 00:00:00","BZN|IE(SEM)","Without sequence","105.11","",""
"16/03/2024 00:00:00 - 16/03/2024 01:00:00","BZN|IE(SEM)","Without sequence","192.0","",""
"16/03/2024 01:00:00 - 16/03/2024 02:00:00","BZN|IE(SEM)","Without sequence","106.25","",""
"16/03/2024 02:00:00 - 16/03/2024 03:00:00","BZN|IE(SEM)","Without sequence","80.3","",""
"16/03/2024 03:00:00 - 16/03/2024 04:00:00","BZN|IE(SEM)","Without sequence","78.0","",""
"16/03/2024 04:00:00 - 16/03/2024 05:00:00","BZN|IE(SEM)","Without sequence","73.0","",""
"16/03/2024 05:00:00 - 16/03/2024 06:00:00","BZN|IE(SEM)","Without sequence","72.0","",""
"16/03/2024 06:00:00 - 16/03/2024 07:00:00","BZN|IE(SEM)","Without sequence","71.01","",""
"16/03/2024 07:00:00 - 16/03/2024 08:00:00","BZN|IE(SEM)","Without sequence","74.43","",""
"16/03/2024 08:00:00 - 16/03/2024 09:00:00","BZN|IE(SEM)","Without sequence","73.6","",""
"16/03/2024 09:00:00 - 16/03/2024 10:00:00","BZN|IE(SEM)","Without sequence","89.23","",""
"16/03/2024 10:00:00 - 16/03/2024 11:00:00","BZN|IE(SEM)","Without sequence","94.31","",""
"16/03/2024 11:00:00 - 16/03/2024 12:00:00","BZN|IE(SEM)","Without sequence","87.64","",""
"16/03/2024 12:00:00 - 16/03/2024 13:00:00","BZN|IE(SEM)","Without sequence","77.0","",""
"16/03/2024 13:00:00 - 16/03/2024 14:00:00","BZN|IE(SEM)","Without sequence","72.21","",""
"16/03/2024 14:00:00 - 16/03/2024 15:00:00","BZN|IE(SEM)","Without sequence","68.0","",""
"16/03/2024 15:00:00 - 16/03/2024 16:00:00","BZN|IE(SEM)","Without sequence","65.0","",""
"16/03/2024 16:00:00 - 16/03/2024 17:00:00","BZN|IE(SEM)","Without sequence","65.09","",""
"16/03/2024 17:00:00 - 16/03/2024 18:00:00","BZN|IE(SEM)","Without sequence","69.44","",""
"16/03/2024 18:00:00 - 16/03/2024 19:00:00","BZN|IE(SEM)","Without sequence","84.8","",""
"16/03/2024 19:00:00 - 16/03/2024 20:00:00","BZN|IE(SEM)","Without sequence","92.2","",""
"16/03/2024 20:00:00 - 16/03/2024 21:00:00","BZN|IE(SEM)","Without sequence","89.6","",""
"16/03/2024 21:00:00 - 16/03/2024 22:00:00","BZN|IE(SEM)","Without sequence","78.86","",""
"16/03/2024 22:00:00 - 16/03/2024 23:00:00","BZN|IE(SEM)","Without sequence","75.38","",""
"16/03/2024 23:00:00 - 17/03/2024 00:00:00","BZN|IE(SEM)","Without sequence","71.45","",""
"17/03/2024 00:00:00 - 17/03/2024 01:00:00","BZN|IE(SEM)","Without sequence","94.0","",""
"17/03/2024 01:00:00 - 17/03/2024 02:00:00","BZN|IE(SEM)","Without sequence","84.83","",""
"17/03/2024 02:00:00 - 17/03/2024 03:00:00","BZN|IE(SEM)","Without sequence","81.76","",""
"17/03/2024 03:00:00 - 17/03/2024 04:00:00","BZN|IE(SEM)","Without sequence","80.5","",""
"17/03/2024 04:00:00 - 17/03/2024 05:00:00","BZN|IE(SEM)","Without sequence","76.93","",""
"17/03/2024 05:00:00 - 17/03/2024 06:00:00","BZN|IE(SEM)","Without sequence","75.0","",""
"17/03/2024 06:00:00 - 17/03/2024 07:00:00","BZN|IE(SEM)","Without sequence","75.0","",""
"17/03/2024 07:00:00 - 17/03/2024 08:00:00","BZN|IE(SEM)","Without sequence","80.0","",""
"17/03/2024 08:00:00 - 17/03/2024 09:00:00","BZN|IE(SEM)","Without sequence","72.22","",""
"17/03/2024 09:00:00 - 17/03/2024 10:00:00","BZN|IE(SEM)","Without sequence","91.89","",""
"17/03/2024 10:00:00 - 17/03/2024 11:00:00","BZN|IE(SEM)","Without sequence","115.0","",""
"17/03/2024 11:00:00 - 17/03/2024 12:00:00","BZN|IE(SEM)","Without sequence","114.2","",""
"17/03/2024 12:00:00 - 17/03/2024 13:00:00","BZN|IE(SEM)","Without sequence","105.2","",""
"17/03/2024 13:00:00 - 17/03/2024 14:00:00","BZN|IE(SEM)","Without sequence","100.66","",""
"17/03/2024 14:00:00 - 17/03/2024 15:00:00","BZN|IE(SEM)","Without sequence","92.57","",""
"17/03/2024 15:00:00 - 17/03/2024 16:00:00","BZN|IE(SEM)","Without sequence","81.0","",""
"17/03/2024 16:00:00 - 17/03/2024 17:00:00","BZN|IE(SEM)","Without sequence","81.6","",""
"17/03/2024 17:00:00 - 17/03/2024 18:00:00","BZN|IE(SEM)","Without sequence","95.0","",""
"17/03/2024 18:00:00 - 17/03/2024 19:00:00","BZN|IE(SEM)","Without sequence","107.5","",""
"17/03/2024 19:00:00 - 17/03/2024 20:00:00","BZN|IE(SEM)","Without sequence","115.0","",""
"17/03/2024 20:00:00 - 17/03/2024 21:00:00","BZN|IE(SEM)","Without sequence","105.33","",""
"17/03/2024 21:00:00 - 17/03/2024 22:00:00","BZN|IE(SEM)","Without sequence","89.0","",""
"17/03/2024 22:00:00 - 17/03/2024 23:00:00","BZN|IE(SEM)","Without sequence","87.1","",""
"17/03/2024 23:00:00 - 18/03/2024 00:00:00","BZN|IE(SEM)","Without sequence","72.0","",""
"18/03/2024 00:00:00 - 18/03/2024 01:00:00","BZN|IE(SEM)","Without sequence","74.75","",""
"18/03/2024 01:00:00 - 18/03/2024 02:00:00","BZN|IE(SEM)","Without sequence","72.65","",""
"18/03/2024 02:00:00 - 18/03/2024 03:00:00","BZN|IE(SEM)","Without sequence","75.9","",""
"18/03/2024 03:00:00 - 18/03/2024 04:00:00","BZN|IE(SEM)","Without sequence","76.39","",""
"18/03/2024 04:00:00 - 18/03/2024 05:00:00","BZN|IE(SEM)","Without sequence","76.39","",""
"18/03/2024 05:00:00 - 18/03/2024 06:00:00","BZN|IE(SEM)","Without sequence","78.63","",""
"18/03/2024 06:00:00 - 18/03/2024 07:00:00","BZN|IE(SEM)","Without sequence","81.9","",""
"18/03/2024 07:00:00 - 18/03/2024 08:00:00","BZN|IE(SEM)","Without sequence","92.2","",""
"18/03/2024 08:00:00 - 18/03/2024 09:00:00","BZN|IE(SEM)","Without sequence","97.0","",""
"18/03/2024 09:00:00 - 18/03/2024 10:00:00","BZN|IE(SEM)","Without sequence","100.45","",""
"18/03/2024 10:00:00 - 18/03/2024 11:00:00","BZN|IE(SEM)","Without sequence","94.86","",""
"18/03/2024 11:00:00 - 18/03/2024 12:00:00","BZN|IE(SEM)","Without sequence","76.7","",""
"18/03/2024 12:00:00 - 18/03/2024 13:00:00","BZN|IE(SEM)","Without sequence","67.94","",""
"18/03/2024 13:00:00 - 18/03/2024 14:00:00","BZN|IE(SEM)","Without sequence","58.6","",""
"18/03/2024 14:00:00 - 18/03/2024 15:00:00","BZN|IE(SEM)","Without sequence","54.6","",""
"18/03/2024 15:00:00 - 18/03/2024 16:00:00","BZN|IE(SEM)","Without sequence","50.42","",""
"18/03/2024 16:00:00 - 18/03/2024 17:00:00","BZN|IE(SEM)","Without sequence","53.0","",""
"18/03/2024 17:00:00 - 18/03/2024 18:00:00","BZN|IE(SEM)","Without sequence","63.99","",""
"18/03/2024 18:00:00 - 18/03/2024 19:00:00","BZN|IE(SEM)","Without sequence","71.37","",""
"18/03/2024 19:00:00 - 18/03/2024 20:00:00","BZN|IE(SEM)","Without sequence","76.2","",""
"18/03/2024 20:00:00 - 18/03/2024 21:00:00","BZN|IE(SEM)","Without sequence","76.0","",""
"18/03/2024 21:00:00 - 18/03/2024 22:00:00","BZN|IE(SEM)","Without sequence","66.82","",""
"18/03/2024 22:00:00 - 18/03/2024 23:00:00","BZN|IE(SEM)","Without sequence","63.99","",""
"18/03/2024 23:00:00 - 19/03/2024 00:00:00","BZN|IE(SEM)","Without sequence","54.35","",""
"19/03/2024 00:00:00 - 19/03/2024 01:00:00","BZN|IE(SEM)","Without sequence","57.74","",""
"19/03/2024 01:00:00 - 19/03/2024 02:00:00","BZN|IE(SEM)","Without sequence","54.34","",""
"19/03/2024 02:00:00 - 19/03/2024 03:00:00","BZN|IE(SEM)","Without sequence","55.54","",""
"19/03/2024 03:00:00 - 19/03/2024 04:00:00","BZN|IE(SEM)","Without sequence","55.72","",""
"19/03/2024 04:00:00 - 19/03/2024 05:00:00","BZN|IE(SEM)","Without sequence","59.39","",""
"19/03/2024 05:00:00 - 19/03/2024 06:00:00","BZN|IE(SEM)","Without sequence","64.61","",""
"19/03/2024 06:00:00 - 19/03/2024 07:00:00","BZN|IE(SEM)","Without sequence","77.85","",""
"19/03/2024 07:00:00 - 19/03/2024 08:00:00","BZN|IE(SEM)","Without sequence","92.55","",""
"19/03/2024 08:00:00 - 19/03/2024 09:00:00","BZN|IE(SEM)","Without sequence","110.46","",""
"19/03/2024 09:00:00 - 19/03/2024 10:00:00","BZN|IE(SEM)","Without sequence","123.0","",""
"19/03/2024 10:00:00 - 19/03/2024 11:00:00","BZN|IE(SEM)","Without sequence","162.0","",""
"19/03/2024 11:00:00 - 19/03/2024 12:00:00","BZN|IE(SEM)","Without sequence","161.87","",""
"19/03/2024 12:00:00 - 19/03/2024 13:00:00","BZN|IE(SEM)","Without sequence","168.0","",""
"19/03/2024 13:00:00 - 19/03/2024 14:00:00","BZN|IE(SEM)","Without sequence","172.2","",""
"19/03/2024 14:00:00 - 19/03/2024 15:00:00","BZN|IE(SEM)","Without sequence","164.0","",""
"19/03/2024 15:00:00 - 19/03/2024 16:00:00","BZN|IE(SEM)","Without sequence","164.0","",""
"19/03/2024 16:00:00 - 19/03/2024 17:00:00","BZN|IE(SEM)","Without sequence","173.25","",""
"19/03/2024 17:00:00 - 19/03/2024 18:00:00","BZN|IE(SEM)","Without sequence","173.43","",""
"19/03/2024 18:00:00 - 19/03/2024 19:00:00","BZN|IE(SEM)","Without sequence","195.6","",""
"19/03/2024 19:00:00 - 19/03/2024 20:00:00","BZN|IE(SEM)","Without sequence","199.0","",""
"19/03/2024 20:00:00 - 19/03/2024 21:00:00","BZN|IE(SEM)","Without sequence","196.87","",""
"19/03/2024 21:00:00 - 19/03/2024 22:00:00","BZN|IE(SEM)","Without sequence","152.37","",""
"19/03/2024 22:00:00 - 19/03/2024 23:00:00","BZN|IE(SEM)","Without sequence","112.49","",""
"19/03/2024 23:00:00 - 20/03/2024 00:00:00","BZN|IE(SEM)","Without sequence","99.13","",""
"20/03/2024 00:00:00 - 20/03/2024 01:00:00","BZN|IE(SEM)","Without sequence","99.76","",""
"20/03/2024 01:00:00 - 20/03/2024 02:00:00","BZN|IE(SEM)","Without sequence","94.2","",""
"20/03/2024 02:00:00 - 20/03/2024 03:00:00","BZN|IE(SEM)","Without sequence","94.24","",""
"20/03/2024 03:00:00 - 20/03/2024 04:00:00","BZN|IE(SEM)","Without sequence","89.99","",""
"20/03/2024 04:00:00 - 20/03/2024 05:00:00","BZN|IE(SEM)","Without sequence","86.67","",""
"20/03/2024 05:00:00 - 20/03/2024 06:00:00","BZN|IE(SEM)","Without sequence","85.8","",""
"20/03/2024 06:00:00 - 20/03/2024 07:00:00","BZN|IE(SEM)","Without sequence","85.14","",""
"20/03/2024 07:00:00 - 20/03/2024 08:00:00","BZN|IE(SEM)","Without sequence","92.0","",""
"20/03/2024 08:00:00 - 20/03/2024 09:00:00","BZN|IE(SEM)","Without sequence","101.07","",""
"20/03/2024 09:00:00 - 20/03/2024 10:00:00","BZN|IE(SEM)","Without sequence","101.14","",""
"20/03/2024 10:00:00 - 20/03/2024 11:00:00","BZN|IE(SEM)","Without sequence","105.2","",""
"20/03/2024 11:00:00 - 20/03/2024 12:00:00","BZN|IE(SEM)","Without sequence","95.55","",""
"20/03/2024 12:00:00 - 20/03/2024 13:00:00","BZN|IE(SEM)","Without sequence","92.59","",""
"20/03/2024 13:00:00 - 20/03/2024 14:00:00","BZN|IE(SEM)","Without sequence","94.81","",""
"20/03/2024 14:00:00 - 20/03/2024 15:00:00","BZN|IE(SEM)","Without sequence","94.81","",""
"20/03/2024 15:00:00 - 20/03/2024 16:00:00","BZN|IE(SEM)","Without sequence","97.2","",""
"20/03/2024 16:00:00 - 20/03/2024 17:00:00","BZN|IE(SEM)","Without sequence","113.67","",""
"20/03/2024 17:00:00 - 20/03/2024 18:00:00","BZN|IE(SEM)","Without sequence","140.0","",""
"20/03/2024 18:00:00 - 20/03/2024 19:00:00","BZN|IE(SEM)","Without sequence","172.23","",""
"20/03/2024 19:00:00 - 20/03/2024 20:00:00","BZN|IE(SEM)","Without sequence","201.55","",""
"20/03/2024 20:00:00 - 20/03/2024 21:00:00","BZN|IE(SEM)","Without sequence","218.0","",""
"20/03/2024 21:00:00 - 20/03/2024 22:00:00","BZN|IE(SEM)","Without sequence","195.0","",""
"20/03/2024 22:00:00 - 20/03/2024 23:00:00","BZN|IE(SEM)","Without sequence","143.47","",""
"20/03/2024 23:00:00 - 21/03/2024 00:00:00","BZN|IE(SEM)","Without sequence","95.0","",""
"21/03/2024 00:00:00 - 21/03/2024 01:00:00","BZN|IE(SEM)","Without sequence","103.72","",""
"21/03/2024 01:00:00 - 21/03/2024 02:00:00","BZN|IE(SEM)","Without sequence","93.65","",""
"21/03/2024 02:00:00 - 21/03/2024 03:00:00","BZN|IE(SEM)","Without sequence","89.99","",""
"21/03/2024 03:00:00 - 21/03/2024 04:00:00","BZN|IE(SEM)","Without sequence","76.4","",""
"21/03/2024 04:00:00 - 21/03/2024 05:00:00","BZN|IE(SEM)","Without sequence","69.0","",""
"21/03/2024 05:00:00 - 21/03/2024 06:00:00","BZN|IE(SEM)","Without sequence","66.6","",""
"21/03/2024 06:00:00 - 21/03/2024 07:00:00","BZN|IE(SEM)","Without sequence","71.0","",""
"21/03/2024 07:00:00 - 21/03/2024 08:00:00","BZN|IE(SEM)","Without sequence","77.88","",""
"21/03/2024 08:00:00 - 21/03/2024 09:00:00","BZN|IE(SEM)","Without sequence","90.97","",""
"21/03/2024 09:00:00 - 21/03/2024 10:00:00","BZN|IE(SEM)","Without sequence","83.46","",""
"21/03/2024 10:00:00 - 21/03/2024 11:00:00","BZN|IE(SEM)","Without sequence","78.75","",""
"21/03/2024 11:00:00 - 21/03/2024 12:00:00","BZN|IE(SEM)","Without sequence","80.93","",""
"21/03/2024 12:00:00 - 21/03/2024 13:00:00","BZN|IE(SEM)","Without sequence","74.8","",""
"21/03/2024 13:00:00 - 21/03/2024 14:00:00","BZN|IE(SEM)","Without sequence","69.46","",""
"21/03/2024 14:00:00 - 21/03/2024 15:00:00","BZN|IE(SEM)","Without sequence","66.0","",""
"21/03/2024 15:00:00 - 21/03/2024 16:00:00","BZN|IE(SEM)","Without sequence","70.0","",""
"21/03/2024 16:00:00 - 21/03/2024 17:00:00","BZN|IE(SEM)","Without sequence","71.87","",""
"21/03/2024 17:00:00 - 21/03/2024 18:00:00","BZN|IE(SEM)","Without sequence","80.49","",""
"21/03/2024 18:00:00 - 21/03/2024 19:00:00","BZN|IE(SEM)","Without sequence","91.41","",""
"21/03/2024 19:00:00 - 21/03/2024 20:00:00","BZN|IE(SEM)","Without sequence","116.0","",""
"21/03/2024 20:00:00 - 21/03/2024 21:00:00","BZN|IE(SEM)","Without sequence","111.44","",""
"21/03/2024 21:00:00 - 21/03/2024 22:00:00","BZN|IE(SEM)","Without sequence","95.31","",""
"21/03/2024 22:00:00 - 21/03/2024 23:00:00","BZN|IE(SEM)","Without sequence","96.0","",""
"21/03/2024 23:00:00 - 22/03/2024 00:00:00","BZN|IE(SEM)","Without sequence","77.88","",""
"22/03/2024 00:00:00 - 22/03/2024 01:00:00","BZN|IE(SEM)","Without sequence","75.91","",""
"22/03/2024 01:00:00 - 22/03/2024 02:00:00","BZN|IE(SEM)","Without sequence","62.38","",""
"22/03/2024 02:00:00 - 22/03/2024 03:00:00","BZN|IE(SEM)","Without sequence","62.38","",""
"22/03/2024 03:00:00 - 22/03/2024 04:00:00","BZN|IE(SEM)","Without sequence","62.38","",""
"22/03/2024 04:00:00 - 22/03/2024 05:00:00","BZN|IE(SEM)","Without sequence","62.38","",""
"22/03/2024 05:00:00 - 22/03/2024 06:00:00","BZN|IE(SEM)","Without sequence","62.38","",""
"22/03/2024 06:00:00 - 22/03/2024 07:00:00","BZN|IE(SEM)","Without sequence","70.1","",""
"22/03/2024 07:00:00 - 22/03/2024 08:00:00","BZN|IE(SEM)","Without sequence","79.77","",""
"22/03/2024 08:00:00 - 22/03/2024 09:00:00","BZN|IE(SEM)","Without sequence","117.0","",""
"22/03/2024 09:00:00 - 22/03/2024 10:00:00","BZN|IE(SEM)","Without sequence","100.0","",""
"22/03/2024 10:00:00 - 22/03/2024 11:00:00","BZN|IE(SEM)","Without sequence","104.0","",""
"22/03/2024 11:00:00 - 22/03/2024 12:00:00","BZN|IE(SEM)","Without sequence","76.06","",""
"22/03/2024 12:00:00 - 22/03/2024 13:00:00","BZN|IE(SEM)","Without sequence","63.25","",""
"22/03/2024 13:00:00 - 22/03/2024 14:00:00","BZN|IE(SEM)","Without sequence","64.7","",""
"22/03/2024 14:00:00 - 22/03/2024 15:00:00","BZN|IE(SEM)","Without sequence","55.56","",""
"22/03/2024 15:00:00 - 22/03/2024 16:00:00","BZN|IE(SEM)","Without sequence","58.75","",""
"22/03/2024 16:00:00 - 22/03/2024 17:00:00","BZN|IE(SEM)","Without sequence","55.0","",""
"22/03/2024 17:00:00 - 22/03/2024 18:00:00","BZN|IE(SEM)","Without sequence","66.58","",""
"22/03/2024 18:00:00 - 22/03/2024 19:00:00","BZN|IE(SEM)","Without sequence","82.48","",""
"22/03/2024 19:00:00 - 22/03/2024 20:00:00","BZN|IE(SEM)","Without sequence","100.32","",""
"22/03/2024 20:00:00 - 22/03/2024 21:00:00","BZN|IE(SEM)","Without sequence","96.59","",""
"22/03/2024 21:00:00 - 22/03/2024 22:00:00","BZN|IE(SEM)","Without sequence","80.26","",""
"22/03/2024 22:00:00 - 22/03/2024 23:00:00","BZN|IE(SEM)","Without sequence","68.25","",""
"22/03/2024 23:00:00 - 23/03/2024 00:00:00","BZN|IE(SEM)","Without sequence","49.26","",""
"23/03/2024 00:00:00 - 23/03/2024 01:00:00","BZN|IE(SEM)","Without sequence","21.05","",""
"23/03/2024 01:00:00 - 23/03/2024 02:00:00","BZN|IE(SEM)","Without sequence","12.19","",""
"23/03/2024 02:00:00 - 23/03/2024 03:00:00","BZN|IE(SEM)","Without sequence","6.15","",""
"23/03/2024 03:00:00 - 23/03/2024 04:00:00","BZN|IE(SEM)","Without sequence","1.32","",""
"23/03/2024 04:00:00 - 23/03/2024 05:00:00","BZN|IE(SEM)","Without sequence","1.0","",""
"23/03/2024 05:00:00 - 23/03/2024 06:00:00","BZN|IE(SEM)","Without sequence","0.99","",""
"23/03/2024 06:00:00 - 23/03/2024 07:00:00","BZN|IE(SEM)","Without sequence","1.0","",""
"23/03/2024 07:00:00 - 23/03/2024 08:00:00","BZN|IE(SEM)","Without sequence","6.52","",""
"23/03/2024 08:00:00 - 23/03/2024 09:00:00","BZN|IE(SEM)","Without sequence","8.94","",""
"23/03/2024 09:00:00 - 23/03/2024 10:00:00","BZN|IE(SEM)","Without sequence","1.69","",""
"23/03/2024 10:00:00 - 23/03/2024 11:00:00","BZN|IE(SEM)","Without sequence","1.34","",""
"23/03/2024 11:00:00 - 23/03/2024 12:00:00","BZN|IE(SEM)","Without sequence","0.0","",""
"23/03/2024 12:00:00 - 23/03/2024 13:00:00","BZN|IE(SEM)","Without sequence","0.0","",""
"23/03/2024 13:00:00 - 23/03/2024 14:00:00","BZN|IE(SEM)","Without sequence","0.0","",""
"23/03/2024 14:00:00 - 23/03/2024 15:00:00","BZN|IE(SEM)","Without sequence","0.0","",""
"23/03/2024 15:00:00 - 23/03/2024 16:00:00","BZN|IE(SEM)","Without sequence","0.0","",""
"23/03/2024 16:00:00 - 23/03/2024 17:00:00","BZN|IE(SEM)","Without sequence","0.0","",""
"23/03/2024 17:00:00 - 23/03/2024 18:00:00","BZN|IE(SEM)","Without sequence","13.4","",""
"23/03/2024 18:00:00 - 23/03/2024 19:00:00","BZN|IE(SEM)","Without sequence","58.13","",""
"23/03/2024 19:00:00 - 23/03/2024 20:00:00","BZN|IE(SEM)","Without sequence","81.81","",""
"23/03/2024 20:00:00 - 23/03/2024 21:00:00","BZN|IE(SEM)","Without sequence","80.04","",""
"23/03/2024 21:00:00 - 23/03/2024 22:00:00","BZN|IE(SEM)","Without sequence","75.03","",""
"23/03/2024 22:00:00 - 23/03/2024 23:00:00","BZN|IE(SEM)","Without sequence","63.14","",""
"23/03/2024 23:00:00 - 24/03/2024 00:00:00","BZN|IE(SEM)","Without sequence","58.11","",""
"24/03/2024 00:00:00 - 24/03/2024 01:00:00","BZN|IE(SEM)","Without sequence","75.1","",""
"24/03/2024 01:00:00 - 24/03/2024 02:00:00","BZN|IE(SEM)","Without sequence","75.0","",""
"24/03/2024 02:00:00 - 24/03/2024 03:00:00","BZN|IE(SEM)","Without sequence","75.0","",""
"24/03/2024 03:00:00 - 24/03/2024 04:00:00","BZN|IE(SEM)","Without sequence","75.1","",""
"24/03/2024 04:00:00 - 24/03/2024 05:00:00","BZN|IE(SEM)","Without sequence","79.33","",""
"24/03/2024 05:00:00 - 24/03/2024 06:00:00","BZN|IE(SEM)","Without sequence","80.1","",""
"24/03/2024 06:00:00 - 24/03/2024 07:00:00","BZN|IE(SEM)","Without sequence","95.0","",""
"24/03/2024 07:00:00 - 24/03/2024 08:00:00","BZN|IE(SEM)","Without sequence","89.4","",""
"24/03/2024 08:00:00 - 24/03/2024 09:00:00","BZN|IE(SEM)","Without sequence","75.1","",""
"24/03/2024 09:00:00 - 24/03/2024 10:00:00","BZN|IE(SEM)","Without sequence","81.25","",""
"24/03/2024 10:00:00 - 24/03/2024 11:00:00","BZN|IE(SEM)","Without sequence","107.52","",""
"24/03/2024 11:00:00 - 24/03/2024 12:00:00","BZN|IE(SEM)","Without sequence","110.0","",""
"24/03/2024 12:00:00 - 24/03/2024 13:00:00","BZN|IE(SEM)","Without sequence","115.3","",""
"24/03/2024 13:00:00 - 24/03/2024 14:00:00","BZN|IE(SEM)","Without sequence","118.0","",""
"24/03/2024 14:00:00 - 24/03/2024 15:00:00","BZN|IE(SEM)","Without sequence","113.0","",""
"24/03/2024 15:00:00 - 24/03/2024 16:00:00","BZN|IE(SEM)","Without sequence","110.0","",""
"24/03/2024 16:00:00 - 24/03/2024 17:00:00","BZN|IE(SEM)","Without sequence","99.69","",""
"24/03/2024 17:00:00 - 24/03/2024 18:00:00","BZN|IE(SEM)","Without sequence","109.07","",""
"24/03/2024 18:00:00 - 24/03/2024 19:00:00","BZN|IE(SEM)","Without sequence","109.14","",""
"24/03/2024 19:00:00 - 24/03/2024 20:00:00","BZN|IE(SEM)","Without sequence","120.01","",""
"24/03/2024 20:00:00 - 24/03/2024 21:00:00","BZN|IE(SEM)","Without sequence","116.47","",""
"24/03/2024 21:00:00 - 24/03/2024 22:00:00","BZN|IE(SEM)","Without sequence","103.0","",""
"24/03/2024 22:00:00 - 24/03/2024 23:00:00","BZN|IE(SEM)","Without sequence","90.13","",""
"24/03/2024 23:00:00 - 25/03/2024 00:00:00","BZN|IE(SEM)","Without sequence","90.74","",""
"25/03/2024 00:00:00 - 25/03/2024 01:00:00","BZN|IE(SEM)","Without sequence","82.37","",""
"25/03/2024 01:00:00 - 25/03/2024 02:00:00","BZN|IE(SEM)","Without sequence","90.9","",""
"25/03/2024 02:00:00 - 25/03/2024 03:00:00","BZN|IE(SEM)","Without sequence","81.0","",""
"25/03/2024 03:00:00 - 25/03/2024 04:00:00","BZN|IE(SEM)","Without sequence","76.16","",""
"25/03/2024 04:00:00 - 25/03/2024 05:00:00","BZN|IE(SEM)","Without sequence","72.57","",""
"25/03/2024 05:00:00 - 25/03/2024 06:00:00","BZN|IE(SEM)","Without sequence","72.0","",""
"25/03/2024 06:00:00 - 25/03/2024 07:00:00","BZN|IE(SEM)","Without sequence","77.8","",""
"25/03/2024 07:00:00 - 25/03/2024 08:00:00","BZN|IE(SEM)","Without sequence","85.13","",""
"25/03/2024 08:00:00 - 25/03/2024 09:00:00","BZN|IE(SEM)","Without sequence","90.0","",""
"25/03/2024 09:00:00 - 25/03/2024 10:00:00","BZN|IE(SEM)","Without sequence","96.45","",""
"25/03/2024 10:00:00 - 25/03/2024 11:00:00","BZN|IE(SEM)","Without sequence","99.6","",""
"25/03/2024 11:00:00 - 25/03/2024 12:00:00","BZN|IE(SEM)","Without sequence","92.52","",""
"25/03/2024 12:00:00 - 25/03/2024 13:00:00","BZN|IE(SEM)","Without sequence","91.54","",""
"25/03/2024 13:00:00 - 25/03/2024 14:00:00","BZN|IE(SEM)","Without sequence","94.56","",""
"25/03/2024 14:00:00 - 25/03/2024 15:00:00","BZN|IE(SEM)","Without sequence","91.54","",""
"25/03/2024 15:00:00 - 25/03/2024 16:00:00","BZN|IE(SEM)","Without sequence","91.54","",""
"25/03/2024 16:00:00 - 25/03/2024 17:00:00","BZN|IE(SEM)","Without sequence","96.24","",""
"25/03/2024 17:00:00 - 25/03/2024 18:00:00","BZN|IE(SEM)","Without sequence","110.0","",""
"25/03/2024 18:00:00 - 25/03/2024 19:00:00","BZN|IE(SEM)","Without sequence","129.89","",""
"25/03/2024 19:00:00 - 25/03/2024 20:00:00","BZN|IE(SEM)","Without sequence","138.0","",""
"25/03/2024 20:00:00 - 25/03/2024 21:00:00","BZN|IE(SEM)","Without sequence","137.14","",""
"25/03/2024 21:00:00 - 25/03/2024 22:00:00","BZN|IE(SEM)","Without sequence","115.0","",""
"25/03/2024 22:00:00 - 25/03/2024 23:00:00","BZN|IE(SEM)","Without sequence","91.54","",""
"25/03/2024 23:00:00 - 26/03/2024 00:00:00","BZN|IE(SEM)","Without sequence","79.14","",""
"26/03/2024 00:00:00 - 26/03/2024 01:00:00","BZN|IE(SEM)","Without sequence","84.0","",""
"26/03/2024 01:00:00 - 26/03/2024 02:00:00","BZN|IE(SEM)","Without sequence","79.92","",""
"26/03/2024 02:00:00 - 26/03/2024 03:00:00","BZN|IE(SEM)","Without sequence","82.69","",""
"26/03/2024 03:00:00 - 26/03/2024 04:00:00","BZN|IE(SEM)","Without sequence","81.0","",""
"26/03/2024 04:00:00 - 26/03/2024 05:00:00","BZN|IE(SEM)","Without sequence","77.64","",""
"26/03/2024 05:00:00 - 26/03/2024 06:00:00","BZN|IE(SEM)","Without sequence","76.84","",""
"26/03/2024 06:00:00 - 26/03/2024 07:00:00","BZN|IE(SEM)","Without sequence","82.07","",""
"26/03/2024 07:00:00 - 26/03/2024 08:00:00","BZN|IE(SEM)","Without sequence","84.91","",""
"26/03/2024 08:00:00 - 26/03/2024 09:00:00","BZN|IE(SEM)","Without sequence","87.19","",""
"26/03/2024 09:00:00 - 26/03/2024 10:00:00","BZN|IE(SEM)","Without sequence","100.22","",""
"26/03/2024 10:00:00 - 26/03/2024 11:00:00","BZN|IE(SEM)","Without sequence","104.16","",""
"26/03/2024 11:00:00 - 26/03/2024 12:00:00","BZN|IE(SEM)","Without sequence","104.0","",""
"26/03/2024 12:00:00 - 26/03/2024 13:00:00","BZN|IE(SEM)","Without sequence","103.92","",""
"26/03/2024 13:00:00 - 26/03/2024 14:00:00","BZN|IE(SEM)","Without sequence","113.5","",""
"26/03/2024 14:00:00 - 26/03/2024 15:00:00","BZN|IE(SEM)","Without sequence","101.5","",""
"26/03/2024 15:00:00 - 26/03/2024 16:00:00","BZN|IE(SEM)","Without sequence","96.5","",""
"26/03/2024 16:00:00 - 26/03/2024 17:00:00","BZN|IE(SEM)","Without sequence","100.0","",""
"26/03/2024 17:00:00 - 26/03/2024 18:00:00","BZN|IE(SEM)","Without sequence","109.58","",""
"26/03/2024 18:00:00 - 26/03/2024 19:00:00","BZN|IE(SEM)","Without sequence","128.0","",""
"26/03/2024 19:00:00 - 26/03/2024 20:00:00","BZN|IE(SEM)","Without sequence","131.72","",""
"26/03/2024 20:00:00 - 26/03/2024 21:00:00","BZN|IE(SEM)","Without sequence","117.52","",""
"26/03/2024 21:00:00 - 26/03/2024 22:00:00","BZN|IE(SEM)","Without sequence","95.75","",""
"26/03/2024 22:00:00 - 26/03/2024 23:00:00","BZN|IE(SEM)","Without sequence","84.9","",""
"26/03/2024 23:00:00 - 27/03/2024 00:00:00","BZN|IE(SEM)","Without sequence","72.74","",""
"27/03/2024 00:00:00 - 27/03/2024 01:00:00","BZN|IE(SEM)","Without sequence","76.32","",""
"27/03/2024 01:00:00 - 27/03/2024 02:00:00","BZN|IE(SEM)","Without sequence","67.9","",""
"27/03/2024 02:00:00 - 27/03/2024 03:00:00","BZN|IE(SEM)","Without sequence","64.45","",""
"27/03/2024 03:00:00 - 27/03/2024 04:00:00","BZN|IE(SEM)","Without sequence","65.0","",""
"27/03/2024 04:00:00 - 27/03/2024 05:00:00","BZN|IE(SEM)","Without sequence","65.0","",""
"27/03/2024 05:00:00 - 27/03/2024 06:00:00","BZN|IE(SEM)","Without sequence","64.6","",""
"27/03/2024 06:00:00 - 27/03/2024 07:00:00","BZN|IE(SEM)","Without sequence","65.07","",""
"27/03/2024 07:00:00 - 27/03/2024 08:00:00","BZN|IE(SEM)","Without sequence","79.0","",""
"27/03/2024 08:00:00 - 27/03/2024 09:00:00","BZN|IE(SEM)","Without sequence","86.34","",""
"27/03/2024 09:00:00 - 27/03/2024 10:00:00","BZN|IE(SEM)","Without sequence","89.8","",""
"27/03/2024 10:00:00 - 27/03/2024 11:00:00","BZN|IE(SEM)","Without sequence","89.46","",""
"27/03/2024 11:00:00 - 27/03/2024 12:00:00","BZN|IE(SEM)","Without sequence","80.3","",""
"27/03/2024 12:00:00 - 27/03/2024 13:00:00","BZN|IE(SEM)","Without sequence","77.67","",""
"27/03/2024 13:00:00 - 27/03/2024 14:00:00","BZN|IE(SEM)","Without sequence","78.31","",""
"27/03/2024 14:00:00 - 27/03/2024 15:00:00","BZN|IE(SEM)","Without sequence","73.65","",""
"27/03/2024 15:00:00 - 27/03/2024 16:00:00","BZN|IE(SEM)","Without sequence","75.79","",""
"27/03/2024 16:00:00 - 27/03/2024 17:00:00","BZN|IE(SEM)","Without sequence","76.13","",""
"27/03/2024 17:00:00 - 27/03/2024 18:00:00","BZN|IE(SEM)","Without sequence","85.0","",""
"27/03/2024 18:00:00 - 27/03/2024 19:00:00","BZN|IE(SEM)","Without sequence","102.37","",""
"27/03/2024 19:00:00 - 27/03/2024 20:00:00","BZN|IE(SEM)","Without sequence","113.83","",""
"27/03/2024 20:00:00 - 27/03/2024 21:00:00","BZN|IE(SEM)","Without sequence","106.43","",""
"27/03/2024 21:00:00 - 27/03/2024 22:00:00","BZN|IE(SEM)","Without sequence","103.01","",""
"27/03/2024 22:00:00 - 27/03/2024 23:00:00","BZN|IE(SEM)","Without sequence","95.0","",""
"27/03/2024 23:00:00 - 28/03/2024 00:00:00","BZN|IE(SEM)","Without sequence","86.4","",""
"28/03/2024 00:00:00 - 28/03/2024 01:00:00","BZN|IE(SEM)","Without sequence","86.7","",""
"28/03/2024 01:00:00 - 28/03/2024 02:00:00","BZN|IE(SEM)","Without sequence","79.47","",""
"28/03/2024 02:00:00 - 28/03/2024 03:00:00","BZN|IE(SEM)","Without sequence","81.42","",""
"28/03/2024 03:00:00 - 28/03/2024 04:00:00","BZN|IE(SEM)","Without sequence","88.0","",""
"28/03/2024 04:00:00 - 28/03/2024 05:00:00","BZN|IE(SEM)","Without sequence","91.54","",""
"28/03/2024 05:00:00 - 28/03/2024 06:00:00","BZN|IE(SEM)","Without sequence","89.0","",""
"28/03/2024 06:00:00 - 28/03/2024 07:00:00","BZN|IE(SEM)","Without sequence","80.6","",""
"28/03/2024 07:00:00 - 28/03/2024 08:00:00","BZN|IE(SEM)","Without sequence","83.31","",""
"28/03/2024 08:00:00 - 28/03/2024 09:00:00","BZN|IE(SEM)","Without sequence","83.0","",""
"28/03/2024 09:00:00 - 28/03/2024 10:00:00","BZN|IE(SEM)","Without sequence","97.17","",""
"28/03/2024 10:00:00 - 28/03/2024 11:00:00","BZN|IE(SEM)","Without sequence","98.5","",""
"28/03/2024 11:00:00 - 28/03/2024 12:00:00","BZN|IE(SEM)","Without sequence","92.12","",""
"28/03/2024 12:00:00 - 28/03/2024 13:00:00","BZN|IE(SEM)","Without sequence","92.63","",""
"28/03/2024 13:00:00 - 28/03/2024 14:00:00","BZN|IE(SEM)","Without sequence","92.19","",""
"28/03/2024 14:00:00 - 28/03/2024 15:00:00","BZN|IE(SEM)","Without sequence","90.35","",""
"28/03/2024 15:00:00 - 28/03/2024 16:00:00","BZN|IE(SEM)","Without sequence","84.47","",""
"28/03/2024 16:00:00 - 28/03/2024 17:00:00","BZN|IE(SEM)","Without sequence","91.0","",""
"28/03/2024 17:00:00 - 28/03/2024 18:00:00","BZN|IE(SEM)","Without sequence","97.0","",""
"28/03/2024 18:00:00 - 28/03/2024 19:00:00","BZN|IE(SEM)","Without sequence","120.02","",""
"28/03/2024 19:00:00 - 28/03/2024 20:00:00","BZN|IE(SEM)","Without sequence","142.7","",""
"28/03/2024 20:00:00 - 28/03/2024 21:00:00","BZN|IE(SEM)","Without sequence","149.34","",""
"28/03/2024 21:00:00 - 28/03/2024 22:00:00","BZN|IE(SEM)","Without sequence","132.32","",""
"28/03/2024 22:00:00 - 28/03/2024 23:00:00","BZN|IE(SEM)","Without sequence","107.43","",""
"28/03/2024 23:00:00 - 29/03/2024 00:00:00","BZN|IE(SEM)","Without sequence","83.31","",""
"29/03/2024 00:00:00 - 29/03/2024 01:00:00","BZN|IE(SEM)","Without sequence","108.0","",""
"29/03/2024 01:00:00 - 29/03/2024 02:00:00","BZN|IE(SEM)","Without sequence","89.89","",""
"29/03/2024 02:00:00 - 29/03/2024 03:00:00","BZN|IE(SEM)","Without sequence","96.4","",""
"29/03/2024 03:00:00 - 29/03/2024 04:00:00","BZN|IE(SEM)","Without sequence","96.4","",""
"29/03/2024 04:00:00 - 29/03/2024 05:00:00","BZN|IE(SEM)","Without sequence","96.4","",""
"29/03/2024 05:00:00 - 29/03/2024 06:00:00","BZN|IE(SEM)","Without sequence","96.4","",""
"29/03/2024 06:00:00 - 29/03/2024 07:00:00","BZN|IE(SEM)","Without sequence","85.69","",""
"29/03/2024 07:00:00 - 29/03/2024 08:00:00","BZN|IE(SEM)","Without sequence","80.86","",""
"29/03/2024 08:00:00 - 29/03/2024 09:00:00","BZN|IE(SEM)","Without sequence","96.0","",""
"29/03/2024 09:00:00 - 29/03/2024 10:00:00","BZN|IE(SEM)","Without sequence","117.45","",""
"29/03/2024 10:00:00 - 29/03/2024 11:00:00","BZN|IE(SEM)","Without sequence","125.84","",""
"29/03/2024 11:00:00 - 29/03/2024 12:00:00","BZN|IE(SEM)","Without sequence","120.51","",""
"29/03/2024 12:00:00 - 29/03/2024 13:00:00","BZN|IE(SEM)","Without sequence","111.11","",""
"29/03/2024 13:00:00 - 29/03/2024 14:00:00","BZN|IE(SEM)","Without sequence","105.28","",""
"29/03/2024 14:00:00 - 29/03/2024 15:00:00","BZN|IE(SEM)","Without sequence","89.59","",""
"29/03/2024 15:00:00 - 29/03/2024 16:00:00","BZN|IE(SEM)","Without sequence","80.11","",""
"29/03/2024 16:00:00 - 29/03/2024 17:00:00","BZN|IE(SEM)","Without sequence","81.3","",""
"29/03/2024 17:00:00 - 29/03/2024 18:00:00","BZN|IE(SEM)","Without sequence","85.44","",""
"29/03/2024 18:00:00 - 29/03/2024 19:00:00","BZN|IE(SEM)","Without sequence","110.9","",""
"29/03/2024 19:00:00 - 29/03/2024 20:00:00","BZN|IE(SEM)","Without sequence","125.52","",""
"29/03/2024 20:00:00 - 29/03/2024 21:00:00","BZN|IE(SEM)","Without sequence","128.48","",""
"29/03/2024 21:00:00 - 29/03/2024 22:00:00","BZN|IE(SEM)","Without sequence","115.63","",""
"29/03/2024 22:00:00 - 29/03/2024 23:00:00","BZN|IE(SEM)","Without sequence","88.64","",""
"29/03/2024 23:00:00 - 30/03/2024 00:00:00","BZN|IE(SEM)","Without sequence","84.21","",""
"30/03/2024 00:00:00 - 30/03/2024 01:00:00","BZN|IE(SEM)","Without sequence","91.78","",""
"30/03/2024 01:00:00 - 30/03/2024 02:00:00","BZN|IE(SEM)","Without sequence","90.2","",""
"30/03/2024 02:00:00 - 30/03/2024 03:00:00","BZN|IE(SEM)","Without sequence","94.17","",""
"30/03/2024 03:00:00 - 30/03/2024 04:00:00","BZN|IE(SEM)","Without sequence","89.0","",""
"30/03/2024 04:00:00 - 30/03/2024 05:00:00","BZN|IE(SEM)","Without sequence","86.43","",""
"30/03/2024 05:00:00 - 30/03/2024 06:00:00","BZN|IE(SEM)","Without sequence","81.18","",""
"30/03/2024 06:00:00 - 30/03/2024 07:00:00","BZN|IE(SEM)","Without sequence","71.72","",""
"30/03/2024 07:00:00 - 30/03/2024 08:00:00","BZN|IE(SEM)","Without sequence","78.78","",""
"30/03/2024 08:00:00 - 30/03/2024 09:00:00","BZN|IE(SEM)","Without sequence","80.9","",""
"30/03/2024 09:00:00 - 30/03/2024 10:00:00","BZN|IE(SEM)","Without sequence","85.96","",""
"30/03/2024 10:00:00 - 30/03/2024 11:00:00","BZN|IE(SEM)","Without sequence","93.08","",""
"30/03/2024 11:00:00 - 30/03/2024 12:00:00","BZN|IE(SEM)","Without sequence","85.38","",""
"30/03/2024 12:00:00 - 30/03/2024 13:00:00","BZN|IE(SEM)","Without sequence","75.56","",""
"30/03/2024 13:00:00 - 30/03/2024 14:00:00","BZN|IE(SEM)","Without sequence","76.42","",""
"30/03/2024 14:00:00 - 30/03/2024 15:00:00","BZN|IE(SEM)","Without sequence","68.7","",""
"30/03/2024 15:00:00 - 30/03/2024 16:00:00","BZN|IE(SEM)","Without sequence","68.6","",""
"30/03/2024 16:00:00 - 30/03/2024 17:00:00","BZN|IE(SEM)","Without sequence","72.98","",""
"30/03/2024 17:00:00 - 30/03/2024 18:00:00","BZN|IE(SEM)","Without sequence","77.93","",""
"30/03/2024 18:00:00 - 30/03/2024 19:00:00","BZN|IE(SEM)","Without sequence","96.0","",""
"30/03/2024 19:00:00 - 30/03/2024 20:00:00","BZN|IE(SEM)","Without sequence","114.0","",""
"30/03/2024 20:00:00 - 30/03/2024 21:00:00","BZN|IE(SEM)","Without sequence","113.77","",""
"30/03/2024 21:00:00 - 30/03/2024 22:00:00","BZN|IE(SEM)","Without sequence","103.0","",""
"30/03/2024 22:00:00 - 30/03/2024 23:00:00","BZN|IE(SEM)","Without sequence","83.85","",""
"30/03/2024 23:00:00 - 31/03/2024 00:00:00","BZN|IE(SEM)","Without sequence","81.0","",""
"31/03/2024 00:00:00 - 31/03/2024 01:00:00 (CET)","BZN|IE(SEM)","Without sequence","94.6","",""
"31/03/2024 01:00:00 (CET) - 31/03/2024 03:00:00 (CEST)","BZN|IE(SEM)","Without sequence","94.5","",""
"31/03/2024 03:00:00 (CEST) - 31/03/2024 04:00:00","BZN|IE(SEM)","Without sequence","82.81","",""
"31/03/2024 04:00:00 - 31/03/2024 05:00:00","BZN|IE(SEM)","Without sequence","82.01","",""
"31/03/2024 05:00:00 - 31/03/2024 06:00:00","BZN|IE(SEM)","Without sequence","79.0","",""
"31/03/2024 06:00:00 - 31/03/2024 07:00:00","BZN|IE(SEM)","Without sequence","70.15","",""
"31/03/2024 07:00:00 - 31/03/2024 08:00:00","BZN|IE(SEM)","Without sequence","71.1","",""
"31/03/2024 08:00:00 - 31/03/2024 09:00:00","BZN|IE(SEM)","Without sequence","73.87","",""
"31/03/2024 09:00:00 - 31/03/2024 10:00:00","BZN|IE(SEM)","Without sequence","78.07","",""
"31/03/2024 10:00:00 - 31/03/2024 11:00:00","BZN|IE(SEM)","Without sequence","82.43","",""
"31/03/2024 11:00:00 - 31/03/2024 12:00:00","BZN|IE(SEM)","Without sequence","78.84","",""
"31/03/2024 12:00:00 - 31/03/2024 13:00:00","BZN|IE(SEM)","Without sequence","73.15","",""
"31/03/2024 13:00:00 - 31/03/2024 14:00:00","BZN|IE(SEM)","Without sequence","69.0","",""
"31/03/2024 14:00:00 - 31/03/2024 15:00:00","BZN|IE(SEM)","Without sequence","65.2","",""
"31/03/2024 15:00:00 - 31/03/2024 16:00:00","BZN|IE(SEM)","Without sequence","65.2","",""
"31/03/2024 16:00:00 - 31/03/2024 17:00:00","BZN|IE(SEM)","Without sequence","66.9","",""
"31/03/2024 17:00:00 - 31/03/2024 18:00:00","BZN|IE(SEM)","Without sequence","72.45","",""
"31/03/2024 18:00:00 - 31/03/2024 19:00:00","BZN|IE(SEM)","Without sequence","93.44","",""
"31/03/2024 19:00:00 - 31/03/2024 20:00:00","BZN|IE(SEM)","Without sequence","111.35","",""
"31/03/2024 20:00:00 - 31/03/2024 21:00:00","BZN|IE(SEM)","Without sequence","125.0","",""
"31/03/2024 21:00:00 - 31/03/2024 22:00:00","BZN|IE(SEM)","Without sequence","120.51","",""
"31/03/2024 22:00:00 - 31/03/2024 23:00:00","BZN|IE(SEM)","Without sequence","100.0","",""
"31/03/2024 23:00:00 - 01/04/2024 00:00:00","BZN|IE(SEM)","Without sequence","80.1","",""
"01/04/2024 00:00:00 - 01/04/2024 01:00:00","BZN|IE(SEM)","Without sequence","73.94","",""
"01/04/2024 01:00:00 - 01/04/2024 02:00:00","BZN|IE(SEM)","Without sequence","64.0","",""
"01/04/2024 02:00:00 - 01/04/2024 03:00:00","BZN|IE(SEM)","Without sequence","64.71","",""
"01/04/2024 03:00:00 - 01/04/2024 04:00:00","BZN|IE(SEM)","Without sequence","62.0","",""
"01/04/2024 04:00:00 - 01/04/2024 05:00:00","BZN|IE(SEM)","Without sequence","61.76","",""
"01/04/2024 05:00:00 - 01/04/2024 06:00:00","BZN|IE(SEM)","Without sequence","61.76","",""
"01/04/2024 06:00:00 - 01/04/2024 07:00:00","BZN|IE(SEM)","Without sequence","65.0","",""
"01/04/2024 07:00:00 - 01/04/2024 08:00:00","BZN|IE(SEM)","Without sequence","67.13","",""
"01/04/2024 08:00:00 - 01/04/2024 09:00:00","BZN|IE(SEM)","Without sequence","67.47","",""
"01/04/2024 09:00:00 - 01/04/2024 10:00:00","BZN|IE(SEM)","Without sequence","76.2","",""
"01/04/2024 10:00:00 - 01/04/2024 11:00:00","BZN|IE(SEM)","Without sequence","87.48","",""
"01/04/2024 11:00:00 - 01/04/2024 12:00:00","BZN|IE(SEM)","Without sequence","86.83","",""
"01/04/2024 12:00:00 - 01/04/2024 13:00:00","BZN|IE(SEM)","Without sequence","87.0","",""
"01/04/2024 13:00:00 - 01/04/2024 14:00:00","BZN|IE(SEM)","Without sequence","82.0","",""
"01/04/2024 14:00:00 - 01/04/2024 15:00:00","BZN|IE(SEM)","Without sequence","72.0","",""
"01/04/2024 15:00:00 - 01/04/2024 16:00:00","BZN|IE(SEM)","Without sequence","72.0","",""
"01/04/2024 16:00:00 - 01/04/2024 17:00:00","BZN|IE(SEM)","Without sequence","73.0","",""
"01/04/2024 17:00:00 - 01/04/2024 18:00:00","BZN|IE(SEM)","Without sequence","80.59","",""
"01/04/2024 18:00:00 - 01/04/2024 19:00:00","BZN|IE(SEM)","Without sequence","105.43","",""
"01/04/2024 19:00:00 - 01/04/2024 20:00:00","BZN|IE(SEM)","Without sequence","124.18","",""
"01/04/2024 20:00:00 - 01/04/2024 21:00:00","BZN|IE(SEM)","Without sequence","126.91","",""
"01/04/2024 21:00:00 - 01/04/2024 22:00:00","BZN|IE(SEM)","Without sequence","138.5","",""
"01/04/2024 22:00:00 - 01/04/2024 23:00:00","BZN|IE(SEM)","Without sequence","134.03","",""
"01/04/2024 23:00:00 - 02/04/2024 00:00:00","BZN|IE(SEM)","Without sequence","103.55","",""
"02/04/2024 00:00:00 - 02/04/2024 01:00:00","BZN|IE(SEM)","Without sequence","120.1","",""
"02/04/2024 01:00:00 - 02/04/2024 02:00:00","BZN|IE(SEM)","Without sequence","112.6","",""
"02/04/2024 02:00:00 - 02/04/2024 03:00:00","BZN|IE(SEM)","Without sequence","103.95","",""
"02/04/2024 03:00:00 - 02/04/2024 04:00:00","BZN|IE(SEM)","Without sequence","104.96","",""
"02/04/2024 04:00:00 - 02/04/2024 05:00:00","BZN|IE(SEM)","Without sequence","101.2","",""
"02/04/2024 05:00:00 - 02/04/2024 06:00:00","BZN|IE(SEM)","Without sequence","100.0","",""
"02/04/2024 06:00:00 - 02/04/2024 07:00:00","BZN|IE(SEM)","Without sequence","106.0","",""
"02/04/2024 07:00:00 - 02/04/2024 08:00:00","BZN|IE(SEM)","Without sequence","106.29","",""
"02/04/2024 08:00:00 - 02/04/2024 09:00:00","BZN|IE(SEM)","Without sequence","139.34","",""
"02/04/2024 09:00:00 - 02/04/2024 10:00:00","BZN|IE(SEM)","Without sequence","170.42","",""
"02/04/2024 10:00:00 - 02/04/2024 11:00:00","BZN|IE(SEM)","Without sequence","175.0","",""
"02/04/2024 11:00:00 - 02/04/2024 12:00:00","BZN|IE(SEM)","Without sequence","157.06","",""
"02/04/2024 12:00:00 - 02/04/2024 13:00:00","BZN|IE(SEM)","Without sequence","154.13","",""
"02/04/2024 13:00:00 - 02/04/2024 14:00:00","BZN|IE(SEM)","Without sequence","146.37","",""
"02/04/2024 14:00:00 - 02/04/2024 15:00:00","BZN|IE(SEM)","Without sequence","135.0","",""
"02/04/2024 15:00:00 - 02/04/2024 16:00:00","BZN|IE(SEM)","Without sequence","123.81","",""
"02/04/2024 16:00:00 - 02/04/2024 17:00:00","BZN|IE(SEM)","Without sequence","119.83","",""
"02/04/2024 17:00:00 - 02/04/2024 18:00:00","BZN|IE(SEM)","Without sequence","117.28","",""
"02/04/2024 18:00:00 - 02/04/2024 19:00:00","BZN|IE(SEM)","Without sequence","130.03","",""
"02/04/2024 19:00:00 - 02/04/2024 20:00:00","BZN|IE(SEM)","Without sequence","135.1","",""
"02/04/2024 20:00:00 - 02/04/2024 21:00:00","BZN|IE(SEM)","Without sequence","130.04","",""
"02/04/2024 21:00:00 - 02/04/2024 22:00:00","BZN|IE(SEM)","Without sequence","118.6","",""
"02/04/2024 22:00:00 - 02/04/2024 23:00:00","BZN|IE(SEM)","Without sequence","104.89","",""
"02/04/2024 23:00:00 - 03/04/2024 00:00:00","BZN|IE(SEM)","Without sequence","81.41","",""
"03/04/2024 00:00:00 - 03/04/2024 01:00:00","BZN|IE(SEM)","Without sequence","74.14","",""
"03/04/2024 01:00:00 - 03/04/2024 02:00:00","BZN|IE(SEM)","Without sequence","67.63","",""
"03/04/2024 02:00:00 - 03/04/2024 03:00:00","BZN|IE(SEM)","Without sequence","67.09","",""
"03/04/2024 03:00:00 - 03/04/2024 04:00:00","BZN|IE(SEM)","Without sequence","75.0","",""
"03/04/2024 04:00:00 - 03/04/2024 05:00:00","BZN|IE(SEM)","Without sequence","73.08","",""
"03/04/2024 05:00:00 - 03/04/2024 06:00:00","BZN|IE(SEM)","Without sequence","72.38","",""
"03/04/2024 06:00:00 - 03/04/2024 07:00:00","BZN|IE(SEM)","Without sequence","68.59","",""
"03/04/2024 07:00:00 - 03/04/2024 08:00:00","BZN|IE(SEM)","Without sequence","78.01","",""
"03/04/2024 08:00:00 - 03/04/2024 09:00:00","BZN|IE(SEM)","Without sequence","94.19","",""
"03/04/2024 09:00:00 - 03/04/2024 10:00:00","BZN|IE(SEM)","Without sequence","105.33","",""
"03/04/2024 10:00:00 - 03/04/2024 11:00:00","BZN|IE(SEM)","Without sequence","115.0","",""
"03/04/2024 11:00:00 - 03/04/2024 12:00:00","BZN|IE(SEM)","Without sequence","115.0","",""
"03/04/2024 12:00:00 - 03/04/2024 13:00:00","BZN|IE(SEM)","Without sequence","112.0","",""
"03/04/2024 13:00:00 - 03/04/2024 14:00:00","BZN|IE(SEM)","Without sequence","115.0","",""
"03/04/2024 14:00:00 - 03/04/2024 15:00:00","BZN|IE(SEM)","Without sequence","106.13","",""
"03/04/2024 15:00:00 - 03/04/2024 16:00:00","BZN|IE(SEM)","Without sequence","99.4","",""
"03/04/2024 16:00:00 - 03/04/2024 17:00:00","BZN|IE(SEM)","Without sequence","105.33","",""
"03/04/2024 17:00:00 - 03/04/2024 18:00:00","BZN|IE(SEM)","Without sequence","117.47","",""
"03/04/2024 18:00:00 - 03/04/2024 19:00:00","BZN|IE(SEM)","Without sequence","130.03","",""
"03/04/2024 19:00:00 - 03/04/2024 20:00:00","BZN|IE(SEM)","Without sequence","134.29","",""
"03/04/2024 20:00:00 - 03/04/2024 21:00:00","BZN|IE(SEM)","Without sequence","130.27","",""
"03/04/2024 21:00:00 - 03/04/2024 22:00:00","BZN|IE(SEM)","Without sequence","122.0","",""
"03/04/2024 22:00:00 - 03/04/2024 23:00:00","BZN|IE(SEM)","Without sequence","99.5","",""
"03/04/2024 23:00:00 - 04/04/2024 00:00:00","BZN|IE(SEM)","Without sequence","86.13","",""
"04/04/2024 00:00:00 - 04/04/2024 01:00:00","BZN|IE(SEM)","Without sequence","74.83","",""
"04/04/2024 01:00:00 - 04/04/2024 02:00:00","BZN|IE(SEM)","Without sequence","77.79","",""
"04/04/2024 02:00:00 - 04/04/2024 03:00:00","BZN|IE(SEM)","Without sequence","76.4","",""
"04/04/2024 03:00:00 - 04/04/2024 04:00:00","BZN|IE(SEM)","Without sequence","77.79","",""
"04/04/2024 04:00:00 - 04/04/2024 05:00:00","BZN|IE(SEM)","Without sequence","79.6","",""
"04/04/2024 05:00:00 - 04/04/2024 06:00:00","BZN|IE(SEM)","Without sequence","78.01","",""
"04/04/2024 06:00:00 - 04/04/2024 07:00:00","BZN|IE(SEM)","Without sequence","75.0","",""
"04/04/2024 07:00:00 - 04/04/2024 08:00:00","BZN|IE(SEM)","Without sequence","86.41","",""
"04/04/2024 08:00:00 - 04/04/2024 09:00:00","BZN|IE(SEM)","Without sequence","115.0","",""
"04/04/2024 09:00:00 - 04/04/2024 10:00:00","BZN|IE(SEM)","Without sequence","136.0","",""
"04/04/2024 10:00:00 - 04/04/2024 11:00:00","BZN|IE(SEM)","Without sequence","145.0","",""
"04/04/2024 11:00:00 - 04/04/2024 12:00:00","BZN|IE(SEM)","Without sequence","128.75","",""
"04/04/2024 12:00:00 - 04/04/2024 13:00:00","BZN|IE(SEM)","Without sequence","106.64","",""
"04/04/2024 13:00:00 - 04/04/2024 14:00:00","BZN|IE(SEM)","Without sequence","89.93","",""
"04/04/2024 14:00:00 - 04/04/2024 15:00:00","BZN|IE(SEM)","Without sequence","79.0","",""
"04/04/2024 15:00:00 - 04/04/2024 16:00:00","BZN|IE(SEM)","Without sequence","72.96","",""
"04/04/2024 16:00:00 - 04/04/2024 17:00:00","BZN|IE(SEM)","Without sequence","71.36","",""
"04/04/2024 17:00:00 - 04/04/2024 18:00:00","BZN|IE(SEM)","Without sequence","77.91","",""
"04/04/2024 18:00:00 - 04/04/2024 19:00:00","BZN|IE(SEM)","Without sequence","91.3","",""
"04/04/2024 19:00:00 - 04/04/2024 20:00:00","BZN|IE(SEM)","Without sequence","91.04","",""
"04/04/2024 20:00:00 - 04/04/2024 21:00:00","BZN|IE(SEM)","Without sequence","81.0","",""
"04/04/2024 21:00:00 - 04/04/2024 22:00:00","BZN|IE(SEM)","Without sequence","79.0","",""
"04/04/2024 22:00:00 - 04/04/2024 23:00:00","BZN|IE(SEM)","Without sequence","74.2","",""
"04/04/2024 23:00:00 - 05/04/2024 00:00:00","BZN|IE(SEM)","Without sequence","58.41","",""
"05/04/2024 00:00:00 - 05/04/2024 01:00:00","BZN|IE(SEM)","Without sequence","57.63","",""
"05/04/2024 01:00:00 - 05/04/2024 02:00:00","BZN|IE(SEM)","Without sequence","41.93","",""
"05/04/2024 02:00:00 - 05/04/2024 03:00:00","BZN|IE(SEM)","Without sequence","30.16","",""
"05/04/2024 03:00:00 - 05/04/2024 04:00:00","BZN|IE(SEM)","Without sequence","29.13","",""
"05/04/2024 04:00:00 - 05/04/2024 05:00:00","BZN|IE(SEM)","Without sequence","24.0","",""
"05/04/2024 05:00:00 - 05/04/2024 06:00:00","BZN|IE(SEM)","Without sequence","19.0","",""
"05/04/2024 06:00:00 - 05/04/2024 07:00:00","BZN|IE(SEM)","Without sequence","28.25","",""
"05/04/2024 07:00:00 - 05/04/2024 08:00:00","BZN|IE(SEM)","Without sequence","56.04","",""
"05/04/2024 08:00:00 - 05/04/2024 09:00:00","BZN|IE(SEM)","Without sequence","79.12","",""
"05/04/2024 09:00:00 - 05/04/2024 10:00:00","BZN|IE(SEM)","Without sequence","88.32","",""
"05/04/2024 10:00:00 - 05/04/2024 11:00:00","BZN|IE(SEM)","Without sequence","81.0","",""
"05/04/2024 11:00:00 - 05/04/2024 12:00:00","BZN|IE(SEM)","Without sequence","60.0","",""
"05/04/2024 12:00:00 - 05/04/2024 13:00:00","BZN|IE(SEM)","Without sequence","54.0","",""
"05/04/2024 13:00:00 - 05/04/2024 14:00:00","BZN|IE(SEM)","Without sequence","53.0","",""
"05/04/2024 14:00:00 - 05/04/2024 15:00:00","BZN|IE(SEM)","Without sequence","33.09","",""
"05/04/2024 15:00:00 - 05/04/2024 16:00:00","BZN|IE(SEM)","Without sequence","17.09","",""
"05/04/2024 16:00:00 - 05/04/2024 17:00:00","BZN|IE(SEM)","Without sequence","18.04","",""
"05/04/2024 17:00:00 - 05/04/2024 18:00:00","BZN|IE(SEM)","Without sequence","34.0","",""
"05/04/2024 18:00:00 - 05/04/2024 19:00:00","BZN|IE(SEM)","Without sequence","58.0","",""
"05/04/2024 19:00:00 - 05/04/2024 20:00:00","BZN|IE(SEM)","Without sequence","73.57","",""
"05/04/2024 20:00:00 - 05/04/2024 21:00:00","BZN|IE(SEM)","Without sequence","75.0","",""
"05/04/2024 21:00:00 - 05/04/2024 22:00:00","BZN|IE(SEM)","Without sequence","72.75","",""
"05/04/2024 22:00:00 - 05/04/2024 23:00:00","BZN|IE(SEM)","Without sequence","57.79","",""
"05/04/2024 23:00:00 - 06/04/2024 00:00:00","BZN|IE(SEM)","Without sequence","44.04","",""
"06/04/2024 00:00:00 - 06/04/2024 01:00:00","BZN|IE(SEM)","Without sequence","31.53","",""
"06/04/2024 01:00:00 - 06/04/2024 02:00:00","BZN|IE(SEM)","Without sequence","21.5","",""
"06/04/2024 02:00:00 - 06/04/2024 03:00:00","BZN|IE(SEM)","Without sequence","13.98","",""
"06/04/2024 03:00:00 - 06/04/2024 04:00:00","BZN|IE(SEM)","Without sequence","4.2","",""
"06/04/2024 04:00:00 - 06/04/2024 05:00:00","BZN|IE(SEM)","Without sequence","-0.01","",""
"06/04/2024 05:00:00 - 06/04/2024 06:00:00","BZN|IE(SEM)","Without sequence","-2.66","",""
"06/04/2024 06:00:00 - 06/04/2024 07:00:00","BZN|IE(SEM)","Without sequence","-3.06","",""
"06/04/2024 07:00:00 - 06/04/2024 08:00:00","BZN|IE(SEM)","Without sequence","-2.21","",""
"06/04/2024 08:00:00 - 06/04/2024 09:00:00","BZN|IE(SEM)","Without sequence","0.59","",""
"06/04/2024 09:00:00 - 06/04/2024 10:00:00","BZN|IE(SEM)","Without sequence","4.0","",""
"06/04/2024 10:00:00 - 06/04/2024 11:00:00","BZN|IE(SEM)","Without sequence","7.74","",""
"06/04/2024 11:00:00 - 06/04/2024 12:00:00","BZN|IE(SEM)","Without sequence","6.93","",""
"06/04/2024 12:00:00 - 06/04/2024 13:00:00","BZN|IE(SEM)","Without sequence","3.18","",""
"06/04/2024 13:00:00 - 06/04/2024 14:00:00","BZN|IE(SEM)","Without sequence","0.0","",""
"06/04/2024 14:00:00 - 06/04/2024 15:00:00","BZN|IE(SEM)","Without sequence","0.0","",""
"06/04/2024 15:00:00 - 06/04/2024 16:00:00","BZN|IE(SEM)","Without sequence","-1.0","",""
"06/04/2024 16:00:00 - 06/04/2024 17:00:00","BZN|IE(SEM)","Without sequence","-0.1","",""
"06/04/2024 17:00:00 - 06/04/2024 18:00:00","BZN|IE(SEM)","Without sequence","1.0","",""
"06/04/2024 18:00:00 - 06/04/2024 19:00:00","BZN|IE(SEM)","Without sequence","23.22","",""
"06/04/2024 19:00:00 - 06/04/2024 20:00:00","BZN|IE(SEM)","Without sequence","40.0","",""
"06/04/2024 20:00:00 - 06/04/2024 21:00:00","BZN|IE(SEM)","Without sequence","41.51","",""
"06/04/2024 21:00:00 - 06/04/2024 22:00:00","BZN|IE(SEM)","Without sequence","32.15","",""
"06/04/2024 22:00:00 - 06/04/2024 23:00:00","BZN|IE(SEM)","Without sequence","14.53","",""
"06/04/2024 23:00:00 - 07/04/2024 00:00:00","BZN|IE(SEM)","Without sequence","-0.1","",""
"07/04/2024 00:00:00 - 07/04/2024 01:00:00","BZN|IE(SEM)","Without sequence","-1.46","",""
"07/04/2024 01:00:00 - 07/04/2024 02:00:00","BZN|IE(SEM)","Without sequence","-3.0","",""
"07/04/2024 02:00:00 - 07/04/2024 03:00:00","BZN|IE(SEM)","Without sequence","-2.62","",""
"07/04/2024 03:00:00 - 07/04/2024 04:00:00","BZN|IE(SEM)","Without sequence","-1.77","",""
"07/04/2024 04:00:00 - 07/04/2024 05:00:00","BZN|IE(SEM)","Without sequence","-5.0","",""
"07/04/2024 05:00:00 - 07/04/2024 06:00:00","BZN|IE(SEM)","Without sequence","-3.45","",""
"07/04/2024 06:00:00 - 07/04/2024 07:00:00","BZN|IE(SEM)","Without sequence","-2.0","",""
"07/04/2024 07:00:00 - 07/04/2024 08:00:00","BZN|IE(SEM)","Without sequence","-4.49","",""
"07/04/2024 08:00:00 - 07/04/2024 09:00:00","BZN|IE(SEM)","Without sequence","-2.34","",""
"07/04/2024 09:00:00 - 07/04/2024 10:00:00","BZN|IE(SEM)","Without sequence","-0.1","",""
"07/04/2024 10:00:00 - 07/04/2024 11:00:00","BZN|IE(SEM)","Without sequence","-0.1","",""
"07/04/2024 11:00:00 - 07/04/2024 12:00:00","BZN|IE(SEM)","Without sequence","-1.0","",""
"07/04/2024 12:00:00 - 07/04/2024 13:00:00","BZN|IE(SEM)","Without sequence","-1.0","",""
"07/04/2024 13:00:00 - 07/04/2024 14:00:00","BZN|IE(SEM)","Without sequence","0.0","",""
"07/04/2024 14:00:00 - 07/04/2024 15:00:00","BZN|IE(SEM)","Without sequence","-0.71","",""
"07/04/2024 15:00:00 - 07/04/2024 16:00:00","BZN|IE(SEM)","Without sequence","-1.0","",""
"07/04/2024 16:00:00 - 07/04/2024 17:00:00","BZN|IE(SEM)","Without sequence","0.0","",""
"07/04/2024 17:00:00 - 07/04/2024 18:00:00","BZN|IE(SEM)","Without sequence","0.01","",""
"07/04/2024 18:00:00 - 07/04/2024 19:00:00","BZN|IE(SEM)","Without sequence","23.03","",""
"07/04/2024 19:00:00 - 07/04/2024 20:00:00","BZN|IE(SEM)","Without sequence","53.0","",""
"07/04/2024 20:00:00 - 07/04/2024 21:00:00","BZN|IE(SEM)","Without sequence","60.51","",""
"07/04/2024 21:00:00 - 07/04/2024 22:00:00","BZN|IE(SEM)","Without sequence","74.36","",""
"07/04/2024 22:00:00 - 07/04/2024 23:00:00","BZN|IE(SEM)","Without sequence","77.74","",""
"07/04/2024 23:00:00 - 08/04/2024 00:00:00","BZN|IE(SEM)","Without sequence","60.64","",""
"08/04/2024 00:00:00 - 08/04/2024 01:00:00","BZN|IE(SEM)","Without sequence","90.94","",""
"08/04/2024 01:00:00 - 08/04/2024 02:00:00","BZN|IE(SEM)","Without sequence","102.98","",""
"08/04/2024 02:00:00 - 08/04/2024 03:00:00","BZN|IE(SEM)","Without sequence","103.58","",""
"08/04/2024 03:00:00 - 08/04/2024 04:00:00","BZN|IE(SEM)","Without sequence","109.44","",""
"08/04/2024 04:00:00 - 08/04/2024 05:00:00","BZN|IE(SEM)","Without sequence","103.58","",""
"08/04/2024 05:00:00 - 08/04/2024 06:00:00","BZN|IE(SEM)","Without sequence","109.44","",""
"08/04/2024 06:00:00 - 08/04/2024 07:00:00","BZN|IE(SEM)","Without sequence","105.0","",""
"08/04/2024 07:00:00 - 08/04/2024 08:00:00","BZN|IE(SEM)","Without sequence","103.44","",""
"08/04/2024 08:00:00 - 08/04/2024 09:00:00","BZN|IE(SEM)","Without sequence","130.0","",""
"08/04/2024 09:00:00 - 08/04/2024 10:00:00","BZN|IE(SEM)","Without sequence","145.0","",""
"08/04/2024 10:00:00 - 08/04/2024 11:00:00","BZN|IE(SEM)","Without sequence","150.86","",""
"08/04/2024 11:00:00 - 08/04/2024 12:00:00","BZN|IE(SEM)","Without sequence","126.74","",""
"08/04/2024 12:00:00 - 08/04/2024 13:00:00","BZN|IE(SEM)","Without sequence","122.68","",""
"08/04/2024 13:00:00 - 08/04/2024 14:00:00","BZN|IE(SEM)","Without sequence","109.57","",""
"08/04/2024 14:00:00 - 08/04/2024 15:00:00","BZN|IE(SEM)","Without sequence","88.0","",""
"08/04/2024 15:00:00 - 08/04/2024 16:00:00","BZN|IE(SEM)","Without sequence","85.0","",""
"08/04/2024 16:00:00 - 08/04/2024 17:00:00","BZN|IE(SEM)","Without sequence","83.88","",""
"08/04/2024 17:00:00 - 08/04/2024 18:00:00","BZN|IE(SEM)","Without sequence","83.97","",""
"08/04/2024 18:00:00 - 08/04/2024 19:00:00","BZN|IE(SEM)","Without sequence","99.0","",""
"08/04/2024 19:00:00 - 08/04/2024 20:00:00","BZN|IE(SEM)","Without sequence","105.3","",""
"08/04/2024 20:00:00 - 08/04/2024 21:00:00","BZN|IE(SEM)","Without sequence","98.78","",""
"08/04/2024 21:00:00 - 08/04/2024 22:00:00","BZN|IE(SEM)","Without sequence","82.0","",""
"08/04/2024 22:00:00 - 08/04/2024 23:00:00","BZN|IE(SEM)","Without sequence","77.07","",""
"08/04/2024 23:00:00 - 09/04/2024 00:00:00","BZN|IE(SEM)","Without sequence","74.73","",""
"09/04/2024 00:00:00 - 09/04/2024 01:00:00","BZN|IE(SEM)","Without sequence","74.71","",""
"09/04/2024 01:00:00 - 09/04/2024 02:00:00","BZN|IE(SEM)","Without sequence","65.0","",""
"09/04/2024 02:00:00 - 09/04/2024 03:00:00","BZN|IE(SEM)","Without sequence","60.0","",""
"09/04/2024 03:00:00 - 09/04/2024 04:00:00","BZN|IE(SEM)","Without sequence","54.7","",""
"09/04/2024 04:00:00 - 09/04/2024 05:00:00","BZN|IE(SEM)","Without sequence","42.28","",""
"09/04/2024 05:00:00 - 09/04/2024 06:00:00","BZN|IE(SEM)","Without sequence","39.97","",""
"09/04/2024 06:00:00 - 09/04/2024 07:00:00","BZN|IE(SEM)","Without sequence","36.28","",""
"09/04/2024 07:00:00 - 09/04/2024 08:00:00","BZN|IE(SEM)","Without sequence","59.61","",""
"09/04/2024 08:00:00 - 09/04/2024 09:00:00","BZN|IE(SEM)","Without sequence","80.28","",""
"09/04/2024 09:00:00 - 09/04/2024 10:00:00","BZN|IE(SEM)","Without sequence","84.99","",""
"09/04/2024 10:00:00 - 09/04/2024 11:00:00","BZN|IE(SEM)","Without sequence","80.52","",""
"09/04/2024 11:00:00 - 09/04/2024 12:00:00","BZN|IE(SEM)","Without sequence","64.35","",""
"09/04/2024 12:00:00 - 09/04/2024 13:00:00","BZN|IE(SEM)","Without sequence","56.31","",""
"09/04/2024 13:00:00 - 09/04/2024 14:00:00","BZN|IE(SEM)","Without sequence","54.42","",""
"09/04/2024 14:00:00 - 09/04/2024 15:00:00","BZN|IE(SEM)","Without sequence","42.31","",""
"09/04/2024 15:00:00 - 09/04/2024 16:00:00","BZN|IE(SEM)","Without sequence","38.88","",""
"09/04/2024 16:00:00 - 09/04/2024 17:00:00","BZN|IE(SEM)","Without sequence","36.05","",""
"09/04/2024 17:00:00 - 09/04/2024 18:00:00","BZN|IE(SEM)","Without sequence","52.05","",""
"09/04/2024 18:00:00 - 09/04/2024 19:00:00","BZN|IE(SEM)","Without sequence","65.0","",""
"09/04/2024 19:00:00 - 09/04/2024 20:00:00","BZN|IE(SEM)","Without sequence","85.96","",""
"09/04/2024 20:00:00 - 09/04/2024 21:00:00","BZN|IE(SEM)","Without sequence","115.0","",""
"09/04/2024 21:00:00 - 09/04/2024 22:00:00","BZN|IE(SEM)","Without sequence","140.72","",""
"09/04/2024 22:00:00 - 09/04/2024 23:00:00","BZN|IE(SEM)","Without sequence","160.4","",""
"09/04/2024 23:00:00 - 10/04/2024 00:00:00","BZN|IE(SEM)","Without sequence","96.4","",""
"10/04/2024 00:00:00 - 10/04/2024 01:00:00","BZN|IE(SEM)","Without sequence","95.0","",""
"10/04/2024 01:00:00 - 10/04/2024 02:00:00","BZN|IE(SEM)","Without sequence","72.01","",""
"10/04/2024 02:00:00 - 10/04/2024 03:00:00","BZN|IE(SEM)","Without sequence","62.23","",""
"10/04/2024 03:00:00 - 10/04/2024 04:00:00","BZN|IE(SEM)","Without sequence","58.12","",""
"10/04/2024 04:00:00 - 10/04/2024 05:00:00","BZN|IE(SEM)","Without sequence","48.0","",""
"10/04/2024 05:00:00 - 10/04/2024 06:00:00","BZN|IE(SEM)","Without sequence","46.4","",""
"10/04/2024 06:00:00 - 10/04/2024 07:00:00","BZN|IE(SEM)","Without sequence","62.23","",""
"10/04/2024 07:00:00 - 10/04/2024 08:00:00","BZN|IE(SEM)","Without sequence","77.06","",""
"10/04/2024 08:00:00 - 10/04/2024 09:00:00","BZN|IE(SEM)","Without sequence","99.31","",""
"10/04/2024 09:00:00 - 10/04/2024 10:00:00","BZN|IE(SEM)","Without sequence","105.24","",""
"10/04/2024 10:00:00 - 10/04/2024 11:00:00","BZN|IE(SEM)","Without sequence","95.0","",""
"10/04/2024 11:00:00 - 10/04/2024 12:00:00","BZN|IE(SEM)","Without sequence","85.0","",""
"10/04/2024 12:00:00 - 10/04/2024 13:00:00","BZN|IE(SEM)","Without sequence","80.0","",""
"10/04/2024 13:00:00 - 10/04/2024 14:00:00","BZN|IE(SEM)","Without sequence","73.2","",""
"10/04/2024 14:00:00 - 10/04/2024 15:00:00","BZN|IE(SEM)","Without sequence","62.23","",""
"10/04/2024 15:00:00 - 10/04/2024 16:00:00","BZN|IE(SEM)","Without sequence","55.0","",""
"10/04/2024 16:00:00 - 10/04/2024 17:00:00","BZN|IE(SEM)","Without sequence","50.01","",""
"10/04/2024 17:00:00 - 10/04/2024 18:00:00","BZN|IE(SEM)","Without sequence","62.23","",""
"10/04/2024 18:00:00 - 10/04/2024 19:00:00","BZN|IE(SEM)","Without sequence","71.6","",""
"10/04/2024 19:00:00 - 10/04/2024 20:00:00","BZN|IE(SEM)","Without sequence","82.0","",""
"10/04/2024 20:00:00 - 10/04/2024 21:00:00","BZN|IE(SEM)","Without sequence","89.64","",""
"10/04/2024 21:00:00 - 10/04/2024 22:00:00","BZN|IE(SEM)","Without sequence","80.5","",""
"10/04/2024 22:00:00 - 10/04/2024 23:00:00","BZN|IE(SEM)","Without sequence","62.23","",""
"10/04/2024 23:00:00 - 11/04/2024 00:00:00","BZN|IE(SEM)","Without sequence","40.14","",""
"11/04/2024 00:00:00 - 11/04/2024 01:00:00","BZN|IE(SEM)","Without sequence","22.82","",""
"11/04/2024 01:00:00 - 11/04/2024 02:00:00","BZN|IE(SEM)","Without sequence","15.54","",""
"11/04/2024 02:00:00 - 11/04/2024 03:00:00","BZN|IE(SEM)","Without sequence","14.03","",""
"11/04/2024 03:00:00 - 11/04/2024 04:00:00","BZN|IE(SEM)","Without sequence","23.38","",""
"11/04/2024 04:00:00 - 11/04/2024 05:00:00","BZN|IE(SEM)","Without sequence","20.68","",""
"11/04/2024 05:00:00 - 11/04/2024 06:00:00","BZN|IE(SEM)","Without sequence","40.21","",""
"11/04/2024 06:00:00 - 11/04/2024 07:00:00","BZN|IE(SEM)","Without sequence","62.09","",""
"11/04/2024 07:00:00 - 11/04/2024 08:00:00","BZN|IE(SEM)","Without sequence","88.92","",""
"11/04/2024 08:00:00 - 11/04/2024 09:00:00","BZN|IE(SEM)","Without sequence","115.1","",""
"11/04/2024 09:00:00 - 11/04/2024 10:00:00","BZN|IE(SEM)","Without sequence","128.8","",""
"11/04/2024 10:00:00 - 11/04/2024 11:00:00","BZN|IE(SEM)","Without sequence","127.6","",""
"11/04/2024 11:00:00 - 11/04/2024 12:00:00","BZN|IE(SEM)","Without sequence","93.0","",""
"11/04/2024 12:00:00 - 11/04/2024 13:00:00","BZN|IE(SEM)","Without sequence","88.92","",""
"11/04/2024 13:00:00 - 11/04/2024 14:00:00","BZN|IE(SEM)","Without sequence","94.8","",""
"11/04/2024 14:00:00 - 11/04/2024 15:00:00","BZN|IE(SEM)","Without sequence","82.65","",""
"11/04/2024 15:00:00 - 11/04/2024 16:00:00","BZN|IE(SEM)","Without sequence","73.83","",""
"11/04/2024 16:00:00 - 11/04/2024 17:00:00","BZN|IE(SEM)","Without sequence","73.83","",""
"11/04/2024 17:00:00 - 11/04/2024 18:00:00","BZN|IE(SEM)","Without sequence","77.62","",""
"11/04/2024 18:00:00 - 11/04/2024 19:00:00","BZN|IE(SEM)","Without sequence","96.0","",""
"11/04/2024 19:00:00 - 11/04/2024 20:00:00","BZN|IE(SEM)","Without sequence","103.32","",""
"11/04/2024 20:00:00 - 11/04/2024 21:00:00","BZN|IE(SEM)","Without sequence","103.86","",""
"11/04/2024 21:00:00 - 11/04/2024 22:00:00","BZN|IE(SEM)","Without sequence","96.6","",""
"11/04/2024 22:00:00 - 11/04/2024 23:00:00","BZN|IE(SEM)","Without sequence","84.63","",""
"11/04/2024 23:00:00 - 12/04/2024 00:00:00","BZN|IE(SEM)","Without sequence","67.72","",""
"12/04/2024 00:00:00 - 12/04/2024 01:00:00","BZN|IE(SEM)","Without sequence","55.0","",""
"12/04/2024 01:00:00 - 12/04/2024 02:00:00","BZN|IE(SEM)","Without sequence","55.0","",""
"12/04/2024 02:00:00 - 12/04/2024 03:00:00","BZN|IE(SEM)","Without sequence","51.34","",""
"12/04/2024 03:00:00 - 12/04/2024 04:00:00","BZN|IE(SEM)","Without sequence","60.0","",""
"12/04/2024 04:00:00 - 12/04/2024 05:00:00","BZN|IE(SEM)","Without sequence","63.42","",""
"12/04/2024 05:00:00 - 12/04/2024 06:00:00","BZN|IE(SEM)","Without sequence","63.42","",""
"12/04/2024 06:00:00 - 12/04/2024 07:00:00","BZN|IE(SEM)","Without sequence","63.42","",""
"12/04/2024 07:00:00 - 12/04/2024 08:00:00","BZN|IE(SEM)","Without sequence","89.23","",""
"12/04/2024 08:00:00 - 12/04/2024 09:00:00","BZN|IE(SEM)","Without sequence","114.14","",""
"12/04/2024 09:00:00 - 12/04/2024 10:00:00","BZN|IE(SEM)","Without sequence","128.0","",""
"12/04/2024 10:00:00 - 12/04/2024 11:00:00","BZN|IE(SEM)","Without sequence","120.2","",""
"12/04/2024 11:00:00 - 12/04/2024 12:00:00","BZN|IE(SEM)","Without sequence","100.0","",""
"12/04/2024 12:00:00 - 12/04/2024 13:00:00","BZN|IE(SEM)","Without sequence","65.0","",""
"12/04/2024 13:00:00 - 12/04/2024 14:00:00","BZN|IE(SEM)","Without sequence","60.0","",""
"12/04/2024 14:00:00 - 12/04/2024 15:00:00","BZN|IE(SEM)","Without sequence","50.0","",""
"12/04/2024 15:00:00 - 12/04/2024 16:00:00","BZN|IE(SEM)","Without sequence","40.34","",""
"12/04/2024 16:00:00 - 12/04/2024 17:00:00","BZN|IE(SEM)","Without sequence","40.0","",""
"12/04/2024 17:00:00 - 12/04/2024 18:00:00","BZN|IE(SEM)","Without sequence","53.0","",""
"12/04/2024 18:00:00 - 12/04/2024 19:00:00","BZN|IE(SEM)","Without sequence","69.64","",""
"12/04/2024 19:00:00 - 12/04/2024 20:00:00","BZN|IE(SEM)","Without sequence","88.0","",""
"12/04/2024 20:00:00 - 12/04/2024 21:00:00","BZN|IE(SEM)","Without sequence","92.0","",""
"12/04/2024 21:00:00 - 12/04/2024 22:00:00","BZN|IE(SEM)","Without sequence","100.0","",""
"12/04/2024 22:00:00 - 12/04/2024 23:00:00","BZN|IE(SEM)","Without sequence","113.35","",""
"12/04/2024 23:00:00 - 13/04/2024 00:00:00","BZN|IE(SEM)","Without sequence","91.98","",""
"13/04/2024 00:00:00 - 13/04/2024 01:00:00","BZN|IE(SEM)","Without sequence","134.0","",""
"13/04/2024 01:00:00 - 13/04/2024 02:00:00","BZN|IE(SEM)","Without sequence","115.4","",""
"13/04/2024 02:00:00 - 13/04/2024 03:00:00","BZN|IE(SEM)","Without sequence","93.5","",""
"13/04/2024 03:00:00 - 13/04/2024 04:00:00","BZN|IE(SEM)","Without sequence","83.5","",""
"13/04/2024 04:00:00 - 13/04/2024 05:00:00","BZN|IE(SEM)","Without sequence","65.0","",""
"13/04/2024 05:00:00 - 13/04/2024 06:00:00","BZN|IE(SEM)","Without sequence","52.79","",""
"13/04/2024 06:00:00 - 13/04/2024 07:00:00","BZN|IE(SEM)","Without sequence","40.0","",""
"13/04/2024 07:00:00 - 13/04/2024 08:00:00","BZN|IE(SEM)","Without sequence","44.15","",""
"13/04/2024 08:00:00 - 13/04/2024 09:00:00","BZN|IE(SEM)","Without sequence","45.0","",""
"13/04/2024 09:00:00 - 13/04/2024 10:00:00","BZN|IE(SEM)","Without sequence","39.93","",""
"13/04/2024 10:00:00 - 13/04/2024 11:00:00","BZN|IE(SEM)","Without sequence","25.0","",""
"13/04/2024 11:00:00 - 13/04/2024 12:00:00","BZN|IE(SEM)","Without sequence","10.0","",""
"13/04/2024 12:00:00 - 13/04/2024 13:00:00","BZN|IE(SEM)","Without sequence","1.0","",""
"13/04/2024 13:00:00 - 13/04/2024 14:00:00","BZN|IE(SEM)","Without sequence","0.0","",""
"13/04/2024 14:00:00 - 13/04/2024 15:00:00","BZN|IE(SEM)","Without sequence","-5.0","",""
"13/04/2024 15:00:00 - 13/04/2024 16:00:00","BZN|IE(SEM)","Without sequence","-5.0","",""
"13/04/2024 16:00:00 - 13/04/2024 17:00:00","BZN|IE(SEM)","Without sequence","-5.02","",""
"13/04/2024 17:00:00 - 13/04/2024 18:00:00","BZN|IE(SEM)","Without sequence","0.0","",""
"13/04/2024 18:00:00 - 13/04/2024 19:00:00","BZN|IE(SEM)","Without sequence","18.44","",""
"13/04/2024 19:00:00 - 13/04/2024 20:00:00","BZN|IE(SEM)","Without sequence","43.02","",""
"13/04/2024 20:00:00 - 13/04/2024 21:00:00","BZN|IE(SEM)","Without sequence","65.9","",""
"13/04/2024 21:00:00 - 13/04/2024 22:00:00","BZN|IE(SEM)","Without sequence","85.35","",""
"13/04/2024 22:00:00 - 13/04/2024 23:00:00","BZN|IE(SEM)","Without sequence","117.0","",""
"13/04/2024 23:00:00 - 14/04/2024 00:00:00","BZN|IE(SEM)","Without sequence","106.34","",""
"14/04/2024 00:00:00 - 14/04/2024 01:00:00","BZN|IE(SEM)","Without sequence","109.61","",""
"14/04/2024 01:00:00 - 14/04/2024 02:00:00","BZN|IE(SEM)","Without sequence","119.0","",""
"14/04/2024 02:00:00 - 14/04/2024 03:00:00","BZN|IE(SEM)","Without sequence","134.1","",""
"14/04/2024 03:00:00 - 14/04/2024 04:00:00","BZN|IE(SEM)","Without sequence","145.0","",""
"14/04/2024 04:00:00 - 14/04/2024 05:00:00","BZN|IE(SEM)","Without sequence","148.0","",""
"14/04/2024 05:00:00 - 14/04/2024 06:00:00","BZN|IE(SEM)","Without sequence","150.0","",""
"14/04/2024 06:00:00 - 14/04/2024 07:00:00","BZN|IE(SEM)","Without sequence","145.0","",""
"14/04/2024 07:00:00 - 14/04/2024 08:00:00","BZN|IE(SEM)","Without sequence","150.0","",""
"14/04/2024 08:00:00 - 14/04/2024 09:00:00","BZN|IE(SEM)","Without sequence","199.76","",""
"14/04/2024 09:00:00 - 14/04/2024 10:00:00","BZN|IE(SEM)","Without sequence","207.99","",""
"14/04/2024 10:00:00 - 14/04/2024 11:00:00","BZN|IE(SEM)","Without sequence","133.77","",""
"14/04/2024 11:00:00 - 14/04/2024 12:00:00","BZN|IE(SEM)","Without sequence","60.65","",""
"14/04/2024 12:00:00 - 14/04/2024 13:00:00","BZN|IE(SEM)","Without sequence","45.18","",""
"14/04/2024 13:00:00 - 14/04/2024 14:00:00","BZN|IE(SEM)","Without sequence","45.18","",""
"14/04/2024 14:00:00 - 14/04/2024 15:00:00","BZN|IE(SEM)","Without sequence","23.6","",""
"14/04/2024 15:00:00 - 14/04/2024 16:00:00","BZN|IE(SEM)","Without sequence","11.1","",""
"14/04/2024 16:00:00 - 14/04/2024 17:00:00","BZN|IE(SEM)","Without sequence","6.21","",""
"14/04/2024 17:00:00 - 14/04/2024 18:00:00","BZN|IE(SEM)","Without sequence","38.43","",""
"14/04/2024 18:00:00 - 14/04/2024 19:00:00","BZN|IE(SEM)","Without sequence","73.67","",""
"14/04/2024 19:00:00 - 14/04/2024 20:00:00","BZN|IE(SEM)","Without sequence","91.24","",""
"14/04/2024 20:00:00 - 14/04/2024 21:00:00","BZN|IE(SEM)","Without sequence","88.0","",""
"14/04/2024 21:00:00 - 14/04/2024 22:00:00","BZN|IE(SEM)","Without sequence","90.62","",""
"14/04/2024 22:00:00 - 14/04/2024 23:00:00","BZN|IE(SEM)","Without sequence","73.8","",""
"14/04/2024 23:00:00 - 15/04/2024 00:00:00","BZN|IE(SEM)","Without sequence","23.87","",""
"15/04/2024 00:00:00 - 15/04/2024 01:00:00","BZN|IE(SEM)","Without sequence","1.0","",""
"15/04/2024 01:00:00 - 15/04/2024 02:00:00","BZN|IE(SEM)","Without sequence","0.0","",""
"15/04/2024 02:00:00 - 15/04/2024 03:00:00","BZN|IE(SEM)","Without sequence","-0.7","",""
"15/04/2024 03:00:00 - 15/04/2024 04:00:00","BZN|IE(SEM)","Without sequence","-1.5","",""
"15/04/2024 04:00:00 - 15/04/2024 05:00:00","BZN|IE(SEM)","Without sequence","-1.3","",""
"15/04/2024 05:00:00 - 15/04/2024 06:00:00","BZN|IE(SEM)","Without sequence","-2.83","",""
"15/04/2024 06:00:00 - 15/04/2024 07:00:00","BZN|IE(SEM)","Without sequence","0.0","",""
"15/04/2024 07:00:00 - 15/04/2024 08:00:00","BZN|IE(SEM)","Without sequence","27.72","",""
"15/04/2024 08:00:00 - 15/04/2024 09:00:00","BZN|IE(SEM)","Without sequence","74.0","",""
"15/04/2024 09:00:00 - 15/04/2024 10:00:00","BZN|IE(SEM)","Without sequence","83.0","",""
"15/04/2024 10:00:00 - 15/04/2024 11:00:00","BZN|IE(SEM)","Without sequence","67.0","",""
"15/04/2024 11:00:00 - 15/04/2024 12:00:00","BZN|IE(SEM)","Without sequence","57.32","",""
"15/04/2024 12:00:00 - 15/04/2024 13:00:00","BZN|IE(SEM)","Without sequence","39.0","",""
"15/04/2024 13:00:00 - 15/04/2024 14:00:00","BZN|IE(SEM)","Without sequence","25.6","",""
"15/04/2024 14:00:00 - 15/04/2024 15:00:00","BZN|IE(SEM)","Without sequence","21.0","",""
"15/04/2024 15:00:00 - 15/04/2024 16:00:00","BZN|IE(SEM)","Without sequence","11.0","",""
"15/04/2024 16:00:00 - 15/04/2024 17:00:00","BZN|IE(SEM)","Without sequence","15.0","",""
"15/04/2024 17:00:00 - 15/04/2024 18:00:00","BZN|IE(SEM)","Without sequence","25.0","",""
"15/04/2024 18:00:00 - 15/04/2024 19:00:00","BZN|IE(SEM)","Without sequence","61.0","",""
"15/04/2024 19:00:00 - 15/04/2024 20:00:00","BZN|IE(SEM)","Without sequence","74.49","",""
"15/04/2024 20:00:00 - 15/04/2024 21:00:00","BZN|IE(SEM)","Without sequence","85.06","",""
"15/04/2024 21:00:00 - 15/04/2024 22:00:00","BZN|IE(SEM)","Without sequence","98.0","",""
"15/04/2024 22:00:00 - 15/04/2024 23:00:00","BZN|IE(SEM)","Without sequence","90.4","",""
"15/04/2024 23:00:00 - 16/04/2024 00:00:00","BZN|IE(SEM)","Without sequence","54.4","",""
"16/04/2024 00:00:00 - 16/04/2024 01:00:00","BZN|IE(SEM)","Without sequence","7.6","",""
"16/04/2024 01:00:00 - 16/04/2024 02:00:00","BZN|IE(SEM)","Without sequence","13.13","",""
"16/04/2024 02:00:00 - 16/04/2024 03:00:00","BZN|IE(SEM)","Without sequence","15.0","",""
"16/04/2024 03:00:00 - 16/04/2024 04:00:00","BZN|IE(SEM)","Without sequence","20.02","",""
"16/04/2024 04:00:00 - 16/04/2024 05:00:00","BZN|IE(SEM)","Without sequence","29.02","",""
"16/04/2024 05:00:00 - 16/04/2024 06:00:00","BZN|IE(SEM)","Without sequence","37.86","",""
"16/04/2024 06:00:00 - 16/04/2024 07:00:00","BZN|IE(SEM)","Without sequence","75.0","",""
"16/04/2024 07:00:00 - 16/04/2024 08:00:00","BZN|IE(SEM)","Without sequence","113.65","",""
"16/04/2024 08:00:00 - 16/04/2024 09:00:00","BZN|IE(SEM)","Without sequence","155.0","",""
"16/04/2024 09:00:00 - 16/04/2024 10:00:00","BZN|IE(SEM)","Without sequence","157.57","",""
"16/04/2024 10:00:00 - 16/04/2024 11:00:00","BZN|IE(SEM)","Without sequence","125.0","",""
"16/04/2024 11:00:00 - 16/04/2024 12:00:00","BZN|IE(SEM)","Without sequence","115.0","",""
"16/04/2024 12:00:00 - 16/04/2024 13:00:00","BZN|IE(SEM)","Without sequence","109.0","",""
"16/04/2024 13:00:00 - 16/04/2024 14:00:00","BZN|IE(SEM)","Without sequence","104.89","",""
"16/04/2024 14:00:00 - 16/04/2024 15:00:00","BZN|IE(SEM)","Without sequence","97.2","",""
"16/04/2024 15:00:00 - 16/04/2024 16:00:00","BZN|IE(SEM)","Without sequence","83.25","",""
"16/04/2024 16:00:00 - 16/04/2024 17:00:00","BZN|IE(SEM)","Without sequence","82.56","",""
"16/04/2024 17:00:00 - 16/04/2024 18:00:00","BZN|IE(SEM)","Without sequence","83.25","",""
"16/04/2024 18:00:00 - 16/04/2024 19:00:00","BZN|IE(SEM)","Without sequence","104.89","",""
"16/04/2024 19:00:00 - 16/04/2024 20:00:00","BZN|IE(SEM)","Without sequence","105.3","",""
"16/04/2024 20:00:00 - 16/04/2024 21:00:00","BZN|IE(SEM)","Without sequence","125.0","",""
"16/04/2024 21:00:00 - 16/04/2024 22:00:00","BZN|IE(SEM)","Without sequence","140.54","",""
"16/04/2024 22:00:00 - 16/04/2024 23:00:00","BZN|IE(SEM)","Without sequence","150.0","",""
"16/04/2024 23:00:00 - 17/04/2024 00:00:00","BZN|IE(SEM)","Without sequence","110.0","",""
"17/04/2024 00:00:00 - 17/04/2024 01:00:00","BZN|IE(SEM)","Without sequence","92.94","",""
"17/04/2024 01:00:00 - 17/04/2024 02:00:00","BZN|IE(SEM)","Without sequence","103.2","",""
"17/04/2024 02:00:00 - 17/04/2024 03:00:00","BZN|IE(SEM)","Without sequence","102.25","",""
"17/04/2024 03:00:00 - 17/04/2024 04:00:00","BZN|IE(SEM)","Without sequence","105.41","",""
"17/04/2024 04:00:00 - 17/04/2024 05:00:00","BZN|IE(SEM)","Without sequence","105.29","",""
"17/04/2024 05:00:00 - 17/04/2024 06:00:00","BZN|IE(SEM)","Without sequence","108.8","",""
"17/04/2024 06:00:00 - 17/04/2024 07:00:00","BZN|IE(SEM)","Without sequence","110.8","",""
"17/04/2024 07:00:00 - 17/04/2024 08:00:00","BZN|IE(SEM)","Without sequence","105.5","",""
"17/04/2024 08:00:00 - 17/04/2024 09:00:00","BZN|IE(SEM)","Without sequence","118.3","",""
"17/04/2024 09:00:00 - 17/04/2024 10:00:00","BZN|IE(SEM)","Without sequence","157.82","",""
"17/04/2024 10:00:00 - 17/04/2024 11:00:00","BZN|IE(SEM)","Without sequence","180.0","",""
"17/04/2024 11:00:00 - 17/04/2024 12:00:00","BZN|IE(SEM)","Without sequence","158.44","",""
"17/04/2024 12:00:00 - 17/04/2024 13:00:00","BZN|IE(SEM)","Without sequence","124.0","",""
"17/04/2024 13:00:00 - 17/04/2024 14:00:00","BZN|IE(SEM)","Without sequence","111.4","",""
"17/04/2024 14:00:00 - 17/04/2024 15:00:00","BZN|IE(SEM)","Without sequence","101.0","",""
"17/04/2024 15:00:00 - 17/04/2024 16:00:00","BZN|IE(SEM)","Without sequence","90.18","",""
"17/04/2024 16:00:00 - 17/04/2024 17:00:00","BZN|IE(SEM)","Without sequence","90.18","",""
"17/04/2024 17:00:00 - 17/04/2024 18:00:00","BZN|IE(SEM)","Without sequence","92.0","",""
"17/04/2024 18:00:00 - 17/04/2024 19:00:00","BZN|IE(SEM)","Without sequence","97.81","",""
"17/04/2024 19:00:00 - 17/04/2024 20:00:00","BZN|IE(SEM)","Without sequence","116.17","",""
"17/04/2024 20:00:00 - 17/04/2024 21:00:00","BZN|IE(SEM)","Without sequence","120.79","",""
"17/04/2024 21:00:00 - 17/04/2024 22:00:00","BZN|IE(SEM)","Without sequence","125.82","",""
"17/04/2024 22:00:00 - 17/04/2024 23:00:00","BZN|IE(SEM)","Without sequence","144.0","",""
"17/04/2024 23:00:00 - 18/04/2024 00:00:00","BZN|IE(SEM)","Without sequence","110.45","",""
"18/04/2024 00:00:00 - 18/04/2024 01:00:00","BZN|IE(SEM)","Without sequence","105.06","",""
"18/04/2024 01:00:00 - 18/04/2024 02:00:00","BZN|IE(SEM)","Without sequence","109.94","",""
"18/04/2024 02:00:00 - 18/04/2024 03:00:00","BZN|IE(SEM)","Without sequence","104.89","",""
"18/04/2024 03:00:00 - 18/04/2024 04:00:00","BZN|IE(SEM)","Without sequence","109.3","",""
"18/04/2024 04:00:00 - 18/04/2024 05:00:00","BZN|IE(SEM)","Without sequence","109.94","",""
"18/04/2024 05:00:00 - 18/04/2024 06:00:00","BZN|IE(SEM)","Without sequence","109.94","",""
"18/04/2024 06:00:00 - 18/04/2024 07:00:00","BZN|IE(SEM)","Without sequence","104.66","",""
"18/04/2024 07:00:00 - 18/04/2024 08:00:00","BZN|IE(SEM)","Without sequence","116.84","",""
"18/04/2024 08:00:00 - 18/04/2024 09:00:00","BZN|IE(SEM)","Without sequence","165.5","",""
"18/04/2024 09:00:00 - 18/04/2024 10:00:00","BZN|IE(SEM)","Without sequence","186.41","",""
"18/04/2024 10:00:00 - 18/04/2024 11:00:00","BZN|IE(SEM)","Without sequence","167.69","",""
"18/04/2024 11:00:00 - 18/04/2024 12:00:00","BZN|IE(SEM)","Without sequence","135.15","",""
"18/04/2024 12:00:00 - 18/04/2024 13:00:00","BZN|IE(SEM)","Without sequence","116.0","",""
"18/04/2024 13:00:00 - 18/04/2024 14:00:00","BZN|IE(SEM)","Without sequence","96.13","",""
"18/04/2024 14:00:00 - 18/04/2024 15:00:00","BZN|IE(SEM)","Without sequence","82.14","",""
"18/04/2024 15:00:00 - 18/04/2024 16:00:00","BZN|IE(SEM)","Without sequence","80.3","",""
"18/04/2024 16:00:00 - 18/04/2024 17:00:00","BZN|IE(SEM)","Without sequence","79.32","",""
"18/04/2024 17:00:00 - 18/04/2024 18:00:00","BZN|IE(SEM)","Without sequence","80.3","",""
"18/04/2024 18:00:00 - 18/04/2024 19:00:00","BZN|IE(SEM)","Without sequence","86.61","",""
"18/04/2024 19:00:00 - 18/04/2024 20:00:00","BZN|IE(SEM)","Without sequence","91.78","",""
"18/04/2024 20:00:00 - 18/04/2024 21:00:00","BZN|IE(SEM)","Without sequence","98.21","",""
"18/04/2024 21:00:00 - 18/04/2024 22:00:00","BZN|IE(SEM)","Without sequence","97.0","",""
"18/04/2024 22:00:00 - 18/04/2024 23:00:00","BZN|IE(SEM)","Without sequence","88.0","",""
"18/04/2024 23:00:00 - 19/04/2024 00:00:00","BZN|IE(SEM)","Without sequence","79.6","",""
"19/04/2024 00:00:00 - 19/04/2024 01:00:00","BZN|IE(SEM)","Without sequence","87.83","",""
"19/04/2024 01:00:00 - 19/04/2024 02:00:00","BZN|IE(SEM)","Without sequence","82.48","",""
"19/04/2024 02:00:00 - 19/04/2024 03:00:00","BZN|IE(SEM)","Without sequence","77.5","",""
"19/04/2024 03:00:00 - 19/04/2024 04:00:00","BZN|IE(SEM)","Without sequence","77.5","",""
"19/04/2024 04:00:00 - 19/04/2024 05:00:00","BZN|IE(SEM)","Without sequence","77.0","",""
"19/04/2024 05:00:00 - 19/04/2024 06:00:00","BZN|IE(SEM)","Without sequence","77.5","",""
"19/04/2024 06:00:00 - 19/04/2024 07:00:00","BZN|IE(SEM)","Without sequence","71.16","",""
"19/04/2024 07:00:00 - 19/04/2024 08:00:00","BZN|IE(SEM)","Without sequence","95.0","",""
"19/04/2024 08:00:00 - 19/04/2024 09:00:00","BZN|IE(SEM)","Without sequence","88.81","",""
"19/04/2024 09:00:00 - 19/04/2024 10:00:00","BZN|IE(SEM)","Without sequence","101.65","",""
"19/04/2024 10:00:00 - 19/04/2024 11:00:00","BZN|IE(SEM)","Without sequence","99.0","",""
"19/04/2024 11:00:00 - 19/04/2024 12:00:00","BZN|IE(SEM)","Without sequence","95.0","",""
"19/04/2024 12:00:00 - 19/04/2024 13:00:00","BZN|IE(SEM)","Without sequence","88.59","",""
"19/04/2024 13:00:00 - 19/04/2024 14:00:00","BZN|IE(SEM)","Without sequence","89.58","",""
"19/04/2024 14:00:00 - 19/04/2024 15:00:00","BZN|IE(SEM)","Without sequence","84.03","",""
"19/04/2024 15:00:00 - 19/04/2024 16:00:00","BZN|IE(SEM)","Without sequence","82.88","",""
"19/04/2024 16:00:00 - 19/04/2024 17:00:00","BZN|IE(SEM)","Without sequence","81.88","",""
"19/04/2024 17:00:00 - 19/04/2024 18:00:00","BZN|IE(SEM)","Without sequence","90.0","",""
"19/04/2024 18:00:00 - 19/04/2024 19:00:00","BZN|IE(SEM)","Without sequence","107.89","",""
"19/04/2024 19:00:00 - 19/04/2024 20:00:00","BZN|IE(SEM)","Without sequence","135.0","",""
"19/04/2024 20:00:00 - 19/04/2024 21:00:00","BZN|IE(SEM)","Without sequence","160.65","",""
"19/04/2024 21:00:00 - 19/04/2024 22:00:00","BZN|IE(SEM)","Without sequence","180.0","",""
"19/04/2024 22:00:00 - 19/04/2024 23:00:00","BZN|IE(SEM)","Without sequence","180.4","",""
"19/04/2024 23:00:00 - 20/04/2024 00:00:00","BZN|IE(SEM)","Without sequence","163.93","",""
"20/04/2024 00:00:00 - 20/04/2024 01:00:00","BZN|IE(SEM)","Without sequence","93.14","",""
"20/04/2024 01:00:00 - 20/04/2024 02:00:00","BZN|IE(SEM)","Without sequence","88.49","",""
"20/04/2024 02:00:00 - 20/04/2024 03:00:00","BZN|IE(SEM)","Without sequence","90.96","",""
"20/04/2024 03:00:00 - 20/04/2024 04:00:00","BZN|IE(SEM)","Without sequence","91.08","",""
"20/04/2024 04:00:00 - 20/04/2024 05:00:00","BZN|IE(SEM)","Without sequence","89.0","",""
"20/04/2024 05:00:00 - 20/04/2024 06:00:00","BZN|IE(SEM)","Without sequence","87.96","",""
"20/04/2024 06:00:00 - 20/04/2024 07:00:00","BZN|IE(SEM)","Without sequence","82.91","",""
"20/04/2024 07:00:00 - 20/04/2024 08:00:00","BZN|IE(SEM)","Without sequence","89.88","",""
"20/04/2024 08:00:00 - 20/04/2024 09:00:00","BZN|IE(SEM)","Without sequence","101.58","",""
"20/04/2024 09:00:00 - 20/04/2024 10:00:00","BZN|IE(SEM)","Without sequence","119.91","",""
"20/04/2024 10:00:00 - 20/04/2024 11:00:00","BZN|IE(SEM)","Without sequence","132.22","",""
"20/04/2024 11:00:00 - 20/04/2024 12:00:00","BZN|IE(SEM)","Without sequence","121.88","",""
"20/04/2024 12:00:00 - 20/04/2024 13:00:00","BZN|IE(SEM)","Without sequence","106.0","",""
"20/04/2024 13:00:00 - 20/04/2024 14:00:00","BZN|IE(SEM)","Without sequence","101.58","",""
"20/04/2024 14:00:00 - 20/04/2024 15:00:00","BZN|IE(SEM)","Without sequence","94.33","",""
"20/04/2024 15:00:00 - 20/04/2024 16:00:00","BZN|IE(SEM)","Without sequence","89.66","",""
"20/04/2024 16:00:00 - 20/04/2024 17:00:00","BZN|IE(SEM)","Without sequence","88.83","",""
"20/04/2024 17:00:00 - 20/04/2024 18:00:00","BZN|IE(SEM)","Without sequence","99.0","",""
"20/04/2024 18:00:00 - 20/04/2024 19:00:00","BZN|IE(SEM)","Without sequence","111.24","",""
"20/04/2024 19:00:00 - 20/04/2024 20:00:00","BZN|IE(SEM)","Without sequence","137.5","",""
"20/04/2024 20:00:00 - 20/04/2024 21:00:00","BZN|IE(SEM)","Without sequence","145.0","",""
"20/04/2024 21:00:00 - 20/04/2024 22:00:00","BZN|IE(SEM)","Without sequence","160.08","",""
"20/04/2024 22:00:00 - 20/04/2024 23:00:00","BZN|IE(SEM)","Without sequence","158.14","",""
"20/04/2024 23:00:00 - 21/04/2024 00:00:00","BZN|IE(SEM)","Without sequence","120.0","",""
"21/04/2024 00:00:00 - 21/04/2024 01:00:00","BZN|IE(SEM)","Without sequence","95.93","",""
"21/04/2024 01:00:00 - 21/04/2024 02:00:00","BZN|IE(SEM)","Without sequence","94.61","",""
"21/04/2024 02:00:00 - 21/04/2024 03:00:00","BZN|IE(SEM)","Without sequence","87.89","",""
"21/04/2024 03:00:00 - 21/04/2024 04:00:00","BZN|IE(SEM)","Without sequence","92.3","",""
"21/04/2024 04:00:00 - 21/04/2024 05:00:00","BZN|IE(SEM)","Without sequence","90.1","",""
"21/04/2024 05:00:00 - 21/04/2024 06:00:00","BZN|IE(SEM)","Without sequence","89.5","",""
"21/04/2024 06:00:00 - 21/04/2024 07:00:00","BZN|IE(SEM)","Without sequence","86.75","",""
"21/04/2024 07:00:00 - 21/04/2024 08:00:00","BZN|IE(SEM)","Without sequence","86.75","",""
"21/04/2024 08:00:00 - 21/04/2024 09:00:00","BZN|IE(SEM)","Without sequence","81.75","",""
"21/04/2024 09:00:00 - 21/04/2024 10:00:00","BZN|IE(SEM)","Without sequence","86.57","",""
"21/04/2024 10:00:00 - 21/04/2024 11:00:00","BZN|IE(SEM)","Without sequence","90.09","",""
"21/04/2024 11:00:00 - 21/04/2024 12:00:00","BZN|IE(SEM)","Without sequence","99.56","",""
"21/04/2024 12:00:00 - 21/04/2024 13:00:00","BZN|IE(SEM)","Without sequence","98.23","",""
"21/04/2024 13:00:00 - 21/04/2024 14:00:00","BZN|IE(SEM)","Without sequence","107.54","",""
"21/04/2024 14:00:00 - 21/04/2024 15:00:00","BZN|IE(SEM)","Without sequence","100.0","",""
"21/04/2024 15:00:00 - 21/04/2024 16:00:00","BZN|IE(SEM)","Without sequence","95.93","",""
"21/04/2024 16:00:00 - 21/04/2024 17:00:00","BZN|IE(SEM)","Without sequence","94.52","",""
"21/04/2024 17:00:00 - 21/04/2024 18:00:00","BZN|IE(SEM)","Without sequence","95.0","",""
"21/04/2024 18:00:00 - 21/04/2024 19:00:00","BZN|IE(SEM)","Without sequence","115.0","",""
"21/04/2024 19:00:00 - 21/04/2024 20:00:00","BZN|IE(SEM)","Without sequence","135.0","",""
"21/04/2024 20:00:00 - 21/04/2024 21:00:00","BZN|IE(SEM)","Without sequence","135.0","",""
"21/04/2024 21:00:00 - 21/04/2024 22:00:00","BZN|IE(SEM)","Without sequence","140.0","",""
"21/04/2024 22:00:00 - 21/04/2024 23:00:00","BZN|IE(SEM)","Without sequence","141.0","",""
"21/04/2024 23:00:00 - 22/04/2024 00:00:00","BZN|IE(SEM)","Without sequence","110.0","",""
"22/04/2024 00:00:00 - 22/04/2024 01:00:00","BZN|IE(SEM)","Without sequence","91.98","",""
"22/04/2024 01:00:00 - 22/04/2024 02:00:00","BZN|IE(SEM)","Without sequence","87.4","",""
"22/04/2024 02:00:00 - 22/04/2024 03:00:00","BZN|IE(SEM)","Without sequence","87.85","",""
"22/04/2024 03:00:00 - 22/04/2024 04:00:00","BZN|IE(SEM)","Without sequence","88.22","",""
"22/04/2024 04:00:00 - 22/04/2024 05:00:00","BZN|IE(SEM)","Without sequence","87.56","",""
"22/04/2024 05:00:00 - 22/04/2024 06:00:00","BZN|IE(SEM)","Without sequence","86.75","",""
"22/04/2024 06:00:00 - 22/04/2024 07:00:00","BZN|IE(SEM)","Without sequence","98.11","",""
"22/04/2024 07:00:00 - 22/04/2024 08:00:00","BZN|IE(SEM)","Without sequence","116.38","",""
"22/04/2024 08:00:00 - 22/04/2024 09:00:00","BZN|IE(SEM)","Without sequence","139.1","",""
"22/04/2024 09:00:00 - 22/04/2024 10:00:00","BZN|IE(SEM)","Without sequence","145.0","",""
"22/04/2024 10:00:00 - 22/04/2024 11:00:00","BZN|IE(SEM)","Without sequence","137.0","",""
"22/04/2024 11:00:00 - 22/04/2024 12:00:00","BZN|IE(SEM)","Without sequence","120.0","",""
"22/04/2024 12:00:00 - 22/04/2024 13:00:00","BZN|IE(SEM)","Without sequence","105.0","",""
"22/04/2024 13:00:00 - 22/04/2024 14:00:00","BZN|IE(SEM)","Without sequence","96.48","",""
"22/04/2024 14:00:00 - 22/04/2024 15:00:00","BZN|IE(SEM)","Without sequence","84.72","",""
"22/04/2024 15:00:00 - 22/04/2024 16:00:00","BZN|IE(SEM)","Without sequence","81.0","",""
"22/04/2024 16:00:00 - 22/04/2024 17:00:00","BZN|IE(SEM)","Without sequence","81.0","",""
"22/04/2024 17:00:00 - 22/04/2024 18:00:00","BZN|IE(SEM)","Without sequence","92.0","",""
"22/04/2024 18:00:00 - 22/04/2024 19:00:00","BZN|IE(SEM)","Without sequence","100.0","",""
"22/04/2024 19:00:00 - 22/04/2024 20:00:00","BZN|IE(SEM)","Without sequence","116.65","",""
"22/04/2024 20:00:00 - 22/04/2024 21:00:00","BZN|IE(SEM)","Without sequence","113.15","",""
"22/04/2024 21:00:00 - 22/04/2024 22:00:00","BZN|IE(SEM)","Without sequence","106.55","",""
"22/04/2024 22:00:00 - 22/04/2024 23:00:00","BZN|IE(SEM)","Without sequence","94.01","",""
"22/04/2024 23:00:00 - 23/04/2024 00:00:00","BZN|IE(SEM)","Without sequence","86.9","",""
"23/04/2024 00:00:00 - 23/04/2024 01:00:00","BZN|IE(SEM)","Without sequence","83.76","",""
"23/04/2024 01:00:00 - 23/04/2024 02:00:00","BZN|IE(SEM)","Without sequence","77.78","",""
"23/04/2024 02:00:00 - 23/04/2024 03:00:00","BZN|IE(SEM)","Without sequence","78.96","",""
"23/04/2024 03:00:00 - 23/04/2024 04:00:00","BZN|IE(SEM)","Without sequence","81.45","",""
"23/04/2024 04:00:00 - 23/04/2024 05:00:00","BZN|IE(SEM)","Without sequence","81.0","",""
"23/04/2024 05:00:00 - 23/04/2024 06:00:00","BZN|IE(SEM)","Without sequence","81.08","",""
"23/04/2024 06:00:00 - 23/04/2024 07:00:00","BZN|IE(SEM)","Without sequence","88.06","",""
"23/04/2024 07:00:00 - 23/04/2024 08:00:00","BZN|IE(SEM)","Without sequence","116.87","",""
"23/04/2024 08:00:00 - 23/04/2024 09:00:00","BZN|IE(SEM)","Without sequence","131.0","",""
"23/04/2024 09:00:00 - 23/04/2024 10:00:00","BZN|IE(SEM)","Without sequence","139.8","",""
"23/04/2024 10:00:00 - 23/04/2024 11:00:00","BZN|IE(SEM)","Without sequence","125.8","",""
"23/04/2024 11:00:00 - 23/04/2024 12:00:00","BZN|IE(SEM)","Without sequence","120.0","",""
"23/04/2024 12:00:00 - 23/04/2024 13:00:00","BZN|IE(SEM)","Without sequence","104.82","",""
"23/04/2024 13:00:00 - 23/04/2024 14:00:00","BZN|IE(SEM)","Without sequence","102.39","",""
"23/04/2024 14:00:00 - 23/04/2024 15:00:00","BZN|IE(SEM)","Without sequence","90.74","",""
"23/04/2024 15:00:00 - 23/04/2024 16:00:00","BZN|IE(SEM)","Without sequence","85.82","",""
"23/04/2024 16:00:00 - 23/04/2024 17:00:00","BZN|IE(SEM)","Without sequence","85.82","",""
"23/04/2024 17:00:00 - 23/04/2024 18:00:00","BZN|IE(SEM)","Without sequence","95.9","",""
"23/04/2024 18:00:00 - 23/04/2024 19:00:00","BZN|IE(SEM)","Without sequence","100.63","",""
"23/04/2024 19:00:00 - 23/04/2024 20:00:00","BZN|IE(SEM)","Without sequence","116.4","",""
"23/04/2024 20:00:00 - 23/04/2024 21:00:00","BZN|IE(SEM)","Without sequence","118.39","",""
"23/04/2024 21:00:00 - 23/04/2024 22:00:00","BZN|IE(SEM)","Without sequence","120.2","",""
"23/04/2024 22:00:00 - 23/04/2024 23:00:00","BZN|IE(SEM)","Without sequence","115.0","",""
"23/04/2024 23:00:00 - 24/04/2024 00:00:00","BZN|IE(SEM)","Without sequence","91.93","",""
"24/04/2024 00:00:00 - 24/04/2024 01:00:00","BZN|IE(SEM)","Without sequence","77.68","",""
"24/04/2024 01:00:00 - 24/04/2024 02:00:00","BZN|IE(SEM)","Without sequence","76.94","",""
"24/04/2024 02:00:00 - 24/04/2024 03:00:00","BZN|IE(SEM)","Without sequence","79.44","",""
"24/04/2024 03:00:00 - 24/04/2024 04:00:00","BZN|IE(SEM)","Without sequence","79.24","",""
"24/04/2024 04:00:00 - 24/04/2024 05:00:00","BZN|IE(SEM)","Without sequence","79.24","",""
"24/04/2024 05:00:00 - 24/04/2024 06:00:00","BZN|IE(SEM)","Without sequence","78.82","",""
"24/04/2024 06:00:00 - 24/04/2024 07:00:00","BZN|IE(SEM)","Without sequence","81.48","",""
"24/04/2024 07:00:00 - 24/04/2024 08:00:00","BZN|IE(SEM)","Without sequence","100.98","",""
"24/04/2024 08:00:00 - 24/04/2024 09:00:00","BZN|IE(SEM)","Without sequence","120.3","",""
"24/04/2024 09:00:00 - 24/04/2024 10:00:00","BZN|IE(SEM)","Without sequence","128.96","",""
"24/04/2024 10:00:00 - 24/04/2024 11:00:00","BZN|IE(SEM)","Without sequence","121.02","",""
"24/04/2024 11:00:00 - 24/04/2024 12:00:00","BZN|IE(SEM)","Without sequence","115.0","",""
"24/04/2024 12:00:00 - 24/04/2024 13:00:00","BZN|IE(SEM)","Without sequence","101.5","",""
"24/04/2024 13:00:00 - 24/04/2024 14:00:00","BZN|IE(SEM)","Without sequence","103.27","",""
"24/04/2024 14:00:00 - 24/04/2024 15:00:00","BZN|IE(SEM)","Without sequence","95.22","",""
"24/04/2024 15:00:00 - 24/04/2024 16:00:00","BZN|IE(SEM)","Without sequence","92.98","",""
"24/04/2024 16:00:00 - 24/04/2024 17:00:00","BZN|IE(SEM)","Without sequence","93.39","",""
"24/04/2024 17:00:00 - 24/04/2024 18:00:00","BZN|IE(SEM)","Without sequence","100.0","",""
"24/04/2024 18:00:00 - 24/04/2024 19:00:00","BZN|IE(SEM)","Without sequence","109.6","",""
"24/04/2024 19:00:00 - 24/04/2024 20:00:00","BZN|IE(SEM)","Without sequence","116.5","",""
"24/04/2024 20:00:00 - 24/04/2024 21:00:00","BZN|IE(SEM)","Without sequence","120.0","",""
"24/04/2024 21:00:00 - 24/04/2024 22:00:00","BZN|IE(SEM)","Without sequence","123.17","",""
"24/04/2024 22:00:00 - 24/04/2024 23:00:00","BZN|IE(SEM)","Without sequence","124.0","",""
"24/04/2024 23:00:00 - 25/04/2024 00:00:00","BZN|IE(SEM)","Without sequence","95.22","",""
"25/04/2024 00:00:00 - 25/04/2024 01:00:00","BZN|IE(SEM)","Without sequence","86.98","",""
"25/04/2024 01:00:00 - 25/04/2024 02:00:00","BZN|IE(SEM)","Without sequence","83.74","",""
"25/04/2024 02:00:00 - 25/04/2024 03:00:00","BZN|IE(SEM)","Without sequence","83.0","",""
"25/04/2024 03:00:00 - 25/04/2024 04:00:00","BZN|IE(SEM)","Without sequence","81.7","",""
"25/04/2024 04:00:00 - 25/04/2024 05:00:00","BZN|IE(SEM)","Without sequence","81.7","",""
"25/04/2024 05:00:00 - 25/04/2024 06:00:00","BZN|IE(SEM)","Without sequence","82.1","",""
"25/04/2024 06:00:00 - 25/04/2024 07:00:00","BZN|IE(SEM)","Without sequence","89.4","",""
"25/04/2024 07:00:00 - 25/04/2024 08:00:00","BZN|IE(SEM)","Without sequence","111.32","",""
"25/04/2024 08:00:00 - 25/04/2024 09:00:00","BZN|IE(SEM)","Without sequence","130.0","",""
"25/04/2024 09:00:00 - 25/04/2024 10:00:00","BZN|IE(SEM)","Without sequence","157.7","",""
"25/04/2024 10:00:00 - 25/04/2024 11:00:00","BZN|IE(SEM)","Without sequence","155.0","",""
"25/04/2024 11:00:00 - 25/04/2024 12:00:00","BZN|IE(SEM)","Without sequence","136.21","",""
"25/04/2024 12:00:00 - 25/04/2024 13:00:00","BZN|IE(SEM)","Without sequence","135.0","",""
"25/04/2024 13:00:00 - 25/04/2024 14:00:00","BZN|IE(SEM)","Without sequence","126.99","",""
"25/04/2024 14:00:00 - 25/04/2024 15:00:00","BZN|IE(SEM)","Without sequence","119.0","",""
"25/04/2024 15:00:00 - 25/04/2024 16:00:00","BZN|IE(SEM)","Without sequence","112.0","",""
"25/04/2024 16:00:00 - 25/04/2024 17:00:00","BZN|IE(SEM)","Without sequence","96.57","",""
"25/04/2024 17:00:00 - 25/04/2024 18:00:00","BZN|IE(SEM)","Without sequence","120.56","",""
"25/04/2024 18:00:00 - 25/04/2024 19:00:00","BZN|IE(SEM)","Without sequence","130.0","",""
"25/04/2024 19:00:00 - 25/04/2024 20:00:00","BZN|IE(SEM)","Without sequence","137.57","",""
"25/04/2024 20:00:00 - 25/04/2024 21:00:00","BZN|IE(SEM)","Without sequence","132.93","",""
"25/04/2024 21:00:00 - 25/04/2024 22:00:00","BZN|IE(SEM)","Without sequence","140.13","",""
"25/04/2024 22:00:00 - 25/04/2024 23:00:00","BZN|IE(SEM)","Without sequence","131.43","",""
"25/04/2024 23:00:00 - 26/04/2024 00:00:00","BZN|IE(SEM)","Without sequence","96.37","",""
"26/04/2024 00:00:00 - 26/04/2024 01:00:00","BZN|IE(SEM)","Without sequence","86.7","",""
"26/04/2024 01:00:00 - 26/04/2024 02:00:00","BZN|IE(SEM)","Without sequence","81.06","",""
"26/04/2024 02:00:00 - 26/04/2024 03:00:00","BZN|IE(SEM)","Without sequence","83.32","",""
"26/04/2024 03:00:00 - 26/04/2024 04:00:00","BZN|IE(SEM)","Without sequence","83.07","",""
"26/04/2024 04:00:00 - 26/04/2024 05:00:00","BZN|IE(SEM)","Without sequence","81.1","",""
"26/04/2024 05:00:00 - 26/04/2024 06:00:00","BZN|IE(SEM)","Without sequence","81.23","",""
"26/04/2024 06:00:00 - 26/04/2024 07:00:00","BZN|IE(SEM)","Without sequence","85.51","",""
"26/04/2024 07:00:00 - 26/04/2024 08:00:00","BZN|IE(SEM)","Without sequence","105.0","",""
"26/04/2024 08:00:00 - 26/04/2024 09:00:00","BZN|IE(SEM)","Without sequence","118.62","",""
"26/04/2024 09:00:00 - 26/04/2024 10:00:00","BZN|IE(SEM)","Without sequence","132.0","",""
"26/04/2024 10:00:00 - 26/04/2024 11:00:00","BZN|IE(SEM)","Without sequence","123.87","",""
"26/04/2024 11:00:00 - 26/04/2024 12:00:00","BZN|IE(SEM)","Without sequence","108.0","",""
"26/04/2024 12:00:00 - 26/04/2024 13:00:00","BZN|IE(SEM)","Without sequence","92.95","",""
"26/04/2024 13:00:00 - 26/04/2024 14:00:00","BZN|IE(SEM)","Without sequence","91.23","",""
"26/04/2024 14:00:00 - 26/04/2024 15:00:00","BZN|IE(SEM)","Without sequence","85.62","",""
"26/04/2024 15:00:00 - 26/04/2024 16:00:00","BZN|IE(SEM)","Without sequence","82.9","",""
"26/04/2024 16:00:00 - 26/04/2024 17:00:00","BZN|IE(SEM)","Without sequence","82.01","",""
"26/04/2024 17:00:00 - 26/04/2024 18:00:00","BZN|IE(SEM)","Without sequence","92.2","",""
"26/04/2024 18:00:00 - 26/04/2024 19:00:00","BZN|IE(SEM)","Without sequence","105.46","",""
"26/04/2024 19:00:00 - 26/04/2024 20:00:00","BZN|IE(SEM)","Without sequence","120.9","",""
"26/04/2024 20:00:00 - 26/04/2024 21:00:00","BZN|IE(SEM)","Without sequence","125.0","",""
"26/04/2024 21:00:00 - 26/04/2024 22:00:00","BZN|IE(SEM)","Without sequence","123.3","",""
"26/04/2024 22:00:00 - 26/04/2024 23:00:00","BZN|IE(SEM)","Without sequence","146.6","",""
"26/04/2024 23:00:00 - 27/04/2024 00:00:00","BZN|IE(SEM)","Without sequence","113.66","",""
"27/04/2024 00:00:00 - 27/04/2024 01:00:00","BZN|IE(SEM)","Without sequence","143.8","",""
"27/04/2024 01:00:00 - 27/04/2024 02:00:00","BZN|IE(SEM)","Without sequence","124.0","",""
"27/04/2024 02:00:00 - 27/04/2024 03:00:00","BZN|IE(SEM)","Without sequence","117.0","",""
"27/04/2024 03:00:00 - 27/04/2024 04:00:00","BZN|IE(SEM)","Without sequence","116.0","",""
"27/04/2024 04:00:00 - 27/04/2024 05:00:00","BZN|IE(SEM)","Without sequence","110.0","",""
"27/04/2024 05:00:00 - 27/04/2024 06:00:00","BZN|IE(SEM)","Without sequence","106.0","",""
"27/04/2024 06:00:00 - 27/04/2024 07:00:00","BZN|IE(SEM)","Without sequence","98.0","",""
"27/04/2024 07:00:00 - 27/04/2024 08:00:00","BZN|IE(SEM)","Without sequence","99.0","",""
"27/04/2024 08:00:00 - 27/04/2024 09:00:00","BZN|IE(SEM)","Without sequence","112.0","",""
"27/04/2024 09:00:00 - 27/04/2024 10:00:00","BZN|IE(SEM)","Without sequence","120.5","",""
"27/04/2024 10:00:00 - 27/04/2024 11:00:00","BZN|IE(SEM)","Without sequence","146.26","",""
"27/04/2024 11:00:00 - 27/04/2024 12:00:00","BZN|IE(SEM)","Without sequence","160.5","",""
"27/04/2024 12:00:00 - 27/04/2024 13:00:00","BZN|IE(SEM)","Without sequence","145.0","",""
"27/04/2024 13:00:00 - 27/04/2024 14:00:00","BZN|IE(SEM)","Without sequence","146.26","",""
"27/04/2024 14:00:00 - 27/04/2024 15:00:00","BZN|IE(SEM)","Without sequence","132.2","",""
"27/04/2024 15:00:00 - 27/04/2024 16:00:00","BZN|IE(SEM)","Without sequence","108.67","",""
"27/04/2024 16:00:00 - 27/04/2024 17:00:00","BZN|IE(SEM)","Without sequence","102.2","",""
"27/04/2024 17:00:00 - 27/04/2024 18:00:00","BZN|IE(SEM)","Without sequence","106.4","",""
"27/04/2024 18:00:00 - 27/04/2024 19:00:00","BZN|IE(SEM)","Without sequence","141.6","",""
"27/04/2024 19:00:00 - 27/04/2024 20:00:00","BZN|IE(SEM)","Without sequence","133.2","",""
"27/04/2024 20:00:00 - 27/04/2024 21:00:00","BZN|IE(SEM)","Without sequence","139.0","",""
"27/04/2024 21:00:00 - 27/04/2024 22:00:00","BZN|IE(SEM)","Without sequence","148.0","",""
"27/04/2024 22:00:00 - 27/04/2024 23:00:00","BZN|IE(SEM)","Without sequence","177.1","",""
"27/04/2024 23:00:00 - 28/04/2024 00:00:00","BZN|IE(SEM)","Without sequence","149.0","",""
"28/04/2024 00:00:00 - 28/04/2024 01:00:00","BZN|IE(SEM)","Without sequence","152.0","",""
"28/04/2024 01:00:00 - 28/04/2024 02:00:00","BZN|IE(SEM)","Without sequence","145.0","",""
"28/04/2024 02:00:00 - 28/04/2024 03:00:00","BZN|IE(SEM)","Without sequence","127.0","",""
"28/04/2024 03:00:00 - 28/04/2024 04:00:00","BZN|IE(SEM)","Without sequence","125.0","",""
"28/04/2024 04:00:00 - 28/04/2024 05:00:00","BZN|IE(SEM)","Without sequence","115.0","",""
"28/04/2024 05:00:00 - 28/04/2024 06:00:00","BZN|IE(SEM)","Without sequence","106.0","",""
"28/04/2024 06:00:00 - 28/04/2024 07:00:00","BZN|IE(SEM)","Without sequence","96.0","",""
"28/04/2024 07:00:00 - 28/04/2024 08:00:00","BZN|IE(SEM)","Without sequence","98.49","",""
"28/04/2024 08:00:00 - 28/04/2024 09:00:00","BZN|IE(SEM)","Without sequence","113.32","",""
"28/04/2024 09:00:00 - 28/04/2024 10:00:00","BZN|IE(SEM)","Without sequence","126.18","",""
"28/04/2024 10:00:00 - 28/04/2024 11:00:00","BZN|IE(SEM)","Without sequence","135.0","",""
"28/04/2024 11:00:00 - 28/04/2024 12:00:00","BZN|IE(SEM)","Without sequence","130.5","",""
"28/04/2024 12:00:00 - 28/04/2024 13:00:00","BZN|IE(SEM)","Without sequence","123.57","",""
"28/04/2024 13:00:00 - 28/04/2024 14:00:00","BZN|IE(SEM)","Without sequence","119.52","",""
"28/04/2024 14:00:00 - 28/04/2024 15:00:00","BZN|IE(SEM)","Without sequence","99.0","",""
"28/04/2024 15:00:00 - 28/04/2024 16:00:00","BZN|IE(SEM)","Without sequence","85.02","",""
"28/04/2024 16:00:00 - 28/04/2024 17:00:00","BZN|IE(SEM)","Without sequence","81.24","",""
"28/04/2024 17:00:00 - 28/04/2024 18:00:00","BZN|IE(SEM)","Without sequence","85.0","",""
"28/04/2024 18:00:00 - 28/04/2024 19:00:00","BZN|IE(SEM)","Without sequence","98.49","",""
"28/04/2024 19:00:00 - 28/04/2024 20:00:00","BZN|IE(SEM)","Without sequence","115.0","",""
"28/04/2024 20:00:00 - 28/04/2024 21:00:00","BZN|IE(SEM)","Without sequence","129.53","",""
"28/04/2024 21:00:00 - 28/04/2024 22:00:00","BZN|IE(SEM)","Without sequence","143.58","",""
"28/04/2024 22:00:00 - 28/04/2024 23:00:00","BZN|IE(SEM)","Without sequence","150.0","",""
"28/04/2024 23:00:00 - 29/04/2024 00:00:00","BZN|IE(SEM)","Without sequence","101.61","",""
"29/04/2024 00:00:00 - 29/04/2024 01:00:00","BZN|IE(SEM)","Without sequence","94.35","",""
"29/04/2024 01:00:00 - 29/04/2024 02:00:00","BZN|IE(SEM)","Without sequence","85.0","",""
"29/04/2024 02:00:00 - 29/04/2024 03:00:00","BZN|IE(SEM)","Without sequence","82.09","",""
"29/04/2024 03:00:00 - 29/04/2024 04:00:00","BZN|IE(SEM)","Without sequence","81.89","",""
"29/04/2024 04:00:00 - 29/04/2024 05:00:00","BZN|IE(SEM)","Without sequence","79.89","",""
"29/04/2024 05:00:00 - 29/04/2024 06:00:00","BZN|IE(SEM)","Without sequence","79.0","",""
"29/04/2024 06:00:00 - 29/04/2024 07:00:00","BZN|IE(SEM)","Without sequence","82.25","",""
"29/04/2024 07:00:00 - 29/04/2024 08:00:00","BZN|IE(SEM)","Without sequence","99.28","",""
"29/04/2024 08:00:00 - 29/04/2024 09:00:00","BZN|IE(SEM)","Without sequence","108.28","",""
"29/04/2024 09:00:00 - 29/04/2024 10:00:00","BZN|IE(SEM)","Without sequence","115.56","",""
"29/04/2024 10:00:00 - 29/04/2024 11:00:00","BZN|IE(SEM)","Without sequence","109.59","",""
"29/04/2024 11:00:00 - 29/04/2024 12:00:00","BZN|IE(SEM)","Without sequence","105.85","",""
"29/04/2024 12:00:00 - 29/04/2024 13:00:00","BZN|IE(SEM)","Without sequence","99.38","",""
"29/04/2024 13:00:00 - 29/04/2024 14:00:00","BZN|IE(SEM)","Without sequence","99.28","",""
"29/04/2024 14:00:00 - 29/04/2024 15:00:00","BZN|IE(SEM)","Without sequence","89.67","",""
"29/04/2024 15:00:00 - 29/04/2024 16:00:00","BZN|IE(SEM)","Without sequence","85.0","",""
"29/04/2024 16:00:00 - 29/04/2024 17:00:00","BZN|IE(SEM)","Without sequence","86.42","",""
"29/04/2024 17:00:00 - 29/04/2024 18:00:00","BZN|IE(SEM)","Without sequence","95.03","",""
"29/04/2024 18:00:00 - 29/04/2024 19:00:00","BZN|IE(SEM)","Without sequence","109.59","",""
"29/04/2024 19:00:00 - 29/04/2024 20:00:00","BZN|IE(SEM)","Without sequence","150.36","",""
"29/04/2024 20:00:00 - 29/04/2024 21:00:00","BZN|IE(SEM)","Without sequence","150.71","",""
"29/04/2024 21:00:00 - 29/04/2024 22:00:00","BZN|IE(SEM)","Without sequence","175.71","",""
"29/04/2024 22:00:00 - 29/04/2024 23:00:00","BZN|IE(SEM)","Without sequence","174.0","",""
"29/04/2024 23:00:00 - 30/04/2024 00:00:00","BZN|IE(SEM)","Without sequence","136.83","",""
"30/04/2024 00:00:00 - 30/04/2024 01:00:00","BZN|IE(SEM)","Without sequence","124.0","",""
"30/04/2024 01:00:00 - 30/04/2024 02:00:00","BZN|IE(SEM)","Without sequence","100.0","",""
"30/04/2024 02:00:00 - 30/04/2024 03:00:00","BZN|IE(SEM)","Without sequence","94.62","",""
"30/04/2024 03:00:00 - 30/04/2024 04:00:00","BZN|IE(SEM)","Without sequence","95.04","",""
"30/04/2024 04:00:00 - 30/04/2024 05:00:00","BZN|IE(SEM)","Without sequence","94.62","",""
"30/04/2024 05:00:00 - 30/04/2024 06:00:00","BZN|IE(SEM)","Without sequence","92.5","",""
"30/04/2024 06:00:00 - 30/04/2024 07:00:00","BZN|IE(SEM)","Without sequence","91.88","",""
"30/04/2024 07:00:00 - 30/04/2024 08:00:00","BZN|IE(SEM)","Without sequence","111.3","",""
"30/04/2024 08:00:00 - 30/04/2024 09:00:00","BZN|IE(SEM)","Without sequence","149.0","",""
"30/04/2024 09:00:00 - 30/04/2024 10:00:00","BZN|IE(SEM)","Without sequence","188.0","",""
"30/04/2024 10:00:00 - 30/04/2024 11:00:00","BZN|IE(SEM)","Without sequence","162.96","",""
"30/04/2024 11:00:00 - 30/04/2024 12:00:00","BZN|IE(SEM)","Without sequence","129.0","",""
"30/04/2024 12:00:00 - 30/04/2024 13:00:00","BZN|IE(SEM)","Without sequence","105.21","",""
"30/04/2024 13:00:00 - 30/04/2024 14:00:00","BZN|IE(SEM)","Without sequence","95.0","",""
"30/04/2024 14:00:00 - 30/04/2024 15:00:00","BZN|IE(SEM)","Without sequence","78.04","",""
"30/04/2024 15:00:00 - 30/04/2024 16:00:00","BZN|IE(SEM)","Without sequence","73.15","",""
"30/04/2024 16:00:00 - 30/04/2024 17:00:00","BZN|IE(SEM)","Without sequence","71.36","",""
"30/04/2024 17:00:00 - 30/04/2024 18:00:00","BZN|IE(SEM)","Without sequence","77.0","",""
"30/04/2024 18:00:00 - 30/04/2024 19:00:00","BZN|IE(SEM)","Without sequence","90.17","",""
"30/04/2024 19:00:00 - 30/04/2024 20:00:00","BZN|IE(SEM)","Without sequence","105.21","",""
"30/04/2024 20:00:00 - 30/04/2024 21:00:00","BZN|IE(SEM)","Without sequence","112.72","",""
"30/04/2024 21:00:00 - 30/04/2024 22:00:00","BZN|IE(SEM)","Without sequence","125.0","",""
"30/04/2024 22:00:00 - 30/04/2024 23:00:00","BZN|IE(SEM)","Without sequence","125.0","",""
"30/04/2024 23:00:00 - 01/05/2024 00:00:00","BZN|IE(SEM)","Without sequence","85.55","",""
"01/05/2024 00:00:00 - 01/05/2024 01:00:00","BZN|IE(SEM)","Without sequence","76.0","",""
"01/05/2024 01:00:00 - 01/05/2024 02:00:00","BZN|IE(SEM)","Without sequence","74.01","",""
"01/05/2024 02:00:00 - 01/05/2024 03:00:00","BZN|IE(SEM)","Without sequence","73.16","",""
"01/05/2024 03:00:00 - 01/05/2024 04:00:00","BZN|IE(SEM)","Without sequence","73.16","",""
"01/05/2024 04:00:00 - 01/05/2024 05:00:00","BZN|IE(SEM)","Without sequence","73.16","",""
"01/05/2024 05:00:00 - 01/05/2024 06:00:00","BZN|IE(SEM)","Without sequence","73.4","",""
"01/05/2024 06:00:00 - 01/05/2024 07:00:00","BZN|IE(SEM)","Without sequence","76.8","",""
"01/05/2024 07:00:00 - 01/05/2024 08:00:00","BZN|IE(SEM)","Without sequence","92.01","",""
"01/05/2024 08:00:00 - 01/05/2024 09:00:00","BZN|IE(SEM)","Without sequence","107.74","",""
"01/05/2024 09:00:00 - 01/05/2024 10:00:00","BZN|IE(SEM)","Without sequence","125.82","",""
"01/05/2024 10:00:00 - 01/05/2024 11:00:00","BZN|IE(SEM)","Without sequence","114.63","",""
"01/05/2024 11:00:00 - 01/05/2024 12:00:00","BZN|IE(SEM)","Without sequence","103.43","",""
"01/05/2024 12:00:00 - 01/05/2024 13:00:00","BZN|IE(SEM)","Without sequence","98.19","",""
"01/05/2024 13:00:00 - 01/05/2024 14:00:00","BZN|IE(SEM)","Without sequence","90.46","",""
"01/05/2024 14:00:00 - 01/05/2024 15:00:00","BZN|IE(SEM)","Without sequence","85.0","",""
"01/05/2024 15:00:00 - 01/05/2024 16:00:00","BZN|IE(SEM)","Without sequence","82.32","",""
"01/05/2024 16:00:00 - 01/05/2024 17:00:00","BZN|IE(SEM)","Without sequence","82.32","",""
"01/05/2024 17:00:00 - 01/05/2024 18:00:00","BZN|IE(SEM)","Without sequence","92.0","",""
"01/05/2024 18:00:00 - 01/05/2024 19:00:00","BZN|IE(SEM)","Without sequence","108.71","",""
"01/05/2024 19:00:00 - 01/05/2024 20:00:00","BZN|IE(SEM)","Without sequence","135.0","",""
"01/05/2024 20:00:00 - 01/05/2024 21:00:00","BZN|IE(SEM)","Without sequence","151.15","",""
"01/05/2024 21:00:00 - 01/05/2024 22:00:00","BZN|IE(SEM)","Without sequence","176.08","",""
"01/05/2024 22:00:00 - 01/05/2024 23:00:00","BZN|IE(SEM)","Without sequence","185.0","",""
"01/05/2024 23:00:00 - 02/05/2024 00:00:00","BZN|IE(SEM)","Without sequence","137.82","",""
"02/05/2024 00:00:00 - 02/05/2024 01:00:00","BZN|IE(SEM)","Without sequence","108.4","",""
"02/05/2024 01:00:00 - 02/05/2024 02:00:00","BZN|IE(SEM)","Without sequence","98.7","",""
"02/05/2024 02:00:00 - 02/05/2024 03:00:00","BZN|IE(SEM)","Without sequence","90.0","",""
"02/05/2024 03:00:00 - 02/05/2024 04:00:00","BZN|IE(SEM)","Without sequence","90.0","",""
"02/05/2024 04:00:00 - 02/05/2024 05:00:00","BZN|IE(SEM)","Without sequence","88.88","",""
"02/05/2024 05:00:00 - 02/05/2024 06:00:00","BZN|IE(SEM)","Without sequence","85.35","",""
"02/05/2024 06:00:00 - 02/05/2024 07:00:00","BZN|IE(SEM)","Without sequence","80.12","",""
"02/05/2024 07:00:00 - 02/05/2024 08:00:00","BZN|IE(SEM)","Without sequence","95.2","",""
"02/05/2024 08:00:00 - 02/05/2024 09:00:00","BZN|IE(SEM)","Without sequence","138.7","",""
"02/05/2024 09:00:00 - 02/05/2024 10:00:00","BZN|IE(SEM)","Without sequence","166.27","",""
"02/05/2024 10:00:00 - 02/05/2024 11:00:00","BZN|IE(SEM)","Without sequence","152.4","",""
"02/05/2024 11:00:00 - 02/05/2024 12:00:00","BZN|IE(SEM)","Without sequence","127.63","",""
"02/05/2024 12:00:00 - 02/05/2024 13:00:00","BZN|IE(SEM)","Without sequence","102.95","",""
"02/05/2024 13:00:00 - 02/05/2024 14:00:00","BZN|IE(SEM)","Without sequence","89.0","",""
"02/05/2024 14:00:00 - 02/05/2024 15:00:00","BZN|IE(SEM)","Without sequence","80.48","",""
"02/05/2024 15:00:00 - 02/05/2024 16:00:00","BZN|IE(SEM)","Without sequence","75.64","",""
"02/05/2024 16:00:00 - 02/05/2024 17:00:00","BZN|IE(SEM)","Without sequence","75.32","",""
"02/05/2024 17:00:00 - 02/05/2024 18:00:00","BZN|IE(SEM)","Without sequence","81.88","",""
"02/05/2024 18:00:00 - 02/05/2024 19:00:00","BZN|IE(SEM)","Without sequence","93.67","",""
"02/05/2024 19:00:00 - 02/05/2024 20:00:00","BZN|IE(SEM)","Without sequence","105.0","",""
"02/05/2024 20:00:00 - 02/05/2024 21:00:00","BZN|IE(SEM)","Without sequence","108.76","",""
"02/05/2024 21:00:00 - 02/05/2024 22:00:00","BZN|IE(SEM)","Without sequence","115.0","",""
"02/05/2024 22:00:00 - 02/05/2024 23:00:00","BZN|IE(SEM)","Without sequence","117.09","",""
"02/05/2024 23:00:00 - 03/05/2024 00:00:00","BZN|IE(SEM)","Without sequence","88.0","",""
"03/05/2024 00:00:00 - 03/05/2024 01:00:00","BZN|IE(SEM)","Without sequence","87.0","",""
"03/05/2024 01:00:00 - 03/05/2024 02:00:00","BZN|IE(SEM)","Without sequence","82.15","",""
"03/05/2024 02:00:00 - 03/05/2024 03:00:00","BZN|IE(SEM)","Without sequence","77.73","",""
"03/05/2024 03:00:00 - 03/05/2024 04:00:00","BZN|IE(SEM)","Without sequence","77.57","",""
"03/05/2024 04:00:00 - 03/05/2024 05:00:00","BZN|IE(SEM)","Without sequence","77.57","",""
"03/05/2024 05:00:00 - 03/05/2024 06:00:00","BZN|IE(SEM)","Without sequence","77.57","",""
"03/05/2024 06:00:00 - 03/05/2024 07:00:00","BZN|IE(SEM)","Without sequence","77.76","",""
"03/05/2024 07:00:00 - 03/05/2024 08:00:00","BZN|IE(SEM)","Without sequence","92.0","",""
"03/05/2024 08:00:00 - 03/05/2024 09:00:00","BZN|IE(SEM)","Without sequence","114.0","",""
"03/05/2024 09:00:00 - 03/05/2024 10:00:00","BZN|IE(SEM)","Without sequence","153.15","",""
"03/05/2024 10:00:00 - 03/05/2024 11:00:00","BZN|IE(SEM)","Without sequence","149.57","",""
"03/05/2024 11:00:00 - 03/05/2024 12:00:00","BZN|IE(SEM)","Without sequence","135.7","",""
"03/05/2024 12:00:00 - 03/05/2024 13:00:00","BZN|IE(SEM)","Without sequence","133.94","",""
"03/05/2024 13:00:00 - 03/05/2024 14:00:00","BZN|IE(SEM)","Without sequence","127.06","",""
"03/05/2024 14:00:00 - 03/05/2024 15:00:00","BZN|IE(SEM)","Without sequence","112.0","",""
"03/05/2024 15:00:00 - 03/05/2024 16:00:00","BZN|IE(SEM)","Without sequence","98.89","",""
"03/05/2024 16:00:00 - 03/05/2024 17:00:00","BZN|IE(SEM)","Without sequence","96.89","",""
"03/05/2024 17:00:00 - 03/05/2024 18:00:00","BZN|IE(SEM)","Without sequence","107.73","",""
"03/05/2024 18:00:00 - 03/05/2024 19:00:00","BZN|IE(SEM)","Without sequence","125.0","",""
"03/05/2024 19:00:00 - 03/05/2024 20:00:00","BZN|IE(SEM)","Without sequence","129.97","",""
"03/05/2024 20:00:00 - 03/05/2024 21:00:00","BZN|IE(SEM)","Without sequence","134.68","",""
"03/05/2024 21:00:00 - 03/05/2024 22:00:00","BZN|IE(SEM)","Without sequence","134.74","",""
"03/05/2024 22:00:00 - 03/05/2024 23:00:00","BZN|IE(SEM)","Without sequence","136.65","",""
"03/05/2024 23:00:00 - 04/05/2024 00:00:00","BZN|IE(SEM)","Without sequence","99.75","",""
"04/05/2024 00:00:00 - 04/05/2024 01:00:00","BZN|IE(SEM)","Without sequence","100.02","",""
"04/05/2024 01:00:00 - 04/05/2024 02:00:00","BZN|IE(SEM)","Without sequence","89.49","",""
"04/05/2024 02:00:00 - 04/05/2024 03:00:00","BZN|IE(SEM)","Without sequence","85.16","",""
"04/05/2024 03:00:00 - 04/05/2024 04:00:00","BZN|IE(SEM)","Without sequence","87.06","",""
"04/05/2024 04:00:00 - 04/05/2024 05:00:00","BZN|IE(SEM)","Without sequence","87.21","",""
"04/05/2024 05:00:00 - 04/05/2024 06:00:00","BZN|IE(SEM)","Without sequence","87.06","",""
"04/05/2024 06:00:00 - 04/05/2024 07:00:00","BZN|IE(SEM)","Without sequence","87.78","",""
"04/05/2024 07:00:00 - 04/05/2024 08:00:00","BZN|IE(SEM)","Without sequence","88.0","",""
"04/05/2024 08:00:00 - 04/05/2024 09:00:00","BZN|IE(SEM)","Without sequence","98.0","",""
"04/05/2024 09:00:00 - 04/05/2024 10:00:00","BZN|IE(SEM)","Without sequence","109.0","",""
"04/05/2024 10:00:00 - 04/05/2024 11:00:00","BZN|IE(SEM)","Without sequence","130.0","",""
"04/05/2024 11:00:00 - 04/05/2024 12:00:00","BZN|IE(SEM)","Without sequence","131.0","",""
"04/05/2024 12:00:00 - 04/05/2024 13:00:00","BZN|IE(SEM)","Without sequence","121.57","",""
"04/05/2024 13:00:00 - 04/05/2024 14:00:00","BZN|IE(SEM)","Without sequence","112.0","",""
"04/05/2024 14:00:00 - 04/05/2024 15:00:00","BZN|IE(SEM)","Without sequence","99.92","",""
"04/05/2024 15:00:00 - 04/05/2024 16:00:00","BZN|IE(SEM)","Without sequence","92.03","",""
"04/05/2024 16:00:00 - 04/05/2024 17:00:00","BZN|IE(SEM)","Without sequence","92.03","",""
"04/05/2024 17:00:00 - 04/05/2024 18:00:00","BZN|IE(SEM)","Without sequence","97.99","",""
"04/05/2024 18:00:00 - 04/05/2024 19:00:00","BZN|IE(SEM)","Without sequence","115.0","",""
"04/05/2024 19:00:00 - 04/05/2024 20:00:00","BZN|IE(SEM)","Without sequence","128.0","",""
"04/05/2024 20:00:00 - 04/05/2024 21:00:00","BZN|IE(SEM)","Without sequence","128.0","",""
"04/05/2024 21:00:00 - 04/05/2024 22:00:00","BZN|IE(SEM)","Without sequence","128.0","",""
"04/05/2024 22:00:00 - 04/05/2024 23:00:00","BZN|IE(SEM)","Without sequence","122.5","",""
"04/05/2024 23:00:00 - 05/05/2024 00:00:00","BZN|IE(SEM)","Without sequence","100.02","",""
"05/05/2024 00:00:00 - 05/05/2024 01:00:00","BZN|IE(SEM)","Without sequence","122.18","",""
"05/05/2024 01:00:00 - 05/05/2024 02:00:00","BZN|IE(SEM)","Without sequence","104.79","",""
"05/05/2024 02:00:00 - 05/05/2024 03:00:00","BZN|IE(SEM)","Without sequence","97.93","",""
"05/05/2024 03:00:00 - 05/05/2024 04:00:00","BZN|IE(SEM)","Without sequence","97.0","",""
"05/05/2024 04:00:00 - 05/05/2024 05:00:00","BZN|IE(SEM)","Without sequence","93.23","",""
"05/05/2024 05:00:00 - 05/05/2024 06:00:00","BZN|IE(SEM)","Without sequence","89.86","",""
"05/05/2024 06:00:00 - 05/05/2024 07:00:00","BZN|IE(SEM)","Without sequence","88.24","",""
"05/05/2024 07:00:00 - 05/05/2024 08:00:00","BZN|IE(SEM)","Without sequence","85.6","",""
"05/05/2024 08:00:00 - 05/05/2024 09:00:00","BZN|IE(SEM)","Without sequence","90.98","",""
"05/05/2024 09:00:00 - 05/05/2024 10:00:00","BZN|IE(SEM)","Without sequence","101.18","",""
"05/05/2024 10:00:00 - 05/05/2024 11:00:00","BZN|IE(SEM)","Without sequence","119.0","",""
"05/05/2024 11:00:00 - 05/05/2024 12:00:00","BZN|IE(SEM)","Without sequence","125.0","",""
"05/05/2024 12:00:00 - 05/05/2024 13:00:00","BZN|IE(SEM)","Without sequence","125.0","",""
"05/05/2024 13:00:00 - 05/05/2024 14:00:00","BZN|IE(SEM)","Without sequence","125.0","",""
"05/05/2024 14:00:00 - 05/05/2024 15:00:00","BZN|IE(SEM)","Without sequence","115.0","",""
"05/05/2024 15:00:00 - 05/05/2024 16:00:00","BZN|IE(SEM)","Without sequence","104.0","",""
"05/05/2024 16:00:00 - 05/05/2024 17:00:00","BZN|IE(SEM)","Without sequence","102.3","",""
"05/05/2024 17:00:00 - 05/05/2024 18:00:00","BZN|IE(SEM)","Without sequence","104.63","",""
"05/05/2024 18:00:00 - 05/05/2024 19:00:00","BZN|IE(SEM)","Without sequence","128.79","",""
"05/05/2024 19:00:00 - 05/05/2024 20:00:00","BZN|IE(SEM)","Without sequence","130.61","",""
"05/05/2024 20:00:00 - 05/05/2024 21:00:00","BZN|IE(SEM)","Without sequence","135.7","",""
"05/05/2024 21:00:00 - 05/05/2024 22:00:00","BZN|IE(SEM)","Without sequence","140.01","",""
"05/05/2024 22:00:00 - 05/05/2024 23:00:00","BZN|IE(SEM)","Without sequence","132.0","",""
"05/05/2024 23:00:00 - 06/05/2024 00:00:00","BZN|IE(SEM)","Without sequence","115.0","",""
"06/05/2024 00:00:00 - 06/05/2024 01:00:00","BZN|IE(SEM)","Without sequence","98.27","",""
"06/05/2024 01:00:00 - 06/05/2024 02:00:00","BZN|IE(SEM)","Without sequence","96.1","",""
"06/05/2024 02:00:00 - 06/05/2024 03:00:00","BZN|IE(SEM)","Without sequence","92.8","",""
"06/05/2024 03:00:00 - 06/05/2024 04:00:00","BZN|IE(SEM)","Without sequence","91.73","",""
"06/05/2024 04:00:00 - 06/05/2024 05:00:00","BZN|IE(SEM)","Without sequence","90.0","",""
"06/05/2024 05:00:00 - 06/05/2024 06:00:00","BZN|IE(SEM)","Without sequence","89.78","",""
"06/05/2024 06:00:00 - 06/05/2024 07:00:00","BZN|IE(SEM)","Without sequence","102.32","",""
"06/05/2024 07:00:00 - 06/05/2024 08:00:00","BZN|IE(SEM)","Without sequence","112.03","",""
"06/05/2024 08:00:00 - 06/05/2024 09:00:00","BZN|IE(SEM)","Without sequence","105.07","",""
"06/05/2024 09:00:00 - 06/05/2024 10:00:00","BZN|IE(SEM)","Without sequence","104.31","",""
"06/05/2024 10:00:00 - 06/05/2024 11:00:00","BZN|IE(SEM)","Without sequence","101.73","",""
"06/05/2024 11:00:00 - 06/05/2024 12:00:00","BZN|IE(SEM)","Without sequence","98.78","",""
"06/05/2024 12:00:00 - 06/05/2024 13:00:00","BZN|IE(SEM)","Without sequence","94.22","",""
"06/05/2024 13:00:00 - 06/05/2024 14:00:00","BZN|IE(SEM)","Without sequence","90.51","",""
"06/05/2024 14:00:00 - 06/05/2024 15:00:00","BZN|IE(SEM)","Without sequence","84.0","",""
"06/05/2024 15:00:00 - 06/05/2024 16:00:00","BZN|IE(SEM)","Without sequence","83.0","",""
"06/05/2024 16:00:00 - 06/05/2024 17:00:00","BZN|IE(SEM)","Without sequence","84.5","",""
"06/05/2024 17:00:00 - 06/05/2024 18:00:00","BZN|IE(SEM)","Without sequence","90.34","",""
"06/05/2024 18:00:00 - 06/05/2024 19:00:00","BZN|IE(SEM)","Without sequence","105.0","",""
"06/05/2024 19:00:00 - 06/05/2024 20:00:00","BZN|IE(SEM)","Without sequence","112.62","",""
"06/05/2024 20:00:00 - 06/05/2024 21:00:00","BZN|IE(SEM)","Without sequence","115.0","",""
"06/05/2024 21:00:00 - 06/05/2024 22:00:00","BZN|IE(SEM)","Without sequence","117.72","",""
"06/05/2024 22:00:00 - 06/05/2024 23:00:00","BZN|IE(SEM)","Without sequence","109.05","",""
"06/05/2024 23:00:00 - 07/05/2024 00:00:00","BZN|IE(SEM)","Without sequence","95.0","",""
"07/05/2024 00:00:00 - 07/05/2024 01:00:00","BZN|IE(SEM)","Without sequence","87.77","",""
"07/05/2024 01:00:00 - 07/05/2024 02:00:00","BZN|IE(SEM)","Without sequence","84.94","",""
"07/05/2024 02:00:00 - 07/05/2024 03:00:00","BZN|IE(SEM)","Without sequence","83.46","",""
"07/05/2024 03:00:00 - 07/05/2024 04:00:00","BZN|IE(SEM)","Without sequence","85.0","",""
"07/05/2024 04:00:00 - 07/05/2024 05:00:00","BZN|IE(SEM)","Without sequence","82.42","",""
"07/05/2024 05:00:00 - 07/05/2024 06:00:00","BZN|IE(SEM)","Without sequence","83.21","",""
"07/05/2024 06:00:00 - 07/05/2024 07:00:00","BZN|IE(SEM)","Without sequence","89.93","",""
"07/05/2024 07:00:00 - 07/05/2024 08:00:00","BZN|IE(SEM)","Without sequence","110.0","",""
"07/05/2024 08:00:00 - 07/05/2024 09:00:00","BZN|IE(SEM)","Without sequence","130.68","",""
"07/05/2024 09:00:00 - 07/05/2024 10:00:00","BZN|IE(SEM)","Without sequence","165.0","",""
"07/05/2024 10:00:00 - 07/05/2024 11:00:00","BZN|IE(SEM)","Without sequence","160.0","",""
"07/05/2024 11:00:00 - 07/05/2024 12:00:00","BZN|IE(SEM)","Without sequence","152.0","",""
"07/05/2024 12:00:00 - 07/05/2024 13:00:00","BZN|IE(SEM)","Without sequence","140.78","",""
"07/05/2024 13:00:00 - 07/05/2024 14:00:00","BZN|IE(SEM)","Without sequence","140.82","",""
"07/05/2024 14:00:00 - 07/05/2024 15:00:00","BZN|IE(SEM)","Without sequence","120.82","",""
"07/05/2024 15:00:00 - 07/05/2024 16:00:00","BZN|IE(SEM)","Without sequence","106.9","",""
"07/05/2024 16:00:00 - 07/05/2024 17:00:00","BZN|IE(SEM)","Without sequence","103.89","",""
"07/05/2024 17:00:00 - 07/05/2024 18:00:00","BZN|IE(SEM)","Without sequence","126.05","",""
"07/05/2024 18:00:00 - 07/05/2024 19:00:00","BZN|IE(SEM)","Without sequence","163.33","",""
"07/05/2024 19:00:00 - 07/05/2024 20:00:00","BZN|IE(SEM)","Without sequence","155.0","",""
"07/05/2024 20:00:00 - 07/05/2024 21:00:00","BZN|IE(SEM)","Without sequence","158.2","",""
"07/05/2024 21:00:00 - 07/05/2024 22:00:00","BZN|IE(SEM)","Without sequence","157.4","",""
"07/05/2024 22:00:00 - 07/05/2024 23:00:00","BZN|IE(SEM)","Without sequence","152.0","",""
"07/05/2024 23:00:00 - 08/05/2024 00:00:00","BZN|IE(SEM)","Without sequence","114.4","",""
"08/05/2024 00:00:00 - 08/05/2024 01:00:00","BZN|IE(SEM)","Without sequence","101.99","",""
"08/05/2024 01:00:00 - 08/05/2024 02:00:00","BZN|IE(SEM)","Without sequence","105.38","",""
"08/05/2024 02:00:00 - 08/05/2024 03:00:00","BZN|IE(SEM)","Without sequence","99.98","",""
"08/05/2024 03:00:00 - 08/05/2024 04:00:00","BZN|IE(SEM)","Without sequence","98.7","",""
"08/05/2024 04:00:00 - 08/05/2024 05:00:00","BZN|IE(SEM)","Without sequence","95.6","",""
"08/05/2024 05:00:00 - 08/05/2024 06:00:00","BZN|IE(SEM)","Without sequence","93.66","",""
"08/05/2024 06:00:00 - 08/05/2024 07:00:00","BZN|IE(SEM)","Without sequence","93.12","",""
"08/05/2024 07:00:00 - 08/05/2024 08:00:00","BZN|IE(SEM)","Without sequence","110.0","",""
"08/05/2024 08:00:00 - 08/05/2024 09:00:00","BZN|IE(SEM)","Without sequence","135.0","",""
"08/05/2024 09:00:00 - 08/05/2024 10:00:00","BZN|IE(SEM)","Without sequence","159.7","",""
"08/05/2024 10:00:00 - 08/05/2024 11:00:00","BZN|IE(SEM)","Without sequence","140.72","",""
"08/05/2024 11:00:00 - 08/05/2024 12:00:00","BZN|IE(SEM)","Without sequence","135.0","",""
"08/05/2024 12:00:00 - 08/05/2024 13:00:00","BZN|IE(SEM)","Without sequence","112.5","",""
"08/05/2024 13:00:00 - 08/05/2024 14:00:00","BZN|IE(SEM)","Without sequence","102.54","",""
"08/05/2024 14:00:00 - 08/05/2024 15:00:00","BZN|IE(SEM)","Without sequence","95.0","",""
"08/05/2024 15:00:00 - 08/05/2024 16:00:00","BZN|IE(SEM)","Without sequence","93.28","",""
"08/05/2024 16:00:00 - 08/05/2024 17:00:00","BZN|IE(SEM)","Without sequence","93.28","",""
"08/05/2024 17:00:00 - 08/05/2024 18:00:00","BZN|IE(SEM)","Without sequence","101.89","",""
"08/05/2024 18:00:00 - 08/05/2024 19:00:00","BZN|IE(SEM)","Without sequence","133.66","",""
"08/05/2024 19:00:00 - 08/05/2024 20:00:00","BZN|IE(SEM)","Without sequence","135.69","",""
"08/05/2024 20:00:00 - 08/05/2024 21:00:00","BZN|IE(SEM)","Without sequence","131.68","",""
"08/05/2024 21:00:00 - 08/05/2024 22:00:00","BZN|IE(SEM)","Without sequence","135.0","",""
"08/05/2024 22:00:00 - 08/05/2024 23:00:00","BZN|IE(SEM)","Without sequence","135.0","",""
"08/05/2024 23:00:00 - 09/05/2024 00:00:00","BZN|IE(SEM)","Without sequence","101.89","",""
"09/05/2024 00:00:00 - 09/05/2024 01:00:00","BZN|IE(SEM)","Without sequence","98.99","",""
"09/05/2024 01:00:00 - 09/05/2024 02:00:00","BZN|IE(SEM)","Without sequence","107.11","",""
"09/05/2024 02:00:00 - 09/05/2024 03:00:00","BZN|IE(SEM)","Without sequence","100.0","",""
"09/05/2024 03:00:00 - 09/05/2024 04:00:00","BZN|IE(SEM)","Without sequence","103.05","",""
"09/05/2024 04:00:00 - 09/05/2024 05:00:00","BZN|IE(SEM)","Without sequence","99.0","",""
"09/05/2024 05:00:00 - 09/05/2024 06:00:00","BZN|IE(SEM)","Without sequence","99.0","",""
"09/05/2024 06:00:00 - 09/05/2024 07:00:00","BZN|IE(SEM)","Without sequence","89.81","",""
"09/05/2024 07:00:00 - 09/05/2024 08:00:00","BZN|IE(SEM)","Without sequence","96.15","",""
"09/05/2024 08:00:00 - 09/05/2024 09:00:00","BZN|IE(SEM)","Without sequence","145.0","",""
"09/05/2024 09:00:00 - 09/05/2024 10:00:00","BZN|IE(SEM)","Without sequence","189.0","",""
"09/05/2024 10:00:00 - 09/05/2024 11:00:00","BZN|IE(SEM)","Without sequence","179.6","",""
"09/05/2024 11:00:00 - 09/05/2024 12:00:00","BZN|IE(SEM)","Without sequence","170.11","",""
"09/05/2024 12:00:00 - 09/05/2024 13:00:00","BZN|IE(SEM)","Without sequence","125.0","",""
"09/05/2024 13:00:00 - 09/05/2024 14:00:00","BZN|IE(SEM)","Without sequence","116.74","",""
"09/05/2024 14:00:00 - 09/05/2024 15:00:00","BZN|IE(SEM)","Without sequence","99.0","",""
"09/05/2024 15:00:00 - 09/05/2024 16:00:00","BZN|IE(SEM)","Without sequence","95.05","",""
"09/05/2024 16:00:00 - 09/05/2024 17:00:00","BZN|IE(SEM)","Without sequence","96.83","",""
"09/05/2024 17:00:00 - 09/05/2024 18:00:00","BZN|IE(SEM)","Without sequence","105.0","",""
"09/05/2024 18:00:00 - 09/05/2024 19:00:00","BZN|IE(SEM)","Without sequence","146.69","",""
"09/05/2024 19:00:00 - 09/05/2024 20:00:00","BZN|IE(SEM)","Without sequence","140.0","",""
"09/05/2024 20:00:00 - 09/05/2024 21:00:00","BZN|IE(SEM)","Without sequence","136.3","",""
"09/05/2024 21:00:00 - 09/05/2024 22:00:00","BZN|IE(SEM)","Without sequence","130.02","",""
"09/05/2024 22:00:00 - 09/05/2024 23:00:00","BZN|IE(SEM)","Without sequence","121.7","",""
"09/05/2024 23:00:00 - 10/05/2024 00:00:00","BZN|IE(SEM)","Without sequence","97.09","",""
"10/05/2024 00:00:00 - 10/05/2024 01:00:00","BZN|IE(SEM)","Without sequence","99.7","",""
"10/05/2024 01:00:00 - 10/05/2024 02:00:00","BZN|IE(SEM)","Without sequence","91.25","",""
"10/05/2024 02:00:00 - 10/05/2024 03:00:00","BZN|IE(SEM)","Without sequence","89.73","",""
"10/05/2024 03:00:00 - 10/05/2024 04:00:00","BZN|IE(SEM)","Without sequence","89.73","",""
"10/05/2024 04:00:00 - 10/05/2024 05:00:00","BZN|IE(SEM)","Without sequence","87.94","",""
"10/05/2024 05:00:00 - 10/05/2024 06:00:00","BZN|IE(SEM)","Without sequence","88.06","",""
"10/05/2024 06:00:00 - 10/05/2024 07:00:00","BZN|IE(SEM)","Without sequence","89.05","",""
"10/05/2024 07:00:00 - 10/05/2024 08:00:00","BZN|IE(SEM)","Without sequence","100.05","",""
"10/05/2024 08:00:00 - 10/05/2024 09:00:00","BZN|IE(SEM)","Without sequence","118.52","",""
"10/05/2024 09:00:00 - 10/05/2024 10:00:00","BZN|IE(SEM)","Without sequence","140.0","",""
"10/05/2024 10:00:00 - 10/05/2024 11:00:00","BZN|IE(SEM)","Without sequence","130.66","",""
"10/05/2024 11:00:00 - 10/05/2024 12:00:00","BZN|IE(SEM)","Without sequence","113.59","",""
"10/05/2024 12:00:00 - 10/05/2024 13:00:00","BZN|IE(SEM)","Without sequence","93.16","",""
"10/05/2024 13:00:00 - 10/05/2024 14:00:00","BZN|IE(SEM)","Without sequence","92.2","",""
"10/05/2024 14:00:00 - 10/05/2024 15:00:00","BZN|IE(SEM)","Without sequence","85.96","",""
"10/05/2024 15:00:00 - 10/05/2024 16:00:00","BZN|IE(SEM)","Without sequence","82.99","",""
"10/05/2024 16:00:00 - 10/05/2024 17:00:00","BZN|IE(SEM)","Without sequence","83.2","",""
"10/05/2024 17:00:00 - 10/05/2024 18:00:00","BZN|IE(SEM)","Without sequence","90.0","",""
"10/05/2024 18:00:00 - 10/05/2024 19:00:00","BZN|IE(SEM)","Without sequence","108.2","",""
"10/05/2024 19:00:00 - 10/05/2024 20:00:00","BZN|IE(SEM)","Without sequence","128.0","",""
"10/05/2024 20:00:00 - 10/05/2024 21:00:00","BZN|IE(SEM)","Without sequence","129.92","",""
"10/05/2024 21:00:00 - 10/05/2024 22:00:00","BZN|IE(SEM)","Without sequence","130.67","",""
"10/05/2024 22:00:00 - 10/05/2024 23:00:00","BZN|IE(SEM)","Without sequence","126.64","",""
"10/05/2024 23:00:00 - 11/05/2024 00:00:00","BZN|IE(SEM)","Without sequence","103.86","",""
"11/05/2024 00:00:00 - 11/05/2024 01:00:00","BZN|IE(SEM)","Without sequence","95.0","",""
"11/05/2024 01:00:00 - 11/05/2024 02:00:00","BZN|IE(SEM)","Without sequence","90.24","",""
"11/05/2024 02:00:00 - 11/05/2024 03:00:00","BZN|IE(SEM)","Without sequence","90.01","",""
"11/05/2024 03:00:00 - 11/05/2024 04:00:00","BZN|IE(SEM)","Without sequence","89.0","",""
"11/05/2024 04:00:00 - 11/05/2024 05:00:00","BZN|IE(SEM)","Without sequence","87.21","",""
"11/05/2024 05:00:00 - 11/05/2024 06:00:00","BZN|IE(SEM)","Without sequence","86.49","",""
"11/05/2024 06:00:00 - 11/05/2024 07:00:00","BZN|IE(SEM)","Without sequence","84.22","",""
"11/05/2024 07:00:00 - 11/05/2024 08:00:00","BZN|IE(SEM)","Without sequence","82.52","",""
"11/05/2024 08:00:00 - 11/05/2024 09:00:00","BZN|IE(SEM)","Without sequence","86.0","",""
"11/05/2024 09:00:00 - 11/05/2024 10:00:00","BZN|IE(SEM)","Without sequence","98.32","",""
"11/05/2024 10:00:00 - 11/05/2024 11:00:00","BZN|IE(SEM)","Without sequence","100.0","",""
"11/05/2024 11:00:00 - 11/05/2024 12:00:00","BZN|IE(SEM)","Without sequence","87.2","",""
"11/05/2024 12:00:00 - 11/05/2024 13:00:00","BZN|IE(SEM)","Without sequence","82.01","",""
"11/05/2024 13:00:00 - 11/05/2024 14:00:00","BZN|IE(SEM)","Without sequence","75.9","",""
"11/05/2024 14:00:00 - 11/05/2024 15:00:00","BZN|IE(SEM)","Without sequence","70.51","",""
"11/05/2024 15:00:00 - 11/05/2024 16:00:00","BZN|IE(SEM)","Without sequence","65.0","",""
"11/05/2024 16:00:00 - 11/05/2024 17:00:00","BZN|IE(SEM)","Without sequence","70.0","",""
"11/05/2024 17:00:00 - 11/05/2024 18:00:00","BZN|IE(SEM)","Without sequence","75.9","",""
"11/05/2024 18:00:00 - 11/05/2024 19:00:00","BZN|IE(SEM)","Without sequence","90.3","",""
"11/05/2024 19:00:00 - 11/05/2024 20:00:00","BZN|IE(SEM)","Without sequence","111.88","",""
"11/05/2024 20:00:00 - 11/05/2024 21:00:00","BZN|IE(SEM)","Without sequence","125.04","",""
"11/05/2024 21:00:00 - 11/05/2024 22:00:00","BZN|IE(SEM)","Without sequence","125.0","",""
"11/05/2024 22:00:00 - 11/05/2024 23:00:00","BZN|IE(SEM)","Without sequence","110.0","",""
"11/05/2024 23:00:00 - 12/05/2024 00:00:00","BZN|IE(SEM)","Without sequence","95.0","",""
"12/05/2024 00:00:00 - 12/05/2024 01:00:00","BZN|IE(SEM)","Without sequence","82.0","",""
"12/05/2024 01:00:00 - 12/05/2024 02:00:00","BZN|IE(SEM)","Without sequence","77.65","",""
"12/05/2024 02:00:00 - 12/05/2024 03:00:00","BZN|IE(SEM)","Without sequence","76.0","",""
"12/05/2024 03:00:00 - 12/05/2024 04:00:00","BZN|IE(SEM)","Without sequence","78.19","",""
"12/05/2024 04:00:00 - 12/05/2024 05:00:00","BZN|IE(SEM)","Without sequence","79.54","",""
"12/05/2024 05:00:00 - 12/05/2024 06:00:00","BZN|IE(SEM)","Without sequence","80.64","",""
"12/05/2024 06:00:00 - 12/05/2024 07:00:00","BZN|IE(SEM)","Without sequence","79.6","",""
"12/05/2024 07:00:00 - 12/05/2024 08:00:00","BZN|IE(SEM)","Without sequence","77.22","",""
"12/05/2024 08:00:00 - 12/05/2024 09:00:00","BZN|IE(SEM)","Without sequence","81.94","",""
"12/05/2024 09:00:00 - 12/05/2024 10:00:00","BZN|IE(SEM)","Without sequence","97.91","",""
"12/05/2024 10:00:00 - 12/05/2024 11:00:00","BZN|IE(SEM)","Without sequence","115.0","",""
"12/05/2024 11:00:00 - 12/05/2024 12:00:00","BZN|IE(SEM)","Without sequence","117.21","",""
"12/05/2024 12:00:00 - 12/05/2024 13:00:00","BZN|IE(SEM)","Without sequence","123.3","",""
"12/05/2024 13:00:00 - 12/05/2024 14:00:00","BZN|IE(SEM)","Without sequence","115.12","",""
"12/05/2024 14:00:00 - 12/05/2024 15:00:00","BZN|IE(SEM)","Without sequence","110.0","",""
"12/05/2024 15:00:00 - 12/05/2024 16:00:00","BZN|IE(SEM)","Without sequence","98.2","",""
"12/05/2024 16:00:00 - 12/05/2024 17:00:00","BZN|IE(SEM)","Without sequence","90.0","",""
"12/05/2024 17:00:00 - 12/05/2024 18:00:00","BZN|IE(SEM)","Without sequence","100.0","",""
"12/05/2024 18:00:00 - 12/05/2024 19:00:00","BZN|IE(SEM)","Without sequence","124.65","",""
"12/05/2024 19:00:00 - 12/05/2024 20:00:00","BZN|IE(SEM)","Without sequence","135.0","",""
"12/05/2024 20:00:00 - 12/05/2024 21:00:00","BZN|IE(SEM)","Without sequence","140.23","",""
"12/05/2024 21:00:00 - 12/05/2024 22:00:00","BZN|IE(SEM)","Without sequence","150.76","",""
"12/05/2024 22:00:00 - 12/05/2024 23:00:00","BZN|IE(SEM)","Without sequence","160.72","",""
"12/05/2024 23:00:00 - 13/05/2024 00:00:00","BZN|IE(SEM)","Without sequence","134.0","",""
"13/05/2024 00:00:00 - 13/05/2024 01:00:00","BZN|IE(SEM)","Without sequence","104.95","",""
"13/05/2024 01:00:00 - 13/05/2024 02:00:00","BZN|IE(SEM)","Without sequence","80.29","",""
"13/05/2024 02:00:00 - 13/05/2024 03:00:00","BZN|IE(SEM)","Without sequence","80.0","",""
"13/05/2024 03:00:00 - 13/05/2024 04:00:00","BZN|IE(SEM)","Without sequence","80.0","",""
"13/05/2024 04:00:00 - 13/05/2024 05:00:00","BZN|IE(SEM)","Without sequence","68.61","",""
"13/05/2024 05:00:00 - 13/05/2024 06:00:00","BZN|IE(SEM)","Without sequence","68.59","",""
"13/05/2024 06:00:00 - 13/05/2024 07:00:00","BZN|IE(SEM)","Without sequence","68.61","",""
"13/05/2024 07:00:00 - 13/05/2024 08:00:00","BZN|IE(SEM)","Without sequence","82.11","",""
"13/05/2024 08:00:00 - 13/05/2024 09:00:00","BZN|IE(SEM)","Without sequence","95.35","",""
"13/05/2024 09:00:00 - 13/05/2024 10:00:00","BZN|IE(SEM)","Without sequence","99.41","",""
"13/05/2024 10:00:00 - 13/05/2024 11:00:00","BZN|IE(SEM)","Without sequence","101.0","",""
"13/05/2024 11:00:00 - 13/05/2024 12:00:00","BZN|IE(SEM)","Without sequence","95.59","",""
"13/05/2024 12:00:00 - 13/05/2024 13:00:00","BZN|IE(SEM)","Without sequence","96.57","",""
"13/05/2024 13:00:00 - 13/05/2024 14:00:00","BZN|IE(SEM)","Without sequence","88.64","",""
"13/05/2024 14:00:00 - 13/05/2024 15:00:00","BZN|IE(SEM)","Without sequence","79.45","",""
"13/05/2024 15:00:00 - 13/05/2024 16:00:00","BZN|IE(SEM)","Without sequence","77.37","",""
"13/05/2024 16:00:00 - 13/05/2024 17:00:00","BZN|IE(SEM)","Without sequence","80.61","",""
"13/05/2024 17:00:00 - 13/05/2024 18:00:00","BZN|IE(SEM)","Without sequence","94.0","",""
"13/05/2024 18:00:00 - 13/05/2024 19:00:00","BZN|IE(SEM)","Without sequence","112.6","",""
"13/05/2024 19:00:00 - 13/05/2024 20:00:00","BZN|IE(SEM)","Without sequence","123.63","",""
"13/05/2024 20:00:00 - 13/05/2024 21:00:00","BZN|IE(SEM)","Without sequence","121.63","",""
"13/05/2024 21:00:00 - 13/05/2024 22:00:00","BZN|IE(SEM)","Without sequence","128.65","",""
"13/05/2024 22:00:00 - 13/05/2024 23:00:00","BZN|IE(SEM)","Without sequence","127.47","",""
"13/05/2024 23:00:00 - 14/05/2024 00:00:00","BZN|IE(SEM)","Without sequence","99.59","",""
"14/05/2024 00:00:00 - 14/05/2024 01:00:00","BZN|IE(SEM)","Without sequence","87.6","",""
"14/05/2024 01:00:00 - 14/05/2024 02:00:00","BZN|IE(SEM)","Without sequence","83.79","",""
"14/05/2024 02:00:00 - 14/05/2024 03:00:00","BZN|IE(SEM)","Without sequence","84.2","",""
"14/05/2024 03:00:00 - 14/05/2024 04:00:00","BZN|IE(SEM)","Without sequence","84.55","",""
"14/05/2024 04:00:00 - 14/05/2024 05:00:00","BZN|IE(SEM)","Without sequence","84.55","",""
"14/05/2024 05:00:00 - 14/05/2024 06:00:00","BZN|IE(SEM)","Without sequence","83.9","",""
"14/05/2024 06:00:00 - 14/05/2024 07:00:00","BZN|IE(SEM)","Without sequence","80.85","",""
"14/05/2024 07:00:00 - 14/05/2024 08:00:00","BZN|IE(SEM)","Without sequence","91.91","",""
"14/05/2024 08:00:00 - 14/05/2024 09:00:00","BZN|IE(SEM)","Without sequence","119.76","",""
"14/05/2024 09:00:00 - 14/05/2024 10:00:00","BZN|IE(SEM)","Without sequence","141.6","",""
"14/05/2024 10:00:00 - 14/05/2024 11:00:00","BZN|IE(SEM)","Without sequence","135.69","",""
"14/05/2024 11:00:00 - 14/05/2024 12:00:00","BZN|IE(SEM)","Without sequence","133.95","",""
"14/05/2024 12:00:00 - 14/05/2024 13:00:00","BZN|IE(SEM)","Without sequence","126.67","",""
"14/05/2024 13:00:00 - 14/05/2024 14:00:00","BZN|IE(SEM)","Without sequence","115.56","",""
"14/05/2024 14:00:00 - 14/05/2024 15:00:00","BZN|IE(SEM)","Without sequence","93.93","",""
"14/05/2024 15:00:00 - 14/05/2024 16:00:00","BZN|IE(SEM)","Without sequence","87.34","",""
"14/05/2024 16:00:00 - 14/05/2024 17:00:00","BZN|IE(SEM)","Without sequence","88.78","",""
"14/05/2024 17:00:00 - 14/05/2024 18:00:00","BZN|IE(SEM)","Without sequence","103.43","",""
"14/05/2024 18:00:00 - 14/05/2024 19:00:00","BZN|IE(SEM)","Without sequence","129.0","",""
"14/05/2024 19:00:00 - 14/05/2024 20:00:00","BZN|IE(SEM)","Without sequence","129.0","",""
"14/05/2024 20:00:00 - 14/05/2024 21:00:00","BZN|IE(SEM)","Without sequence","128.0","",""
"14/05/2024 21:00:00 - 14/05/2024 22:00:00","BZN|IE(SEM)","Without sequence","127.36","",""
"14/05/2024 22:00:00 - 14/05/2024 23:00:00","BZN|IE(SEM)","Without sequence","112.59","",""
"14/05/2024 23:00:00 - 15/05/2024 00:00:00","BZN|IE(SEM)","Without sequence","99.82","",""
"15/05/2024 00:00:00 - 15/05/2024 01:00:00","BZN|IE(SEM)","Without sequence","101.08","",""
"15/05/2024 01:00:00 - 15/05/2024 02:00:00","BZN|IE(SEM)","Without sequence","105.0","",""
"15/05/2024 02:00:00 - 15/05/2024 03:00:00","BZN|IE(SEM)","Without sequence","94.08","",""
"15/05/2024 03:00:00 - 15/05/2024 04:00:00","BZN|IE(SEM)","Without sequence","94.4","",""
"15/05/2024 04:00:00 - 15/05/2024 05:00:00","BZN|IE(SEM)","Without sequence","95.75","",""
"15/05/2024 05:00:00 - 15/05/2024 06:00:00","BZN|IE(SEM)","Without sequence","93.5","",""
"15/05/2024 06:00:00 - 15/05/2024 07:00:00","BZN|IE(SEM)","Without sequence","92.1","",""
"15/05/2024 07:00:00 - 15/05/2024 08:00:00","BZN|IE(SEM)","Without sequence","102.8","",""
"15/05/2024 08:00:00 - 15/05/2024 09:00:00","BZN|IE(SEM)","Without sequence","121.94","",""
"15/05/2024 09:00:00 - 15/05/2024 10:00:00","BZN|IE(SEM)","Without sequence","142.53","",""
"15/05/2024 10:00:00 - 15/05/2024 11:00:00","BZN|IE(SEM)","Without sequence","129.1","",""
"15/05/2024 11:00:00 - 15/05/2024 12:00:00","BZN|IE(SEM)","Without sequence","118.94","",""
"15/05/2024 12:00:00 - 15/05/2024 13:00:00","BZN|IE(SEM)","Without sequence","101.12","",""
"15/05/2024 13:00:00 - 15/05/2024 14:00:00","BZN|IE(SEM)","Without sequence","98.16","",""
"15/05/2024 14:00:00 - 15/05/2024 15:00:00","BZN|IE(SEM)","Without sequence","88.64","",""
"15/05/2024 15:00:00 - 15/05/2024 16:00:00","BZN|IE(SEM)","Without sequence","89.26","",""
"15/05/2024 16:00:00 - 15/05/2024 17:00:00","BZN|IE(SEM)","Without sequence","98.16","",""
"15/05/2024 17:00:00 - 15/05/2024 18:00:00","BZN|IE(SEM)","Without sequence","106.45","",""
"15/05/2024 18:00:00 - 15/05/2024 19:00:00","BZN|IE(SEM)","Without sequence","140.1","",""
"15/05/2024 19:00:00 - 15/05/2024 20:00:00","BZN|IE(SEM)","Without sequence","158.76","",""
"15/05/2024 20:00:00 - 15/05/2024 21:00:00","BZN|IE(SEM)","Without sequence","174.0","",""
"15/05/2024 21:00:00 - 15/05/2024 22:00:00","BZN|IE(SEM)","Without sequence","190.0","",""
"15/05/2024 22:00:00 - 15/05/2024 23:00:00","BZN|IE(SEM)","Without sequence","193.0","",""
"15/05/2024 23:00:00 - 16/05/2024 00:00:00","BZN|IE(SEM)","Without sequence","156.4","",""
"16/05/2024 00:00:00 - 16/05/2024 01:00:00","BZN|IE(SEM)","Without sequence","105.53","",""
"16/05/2024 01:00:00 - 16/05/2024 02:00:00","BZN|IE(SEM)","Without sequence","97.36","",""
"16/05/2024 02:00:00 - 16/05/2024 03:00:00","BZN|IE(SEM)","Without sequence","95.65","",""
"16/05/2024 03:00:00 - 16/05/2024 04:00:00","BZN|IE(SEM)","Without sequence","94.0","",""
"16/05/2024 04:00:00 - 16/05/2024 05:00:00","BZN|IE(SEM)","Without sequence","90.43","",""
"16/05/2024 05:00:00 - 16/05/2024 06:00:00","BZN|IE(SEM)","Without sequence","88.78","",""
"16/05/2024 06:00:00 - 16/05/2024 07:00:00","BZN|IE(SEM)","Without sequence","91.31","",""
"16/05/2024 07:00:00 - 16/05/2024 08:00:00","BZN|IE(SEM)","Without sequence","97.08","",""
"16/05/2024 08:00:00 - 16/05/2024 09:00:00","BZN|IE(SEM)","Without sequence","145.0","",""
"16/05/2024 09:00:00 - 16/05/2024 10:00:00","BZN|IE(SEM)","Without sequence","174.19","",""
"16/05/2024 10:00:00 - 16/05/2024 11:00:00","BZN|IE(SEM)","Without sequence","164.68","",""
"16/05/2024 11:00:00 - 16/05/2024 12:00:00","BZN|IE(SEM)","Without sequence","152.35","",""
"16/05/2024 12:00:00 - 16/05/2024 13:00:00","BZN|IE(SEM)","Without sequence","137.53","",""
"16/05/2024 13:00:00 - 16/05/2024 14:00:00","BZN|IE(SEM)","Without sequence","132.0","",""
"16/05/2024 14:00:00 - 16/05/2024 15:00:00","BZN|IE(SEM)","Without sequence","116.13","",""
"16/05/2024 15:00:00 - 16/05/2024 16:00:00","BZN|IE(SEM)","Without sequence","111.97","",""
"16/05/2024 16:00:00 - 16/05/2024 17:00:00","BZN|IE(SEM)","Without sequence","111.97","",""
"16/05/2024 17:00:00 - 16/05/2024 18:00:00","BZN|IE(SEM)","Without sequence","115.0","",""
"16/05/2024 18:00:00 - 16/05/2024 19:00:00","BZN|IE(SEM)","Without sequence","135.49","",""
"16/05/2024 19:00:00 - 16/05/2024 20:00:00","BZN|IE(SEM)","Without sequence","130.66","",""
"16/05/2024 20:00:00 - 16/05/2024 21:00:00","BZN|IE(SEM)","Without sequence","122.42","",""
"16/05/2024 21:00:00 - 16/05/2024 22:00:00","BZN|IE(SEM)","Without sequence","111.48","",""
"16/05/2024 22:00:00 - 16/05/2024 23:00:00","BZN|IE(SEM)","Without sequence","96.0","",""
"16/05/2024 23:00:00 - 17/05/2024 00:00:00","BZN|IE(SEM)","Without sequence","78.98","",""
"17/05/2024 00:00:00 - 17/05/2024 01:00:00","BZN|IE(SEM)","Without sequence","88.64","",""
"17/05/2024 01:00:00 - 17/05/2024 02:00:00","BZN|IE(SEM)","Without sequence","80.16","",""
"17/05/2024 02:00:00 - 17/05/2024 03:00:00","BZN|IE(SEM)","Without sequence","76.0","",""
"17/05/2024 03:00:00 - 17/05/2024 04:00:00","BZN|IE(SEM)","Without sequence","74.37","",""
"17/05/2024 04:00:00 - 17/05/2024 05:00:00","BZN|IE(SEM)","Without sequence","74.37","",""
"17/05/2024 05:00:00 - 17/05/2024 06:00:00","BZN|IE(SEM)","Without sequence","74.37","",""
"17/05/2024 06:00:00 - 17/05/2024 07:00:00","BZN|IE(SEM)","Without sequence","77.91","",""
"17/05/2024 07:00:00 - 17/05/2024 08:00:00","BZN|IE(SEM)","Without sequence","89.31","",""
"17/05/2024 08:00:00 - 17/05/2024 09:00:00","BZN|IE(SEM)","Without sequence","104.01","",""
"17/05/2024 09:00:00 - 17/05/2024 10:00:00","BZN|IE(SEM)","Without sequence","101.0","",""
"17/05/2024 10:00:00 - 17/05/2024 11:00:00","BZN|IE(SEM)","Without sequence","95.0","",""
"17/05/2024 11:00:00 - 17/05/2024 12:00:00","BZN|IE(SEM)","Without sequence","86.4","",""
"17/05/2024 12:00:00 - 17/05/2024 13:00:00","BZN|IE(SEM)","Without sequence","85.0","",""
"17/05/2024 13:00:00 - 17/05/2024 14:00:00","BZN|IE(SEM)","Without sequence","85.73","",""
"17/05/2024 14:00:00 - 17/05/2024 15:00:00","BZN|IE(SEM)","Without sequence","84.0","",""
"17/05/2024 15:00:00 - 17/05/2024 16:00:00","BZN|IE(SEM)","Without sequence","81.34","",""
"17/05/2024 16:00:00 - 17/05/2024 17:00:00","BZN|IE(SEM)","Without sequence","84.0","",""
"17/05/2024 17:00:00 - 17/05/2024 18:00:00","BZN|IE(SEM)","Without sequence","95.2","",""
"17/05/2024 18:00:00 - 17/05/2024 19:00:00","BZN|IE(SEM)","Without sequence","111.4","",""
"17/05/2024 19:00:00 - 17/05/2024 20:00:00","BZN|IE(SEM)","Without sequence","121.0","",""
"17/05/2024 20:00:00 - 17/05/2024 21:00:00","BZN|IE(SEM)","Without sequence","128.02","",""
"17/05/2024 21:00:00 - 17/05/2024 22:00:00","BZN|IE(SEM)","Without sequence","121.18","",""
"17/05/2024 22:00:00 - 17/05/2024 23:00:00","BZN|IE(SEM)","Without sequence","112.0","",""
"17/05/2024 23:00:00 - 18/05/2024 00:00:00","BZN|IE(SEM)","Without sequence","115.0","",""
"18/05/2024 00:00:00 - 18/05/2024 01:00:00","BZN|IE(SEM)","Without sequence","115.0","",""
"18/05/2024 01:00:00 - 18/05/2024 02:00:00","BZN|IE(SEM)","Without sequence","98.63","",""
"18/05/2024 02:00:00 - 18/05/2024 03:00:00","BZN|IE(SEM)","Without sequence","92.8","",""
"18/05/2024 03:00:00 - 18/05/2024 04:00:00","BZN|IE(SEM)","Without sequence","86.28","",""
"18/05/2024 04:00:00 - 18/05/2024 05:00:00","BZN|IE(SEM)","Without sequence","83.18","",""
"18/05/2024 05:00:00 - 18/05/2024 06:00:00","BZN|IE(SEM)","Without sequence","80.8","",""
"18/05/2024 06:00:00 - 18/05/2024 07:00:00","BZN|IE(SEM)","Without sequence","80.46","",""
"18/05/2024 07:00:00 - 18/05/2024 08:00:00","BZN|IE(SEM)","Without sequence","81.28","",""
"18/05/2024 08:00:00 - 18/05/2024 09:00:00","BZN|IE(SEM)","Without sequence","85.0","",""
"18/05/2024 09:00:00 - 18/05/2024 10:00:00","BZN|IE(SEM)","Without sequence","103.14","",""
"18/05/2024 10:00:00 - 18/05/2024 11:00:00","BZN|IE(SEM)","Without sequence","114.25","",""
"18/05/2024 11:00:00 - 18/05/2024 12:00:00","BZN|IE(SEM)","Without sequence","115.84","",""
"18/05/2024 12:00:00 - 18/05/2024 13:00:00","BZN|IE(SEM)","Without sequence","103.09","",""
"18/05/2024 13:00:00 - 18/05/2024 14:00:00","BZN|IE(SEM)","Without sequence","93.66","",""
"18/05/2024 14:00:00 - 18/05/2024 15:00:00","BZN|IE(SEM)","Without sequence","83.77","",""
"18/05/2024 15:00:00 - 18/05/2024 16:00:00","BZN|IE(SEM)","Without sequence","79.81","",""
"18/05/2024 16:00:00 - 18/05/2024 17:00:00","BZN|IE(SEM)","Without sequence","78.98","",""
"18/05/2024 17:00:00 - 18/05/2024 18:00:00","BZN|IE(SEM)","Without sequence","80.0","",""
"18/05/2024 18:00:00 - 18/05/2024 19:00:00","BZN|IE(SEM)","Without sequence","88.01","",""
"18/05/2024 19:00:00 - 18/05/2024 20:00:00","BZN|IE(SEM)","Without sequence","108.28","",""
"18/05/2024 20:00:00 - 18/05/2024 21:00:00","BZN|IE(SEM)","Without sequence","113.54","",""
"18/05/2024 21:00:00 - 18/05/2024 22:00:00","BZN|IE(SEM)","Without sequence","112.01","",""
"18/05/2024 22:00:00 - 18/05/2024 23:00:00","BZN|IE(SEM)","Without sequence","102.21","",""
"18/05/2024 23:00:00 - 19/05/2024 00:00:00","BZN|IE(SEM)","Without sequence","98.22","",""
"19/05/2024 00:00:00 - 19/05/2024 01:00:00","BZN|IE(SEM)","Without sequence","101.25","",""
"19/05/2024 01:00:00 - 19/05/2024 02:00:00","BZN|IE(SEM)","Without sequence","94.06","",""
"19/05/2024 02:00:00 - 19/05/2024 03:00:00","BZN|IE(SEM)","Without sequence","90.0","",""
"19/05/2024 03:00:00 - 19/05/2024 04:00:00","BZN|IE(SEM)","Without sequence","90.06","",""
"19/05/2024 04:00:00 - 19/05/2024 05:00:00","BZN|IE(SEM)","Without sequence","91.03","",""
"19/05/2024 05:00:00 - 19/05/2024 06:00:00","BZN|IE(SEM)","Without sequence","91.35","",""
"19/05/2024 06:00:00 - 19/05/2024 07:00:00","BZN|IE(SEM)","Without sequence","89.03","",""
"19/05/2024 07:00:00 - 19/05/2024 08:00:00","BZN|IE(SEM)","Without sequence","90.06","",""
"19/05/2024 08:00:00 - 19/05/2024 09:00:00","BZN|IE(SEM)","Without sequence","89.75","",""
"19/05/2024 09:00:00 - 19/05/2024 10:00:00","BZN|IE(SEM)","Without sequence","102.23","",""
"19/05/2024 10:00:00 - 19/05/2024 11:00:00","BZN|IE(SEM)","Without sequence","116.3","",""
"19/05/2024 11:00:00 - 19/05/2024 12:00:00","BZN|IE(SEM)","Without sequence","120.0","",""
"19/05/2024 12:00:00 - 19/05/2024 13:00:00","BZN|IE(SEM)","Without sequence","116.91","",""
"19/05/2024 13:00:00 - 19/05/2024 14:00:00","BZN|IE(SEM)","Without sequence","110.87","",""
"19/05/2024 14:00:00 - 19/05/2024 15:00:00","BZN|IE(SEM)","Without sequence","104.89","",""
"19/05/2024 15:00:00 - 19/05/2024 16:00:00","BZN|IE(SEM)","Without sequence","93.2","",""
"19/05/2024 16:00:00 - 19/05/2024 17:00:00","BZN|IE(SEM)","Without sequence","92.0","",""
"19/05/2024 17:00:00 - 19/05/2024 18:00:00","BZN|IE(SEM)","Without sequence","109.53","",""
"19/05/2024 18:00:00 - 19/05/2024 19:00:00","BZN|IE(SEM)","Without sequence","137.2","",""
"19/05/2024 19:00:00 - 19/05/2024 20:00:00","BZN|IE(SEM)","Without sequence","145.6","",""
"19/05/2024 20:00:00 - 19/05/2024 21:00:00","BZN|IE(SEM)","Without sequence","155.58","",""
"19/05/2024 21:00:00 - 19/05/2024 22:00:00","BZN|IE(SEM)","Without sequence","165.0","",""
"19/05/2024 22:00:00 - 19/05/2024 23:00:00","BZN|IE(SEM)","Without sequence","158.09","",""
"19/05/2024 23:00:00 - 20/05/2024 00:00:00","BZN|IE(SEM)","Without sequence","149.2","",""
"20/05/2024 00:00:00 - 20/05/2024 01:00:00","BZN|IE(SEM)","Without sequence","113.5","",""
"20/05/2024 01:00:00 - 20/05/2024 02:00:00","BZN|IE(SEM)","Without sequence","104.59","",""
"20/05/2024 02:00:00 - 20/05/2024 03:00:00","BZN|IE(SEM)","Without sequence","99.0","",""
"20/05/2024 03:00:00 - 20/05/2024 04:00:00","BZN|IE(SEM)","Without sequence","99.0","",""
"20/05/2024 04:00:00 - 20/05/2024 05:00:00","BZN|IE(SEM)","Without sequence","97.71","",""
"20/05/2024 05:00:00 - 20/05/2024 06:00:00","BZN|IE(SEM)","Without sequence","99.0","",""
"20/05/2024 06:00:00 - 20/05/2024 07:00:00","BZN|IE(SEM)","Without sequence","97.71","",""
"20/05/2024 07:00:00 - 20/05/2024 08:00:00","BZN|IE(SEM)","Without sequence","109.84","",""
"20/05/2024 08:00:00 - 20/05/2024 09:00:00","BZN|IE(SEM)","Without sequence","132.4","",""
"20/05/2024 09:00:00 - 20/05/2024 10:00:00","BZN|IE(SEM)","Without sequence","163.5","",""
"20/05/2024 10:00:00 - 20/05/2024 11:00:00","BZN|IE(SEM)","Without sequence","164.75","",""
"20/05/2024 11:00:00 - 20/05/2024 12:00:00","BZN|IE(SEM)","Without sequence","165.0","",""
"20/05/2024 12:00:00 - 20/05/2024 13:00:00","BZN|IE(SEM)","Without sequence","150.0","",""
"20/05/2024 13:00:00 - 20/05/2024 14:00:00","BZN|IE(SEM)","Without sequence","142.28","",""
"20/05/2024 14:00:00 - 20/05/2024 15:00:00","BZN|IE(SEM)","Without sequence","124.96","",""
"20/05/2024 15:00:00 - 20/05/2024 16:00:00","BZN|IE(SEM)","Without sequence","109.23","",""
"20/05/2024 16:00:00 - 20/05/2024 17:00:00","BZN|IE(SEM)","Without sequence","109.8","",""
"20/05/2024 17:00:00 - 20/05/2024 18:00:00","BZN|IE(SEM)","Without sequence","117.0","",""
"20/05/2024 18:00:00 - 20/05/2024 19:00:00","BZN|IE(SEM)","Without sequence","143.62","",""
"20/05/2024 19:00:00 - 20/05/2024 20:00:00","BZN|IE(SEM)","Without sequence","151.0","",""
"20/05/2024 20:00:00 - 20/05/2024 21:00:00","BZN|IE(SEM)","Without sequence","150.76","",""
"20/05/2024 21:00:00 - 20/05/2024 22:00:00","BZN|IE(SEM)","Without sequence","150.75","",""
"20/05/2024 22:00:00 - 20/05/2024 23:00:00","BZN|IE(SEM)","Without sequence","144.4","",""
"20/05/2024 23:00:00 - 21/05/2024 00:00:00","BZN|IE(SEM)","Without sequence","117.28","",""
"21/05/2024 00:00:00 - 21/05/2024 01:00:00","BZN|IE(SEM)","Without sequence","101.0","",""
"21/05/2024 01:00:00 - 21/05/2024 02:00:00","BZN|IE(SEM)","Without sequence","105.11","",""
"21/05/2024 02:00:00 - 21/05/2024 03:00:00","BZN|IE(SEM)","Without sequence","101.6","",""
"21/05/2024 03:00:00 - 21/05/2024 04:00:00","BZN|IE(SEM)","Without sequence","101.6","",""
"21/05/2024 04:00:00 - 21/05/2024 05:00:00","BZN|IE(SEM)","Without sequence","95.12","",""
"21/05/2024 05:00:00 - 21/05/2024 06:00:00","BZN|IE(SEM)","Without sequence","95.24","",""
"21/05/2024 06:00:00 - 21/05/2024 07:00:00","BZN|IE(SEM)","Without sequence","100.0","",""
"21/05/2024 07:00:00 - 21/05/2024 08:00:00","BZN|IE(SEM)","Without sequence","107.39","",""
"21/05/2024 08:00:00 - 21/05/2024 09:00:00","BZN|IE(SEM)","Without sequence","135.0","",""
"21/05/2024 09:00:00 - 21/05/2024 10:00:00","BZN|IE(SEM)","Without sequence","164.13","",""
"21/05/2024 10:00:00 - 21/05/2024 11:00:00","BZN|IE(SEM)","Without sequence","163.87","",""
"21/05/2024 11:00:00 - 21/05/2024 12:00:00","BZN|IE(SEM)","Without sequence","156.59","",""
"21/05/2024 12:00:00 - 21/05/2024 13:00:00","BZN|IE(SEM)","Without sequence","162.76","",""
"21/05/2024 13:00:00 - 21/05/2024 14:00:00","BZN|IE(SEM)","Without sequence","157.6","",""
"21/05/2024 14:00:00 - 21/05/2024 15:00:00","BZN|IE(SEM)","Without sequence","141.0","",""
"21/05/2024 15:00:00 - 21/05/2024 16:00:00","BZN|IE(SEM)","Without sequence","125.0","",""
"21/05/2024 16:00:00 - 21/05/2024 17:00:00","BZN|IE(SEM)","Without sequence","123.21","",""
"21/05/2024 17:00:00 - 21/05/2024 18:00:00","BZN|IE(SEM)","Without sequence","133.6","",""
"21/05/2024 18:00:00 - 21/05/2024 19:00:00","BZN|IE(SEM)","Without sequence","147.36","",""
"21/05/2024 19:00:00 - 21/05/2024 20:00:00","BZN|IE(SEM)","Without sequence","147.0","",""
"21/05/2024 20:00:00 - 21/05/2024 21:00:00","BZN|IE(SEM)","Without sequence","145.75","",""
"21/05/2024 21:00:00 - 21/05/2024 22:00:00","BZN|IE(SEM)","Without sequence","143.74","",""
"21/05/2024 22:00:00 - 21/05/2024 23:00:00","BZN|IE(SEM)","Without sequence","127.14","",""
"21/05/2024 23:00:00 - 22/05/2024 00:00:00","BZN|IE(SEM)","Without sequence","110.53","",""
"22/05/2024 00:00:00 - 22/05/2024 01:00:00","BZN|IE(SEM)","Without sequence","125.33","",""
"22/05/2024 01:00:00 - 22/05/2024 02:00:00","BZN|IE(SEM)","Without sequence","113.35","",""
"22/05/2024 02:00:00 - 22/05/2024 03:00:00","BZN|IE(SEM)","Without sequence","99.5","",""
"22/05/2024 03:00:00 - 22/05/2024 04:00:00","BZN|IE(SEM)","Without sequence","92.95","",""
"22/05/2024 04:00:00 - 22/05/2024 05:00:00","BZN|IE(SEM)","Without sequence","90.64","",""
"22/05/2024 05:00:00 - 22/05/2024 06:00:00","BZN|IE(SEM)","Without sequence","90.01","",""
"22/05/2024 06:00:00 - 22/05/2024 07:00:00","BZN|IE(SEM)","Without sequence","88.68","",""
"22/05/2024 07:00:00 - 22/05/2024 08:00:00","BZN|IE(SEM)","Without sequence","103.0","",""
"22/05/2024 08:00:00 - 22/05/2024 09:00:00","BZN|IE(SEM)","Without sequence","128.5","",""
"22/05/2024 09:00:00 - 22/05/2024 10:00:00","BZN|IE(SEM)","Without sequence","135.5","",""
"22/05/2024 10:00:00 - 22/05/2024 11:00:00","BZN|IE(SEM)","Without sequence","129.21","",""
"22/05/2024 11:00:00 - 22/05/2024 12:00:00","BZN|IE(SEM)","Without sequence","114.2","",""
"22/05/2024 12:00:00 - 22/05/2024 13:00:00","BZN|IE(SEM)","Without sequence","99.77","",""
"22/05/2024 13:00:00 - 22/05/2024 14:00:00","BZN|IE(SEM)","Without sequence","93.92","",""
"22/05/2024 14:00:00 - 22/05/2024 15:00:00","BZN|IE(SEM)","Without sequence","93.0","",""
"22/05/2024 15:00:00 - 22/05/2024 16:00:00","BZN|IE(SEM)","Without sequence","81.09","",""
"22/05/2024 16:00:00 - 22/05/2024 17:00:00","BZN|IE(SEM)","Without sequence","78.1","",""
"22/05/2024 17:00:00 - 22/05/2024 18:00:00","BZN|IE(SEM)","Without sequence","79.23","",""
"22/05/2024 18:00:00 - 22/05/2024 19:00:00","BZN|IE(SEM)","Without sequence","89.72","",""
"22/05/2024 19:00:00 - 22/05/2024 20:00:00","BZN|IE(SEM)","Without sequence","91.32","",""
"22/05/2024 20:00:00 - 22/05/2024 21:00:00","BZN|IE(SEM)","Without sequence","90.0","",""
"22/05/2024 21:00:00 - 22/05/2024 22:00:00","BZN|IE(SEM)","Without sequence","85.0","",""
"22/05/2024 22:00:00 - 22/05/2024 23:00:00","BZN|IE(SEM)","Without sequence","84.14","",""
"22/05/2024 23:00:00 - 23/05/2024 00:00:00","BZN|IE(SEM)","Without sequence","73.0","",""
"23/05/2024 00:00:00 - 23/05/2024 01:00:00","BZN|IE(SEM)","Without sequence","60.07","",""
"23/05/2024 01:00:00 - 23/05/2024 02:00:00","BZN|IE(SEM)","Without sequence","45.62","",""
"23/05/2024 02:00:00 - 23/05/2024 03:00:00","BZN|IE(SEM)","Without sequence","40.4","",""
"23/05/2024 03:00:00 - 23/05/2024 04:00:00","BZN|IE(SEM)","Without sequence","30.6","",""
"23/05/2024 04:00:00 - 23/05/2024 05:00:00","BZN|IE(SEM)","Without sequence","29.0","",""
"23/05/2024 05:00:00 - 23/05/2024 06:00:00","BZN|IE(SEM)","Without sequence","33.26","",""
"23/05/2024 06:00:00 - 23/05/2024 07:00:00","BZN|IE(SEM)","Without sequence","39.82","",""
"23/05/2024 07:00:00 - 23/05/2024 08:00:00","BZN|IE(SEM)","Without sequence","75.0","",""
"23/05/2024 08:00:00 - 23/05/2024 09:00:00","BZN|IE(SEM)","Without sequence","98.19","",""
"23/05/2024 09:00:00 - 23/05/2024 10:00:00","BZN|IE(SEM)","Without sequence","88.85","",""
"23/05/2024 10:00:00 - 23/05/2024 11:00:00","BZN|IE(SEM)","Without sequence","85.74","",""
"23/05/2024 11:00:00 - 23/05/2024 12:00:00","BZN|IE(SEM)","Without sequence","80.2","",""
"23/05/2024 12:00:00 - 23/05/2024 13:00:00","BZN|IE(SEM)","Without sequence","81.11","",""
"23/05/2024 13:00:00 - 23/05/2024 14:00:00","BZN|IE(SEM)","Without sequence","81.93","",""
"23/05/2024 14:00:00 - 23/05/2024 15:00:00","BZN|IE(SEM)","Without sequence","77.65","",""
"23/05/2024 15:00:00 - 23/05/2024 16:00:00","BZN|IE(SEM)","Without sequence","77.81","",""
"23/05/2024 16:00:00 - 23/05/2024 17:00:00","BZN|IE(SEM)","Without sequence","80.0","",""
"23/05/2024 17:00:00 - 23/05/2024 18:00:00","BZN|IE(SEM)","Without sequence","89.33","",""
"23/05/2024 18:00:00 - 23/05/2024 19:00:00","BZN|IE(SEM)","Without sequence","94.21","",""
"23/05/2024 19:00:00 - 23/05/2024 20:00:00","BZN|IE(SEM)","Without sequence","105.71","",""
"23/05/2024 20:00:00 - 23/05/2024 21:00:00","BZN|IE(SEM)","Without sequence","114.67","",""
"23/05/2024 21:00:00 - 23/05/2024 22:00:00","BZN|IE(SEM)","Without sequence","116.93","",""
"23/05/2024 22:00:00 - 23/05/2024 23:00:00","BZN|IE(SEM)","Without sequence","119.01","",""
"23/05/2024 23:00:00 - 24/05/2024 00:00:00","BZN|IE(SEM)","Without sequence","108.95","",""
"24/05/2024 00:00:00 - 24/05/2024 01:00:00","BZN|IE(SEM)","Without sequence","105.0","",""
"24/05/2024 01:00:00 - 24/05/2024 02:00:00","BZN|IE(SEM)","Without sequence","105.0","",""
"24/05/2024 02:00:00 - 24/05/2024 03:00:00","BZN|IE(SEM)","Without sequence","102.32","",""
"24/05/2024 03:00:00 - 24/05/2024 04:00:00","BZN|IE(SEM)","Without sequence","104.01","",""
"24/05/2024 04:00:00 - 24/05/2024 05:00:00","BZN|IE(SEM)","Without sequence","104.01","",""
"24/05/2024 05:00:00 - 24/05/2024 06:00:00","BZN|IE(SEM)","Without sequence","104.01","",""
"24/05/2024 06:00:00 - 24/05/2024 07:00:00","BZN|IE(SEM)","Without sequence","112.8","",""
"24/05/2024 07:00:00 - 24/05/2024 08:00:00","BZN|IE(SEM)","Without sequence","121.4","",""
"24/05/2024 08:00:00 - 24/05/2024 09:00:00","BZN|IE(SEM)","Without sequence","127.32","",""
"24/05/2024 09:00:00 - 24/05/2024 10:00:00","BZN|IE(SEM)","Without sequence","150.0","",""
"24/05/2024 10:00:00 - 24/05/2024 11:00:00","BZN|IE(SEM)","Without sequence","150.0","",""
"24/05/2024 11:00:00 - 24/05/2024 12:00:00","BZN|IE(SEM)","Without sequence","153.24","",""
"24/05/2024 12:00:00 - 24/05/2024 13:00:00","BZN|IE(SEM)","Without sequence","171.8","",""
"24/05/2024 13:00:00 - 24/05/2024 14:00:00","BZN|IE(SEM)","Without sequence","175.0","",""
"24/05/2024 14:00:00 - 24/05/2024 15:00:00","BZN|IE(SEM)","Without sequence","155.18","",""
"24/05/2024 15:00:00 - 24/05/2024 16:00:00","BZN|IE(SEM)","Without sequence","148.04","",""
"24/05/2024 16:00:00 - 24/05/2024 17:00:00","BZN|IE(SEM)","Without sequence","145.69","",""
"24/05/2024 17:00:00 - 24/05/2024 18:00:00","BZN|IE(SEM)","Without sequence","147.05","",""
"24/05/2024 18:00:00 - 24/05/2024 19:00:00","BZN|IE(SEM)","Without sequence","158.31","",""
"24/05/2024 19:00:00 - 24/05/2024 20:00:00","BZN|IE(SEM)","Without sequence","153.71","",""
"24/05/2024 20:00:00 - 24/05/2024 21:00:00","BZN|IE(SEM)","Without sequence","149.89","",""
"24/05/2024 21:00:00 - 24/05/2024 22:00:00","BZN|IE(SEM)","Without sequence","140.8","",""
"24/05/2024 22:00:00 - 24/05/2024 23:00:00","BZN|IE(SEM)","Without sequence","136.69","",""
"24/05/2024 23:00:00 - 25/05/2024 00:00:00","BZN|IE(SEM)","Without sequence","123.08","",""
"25/05/2024 00:00:00 - 25/05/2024 01:00:00","BZN|IE(SEM)","Without sequence","159.79","",""
"25/05/2024 01:00:00 - 25/05/2024 02:00:00","BZN|IE(SEM)","Without sequence","124.9","",""
"25/05/2024 02:00:00 - 25/05/2024 03:00:00","BZN|IE(SEM)","Without sequence","108.18","",""
"25/05/2024 03:00:00 - 25/05/2024 04:00:00","BZN|IE(SEM)","Without sequence","110.0","",""
"25/05/2024 04:00:00 - 25/05/2024 05:00:00","BZN|IE(SEM)","Without sequence","100.97","",""
"25/05/2024 05:00:00 - 25/05/2024 06:00:00","BZN|IE(SEM)","Without sequence","97.04","",""
"25/05/2024 06:00:00 - 25/05/2024 07:00:00","BZN|IE(SEM)","Without sequence","90.84","",""
"25/05/2024 07:00:00 - 25/05/2024 08:00:00","BZN|IE(SEM)","Without sequence","95.31","",""
"25/05/2024 08:00:00 - 25/05/2024 09:00:00","BZN|IE(SEM)","Without sequence","99.69","",""
"25/05/2024 09:00:00 - 25/05/2024 10:00:00","BZN|IE(SEM)","Without sequence","107.0","",""
"25/05/2024 10:00:00 - 25/05/2024 11:00:00","BZN|IE(SEM)","Without sequence","97.21","",""
"25/05/2024 11:00:00 - 25/05/2024 12:00:00","BZN|IE(SEM)","Without sequence","89.29","",""
"25/05/2024 12:00:00 - 25/05/2024 13:00:00","BZN|IE(SEM)","Without sequence","86.0","",""
"25/05/2024 13:00:00 - 25/05/2024 14:00:00","BZN|IE(SEM)","Without sequence","77.53","",""
"25/05/2024 14:00:00 - 25/05/2024 15:00:00","BZN|IE(SEM)","Without sequence","71.35","",""
"25/05/2024 15:00:00 - 25/05/2024 16:00:00","BZN|IE(SEM)","Without sequence","64.64","",""
"25/05/2024 16:00:00 - 25/05/2024 17:00:00","BZN|IE(SEM)","Without sequence","67.77","",""
"25/05/2024 17:00:00 - 25/05/2024 18:00:00","BZN|IE(SEM)","Without sequence","80.0","",""
"25/05/2024 18:00:00 - 25/05/2024 19:00:00","BZN|IE(SEM)","Without sequence","89.24","",""
"25/05/2024 19:00:00 - 25/05/2024 20:00:00","BZN|IE(SEM)","Without sequence","106.0","",""
"25/05/2024 20:00:00 - 25/05/2024 21:00:00","BZN|IE(SEM)","Without sequence","118.29","",""
"25/05/2024 21:00:00 - 25/05/2024 22:00:00","BZN|IE(SEM)","Without sequence","121.46","",""
"25/05/2024 22:00:00 - 25/05/2024 23:00:00","BZN|IE(SEM)","Without sequence","112.0","",""
"25/05/2024 23:00:00 - 26/05/2024 00:00:00","BZN|IE(SEM)","Without sequence","103.02","",""
"26/05/2024 00:00:00 - 26/05/2024 01:00:00","BZN|IE(SEM)","Without sequence","108.59","",""
"26/05/2024 01:00:00 - 26/05/2024 02:00:00","BZN|IE(SEM)","Without sequence","109.01","",""
"26/05/2024 02:00:00 - 26/05/2024 03:00:00","BZN|IE(SEM)","Without sequence","107.69","",""
"26/05/2024 03:00:00 - 26/05/2024 04:00:00","BZN|IE(SEM)","Without sequence","111.09","",""
"26/05/2024 04:00:00 - 26/05/2024 05:00:00","BZN|IE(SEM)","Without sequence","119.0","",""
"26/05/2024 05:00:00 - 26/05/2024 06:00:00","BZN|IE(SEM)","Without sequence","122.0","",""
"26/05/2024 06:00:00 - 26/05/2024 07:00:00","BZN|IE(SEM)","Without sequence","115.1","",""
"26/05/2024 07:00:00 - 26/05/2024 08:00:00","BZN|IE(SEM)","Without sequence","119.0","",""
"26/05/2024 08:00:00 - 26/05/2024 09:00:00","BZN|IE(SEM)","Without sequence","112.68","",""
"26/05/2024 09:00:00 - 26/05/2024 10:00:00","BZN|IE(SEM)","Without sequence","136.69","",""
"26/05/2024 10:00:00 - 26/05/2024 11:00:00","BZN|IE(SEM)","Without sequence","140.0","",""
"26/05/2024 11:00:00 - 26/05/2024 12:00:00","BZN|IE(SEM)","Without sequence","141.7","",""
"26/05/2024 12:00:00 - 26/05/2024 13:00:00","BZN|IE(SEM)","Without sequence","146.65","",""
"26/05/2024 13:00:00 - 26/05/2024 14:00:00","BZN|IE(SEM)","Without sequence","133.7","",""
"26/05/2024 14:00:00 - 26/05/2024 15:00:00","BZN|IE(SEM)","Without sequence","104.51","",""
"26/05/2024 15:00:00 - 26/05/2024 16:00:00","BZN|IE(SEM)","Without sequence","89.43","",""
"26/05/2024 16:00:00 - 26/05/2024 17:00:00","BZN|IE(SEM)","Without sequence","85.25","",""
"26/05/2024 17:00:00 - 26/05/2024 18:00:00","BZN|IE(SEM)","Without sequence","89.57","",""
"26/05/2024 18:00:00 - 26/05/2024 19:00:00","BZN|IE(SEM)","Without sequence","99.0","",""
"26/05/2024 19:00:00 - 26/05/2024 20:00:00","BZN|IE(SEM)","Without sequence","112.0","",""
"26/05/2024 20:00:00 - 26/05/2024 21:00:00","BZN|IE(SEM)","Without sequence","122.51","",""
"26/05/2024 21:00:00 - 26/05/2024 22:00:00","BZN|IE(SEM)","Without sequence","125.0","",""
"26/05/2024 22:00:00 - 26/05/2024 23:00:00","BZN|IE(SEM)","Without sequence","120.68","",""
"26/05/2024 23:00:00 - 27/05/2024 00:00:00","BZN|IE(SEM)","Without sequence","100.8","",""
"27/05/2024 00:00:00 - 27/05/2024 01:00:00","BZN|IE(SEM)","Without sequence","110.38","",""
"27/05/2024 01:00:00 - 27/05/2024 02:00:00","BZN|IE(SEM)","Without sequence","100.3","",""
"27/05/2024 02:00:00 - 27/05/2024 03:00:00","BZN|IE(SEM)","Without sequence","92.0","",""
"27/05/2024 03:00:00 - 27/05/2024 04:00:00","BZN|IE(SEM)","Without sequence","91.75","",""
"27/05/2024 04:00:00 - 27/05/2024 05:00:00","BZN|IE(SEM)","Without sequence","91.65","",""
"27/05/2024 05:00:00 - 27/05/2024 06:00:00","BZN|IE(SEM)","Without sequence","94.9","",""
"27/05/2024 06:00:00 - 27/05/2024 07:00:00","BZN|IE(SEM)","Without sequence","98.65","",""
"27/05/2024 07:00:00 - 27/05/2024 08:00:00","BZN|IE(SEM)","Without sequence","113.35","",""
"27/05/2024 08:00:00 - 27/05/2024 09:00:00","BZN|IE(SEM)","Without sequence","130.69","",""
"27/05/2024 09:00:00 - 27/05/2024 10:00:00","BZN|IE(SEM)","Without sequence","149.0","",""
"27/05/2024 10:00:00 - 27/05/2024 11:00:00","BZN|IE(SEM)","Without sequence","136.69","",""
"27/05/2024 11:00:00 - 27/05/2024 12:00:00","BZN|IE(SEM)","Without sequence","131.51","",""
"27/05/2024 12:00:00 - 27/05/2024 13:00:00","BZN|IE(SEM)","Without sequence","125.4","",""
"27/05/2024 13:00:00 - 27/05/2024 14:00:00","BZN|IE(SEM)","Without sequence","116.48","",""
"27/05/2024 14:00:00 - 27/05/2024 15:00:00","BZN|IE(SEM)","Without sequence","101.49","",""
"27/05/2024 15:00:00 - 27/05/2024 16:00:00","BZN|IE(SEM)","Without sequence","99.0","",""
"27/05/2024 16:00:00 - 27/05/2024 17:00:00","BZN|IE(SEM)","Without sequence","109.99","",""
"27/05/2024 17:00:00 - 27/05/2024 18:00:00","BZN|IE(SEM)","Without sequence","120.0","",""
"27/05/2024 18:00:00 - 27/05/2024 19:00:00","BZN|IE(SEM)","Without sequence","145.75","",""
"27/05/2024 19:00:00 - 27/05/2024 20:00:00","BZN|IE(SEM)","Without sequence","146.75","",""
"27/05/2024 20:00:00 - 27/05/2024 21:00:00","BZN|IE(SEM)","Without sequence","149.51","",""
"27/05/2024 21:00:00 - 27/05/2024 22:00:00","BZN|IE(SEM)","Without sequence","166.5","",""
"27/05/2024 22:00:00 - 27/05/2024 23:00:00","BZN|IE(SEM)","Without sequence","169.3","",""
"27/05/2024 23:00:00 - 28/05/2024 00:00:00","BZN|IE(SEM)","Without sequence","149.98","",""
"28/05/2024 00:00:00 - 28/05/2024 01:00:00","BZN|IE(SEM)","Without sequence","111.23","",""
"28/05/2024 01:00:00 - 28/05/2024 02:00:00","BZN|IE(SEM)","Without sequence","101.5","",""
"28/05/2024 02:00:00 - 28/05/2024 03:00:00","BZN|IE(SEM)","Without sequence","95.06","",""
"28/05/2024 03:00:00 - 28/05/2024 04:00:00","BZN|IE(SEM)","Without sequence","90.11","",""
"28/05/2024 04:00:00 - 28/05/2024 05:00:00","BZN|IE(SEM)","Without sequence","87.87","",""
"28/05/2024 05:00:00 - 28/05/2024 06:00:00","BZN|IE(SEM)","Without sequence","87.15","",""
"28/05/2024 06:00:00 - 28/05/2024 07:00:00","BZN|IE(SEM)","Without sequence","90.03","",""
"28/05/2024 07:00:00 - 28/05/2024 08:00:00","BZN|IE(SEM)","Without sequence","101.0","",""
"28/05/2024 08:00:00 - 28/05/2024 09:00:00","BZN|IE(SEM)","Without sequence","113.0","",""
"28/05/2024 09:00:00 - 28/05/2024 10:00:00","BZN|IE(SEM)","Without sequence","129.2","",""
"28/05/2024 10:00:00 - 28/05/2024 11:00:00","BZN|IE(SEM)","Without sequence","129.3","",""
"28/05/2024 11:00:00 - 28/05/2024 12:00:00","BZN|IE(SEM)","Without sequence","116.63","",""
"28/05/2024 12:00:00 - 28/05/2024 13:00:00","BZN|IE(SEM)","Without sequence","104.78","",""
"28/05/2024 13:00:00 - 28/05/2024 14:00:00","BZN|IE(SEM)","Without sequence","94.68","",""
"28/05/2024 14:00:00 - 28/05/2024 15:00:00","BZN|IE(SEM)","Without sequence","86.13","",""
"28/05/2024 15:00:00 - 28/05/2024 16:00:00","BZN|IE(SEM)","Without sequence","84.56","",""
"28/05/2024 16:00:00 - 28/05/2024 17:00:00","BZN|IE(SEM)","Without sequence","83.93","",""
"28/05/2024 17:00:00 - 28/05/2024 18:00:00","BZN|IE(SEM)","Without sequence","85.98","",""
"28/05/2024 18:00:00 - 28/05/2024 19:00:00","BZN|IE(SEM)","Without sequence","96.38","",""
"28/05/2024 19:00:00 - 28/05/2024 20:00:00","BZN|IE(SEM)","Without sequence","112.62","",""
"28/05/2024 20:00:00 - 28/05/2024 21:00:00","BZN|IE(SEM)","Without sequence","116.0","",""
"28/05/2024 21:00:00 - 28/05/2024 22:00:00","BZN|IE(SEM)","Without sequence","119.03","",""
"28/05/2024 22:00:00 - 28/05/2024 23:00:00","BZN|IE(SEM)","Without sequence","117.78","",""
"28/05/2024 23:00:00 - 29/05/2024 00:00:00","BZN|IE(SEM)","Without sequence","101.15","",""
"29/05/2024 00:00:00 - 29/05/2024 01:00:00","BZN|IE(SEM)","Without sequence","90.47","",""
"29/05/2024 01:00:00 - 29/05/2024 02:00:00","BZN|IE(SEM)","Without sequence","87.0","",""
"29/05/2024 02:00:00 - 29/05/2024 03:00:00","BZN|IE(SEM)","Without sequence","84.76","",""
"29/05/2024 03:00:00 - 29/05/2024 04:00:00","BZN|IE(SEM)","Without sequence","87.28","",""
"29/05/2024 04:00:00 - 29/05/2024 05:00:00","BZN|IE(SEM)","Without sequence","89.68","",""
"29/05/2024 05:00:00 - 29/05/2024 06:00:00","BZN|IE(SEM)","Without sequence","89.68","",""
"29/05/2024 06:00:00 - 29/05/2024 07:00:00","BZN|IE(SEM)","Without sequence","91.34","",""
"29/05/2024 07:00:00 - 29/05/2024 08:00:00","BZN|IE(SEM)","Without sequence","108.18","",""
"29/05/2024 08:00:00 - 29/05/2024 09:00:00","BZN|IE(SEM)","Without sequence","154.5","",""
"29/05/2024 09:00:00 - 29/05/2024 10:00:00","BZN|IE(SEM)","Without sequence","162.15","",""
"29/05/2024 10:00:00 - 29/05/2024 11:00:00","BZN|IE(SEM)","Without sequence","151.5","",""
"29/05/2024 11:00:00 - 29/05/2024 12:00:00","BZN|IE(SEM)","Without sequence","132.6","",""
"29/05/2024 12:00:00 - 29/05/2024 13:00:00","BZN|IE(SEM)","Without sequence","115.39","",""
"29/05/2024 13:00:00 - 29/05/2024 14:00:00","BZN|IE(SEM)","Without sequence","104.0","",""
"29/05/2024 14:00:00 - 29/05/2024 15:00:00","BZN|IE(SEM)","Without sequence","94.08","",""
"29/05/2024 15:00:00 - 29/05/2024 16:00:00","BZN|IE(SEM)","Without sequence","88.76","",""
"29/05/2024 16:00:00 - 29/05/2024 17:00:00","BZN|IE(SEM)","Without sequence","85.93","",""
"29/05/2024 17:00:00 - 29/05/2024 18:00:00","BZN|IE(SEM)","Without sequence","85.93","",""
"29/05/2024 18:00:00 - 29/05/2024 19:00:00","BZN|IE(SEM)","Without sequence","94.98","",""
"29/05/2024 19:00:00 - 29/05/2024 20:00:00","BZN|IE(SEM)","Without sequence","109.9","",""
"29/05/2024 20:00:00 - 29/05/2024 21:00:00","BZN|IE(SEM)","Without sequence","119.0","",""
"29/05/2024 21:00:00 - 29/05/2024 22:00:00","BZN|IE(SEM)","Without sequence","121.65","",""
"29/05/2024 22:00:00 - 29/05/2024 23:00:00","BZN|IE(SEM)","Without sequence","115.42","",""
"29/05/2024 23:00:00 - 30/05/2024 00:00:00","BZN|IE(SEM)","Without sequence","99.8","",""
"30/05/2024 00:00:00 - 30/05/2024 01:00:00","BZN|IE(SEM)","Without sequence","96.6","",""
"30/05/2024 01:00:00 - 30/05/2024 02:00:00","BZN|IE(SEM)","Without sequence","87.26","",""
"30/05/2024 02:00:00 - 30/05/2024 03:00:00","BZN|IE(SEM)","Without sequence","82.75","",""
"30/05/2024 03:00:00 - 30/05/2024 04:00:00","BZN|IE(SEM)","Without sequence","76.58","",""
"30/05/2024 04:00:00 - 30/05/2024 05:00:00","BZN|IE(SEM)","Without sequence","68.6","",""
"30/05/2024 05:00:00 - 30/05/2024 06:00:00","BZN|IE(SEM)","Without sequence","62.76","",""
"30/05/2024 06:00:00 - 30/05/2024 07:00:00","BZN|IE(SEM)","Without sequence","64.78","",""
"30/05/2024 07:00:00 - 30/05/2024 08:00:00","BZN|IE(SEM)","Without sequence","80.78","",""
"30/05/2024 08:00:00 - 30/05/2024 09:00:00","BZN|IE(SEM)","Without sequence","91.09","",""
"30/05/2024 09:00:00 - 30/05/2024 10:00:00","BZN|IE(SEM)","Without sequence","98.75","",""
"30/05/2024 10:00:00 - 30/05/2024 11:00:00","BZN|IE(SEM)","Without sequence","94.16","",""
"30/05/2024 11:00:00 - 30/05/2024 12:00:00","BZN|IE(SEM)","Without sequence","88.58","",""
"30/05/2024 12:00:00 - 30/05/2024 13:00:00","BZN|IE(SEM)","Without sequence","84.28","",""
"30/05/2024 13:00:00 - 30/05/2024 14:00:00","BZN|IE(SEM)","Without sequence","80.34","",""
"30/05/2024 14:00:00 - 30/05/2024 15:00:00","BZN|IE(SEM)","Without sequence","71.0","",""
"30/05/2024 15:00:00 - 30/05/2024 16:00:00","BZN|IE(SEM)","Without sequence","65.0","",""
"30/05/2024 16:00:00 - 30/05/2024 17:00:00","BZN|IE(SEM)","Without sequence","69.02","",""
"30/05/2024 17:00:00 - 30/05/2024 18:00:00","BZN|IE(SEM)","Without sequence","80.0","",""
"30/05/2024 18:00:00 - 30/05/2024 19:00:00","BZN|IE(SEM)","Without sequence","97.1","",""
"30/05/2024 19:00:00 - 30/05/2024 20:00:00","BZN|IE(SEM)","Without sequence","112.22","",""
"30/05/2024 20:00:00 - 30/05/2024 21:00:00","BZN|IE(SEM)","Without sequence","115.0","",""
"30/05/2024 21:00:00 - 30/05/2024 22:00:00","BZN|IE(SEM)","Without sequence","121.78","",""
"30/05/2024 22:00:00 - 30/05/2024 23:00:00","BZN|IE(SEM)","Without sequence","135.64","",""
"30/05/2024 23:00:00 - 31/05/2024 00:00:00","BZN|IE(SEM)","Without sequence","130.0","",""
"31/05/2024 00:00:00 - 31/05/2024 01:00:00","BZN|IE(SEM)","Without sequence","102.01","",""
"31/05/2024 01:00:00 - 31/05/2024 02:00:00","BZN|IE(SEM)","Without sequence","96.0","",""
"31/05/2024 02:00:00 - 31/05/2024 03:00:00","BZN|IE(SEM)","Without sequence","95.55","",""
"31/05/2024 03:00:00 - 31/05/2024 04:00:00","BZN|IE(SEM)","Without sequence","98.13","",""
"31/05/2024 04:00:00 - 31/05/2024 05:00:00","BZN|IE(SEM)","Without sequence","98.01","",""
"31/05/2024 05:00:00 - 31/05/2024 06:00:00","BZN|IE(SEM)","Without sequence","97.71","",""
"31/05/2024 06:00:00 - 31/05/2024 07:00:00","BZN|IE(SEM)","Without sequence","98.01","",""
"31/05/2024 07:00:00 - 31/05/2024 08:00:00","BZN|IE(SEM)","Without sequence","98.13","",""
"31/05/2024 08:00:00 - 31/05/2024 09:00:00","BZN|IE(SEM)","Without sequence","125.16","",""
"31/05/2024 09:00:00 - 31/05/2024 10:00:00","BZN|IE(SEM)","Without sequence","145.73","",""
"31/05/2024 10:00:00 - 31/05/2024 11:00:00","BZN|IE(SEM)","Without sequence","138.2","",""
"31/05/2024 11:00:00 - 31/05/2024 12:00:00","BZN|IE(SEM)","Without sequence","128.1","",""
"31/05/2024 12:00:00 - 31/05/2024 13:00:00","BZN|IE(SEM)","Without sequence","120.81","",""
"31/05/2024 13:00:00 - 31/05/2024 14:00:00","BZN|IE(SEM)","Without sequence","113.9","",""
"31/05/2024 14:00:00 - 31/05/2024 15:00:00","BZN|IE(SEM)","Without sequence","92.64","",""
"31/05/2024 15:00:00 - 31/05/2024 16:00:00","BZN|IE(SEM)","Without sequence","86.61","",""
"31/05/2024 16:00:00 - 31/05/2024 17:00:00","BZN|IE(SEM)","Without sequence","86.53","",""
"31/05/2024 17:00:00 - 31/05/2024 18:00:00","BZN|IE(SEM)","Without sequence","91.68","",""
"31/05/2024 18:00:00 - 31/05/2024 19:00:00","BZN|IE(SEM)","Without sequence","108.3","",""
"31/05/2024 19:00:00 - 31/05/2024 20:00:00","BZN|IE(SEM)","Without sequence","127.65","",""
"31/05/2024 20:00:00 - 31/05/2024 21:00:00","BZN|IE(SEM)","Without sequence","132.6","",""
"31/05/2024 21:00:00 - 31/05/2024 22:00:00","BZN|IE(SEM)","Without sequence","131.0","",""
"31/05/2024 22:00:00 - 31/05/2024 23:00:00","BZN|IE(SEM)","Without sequence","135.0","",""
"31/05/2024 23:00:00 - 01/06/2024 00:00:00","BZN|IE(SEM)","Without sequence","108.45","",""
"01/06/2024 00:00:00 - 01/06/2024 01:00:00","BZN|IE(SEM)","Without sequence","110.0","",""
"01/06/2024 01:00:00 - 01/06/2024 02:00:00","BZN|IE(SEM)","Without sequence","99.7","",""
"01/06/2024 02:00:00 - 01/06/2024 03:00:00","BZN|IE(SEM)","Without sequence","95.0","",""
"01/06/2024 03:00:00 - 01/06/2024 04:00:00","BZN|IE(SEM)","Without sequence","94.01","",""
"01/06/2024 04:00:00 - 01/06/2024 05:00:00","BZN|IE(SEM)","Without sequence","94.01","",""
"01/06/2024 05:00:00 - 01/06/2024 06:00:00","BZN|IE(SEM)","Without sequence","94.01","",""
"01/06/2024 06:00:00 - 01/06/2024 07:00:00","BZN|IE(SEM)","Without sequence","91.78","",""
"01/06/2024 07:00:00 - 01/06/2024 08:00:00","BZN|IE(SEM)","Without sequence","91.4","",""
"01/06/2024 08:00:00 - 01/06/2024 09:00:00","BZN|IE(SEM)","Without sequence","102.4","",""
"01/06/2024 09:00:00 - 01/06/2024 10:00:00","BZN|IE(SEM)","Without sequence","130.54","",""
"01/06/2024 10:00:00 - 01/06/2024 11:00:00","BZN|IE(SEM)","Without sequence","142.0","",""
"01/06/2024 11:00:00 - 01/06/2024 12:00:00","BZN|IE(SEM)","Without sequence","142.0","",""
"01/06/2024 12:00:00 - 01/06/2024 13:00:00","BZN|IE(SEM)","Without sequence","129.0","",""
"01/06/2024 13:00:00 - 01/06/2024 14:00:00","BZN|IE(SEM)","Without sequence","125.39","",""
"01/06/2024 14:00:00 - 01/06/2024 15:00:00","BZN|IE(SEM)","Without sequence","98.75","",""
"01/06/2024 15:00:00 - 01/06/2024 16:00:00","BZN|IE(SEM)","Without sequence","93.87","",""
"01/06/2024 16:00:00 - 01/06/2024 17:00:00","BZN|IE(SEM)","Without sequence","92.0","",""
"01/06/2024 17:00:00 - 01/06/2024 18:00:00","BZN|IE(SEM)","Without sequence","96.0","",""
"01/06/2024 18:00:00 - 01/06/2024 19:00:00","BZN|IE(SEM)","Without sequence","122.95","",""
"01/06/2024 19:00:00 - 01/06/2024 20:00:00","BZN|IE(SEM)","Without sequence","135.56","",""
"01/06/2024 20:00:00 - 01/06/2024 21:00:00","BZN|IE(SEM)","Without sequence","135.56","",""
"01/06/2024 21:00:00 - 01/06/2024 22:00:00","BZN|IE(SEM)","Without sequence","135.4","",""
"01/06/2024 22:00:00 - 01/06/2024 23:00:00","BZN|IE(SEM)","Without sequence","134.72","",""
"01/06/2024 23:00:00 - 02/06/2024 00:00:00","BZN|IE(SEM)","Without sequence","122.81","",""
"02/06/2024 00:00:00 - 02/06/2024 01:00:00","BZN|IE(SEM)","Without sequence","118.55","",""
"02/06/2024 01:00:00 - 02/06/2024 02:00:00","BZN|IE(SEM)","Without sequence","103.61","",""
"02/06/2024 02:00:00 - 02/06/2024 03:00:00","BZN|IE(SEM)","Without sequence","107.49","",""
"02/06/2024 03:00:00 - 02/06/2024 04:00:00","BZN|IE(SEM)","Without sequence","99.7","",""
"02/06/2024 04:00:00 - 02/06/2024 05:00:00","BZN|IE(SEM)","Without sequence","97.16","",""
"02/06/2024 05:00:00 - 02/06/2024 06:00:00","BZN|IE(SEM)","Without sequence","94.72","",""
"02/06/2024 06:00:00 - 02/06/2024 07:00:00","BZN|IE(SEM)","Without sequence","91.8","",""
"02/06/2024 07:00:00 - 02/06/2024 08:00:00","BZN|IE(SEM)","Without sequence","88.42","",""
"02/06/2024 08:00:00 - 02/06/2024 09:00:00","BZN|IE(SEM)","Without sequence","93.52","",""
"02/06/2024 09:00:00 - 02/06/2024 10:00:00","BZN|IE(SEM)","Without sequence","123.81","",""
"02/06/2024 10:00:00 - 02/06/2024 11:00:00","BZN|IE(SEM)","Without sequence","129.0","",""
"02/06/2024 11:00:00 - 02/06/2024 12:00:00","BZN|IE(SEM)","Without sequence","129.0","",""
"02/06/2024 12:00:00 - 02/06/2024 13:00:00","BZN|IE(SEM)","Without sequence","129.0","",""
"02/06/2024 13:00:00 - 02/06/2024 14:00:00","BZN|IE(SEM)","Without sequence","117.25","",""
"02/06/2024 14:00:00 - 02/06/2024 15:00:00","BZN|IE(SEM)","Without sequence","99.85","",""
"02/06/2024 15:00:00 - 02/06/2024 16:00:00","BZN|IE(SEM)","Without sequence","92.66","",""
"02/06/2024 16:00:00 - 02/06/2024 17:00:00","BZN|IE(SEM)","Without sequence","91.56","",""
"02/06/2024 17:00:00 - 02/06/2024 18:00:00","BZN|IE(SEM)","Without sequence","95.89","",""
"02/06/2024 18:00:00 - 02/06/2024 19:00:00","BZN|IE(SEM)","Without sequence","110.0","",""
"02/06/2024 19:00:00 - 02/06/2024 20:00:00","BZN|IE(SEM)","Without sequence","125.59","",""
"02/06/2024 20:00:00 - 02/06/2024 21:00:00","BZN|IE(SEM)","Without sequence","130.56","",""
"02/06/2024 21:00:00 - 02/06/2024 22:00:00","BZN|IE(SEM)","Without sequence","131.78","",""
"02/06/2024 22:00:00 - 02/06/2024 23:00:00","BZN|IE(SEM)","Without sequence","128.35","",""
"02/06/2024 23:00:00 - 03/06/2024 00:00:00","BZN|IE(SEM)","Without sequence","117.0","",""
"03/06/2024 00:00:00 - 03/06/2024 01:00:00","BZN|IE(SEM)","Without sequence","97.62","",""
"03/06/2024 01:00:00 - 03/06/2024 02:00:00","BZN|IE(SEM)","Without sequence","94.72","",""
"03/06/2024 02:00:00 - 03/06/2024 03:00:00","BZN|IE(SEM)","Without sequence","92.0","",""
"03/06/2024 03:00:00 - 03/06/2024 04:00:00","BZN|IE(SEM)","Without sequence","90.42","",""
"03/06/2024 04:00:00 - 03/06/2024 05:00:00","BZN|IE(SEM)","Without sequence","88.26","",""
"03/06/2024 05:00:00 - 03/06/2024 06:00:00","BZN|IE(SEM)","Without sequence","86.4","",""
"03/06/2024 06:00:00 - 03/06/2024 07:00:00","BZN|IE(SEM)","Without sequence","88.26","",""
"03/06/2024 07:00:00 - 03/06/2024 08:00:00","BZN|IE(SEM)","Without sequence","96.9","",""
"03/06/2024 08:00:00 - 03/06/2024 09:00:00","BZN|IE(SEM)","Without sequence","110.75","",""
"03/06/2024 09:00:00 - 03/06/2024 10:00:00","BZN|IE(SEM)","Without sequence","125.6","",""
"03/06/2024 10:00:00 - 03/06/2024 11:00:00","BZN|IE(SEM)","Without sequence","130.56","",""
"03/06/2024 11:00:00 - 03/06/2024 12:00:00","BZN|IE(SEM)","Without sequence","130.56","",""
"03/06/2024 12:00:00 - 03/06/2024 13:00:00","BZN|IE(SEM)","Without sequence","130.56","",""
"03/06/2024 13:00:00 - 03/06/2024 14:00:00","BZN|IE(SEM)","Without sequence","138.2","",""
"03/06/2024 14:00:00 - 03/06/2024 15:00:00","BZN|IE(SEM)","Without sequence","115.0","",""
"03/06/2024 15:00:00 - 03/06/2024 16:00:00","BZN|IE(SEM)","Without sequence","105.0","",""
"03/06/2024 16:00:00 - 03/06/2024 17:00:00","BZN|IE(SEM)","Without sequence","101.26","",""
"03/06/2024 17:00:00 - 03/06/2024 18:00:00","BZN|IE(SEM)","Without sequence","114.76","",""
"03/06/2024 18:00:00 - 03/06/2024 19:00:00","BZN|IE(SEM)","Without sequence","140.0","",""
"03/06/2024 19:00:00 - 03/06/2024 20:00:00","BZN|IE(SEM)","Without sequence","142.71","",""
"03/06/2024 20:00:00 - 03/06/2024 21:00:00","BZN|IE(SEM)","Without sequence","145.6","",""
"03/06/2024 21:00:00 - 03/06/2024 22:00:00","BZN|IE(SEM)","Without sequence","145.0","",""
"03/06/2024 22:00:00 - 03/06/2024 23:00:00","BZN|IE(SEM)","Without sequence","150.0","",""
"03/06/2024 23:00:00 - 04/06/2024 00:00:00","BZN|IE(SEM)","Without sequence","130.0","",""
"04/06/2024 00:00:00 - 04/06/2024 01:00:00","BZN|IE(SEM)","Without sequence","140.4","",""
"04/06/2024 01:00:00 - 04/06/2024 02:00:00","BZN|IE(SEM)","Without sequence","110.0","",""
"04/06/2024 02:00:00 - 04/06/2024 03:00:00","BZN|IE(SEM)","Without sequence","101.73","",""
"04/06/2024 03:00:00 - 04/06/2024 04:00:00","BZN|IE(SEM)","Without sequence","95.0","",""
"04/06/2024 04:00:00 - 04/06/2024 05:00:00","BZN|IE(SEM)","Without sequence","87.56","",""
"04/06/2024 05:00:00 - 04/06/2024 06:00:00","BZN|IE(SEM)","Without sequence","86.55","",""
"04/06/2024 06:00:00 - 04/06/2024 07:00:00","BZN|IE(SEM)","Without sequence","86.26","",""
"04/06/2024 07:00:00 - 04/06/2024 08:00:00","BZN|IE(SEM)","Without sequence","113.14","",""
"04/06/2024 08:00:00 - 04/06/2024 09:00:00","BZN|IE(SEM)","Without sequence","125.17","",""
"04/06/2024 09:00:00 - 04/06/2024 10:00:00","BZN|IE(SEM)","Without sequence","116.9","",""
"04/06/2024 10:00:00 - 04/06/2024 11:00:00","BZN|IE(SEM)","Without sequence","96.0","",""
"04/06/2024 11:00:00 - 04/06/2024 12:00:00","BZN|IE(SEM)","Without sequence","83.28","",""
"04/06/2024 12:00:00 - 04/06/2024 13:00:00","BZN|IE(SEM)","Without sequence","70.0","",""
"04/06/2024 13:00:00 - 04/06/2024 14:00:00","BZN|IE(SEM)","Without sequence","53.33","",""
"04/06/2024 14:00:00 - 04/06/2024 15:00:00","BZN|IE(SEM)","Without sequence","48.42","",""
"04/06/2024 15:00:00 - 04/06/2024 16:00:00","BZN|IE(SEM)","Without sequence","43.48","",""
"04/06/2024 16:00:00 - 04/06/2024 17:00:00","BZN|IE(SEM)","Without sequence","47.05","",""
"04/06/2024 17:00:00 - 04/06/2024 18:00:00","BZN|IE(SEM)","Without sequence","64.28","",""
"04/06/2024 18:00:00 - 04/06/2024 19:00:00","BZN|IE(SEM)","Without sequence","83.9","",""
"04/06/2024 19:00:00 - 04/06/2024 20:00:00","BZN|IE(SEM)","Without sequence","103.6","",""
"04/06/2024 20:00:00 - 04/06/2024 21:00:00","BZN|IE(SEM)","Without sequence","117.45","",""
"04/06/2024 21:00:00 - 04/06/2024 22:00:00","BZN|IE(SEM)","Without sequence","131.0","",""
"04/06/2024 22:00:00 - 04/06/2024 23:00:00","BZN|IE(SEM)","Without sequence","161.68","",""
"04/06/2024 23:00:00 - 05/06/2024 00:00:00","BZN|IE(SEM)","Without sequence","176.0","",""
"05/06/2024 00:00:00 - 05/06/2024 01:00:00","BZN|IE(SEM)","Without sequence","115.0","",""
"05/06/2024 01:00:00 - 05/06/2024 02:00:00","BZN|IE(SEM)","Without sequence","96.72","",""
"05/06/2024 02:00:00 - 05/06/2024 03:00:00","BZN|IE(SEM)","Without sequence","95.01","",""
"05/06/2024 03:00:00 - 05/06/2024 04:00:00","BZN|IE(SEM)","Without sequence","95.0","",""
"05/06/2024 04:00:00 - 05/06/2024 05:00:00","BZN|IE(SEM)","Without sequence","95.0","",""
"05/06/2024 05:00:00 - 05/06/2024 06:00:00","BZN|IE(SEM)","Without sequence","95.0","",""
"05/06/2024 06:00:00 - 05/06/2024 07:00:00","BZN|IE(SEM)","Without sequence","95.01","",""
"05/06/2024 07:00:00 - 05/06/2024 08:00:00","BZN|IE(SEM)","Without sequence","130.0","",""
"05/06/2024 08:00:00 - 05/06/2024 09:00:00","BZN|IE(SEM)","Without sequence","170.0","",""
"05/06/2024 09:00:00 - 05/06/2024 10:00:00","BZN|IE(SEM)","Without sequence","171.71","",""
"05/06/2024 10:00:00 - 05/06/2024 11:00:00","BZN|IE(SEM)","Without sequence","138.4","",""
"05/06/2024 11:00:00 - 05/06/2024 12:00:00","BZN|IE(SEM)","Without sequence","132.7","",""
"05/06/2024 12:00:00 - 05/06/2024 13:00:00","BZN|IE(SEM)","Without sequence","118.4","",""
"05/06/2024 13:00:00 - 05/06/2024 14:00:00","BZN|IE(SEM)","Without sequence","96.21","",""
"05/06/2024 14:00:00 - 05/06/2024 15:00:00","BZN|IE(SEM)","Without sequence","89.6","",""
"05/06/2024 15:00:00 - 05/06/2024 16:00:00","BZN|IE(SEM)","Without sequence","85.34","",""
"05/06/2024 16:00:00 - 05/06/2024 17:00:00","BZN|IE(SEM)","Without sequence","83.33","",""
"05/06/2024 17:00:00 - 05/06/2024 18:00:00","BZN|IE(SEM)","Without sequence","87.35","",""
"05/06/2024 18:00:00 - 05/06/2024 19:00:00","BZN|IE(SEM)","Without sequence","97.5","",""
"05/06/2024 19:00:00 - 05/06/2024 20:00:00","BZN|IE(SEM)","Without sequence","120.12","",""
"05/06/2024 20:00:00 - 05/06/2024 21:00:00","BZN|IE(SEM)","Without sequence","131.0","",""
"05/06/2024 21:00:00 - 05/06/2024 22:00:00","BZN|IE(SEM)","Without sequence","135.0","",""
"05/06/2024 22:00:00 - 05/06/2024 23:00:00","BZN|IE(SEM)","Without sequence","146.8","",""
"05/06/2024 23:00:00 - 06/06/2024 00:00:00","BZN|IE(SEM)","Without sequence","145.0","",""
"06/06/2024 00:00:00 - 06/06/2024 01:00:00","BZN|IE(SEM)","Without sequence","109.6","",""
"06/06/2024 01:00:00 - 06/06/2024 02:00:00","BZN|IE(SEM)","Without sequence","93.58","",""
"06/06/2024 02:00:00 - 06/06/2024 03:00:00","BZN|IE(SEM)","Without sequence","95.39","",""
"06/06/2024 03:00:00 - 06/06/2024 04:00:00","BZN|IE(SEM)","Without sequence","95.51","",""
"06/06/2024 04:00:00 - 06/06/2024 05:00:00","BZN|IE(SEM)","Without sequence","99.67","",""
"06/06/2024 05:00:00 - 06/06/2024 06:00:00","BZN|IE(SEM)","Without sequence","107.29","",""
"06/06/2024 06:00:00 - 06/06/2024 07:00:00","BZN|IE(SEM)","Without sequence","110.0","",""
"06/06/2024 07:00:00 - 06/06/2024 08:00:00","BZN|IE(SEM)","Without sequence","123.2","",""
"06/06/2024 08:00:00 - 06/06/2024 09:00:00","BZN|IE(SEM)","Without sequence","137.7","",""
"06/06/2024 09:00:00 - 06/06/2024 10:00:00","BZN|IE(SEM)","Without sequence","156.64","",""
"06/06/2024 10:00:00 - 06/06/2024 11:00:00","BZN|IE(SEM)","Without sequence","145.0","",""
"06/06/2024 11:00:00 - 06/06/2024 12:00:00","BZN|IE(SEM)","Without sequence","128.09","",""
"06/06/2024 12:00:00 - 06/06/2024 13:00:00","BZN|IE(SEM)","Without sequence","113.67","",""
"06/06/2024 13:00:00 - 06/06/2024 14:00:00","BZN|IE(SEM)","Without sequence","97.99","",""
"06/06/2024 14:00:00 - 06/06/2024 15:00:00","BZN|IE(SEM)","Without sequence","92.22","",""
"06/06/2024 15:00:00 - 06/06/2024 16:00:00","BZN|IE(SEM)","Without sequence","92.22","",""
"06/06/2024 16:00:00 - 06/06/2024 17:00:00","BZN|IE(SEM)","Without sequence","89.41","",""
"06/06/2024 17:00:00 - 06/06/2024 18:00:00","BZN|IE(SEM)","Without sequence","90.78","",""
"06/06/2024 18:00:00 - 06/06/2024 19:00:00","BZN|IE(SEM)","Without sequence","104.0","",""
"06/06/2024 19:00:00 - 06/06/2024 20:00:00","BZN|IE(SEM)","Without sequence","120.0","",""
"06/06/2024 20:00:00 - 06/06/2024 21:00:00","BZN|IE(SEM)","Without sequence","132.48","",""
"06/06/2024 21:00:00 - 06/06/2024 22:00:00","BZN|IE(SEM)","Without sequence","138.62","",""
"06/06/2024 22:00:00 - 06/06/2024 23:00:00","BZN|IE(SEM)","Without sequence","134.51","",""
"06/06/2024 23:00:00 - 07/06/2024 00:00:00","BZN|IE(SEM)","Without sequence","115.0","",""
"07/06/2024 00:00:00 - 07/06/2024 01:00:00","BZN|IE(SEM)","Without sequence","146.2","",""
"07/06/2024 01:00:00 - 07/06/2024 02:00:00","BZN|IE(SEM)","Without sequence","117.13","",""
"07/06/2024 02:00:00 - 07/06/2024 03:00:00","BZN|IE(SEM)","Without sequence","112.0","",""
"07/06/2024 03:00:00 - 07/06/2024 04:00:00","BZN|IE(SEM)","Without sequence","99.84","",""
"07/06/2024 04:00:00 - 07/06/2024 05:00:00","BZN|IE(SEM)","Without sequence","90.61","",""
"07/06/2024 05:00:00 - 07/06/2024 06:00:00","BZN|IE(SEM)","Without sequence","89.21","",""
"07/06/2024 06:00:00 - 07/06/2024 07:00:00","BZN|IE(SEM)","Without sequence","91.01","",""
"07/06/2024 07:00:00 - 07/06/2024 08:00:00","BZN|IE(SEM)","Without sequence","108.06","",""
"07/06/2024 08:00:00 - 07/06/2024 09:00:00","BZN|IE(SEM)","Without sequence","115.04","",""
"07/06/2024 09:00:00 - 07/06/2024 10:00:00","BZN|IE(SEM)","Without sequence","125.51","",""
"07/06/2024 10:00:00 - 07/06/2024 11:00:00","BZN|IE(SEM)","Without sequence","140.2","",""
"07/06/2024 11:00:00 - 07/06/2024 12:00:00","BZN|IE(SEM)","Without sequence","109.0","",""
"07/06/2024 12:00:00 - 07/06/2024 13:00:00","BZN|IE(SEM)","Without sequence","95.0","",""
"07/06/2024 13:00:00 - 07/06/2024 14:00:00","BZN|IE(SEM)","Without sequence","95.0","",""
"07/06/2024 14:00:00 - 07/06/2024 15:00:00","BZN|IE(SEM)","Without sequence","83.4","",""
"07/06/2024 15:00:00 - 07/06/2024 16:00:00","BZN|IE(SEM)","Without sequence","82.13","",""
"07/06/2024 16:00:00 - 07/06/2024 17:00:00","BZN|IE(SEM)","Without sequence","82.43","",""
"07/06/2024 17:00:00 - 07/06/2024 18:00:00","BZN|IE(SEM)","Without sequence","82.67","",""
"07/06/2024 18:00:00 - 07/06/2024 19:00:00","BZN|IE(SEM)","Without sequence","95.0","",""
"07/06/2024 19:00:00 - 07/06/2024 20:00:00","BZN|IE(SEM)","Without sequence","115.0","",""
"07/06/2024 20:00:00 - 07/06/2024 21:00:00","BZN|IE(SEM)","Without sequence","120.0","",""
"07/06/2024 21:00:00 - 07/06/2024 22:00:00","BZN|IE(SEM)","Without sequence","128.52","",""
"07/06/2024 22:00:00 - 07/06/2024 23:00:00","BZN|IE(SEM)","Without sequence","127.9","",""
"07/06/2024 23:00:00 - 08/06/2024 00:00:00","BZN|IE(SEM)","Without sequence","121.0","",""
"08/06/2024 00:00:00 - 08/06/2024 01:00:00","BZN|IE(SEM)","Without sequence","133.1","",""
"08/06/2024 01:00:00 - 08/06/2024 02:00:00","BZN|IE(SEM)","Without sequence","115.0","",""
"08/06/2024 02:00:00 - 08/06/2024 03:00:00","BZN|IE(SEM)","Without sequence","91.0","",""
"08/06/2024 03:00:00 - 08/06/2024 04:00:00","BZN|IE(SEM)","Without sequence","85.0","",""
"08/06/2024 04:00:00 - 08/06/2024 05:00:00","BZN|IE(SEM)","Without sequence","80.93","",""
"08/06/2024 05:00:00 - 08/06/2024 06:00:00","BZN|IE(SEM)","Without sequence","80.12","",""
"08/06/2024 06:00:00 - 08/06/2024 07:00:00","BZN|IE(SEM)","Without sequence","72.61","",""
"08/06/2024 07:00:00 - 08/06/2024 08:00:00","BZN|IE(SEM)","Without sequence","80.93","",""
"08/06/2024 08:00:00 - 08/06/2024 09:00:00","BZN|IE(SEM)","Without sequence","82.96","",""
"08/06/2024 09:00:00 - 08/06/2024 10:00:00","BZN|IE(SEM)","Without sequence","90.15","",""
"08/06/2024 10:00:00 - 08/06/2024 11:00:00","BZN|IE(SEM)","Without sequence","92.44","",""
"08/06/2024 11:00:00 - 08/06/2024 12:00:00","BZN|IE(SEM)","Without sequence","94.8","",""
"08/06/2024 12:00:00 - 08/06/2024 13:00:00","BZN|IE(SEM)","Without sequence","94.4","",""
"08/06/2024 13:00:00 - 08/06/2024 14:00:00","BZN|IE(SEM)","Without sequence","95.0","",""
"08/06/2024 14:00:00 - 08/06/2024 15:00:00","BZN|IE(SEM)","Without sequence","86.34","",""
"08/06/2024 15:00:00 - 08/06/2024 16:00:00","BZN|IE(SEM)","Without sequence","81.26","",""
"08/06/2024 16:00:00 - 08/06/2024 17:00:00","BZN|IE(SEM)","Without sequence","79.0","",""
"08/06/2024 17:00:00 - 08/06/2024 18:00:00","BZN|IE(SEM)","Without sequence","79.05","",""
"08/06/2024 18:00:00 - 08/06/2024 19:00:00","BZN|IE(SEM)","Without sequence","86.34","",""
"08/06/2024 19:00:00 - 08/06/2024 20:00:00","BZN|IE(SEM)","Without sequence","99.85","",""
"08/06/2024 20:00:00 - 08/06/2024 21:00:00","BZN|IE(SEM)","Without sequence","108.35","",""
"08/06/2024 21:00:00 - 08/06/2024 22:00:00","BZN|IE(SEM)","Without sequence","116.51","",""
"08/06/2024 22:00:00 - 08/06/2024 23:00:00","BZN|IE(SEM)","Without sequence","114.0","",""
"08/06/2024 23:00:00 - 09/06/2024 00:00:00","BZN|IE(SEM)","Without sequence","104.27","",""
"09/06/2024 00:00:00 - 09/06/2024 01:00:00","BZN|IE(SEM)","Without sequence","87.9","",""
"09/06/2024 01:00:00 - 09/06/2024 02:00:00","BZN|IE(SEM)","Without sequence","74.31","",""
"09/06/2024 02:00:00 - 09/06/2024 03:00:00","BZN|IE(SEM)","Without sequence","73.95","",""
"09/06/2024 03:00:00 - 09/06/2024 04:00:00","BZN|IE(SEM)","Without sequence","73.95","",""
"09/06/2024 04:00:00 - 09/06/2024 05:00:00","BZN|IE(SEM)","Without sequence","73.95","",""
"09/06/2024 05:00:00 - 09/06/2024 06:00:00","BZN|IE(SEM)","Without sequence","58.64","",""
"09/06/2024 06:00:00 - 09/06/2024 07:00:00","BZN|IE(SEM)","Without sequence","69.2","",""
"09/06/2024 07:00:00 - 09/06/2024 08:00:00","BZN|IE(SEM)","Without sequence","73.95","",""
"09/06/2024 08:00:00 - 09/06/2024 09:00:00","BZN|IE(SEM)","Without sequence","72.7","",""
"09/06/2024 09:00:00 - 09/06/2024 10:00:00","BZN|IE(SEM)","Without sequence","65.31","",""
"09/06/2024 10:00:00 - 09/06/2024 11:00:00","BZN|IE(SEM)","Without sequence","73.95","",""
"09/06/2024 11:00:00 - 09/06/2024 12:00:00","BZN|IE(SEM)","Without sequence","75.68","",""
"09/06/2024 12:00:00 - 09/06/2024 13:00:00","BZN|IE(SEM)","Without sequence","88.22","",""
"09/06/2024 13:00:00 - 09/06/2024 14:00:00","BZN|IE(SEM)","Without sequence","88.22","",""
"09/06/2024 14:00:00 - 09/06/2024 15:00:00","BZN|IE(SEM)","Without sequence","88.22","",""
"09/06/2024 15:00:00 - 09/06/2024 16:00:00","BZN|IE(SEM)","Without sequence","84.0","",""
"09/06/2024 16:00:00 - 09/06/2024 17:00:00","BZN|IE(SEM)","Without sequence","83.09","",""
"09/06/2024 17:00:00 - 09/06/2024 18:00:00","BZN|IE(SEM)","Without sequence","93.5","",""
"09/06/2024 18:00:00 - 09/06/2024 19:00:00","BZN|IE(SEM)","Without sequence","116.8","",""
"09/06/2024 19:00:00 - 09/06/2024 20:00:00","BZN|IE(SEM)","Without sequence","122.2","",""
"09/06/2024 20:00:00 - 09/06/2024 21:00:00","BZN|IE(SEM)","Without sequence","128.31","",""
"09/06/2024 21:00:00 - 09/06/2024 22:00:00","BZN|IE(SEM)","Without sequence","127.78","",""
"09/06/2024 22:00:00 - 09/06/2024 23:00:00","BZN|IE(SEM)","Without sequence","129.54","",""
"09/06/2024 23:00:00 - 10/06/2024 00:00:00","BZN|IE(SEM)","Without sequence","119.8","",""
"10/06/2024 00:00:00 - 10/06/2024 01:00:00","BZN|IE(SEM)","Without sequence","105.43","",""
"10/06/2024 01:00:00 - 10/06/2024 02:00:00","BZN|IE(SEM)","Without sequence","87.42","",""
"10/06/2024 02:00:00 - 10/06/2024 03:00:00","BZN|IE(SEM)","Without sequence","87.15","",""
"10/06/2024 03:00:00 - 10/06/2024 04:00:00","BZN|IE(SEM)","Without sequence","89.3","",""
"10/06/2024 04:00:00 - 10/06/2024 05:00:00","BZN|IE(SEM)","Without sequence","88.67","",""
"10/06/2024 05:00:00 - 10/06/2024 06:00:00","BZN|IE(SEM)","Without sequence","89.5","",""
"10/06/2024 06:00:00 - 10/06/2024 07:00:00","BZN|IE(SEM)","Without sequence","93.0","",""
"10/06/2024 07:00:00 - 10/06/2024 08:00:00","BZN|IE(SEM)","Without sequence","129.1","",""
"10/06/2024 08:00:00 - 10/06/2024 09:00:00","BZN|IE(SEM)","Without sequence","125.5","",""
"10/06/2024 09:00:00 - 10/06/2024 10:00:00","BZN|IE(SEM)","Without sequence","138.0","",""
"10/06/2024 10:00:00 - 10/06/2024 11:00:00","BZN|IE(SEM)","Without sequence","122.0","",""
"10/06/2024 11:00:00 - 10/06/2024 12:00:00","BZN|IE(SEM)","Without sequence","105.84","",""
"10/06/2024 12:00:00 - 10/06/2024 13:00:00","BZN|IE(SEM)","Without sequence","106.8","",""
"10/06/2024 13:00:00 - 10/06/2024 14:00:00","BZN|IE(SEM)","Without sequence","101.7","",""
"10/06/2024 14:00:00 - 10/06/2024 15:00:00","BZN|IE(SEM)","Without sequence","90.86","",""
"10/06/2024 15:00:00 - 10/06/2024 16:00:00","BZN|IE(SEM)","Without sequence","86.79","",""
"10/06/2024 16:00:00 - 10/06/2024 17:00:00","BZN|IE(SEM)","Without sequence","84.0","",""
"10/06/2024 17:00:00 - 10/06/2024 18:00:00","BZN|IE(SEM)","Without sequence","88.2","",""
"10/06/2024 18:00:00 - 10/06/2024 19:00:00","BZN|IE(SEM)","Without sequence","105.0","",""
"10/06/2024 19:00:00 - 10/06/2024 20:00:00","BZN|IE(SEM)","Without sequence","115.99","",""
"10/06/2024 20:00:00 - 10/06/2024 21:00:00","BZN|IE(SEM)","Without sequence","120.0","",""
"10/06/2024 21:00:00 - 10/06/2024 22:00:00","BZN|IE(SEM)","Without sequence","125.0","",""
"10/06/2024 22:00:00 - 10/06/2024 23:00:00","BZN|IE(SEM)","Without sequence","127.42","",""
"10/06/2024 23:00:00 - 11/06/2024 00:00:00","BZN|IE(SEM)","Without sequence","126.57","",""
"11/06/2024 00:00:00 - 11/06/2024 01:00:00","BZN|IE(SEM)","Without sequence","120.0","",""
"11/06/2024 01:00:00 - 11/06/2024 02:00:00","BZN|IE(SEM)","Without sequence","101.54","",""
"11/06/2024 02:00:00 - 11/06/2024 03:00:00","BZN|IE(SEM)","Without sequence","97.2","",""
"11/06/2024 03:00:00 - 11/06/2024 04:00:00","BZN|IE(SEM)","Without sequence","99.82","",""
"11/06/2024 04:00:00 - 11/06/2024 05:00:00","BZN|IE(SEM)","Without sequence","100.0","",""
"11/06/2024 05:00:00 - 11/06/2024 06:00:00","BZN|IE(SEM)","Without sequence","102.8","",""
"11/06/2024 06:00:00 - 11/06/2024 07:00:00","BZN|IE(SEM)","Without sequence","100.2","",""
"11/06/2024 07:00:00 - 11/06/2024 08:00:00","BZN|IE(SEM)","Without sequence","95.03","",""
"11/06/2024 08:00:00 - 11/06/2024 09:00:00","BZN|IE(SEM)","Without sequence","127.8","",""
"11/06/2024 09:00:00 - 11/06/2024 10:00:00","BZN|IE(SEM)","Without sequence","143.7","",""
"11/06/2024 10:00:00 - 11/06/2024 11:00:00","BZN|IE(SEM)","Without sequence","128.79","",""
"11/06/2024 11:00:00 - 11/06/2024 12:00:00","BZN|IE(SEM)","Without sequence","114.99","",""
"11/06/2024 12:00:00 - 11/06/2024 13:00:00","BZN|IE(SEM)","Without sequence","109.2","",""
"11/06/2024 13:00:00 - 11/06/2024 14:00:00","BZN|IE(SEM)","Without sequence","112.5","",""
"11/06/2024 14:00:00 - 11/06/2024 15:00:00","BZN|IE(SEM)","Without sequence","106.67","",""
"11/06/2024 15:00:00 - 11/06/2024 16:00:00","BZN|IE(SEM)","Without sequence","103.09","",""
"11/06/2024 16:00:00 - 11/06/2024 17:00:00","BZN|IE(SEM)","Without sequence","103.09","",""
"11/06/2024 17:00:00 - 11/06/2024 18:00:00","BZN|IE(SEM)","Without sequence","104.89","",""
"11/06/2024 18:00:00 - 11/06/2024 19:00:00","BZN|IE(SEM)","Without sequence","123.05","",""
"11/06/2024 19:00:00 - 11/06/2024 20:00:00","BZN|IE(SEM)","Without sequence","128.73","",""
"11/06/2024 20:00:00 - 11/06/2024 21:00:00","BZN|IE(SEM)","Without sequence","130.17","",""
"11/06/2024 21:00:00 - 11/06/2024 22:00:00","BZN|IE(SEM)","Without sequence","137.13","",""
"11/06/2024 22:00:00 - 11/06/2024 23:00:00","BZN|IE(SEM)","Without sequence","134.64","",""
"11/06/2024 23:00:00 - 12/06/2024 00:00:00","BZN|IE(SEM)","Without sequence","129.17","",""
"12/06/2024 00:00:00 - 12/06/2024 01:00:00","BZN|IE(SEM)","Without sequence","105.68","",""
"12/06/2024 01:00:00 - 12/06/2024 02:00:00","BZN|IE(SEM)","Without sequence","101.0","",""
"12/06/2024 02:00:00 - 12/06/2024 03:00:00","BZN|IE(SEM)","Without sequence","100.0","",""
"12/06/2024 03:00:00 - 12/06/2024 04:00:00","BZN|IE(SEM)","Without sequence","99.7","",""
"12/06/2024 04:00:00 - 12/06/2024 05:00:00","BZN|IE(SEM)","Without sequence","97.93","",""
"12/06/2024 05:00:00 - 12/06/2024 06:00:00","BZN|IE(SEM)","Without sequence","97.35","",""
"12/06/2024 06:00:00 - 12/06/2024 07:00:00","BZN|IE(SEM)","Without sequence","103.29","",""
"12/06/2024 07:00:00 - 12/06/2024 08:00:00","BZN|IE(SEM)","Without sequence","114.18","",""
"12/06/2024 08:00:00 - 12/06/2024 09:00:00","BZN|IE(SEM)","Without sequence","127.0","",""
"12/06/2024 09:00:00 - 12/06/2024 10:00:00","BZN|IE(SEM)","Without sequence","161.13","",""
"12/06/2024 10:00:00 - 12/06/2024 11:00:00","BZN|IE(SEM)","Without sequence","156.5","",""
"12/06/2024 11:00:00 - 12/06/2024 12:00:00","BZN|IE(SEM)","Without sequence","152.2","",""
"12/06/2024 12:00:00 - 12/06/2024 13:00:00","BZN|IE(SEM)","Without sequence","144.7","",""
"12/06/2024 13:00:00 - 12/06/2024 14:00:00","BZN|IE(SEM)","Without sequence","141.0","",""
"12/06/2024 14:00:00 - 12/06/2024 15:00:00","BZN|IE(SEM)","Without sequence","126.3","",""
"12/06/2024 15:00:00 - 12/06/2024 16:00:00","BZN|IE(SEM)","Without sequence","118.22","",""
"12/06/2024 16:00:00 - 12/06/2024 17:00:00","BZN|IE(SEM)","Without sequence","117.1","",""
"12/06/2024 17:00:00 - 12/06/2024 18:00:00","BZN|IE(SEM)","Without sequence","120.08","",""
"12/06/2024 18:00:00 - 12/06/2024 19:00:00","BZN|IE(SEM)","Without sequence","130.9","",""
"12/06/2024 19:00:00 - 12/06/2024 20:00:00","BZN|IE(SEM)","Without sequence","138.91","",""
"12/06/2024 20:00:00 - 12/06/2024 21:00:00","BZN|IE(SEM)","Without sequence","145.07","",""
"12/06/2024 21:00:00 - 12/06/2024 22:00:00","BZN|IE(SEM)","Without sequence","144.0","",""
"12/06/2024 22:00:00 - 12/06/2024 23:00:00","BZN|IE(SEM)","Without sequence","130.42","",""
"12/06/2024 23:00:00 - 13/06/2024 00:00:00","BZN|IE(SEM)","Without sequence","107.53","",""
"13/06/2024 00:00:00 - 13/06/2024 01:00:00","BZN|IE(SEM)","Without sequence","125.29","",""
"13/06/2024 01:00:00 - 13/06/2024 02:00:00","BZN|IE(SEM)","Without sequence","102.11","",""
"13/06/2024 02:00:00 - 13/06/2024 03:00:00","BZN|IE(SEM)","Without sequence","94.93","",""
"13/06/2024 03:00:00 - 13/06/2024 04:00:00","BZN|IE(SEM)","Without sequence","88.3","",""
"13/06/2024 04:00:00 - 13/06/2024 05:00:00","BZN|IE(SEM)","Without sequence","84.0","",""
"13/06/2024 05:00:00 - 13/06/2024 06:00:00","BZN|IE(SEM)","Without sequence","80.77","",""
"13/06/2024 06:00:00 - 13/06/2024 07:00:00","BZN|IE(SEM)","Without sequence","84.25","",""
"13/06/2024 07:00:00 - 13/06/2024 08:00:00","BZN|IE(SEM)","Without sequence","104.67","",""
"13/06/2024 08:00:00 - 13/06/2024 09:00:00","BZN|IE(SEM)","Without sequence","108.57","",""
"13/06/2024 09:00:00 - 13/06/2024 10:00:00","BZN|IE(SEM)","Without sequence","114.07","",""
"13/06/2024 10:00:00 - 13/06/2024 11:00:00","BZN|IE(SEM)","Without sequence","112.0","",""
"13/06/2024 11:00:00 - 13/06/2024 12:00:00","BZN|IE(SEM)","Without sequence","100.0","",""
"13/06/2024 12:00:00 - 13/06/2024 13:00:00","BZN|IE(SEM)","Without sequence","104.89","",""
"13/06/2024 13:00:00 - 13/06/2024 14:00:00","BZN|IE(SEM)","Without sequence","97.31","",""
"13/06/2024 14:00:00 - 13/06/2024 15:00:00","BZN|IE(SEM)","Without sequence","89.88","",""
"13/06/2024 15:00:00 - 13/06/2024 16:00:00","BZN|IE(SEM)","Without sequence","83.69","",""
"13/06/2024 16:00:00 - 13/06/2024 17:00:00","BZN|IE(SEM)","Without sequence","80.0","",""
"13/06/2024 17:00:00 - 13/06/2024 18:00:00","BZN|IE(SEM)","Without sequence","87.06","",""
"13/06/2024 18:00:00 - 13/06/2024 19:00:00","BZN|IE(SEM)","Without sequence","103.15","",""
"13/06/2024 19:00:00 - 13/06/2024 20:00:00","BZN|IE(SEM)","Without sequence","115.0","",""
"13/06/2024 20:00:00 - 13/06/2024 21:00:00","BZN|IE(SEM)","Without sequence","122.23","",""
"13/06/2024 21:00:00 - 13/06/2024 22:00:00","BZN|IE(SEM)","Without sequence","119.0","",""
"13/06/2024 22:00:00 - 13/06/2024 23:00:00","BZN|IE(SEM)","Without sequence","111.12","",""
"13/06/2024 23:00:00 - 14/06/2024 00:00:00","BZN|IE(SEM)","Without sequence","101.14","",""
"14/06/2024 00:00:00 - 14/06/2024 01:00:00","BZN|IE(SEM)","Without sequence","77.91","",""
"14/06/2024 01:00:00 - 14/06/2024 02:00:00","BZN|IE(SEM)","Without sequence","71.3","",""
"14/06/2024 02:00:00 - 14/06/2024 03:00:00","BZN|IE(SEM)","Without sequence","57.39","",""
"14/06/2024 03:00:00 - 14/06/2024 04:00:00","BZN|IE(SEM)","Without sequence","54.08","",""
"14/06/2024 04:00:00 - 14/06/2024 05:00:00","BZN|IE(SEM)","Without sequence","55.0","",""
"14/06/2024 05:00:00 - 14/06/2024 06:00:00","BZN|IE(SEM)","Without sequence","65.0","",""
"14/06/2024 06:00:00 - 14/06/2024 07:00:00","BZN|IE(SEM)","Without sequence","76.33","",""
"14/06/2024 07:00:00 - 14/06/2024 08:00:00","BZN|IE(SEM)","Without sequence","98.91","",""
"14/06/2024 08:00:00 - 14/06/2024 09:00:00","BZN|IE(SEM)","Without sequence","120.5","",""
"14/06/2024 09:00:00 - 14/06/2024 10:00:00","BZN|IE(SEM)","Without sequence","140.58","",""
"14/06/2024 10:00:00 - 14/06/2024 11:00:00","BZN|IE(SEM)","Without sequence","131.27","",""
"14/06/2024 11:00:00 - 14/06/2024 12:00:00","BZN|IE(SEM)","Without sequence","120.52","",""
"14/06/2024 12:00:00 - 14/06/2024 13:00:00","BZN|IE(SEM)","Without sequence","116.14","",""
"14/06/2024 13:00:00 - 14/06/2024 14:00:00","BZN|IE(SEM)","Without sequence","121.7","",""
"14/06/2024 14:00:00 - 14/06/2024 15:00:00","BZN|IE(SEM)","Without sequence","102.61","",""
"14/06/2024 15:00:00 - 14/06/2024 16:00:00","BZN|IE(SEM)","Without sequence","89.09","",""
"14/06/2024 16:00:00 - 14/06/2024 17:00:00","BZN|IE(SEM)","Without sequence","83.94","",""
"14/06/2024 17:00:00 - 14/06/2024 18:00:00","BZN|IE(SEM)","Without sequence","89.0","",""
"14/06/2024 18:00:00 - 14/06/2024 19:00:00","BZN|IE(SEM)","Without sequence","104.03","",""
"14/06/2024 19:00:00 - 14/06/2024 20:00:00","BZN|IE(SEM)","Without sequence","120.03","",""
"14/06/2024 20:00:00 - 14/06/2024 21:00:00","BZN|IE(SEM)","Without sequence","130.7","",""
"14/06/2024 21:00:00 - 14/06/2024 22:00:00","BZN|IE(SEM)","Without sequence","131.9","",""
"14/06/2024 22:00:00 - 14/06/2024 23:00:00","BZN|IE(SEM)","Without sequence","127.05","",""
"14/06/2024 23:00:00 - 15/06/2024 00:00:00","BZN|IE(SEM)","Without sequence","106.22","",""
"15/06/2024 00:00:00 - 15/06/2024 01:00:00","BZN|IE(SEM)","Without sequence","124.0","",""
"15/06/2024 01:00:00 - 15/06/2024 02:00:00","BZN|IE(SEM)","Without sequence","102.3","",""
"15/06/2024 02:00:00 - 15/06/2024 03:00:00","BZN|IE(SEM)","Without sequence","92.71","",""
"15/06/2024 03:00:00 - 15/06/2024 04:00:00","BZN|IE(SEM)","Without sequence","88.0","",""
"15/06/2024 04:00:00 - 15/06/2024 05:00:00","BZN|IE(SEM)","Without sequence","83.88","",""
"15/06/2024 05:00:00 - 15/06/2024 06:00:00","BZN|IE(SEM)","Without sequence","78.49","",""
"15/06/2024 06:00:00 - 15/06/2024 07:00:00","BZN|IE(SEM)","Without sequence","76.37","",""
"15/06/2024 07:00:00 - 15/06/2024 08:00:00","BZN|IE(SEM)","Without sequence","85.0","",""
"15/06/2024 08:00:00 - 15/06/2024 09:00:00","BZN|IE(SEM)","Without sequence","95.0","",""
"15/06/2024 09:00:00 - 15/06/2024 10:00:00","BZN|IE(SEM)","Without sequence","107.35","",""
"15/06/2024 10:00:00 - 15/06/2024 11:00:00","BZN|IE(SEM)","Without sequence","110.06","",""
"15/06/2024 11:00:00 - 15/06/2024 12:00:00","BZN|IE(SEM)","Without sequence","105.21","",""
"15/06/2024 12:00:00 - 15/06/2024 13:00:00","BZN|IE(SEM)","Without sequence","94.11","",""
"15/06/2024 13:00:00 - 15/06/2024 14:00:00","BZN|IE(SEM)","Without sequence","90.0","",""
"15/06/2024 14:00:00 - 15/06/2024 15:00:00","BZN|IE(SEM)","Without sequence","81.0","",""
"15/06/2024 15:00:00 - 15/06/2024 16:00:00","BZN|IE(SEM)","Without sequence","76.37","",""
"15/06/2024 16:00:00 - 15/06/2024 17:00:00","BZN|IE(SEM)","Without sequence","76.37","",""
"15/06/2024 17:00:00 - 15/06/2024 18:00:00","BZN|IE(SEM)","Without sequence","91.0","",""
"15/06/2024 18:00:00 - 15/06/2024 19:00:00","BZN|IE(SEM)","Without sequence","110.0","",""
"15/06/2024 19:00:00 - 15/06/2024 20:00:00","BZN|IE(SEM)","Without sequence","118.93","",""
"15/06/2024 20:00:00 - 15/06/2024 21:00:00","BZN|IE(SEM)","Without sequence","129.98","",""
"15/06/2024 21:00:00 - 15/06/2024 22:00:00","BZN|IE(SEM)","Without sequence","132.32","",""
"15/06/2024 22:00:00 - 15/06/2024 23:00:00","BZN|IE(SEM)","Without sequence","143.9","",""
"15/06/2024 23:00:00 - 16/06/2024 00:00:00","BZN|IE(SEM)","Without sequence","152.11","",""
"16/06/2024 00:00:00 - 16/06/2024 01:00:00","BZN|IE(SEM)","Without sequence","141.0","",""
"16/06/2024 01:00:00 - 16/06/2024 02:00:00","BZN|IE(SEM)","Without sequence","118.9","",""
"16/06/2024 02:00:00 - 16/06/2024 03:00:00","BZN|IE(SEM)","Without sequence","102.02","",""
"16/06/2024 03:00:00 - 16/06/2024 04:00:00","BZN|IE(SEM)","Without sequence","99.7","",""
"16/06/2024 04:00:00 - 16/06/2024 05:00:00","BZN|IE(SEM)","Without sequence","99.7","",""
"16/06/2024 05:00:00 - 16/06/2024 06:00:00","BZN|IE(SEM)","Without sequence","95.0","",""
"16/06/2024 06:00:00 - 16/06/2024 07:00:00","BZN|IE(SEM)","Without sequence","91.43","",""
"16/06/2024 07:00:00 - 16/06/2024 08:00:00","BZN|IE(SEM)","Without sequence","91.21","",""
"16/06/2024 08:00:00 - 16/06/2024 09:00:00","BZN|IE(SEM)","Without sequence","90.64","",""
"16/06/2024 09:00:00 - 16/06/2024 10:00:00","BZN|IE(SEM)","Without sequence","102.99","",""
"16/06/2024 10:00:00 - 16/06/2024 11:00:00","BZN|IE(SEM)","Without sequence","115.0","",""
"16/06/2024 11:00:00 - 16/06/2024 12:00:00","BZN|IE(SEM)","Without sequence","124.3","",""
"16/06/2024 12:00:00 - 16/06/2024 13:00:00","BZN|IE(SEM)","Without sequence","121.61","",""
"16/06/2024 13:00:00 - 16/06/2024 14:00:00","BZN|IE(SEM)","Without sequence","122.07","",""
"16/06/2024 14:00:00 - 16/06/2024 15:00:00","BZN|IE(SEM)","Without sequence","108.29","",""
"16/06/2024 15:00:00 - 16/06/2024 16:00:00","BZN|IE(SEM)","Without sequence","99.7","",""
"16/06/2024 16:00:00 - 16/06/2024 17:00:00","BZN|IE(SEM)","Without sequence","94.17","",""
"16/06/2024 17:00:00 - 16/06/2024 18:00:00","BZN|IE(SEM)","Without sequence","107.29","",""
"16/06/2024 18:00:00 - 16/06/2024 19:00:00","BZN|IE(SEM)","Without sequence","123.02","",""
"16/06/2024 19:00:00 - 16/06/2024 20:00:00","BZN|IE(SEM)","Without sequence","135.0","",""
"16/06/2024 20:00:00 - 16/06/2024 21:00:00","BZN|IE(SEM)","Without sequence","136.14","",""
"16/06/2024 21:00:00 - 16/06/2024 22:00:00","BZN|IE(SEM)","Without sequence","140.29","",""
"16/06/2024 22:00:00 - 16/06/2024 23:00:00","BZN|IE(SEM)","Without sequence","140.67","",""
"16/06/2024 23:00:00 - 17/06/2024 00:00:00","BZN|IE(SEM)","Without sequence","135.0","",""
"17/06/2024 00:00:00 - 17/06/2024 01:00:00","BZN|IE(SEM)","Without sequence","107.45","",""
"17/06/2024 01:00:00 - 17/06/2024 02:00:00","BZN|IE(SEM)","Without sequence","97.0","",""
"17/06/2024 02:00:00 - 17/06/2024 03:00:00","BZN|IE(SEM)","Without sequence","94.72","",""
"17/06/2024 03:00:00 - 17/06/2024 04:00:00","BZN|IE(SEM)","Without sequence","94.72","",""
"17/06/2024 04:00:00 - 17/06/2024 05:00:00","BZN|IE(SEM)","Without sequence","93.35","",""
"17/06/2024 05:00:00 - 17/06/2024 06:00:00","BZN|IE(SEM)","Without sequence","94.72","",""
"17/06/2024 06:00:00 - 17/06/2024 07:00:00","BZN|IE(SEM)","Without sequence","101.6","",""
"17/06/2024 07:00:00 - 17/06/2024 08:00:00","BZN|IE(SEM)","Without sequence","121.11","",""
"17/06/2024 08:00:00 - 17/06/2024 09:00:00","BZN|IE(SEM)","Without sequence","127.91","",""
"17/06/2024 09:00:00 - 17/06/2024 10:00:00","BZN|IE(SEM)","Without sequence","138.1","",""
"17/06/2024 10:00:00 - 17/06/2024 11:00:00","BZN|IE(SEM)","Without sequence","133.11","",""
"17/06/2024 11:00:00 - 17/06/2024 12:00:00","BZN|IE(SEM)","Without sequence","125.0","",""
"17/06/2024 12:00:00 - 17/06/2024 13:00:00","BZN|IE(SEM)","Without sequence","124.0","",""
"17/06/2024 13:00:00 - 17/06/2024 14:00:00","BZN|IE(SEM)","Without sequence","125.0","",""
"17/06/2024 14:00:00 - 17/06/2024 15:00:00","BZN|IE(SEM)","Without sequence","112.8","",""
"17/06/2024 15:00:00 - 17/06/2024 16:00:00","BZN|IE(SEM)","Without sequence","109.42","",""
"17/06/2024 16:00:00 - 17/06/2024 17:00:00","BZN|IE(SEM)","Without sequence","107.39","",""
"17/06/2024 17:00:00 - 17/06/2024 18:00:00","BZN|IE(SEM)","Without sequence","113.35","",""
"17/06/2024 18:00:00 - 17/06/2024 19:00:00","BZN|IE(SEM)","Without sequence","134.41","",""
"17/06/2024 19:00:00 - 17/06/2024 20:00:00","BZN|IE(SEM)","Without sequence","135.76","",""
"17/06/2024 20:00:00 - 17/06/2024 21:00:00","BZN|IE(SEM)","Without sequence","140.72","",""
"17/06/2024 21:00:00 - 17/06/2024 22:00:00","BZN|IE(SEM)","Without sequence","136.07","",""
"17/06/2024 22:00:00 - 17/06/2024 23:00:00","BZN|IE(SEM)","Without sequence","130.63","",""
"17/06/2024 23:00:00 - 18/06/2024 00:00:00","BZN|IE(SEM)","Without sequence","112.92","",""
"18/06/2024 00:00:00 - 18/06/2024 01:00:00","BZN|IE(SEM)","Without sequence","102.99","",""
"18/06/2024 01:00:00 - 18/06/2024 02:00:00","BZN|IE(SEM)","Without sequence","101.31","",""
"18/06/2024 02:00:00 - 18/06/2024 03:00:00","BZN|IE(SEM)","Without sequence","94.0","",""
"18/06/2024 03:00:00 - 18/06/2024 04:00:00","BZN|IE(SEM)","Without sequence","93.0","",""
"18/06/2024 04:00:00 - 18/06/2024 05:00:00","BZN|IE(SEM)","Without sequence","93.32","",""
"18/06/2024 05:00:00 - 18/06/2024 06:00:00","BZN|IE(SEM)","Without sequence","94.0","",""
"18/06/2024 06:00:00 - 18/06/2024 07:00:00","BZN|IE(SEM)","Without sequence","99.17","",""
"18/06/2024 07:00:00 - 18/06/2024 08:00:00","BZN|IE(SEM)","Without sequence","112.0","",""
"18/06/2024 08:00:00 - 18/06/2024 09:00:00","BZN|IE(SEM)","Without sequence","122.63","",""
"18/06/2024 09:00:00 - 18/06/2024 10:00:00","BZN|IE(SEM)","Without sequence","124.0","",""
"18/06/2024 10:00:00 - 18/06/2024 11:00:00","BZN|IE(SEM)","Without sequence","114.0","",""
"18/06/2024 11:00:00 - 18/06/2024 12:00:00","BZN|IE(SEM)","Without sequence","106.48","",""
"18/06/2024 12:00:00 - 18/06/2024 13:00:00","BZN|IE(SEM)","Without sequence","105.44","",""
"18/06/2024 13:00:00 - 18/06/2024 14:00:00","BZN|IE(SEM)","Without sequence","105.44","",""
"18/06/2024 14:00:00 - 18/06/2024 15:00:00","BZN|IE(SEM)","Without sequence","92.44","",""
"18/06/2024 15:00:00 - 18/06/2024 16:00:00","BZN|IE(SEM)","Without sequence","88.17","",""
"18/06/2024 16:00:00 - 18/06/2024 17:00:00","BZN|IE(SEM)","Without sequence","87.11","",""
"18/06/2024 17:00:00 - 18/06/2024 18:00:00","BZN|IE(SEM)","Without sequence","89.24","",""
"18/06/2024 18:00:00 - 18/06/2024 19:00:00","BZN|IE(SEM)","Without sequence","107.47","",""
"18/06/2024 19:00:00 - 18/06/2024 20:00:00","BZN|IE(SEM)","Without sequence","119.0","",""
"18/06/2024 20:00:00 - 18/06/2024 21:00:00","BZN|IE(SEM)","Without sequence","120.17","",""
"18/06/2024 21:00:00 - 18/06/2024 22:00:00","BZN|IE(SEM)","Without sequence","119.0","",""
"18/06/2024 22:00:00 - 18/06/2024 23:00:00","BZN|IE(SEM)","Without sequence","111.9","",""
"18/06/2024 23:00:00 - 19/06/2024 00:00:00","BZN|IE(SEM)","Without sequence","100.56","",""
"19/06/2024 00:00:00 - 19/06/2024 01:00:00","BZN|IE(SEM)","Without sequence","94.42","",""
"19/06/2024 01:00:00 - 19/06/2024 02:00:00","BZN|IE(SEM)","Without sequence","91.95","",""
"19/06/2024 02:00:00 - 19/06/2024 03:00:00","BZN|IE(SEM)","Without sequence","93.0","",""
"19/06/2024 03:00:00 - 19/06/2024 04:00:00","BZN|IE(SEM)","Without sequence","92.5","",""
"19/06/2024 04:00:00 - 19/06/2024 05:00:00","BZN|IE(SEM)","Without sequence","92.09","",""
"19/06/2024 05:00:00 - 19/06/2024 06:00:00","BZN|IE(SEM)","Without sequence","91.53","",""
"19/06/2024 06:00:00 - 19/06/2024 07:00:00","BZN|IE(SEM)","Without sequence","93.92","",""
"19/06/2024 07:00:00 - 19/06/2024 08:00:00","BZN|IE(SEM)","Without sequence","111.0","",""
"19/06/2024 08:00:00 - 19/06/2024 09:00:00","BZN|IE(SEM)","Without sequence","133.13","",""
"19/06/2024 09:00:00 - 19/06/2024 10:00:00","BZN|IE(SEM)","Without sequence","158.87","",""
"19/06/2024 10:00:00 - 19/06/2024 11:00:00","BZN|IE(SEM)","Without sequence","145.0","",""
"19/06/2024 11:00:00 - 19/06/2024 12:00:00","BZN|IE(SEM)","Without sequence","138.57","",""
"19/06/2024 12:00:00 - 19/06/2024 13:00:00","BZN|IE(SEM)","Without sequence","130.75","",""
"19/06/2024 13:00:00 - 19/06/2024 14:00:00","BZN|IE(SEM)","Without sequence","123.14","",""
"19/06/2024 14:00:00 - 19/06/2024 15:00:00","BZN|IE(SEM)","Without sequence","109.2","",""
"19/06/2024 15:00:00 - 19/06/2024 16:00:00","BZN|IE(SEM)","Without sequence","103.88","",""
"19/06/2024 16:00:00 - 19/06/2024 17:00:00","BZN|IE(SEM)","Without sequence","103.88","",""
"19/06/2024 17:00:00 - 19/06/2024 18:00:00","BZN|IE(SEM)","Without sequence","107.4","",""
"19/06/2024 18:00:00 - 19/06/2024 19:00:00","BZN|IE(SEM)","Without sequence","122.52","",""
"19/06/2024 19:00:00 - 19/06/2024 20:00:00","BZN|IE(SEM)","Without sequence","138.13","",""
"19/06/2024 20:00:00 - 19/06/2024 21:00:00","BZN|IE(SEM)","Without sequence","138.56","",""
"19/06/2024 21:00:00 - 19/06/2024 22:00:00","BZN|IE(SEM)","Without sequence","136.52","",""
"19/06/2024 22:00:00 - 19/06/2024 23:00:00","BZN|IE(SEM)","Without sequence","133.06","",""
"19/06/2024 23:00:00 - 20/06/2024 00:00:00","BZN|IE(SEM)","Without sequence","111.65","",""
"20/06/2024 00:00:00 - 20/06/2024 01:00:00","BZN|IE(SEM)","Without sequence","105.02","",""
"20/06/2024 01:00:00 - 20/06/2024 02:00:00","BZN|IE(SEM)","Without sequence","100.05","",""
"20/06/2024 02:00:00 - 20/06/2024 03:00:00","BZN|IE(SEM)","Without sequence","94.92","",""
"20/06/2024 03:00:00 - 20/06/2024 04:00:00","BZN|IE(SEM)","Without sequence","94.92","",""
"20/06/2024 04:00:00 - 20/06/2024 05:00:00","BZN|IE(SEM)","Without sequence","94.92","",""
"20/06/2024 05:00:00 - 20/06/2024 06:00:00","BZN|IE(SEM)","Without sequence","94.92","",""
"20/06/2024 06:00:00 - 20/06/2024 07:00:00","BZN|IE(SEM)","Without sequence","98.01","",""
"20/06/2024 07:00:00 - 20/06/2024 08:00:00","BZN|IE(SEM)","Without sequence","114.24","",""
"20/06/2024 08:00:00 - 20/06/2024 09:00:00","BZN|IE(SEM)","Without sequence","151.61","",""
"20/06/2024 09:00:00 - 20/06/2024 10:00:00","BZN|IE(SEM)","Without sequence","173.7","",""
"20/06/2024 10:00:00 - 20/06/2024 11:00:00","BZN|IE(SEM)","Without sequence","165.0","",""
"20/06/2024 11:00:00 - 20/06/2024 12:00:00","BZN|IE(SEM)","Without sequence","148.6","",""
"20/06/2024 12:00:00 - 20/06/2024 13:00:00","BZN|IE(SEM)","Without sequence","136.6","",""
"20/06/2024 13:00:00 - 20/06/2024 14:00:00","BZN|IE(SEM)","Without sequence","122.16","",""
"20/06/2024 14:00:00 - 20/06/2024 15:00:00","BZN|IE(SEM)","Without sequence","107.96","",""
"20/06/2024 15:00:00 - 20/06/2024 16:00:00","BZN|IE(SEM)","Without sequence","104.67","",""
"20/06/2024 16:00:00 - 20/06/2024 17:00:00","BZN|IE(SEM)","Without sequence","100.0","",""
"20/06/2024 17:00:00 - 20/06/2024 18:00:00","BZN|IE(SEM)","Without sequence","103.0","",""
"20/06/2024 18:00:00 - 20/06/2024 19:00:00","BZN|IE(SEM)","Without sequence","118.4","",""
"20/06/2024 19:00:00 - 20/06/2024 20:00:00","BZN|IE(SEM)","Without sequence","130.24","",""
"20/06/2024 20:00:00 - 20/06/2024 21:00:00","BZN|IE(SEM)","Without sequence","133.27","",""
"20/06/2024 21:00:00 - 20/06/2024 22:00:00","BZN|IE(SEM)","Without sequence","129.35","",""
"20/06/2024 22:00:00 - 20/06/2024 23:00:00","BZN|IE(SEM)","Without sequence","115.66","",""
"20/06/2024 23:00:00 - 21/06/2024 00:00:00","BZN|IE(SEM)","Without sequence","102.4","",""
"21/06/2024 00:00:00 - 21/06/2024 01:00:00","BZN|IE(SEM)","Without sequence","104.0","",""
"21/06/2024 01:00:00 - 21/06/2024 02:00:00","BZN|IE(SEM)","Without sequence","94.68","",""
"21/06/2024 02:00:00 - 21/06/2024 03:00:00","BZN|IE(SEM)","Without sequence","88.55","",""
"21/06/2024 03:00:00 - 21/06/2024 04:00:00","BZN|IE(SEM)","Without sequence","86.53","",""
"21/06/2024 04:00:00 - 21/06/2024 05:00:00","BZN|IE(SEM)","Without sequence","86.0","",""
"21/06/2024 05:00:00 - 21/06/2024 06:00:00","BZN|IE(SEM)","Without sequence","85.58","",""
"21/06/2024 06:00:00 - 21/06/2024 07:00:00","BZN|IE(SEM)","Without sequence","89.74","",""
"21/06/2024 07:00:00 - 21/06/2024 08:00:00","BZN|IE(SEM)","Without sequence","105.61","",""
"21/06/2024 08:00:00 - 21/06/2024 09:00:00","BZN|IE(SEM)","Without sequence","110.86","",""
"21/06/2024 09:00:00 - 21/06/2024 10:00:00","BZN|IE(SEM)","Without sequence","108.0","",""
"21/06/2024 10:00:00 - 21/06/2024 11:00:00","BZN|IE(SEM)","Without sequence","97.78","",""
"21/06/2024 11:00:00 - 21/06/2024 12:00:00","BZN|IE(SEM)","Without sequence","87.93","",""
"21/06/2024 12:00:00 - 21/06/2024 13:00:00","BZN|IE(SEM)","Without sequence","86.16","",""
"21/06/2024 13:00:00 - 21/06/2024 14:00:00","BZN|IE(SEM)","Without sequence","83.04","",""
"21/06/2024 14:00:00 - 21/06/2024 15:00:00","BZN|IE(SEM)","Without sequence","81.32","",""
"21/06/2024 15:00:00 - 21/06/2024 16:00:00","BZN|IE(SEM)","Without sequence","83.04","",""
"21/06/2024 16:00:00 - 21/06/2024 17:00:00","BZN|IE(SEM)","Without sequence","85.27","",""
"21/06/2024 17:00:00 - 21/06/2024 18:00:00","BZN|IE(SEM)","Without sequence","92.02","",""
"21/06/2024 18:00:00 - 21/06/2024 19:00:00","BZN|IE(SEM)","Without sequence","105.52","",""
"21/06/2024 19:00:00 - 21/06/2024 20:00:00","BZN|IE(SEM)","Without sequence","117.58","",""
"21/06/2024 20:00:00 - 21/06/2024 21:00:00","BZN|IE(SEM)","Without sequence","120.0","",""
"21/06/2024 21:00:00 - 21/06/2024 22:00:00","BZN|IE(SEM)","Without sequence","120.47","",""
"21/06/2024 22:00:00 - 21/06/2024 23:00:00","BZN|IE(SEM)","Without sequence","119.87","",""
"21/06/2024 23:00:00 - 22/06/2024 00:00:00","BZN|IE(SEM)","Without sequence","125.0","",""
"22/06/2024 00:00:00 - 22/06/2024 01:00:00","BZN|IE(SEM)","Without sequence","135.0","",""
"22/06/2024 01:00:00 - 22/06/2024 02:00:00","BZN|IE(SEM)","Without sequence","112.46","",""
"22/06/2024 02:00:00 - 22/06/2024 03:00:00","BZN|IE(SEM)","Without sequence","104.5","",""
"22/06/2024 03:00:00 - 22/06/2024 04:00:00","BZN|IE(SEM)","Without sequence","99.44","",""
"22/06/2024 04:00:00 - 22/06/2024 05:00:00","BZN|IE(SEM)","Without sequence","95.0","",""
"22/06/2024 05:00:00 - 22/06/2024 06:00:00","BZN|IE(SEM)","Without sequence","95.78","",""
"22/06/2024 06:00:00 - 22/06/2024 07:00:00","BZN|IE(SEM)","Without sequence","95.41","",""
"22/06/2024 07:00:00 - 22/06/2024 08:00:00","BZN|IE(SEM)","Without sequence","100.74","",""
"22/06/2024 08:00:00 - 22/06/2024 09:00:00","BZN|IE(SEM)","Without sequence","122.47","",""
"22/06/2024 09:00:00 - 22/06/2024 10:00:00","BZN|IE(SEM)","Without sequence","145.0","",""
"22/06/2024 10:00:00 - 22/06/2024 11:00:00","BZN|IE(SEM)","Without sequence","139.49","",""
"22/06/2024 11:00:00 - 22/06/2024 12:00:00","BZN|IE(SEM)","Without sequence","126.68","",""
"22/06/2024 12:00:00 - 22/06/2024 13:00:00","BZN|IE(SEM)","Without sequence","113.64","",""
"22/06/2024 13:00:00 - 22/06/2024 14:00:00","BZN|IE(SEM)","Without sequence","104.82","",""
"22/06/2024 14:00:00 - 22/06/2024 15:00:00","BZN|IE(SEM)","Without sequence","88.79","",""
"22/06/2024 15:00:00 - 22/06/2024 16:00:00","BZN|IE(SEM)","Without sequence","81.01","",""
"22/06/2024 16:00:00 - 22/06/2024 17:00:00","BZN|IE(SEM)","Without sequence","81.01","",""
"22/06/2024 17:00:00 - 22/06/2024 18:00:00","BZN|IE(SEM)","Without sequence","91.1","",""
"22/06/2024 18:00:00 - 22/06/2024 19:00:00","BZN|IE(SEM)","Without sequence","122.2","",""
"22/06/2024 19:00:00 - 22/06/2024 20:00:00","BZN|IE(SEM)","Without sequence","144.42","",""
"22/06/2024 20:00:00 - 22/06/2024 21:00:00","BZN|IE(SEM)","Without sequence","145.0","",""
"22/06/2024 21:00:00 - 22/06/2024 22:00:00","BZN|IE(SEM)","Without sequence","146.0","",""
"22/06/2024 22:00:00 - 22/06/2024 23:00:00","BZN|IE(SEM)","Without sequence","150.0","",""
"22/06/2024 23:00:00 - 23/06/2024 00:00:00","BZN|IE(SEM)","Without sequence","165.0","",""
"23/06/2024 00:00:00 - 23/06/2024 01:00:00","BZN|IE(SEM)","Without sequence","141.0","",""
"23/06/2024 01:00:00 - 23/06/2024 02:00:00","BZN|IE(SEM)","Without sequence","121.8","",""
"23/06/2024 02:00:00 - 23/06/2024 03:00:00","BZN|IE(SEM)","Without sequence","95.0","",""
"23/06/2024 03:00:00 - 23/06/2024 04:00:00","BZN|IE(SEM)","Without sequence","97.73","",""
"23/06/2024 04:00:00 - 23/06/2024 05:00:00","BZN|IE(SEM)","Without sequence","104.0","",""
"23/06/2024 05:00:00 - 23/06/2024 06:00:00","BZN|IE(SEM)","Without sequence","100.01","",""
"23/06/2024 06:00:00 - 23/06/2024 07:00:00","BZN|IE(SEM)","Without sequence","91.97","",""
"23/06/2024 07:00:00 - 23/06/2024 08:00:00","BZN|IE(SEM)","Without sequence","95.0","",""
"23/06/2024 08:00:00 - 23/06/2024 09:00:00","BZN|IE(SEM)","Without sequence","94.31","",""
"23/06/2024 09:00:00 - 23/06/2024 10:00:00","BZN|IE(SEM)","Without sequence","125.0","",""
"23/06/2024 10:00:00 - 23/06/2024 11:00:00","BZN|IE(SEM)","Without sequence","132.0","",""
"23/06/2024 11:00:00 - 23/06/2024 12:00:00","BZN|IE(SEM)","Without sequence","151.0","",""
"23/06/2024 12:00:00 - 23/06/2024 13:00:00","BZN|IE(SEM)","Without sequence","148.9","",""
"23/06/2024 13:00:00 - 23/06/2024 14:00:00","BZN|IE(SEM)","Without sequence","135.0","",""
"23/06/2024 14:00:00 - 23/06/2024 15:00:00","BZN|IE(SEM)","Without sequence","111.58","",""
"23/06/2024 15:00:00 - 23/06/2024 16:00:00","BZN|IE(SEM)","Without sequence","99.72","",""
"23/06/2024 16:00:00 - 23/06/2024 17:00:00","BZN|IE(SEM)","Without sequence","99.72","",""
"23/06/2024 17:00:00 - 23/06/2024 18:00:00","BZN|IE(SEM)","Without sequence","105.35","",""
"23/06/2024 18:00:00 - 23/06/2024 19:00:00","BZN|IE(SEM)","Without sequence","122.78","",""
"23/06/2024 19:00:00 - 23/06/2024 20:00:00","BZN|IE(SEM)","Without sequence","145.0","",""
"23/06/2024 20:00:00 - 23/06/2024 21:00:00","BZN|IE(SEM)","Without sequence","140.02","",""
"23/06/2024 21:00:00 - 23/06/2024 22:00:00","BZN|IE(SEM)","Without sequence","143.0","",""
"23/06/2024 22:00:00 - 23/06/2024 23:00:00","BZN|IE(SEM)","Without sequence","140.01","",""
"23/06/2024 23:00:00 - 24/06/2024 00:00:00","BZN|IE(SEM)","Without sequence","131.0","",""
"24/06/2024 00:00:00 - 24/06/2024 01:00:00","BZN|IE(SEM)","Without sequence","104.0","",""
"24/06/2024 01:00:00 - 24/06/2024 02:00:00","BZN|IE(SEM)","Without sequence","98.04","",""
"24/06/2024 02:00:00 - 24/06/2024 03:00:00","BZN|IE(SEM)","Without sequence","94.37","",""
"24/06/2024 03:00:00 - 24/06/2024 04:00:00","BZN|IE(SEM)","Without sequence","92.13","",""
"24/06/2024 04:00:00 - 24/06/2024 05:00:00","BZN|IE(SEM)","Without sequence","95.0","",""
"24/06/2024 05:00:00 - 24/06/2024 06:00:00","BZN|IE(SEM)","Without sequence","93.0","",""
"24/06/2024 06:00:00 - 24/06/2024 07:00:00","BZN|IE(SEM)","Without sequence","99.62","",""
"24/06/2024 07:00:00 - 24/06/2024 08:00:00","BZN|IE(SEM)","Without sequence","113.0","",""
"24/06/2024 08:00:00 - 24/06/2024 09:00:00","BZN|IE(SEM)","Without sequence","121.61","",""
"24/06/2024 09:00:00 - 24/06/2024 10:00:00","BZN|IE(SEM)","Without sequence","136.0","",""
"24/06/2024 10:00:00 - 24/06/2024 11:00:00","BZN|IE(SEM)","Without sequence","126.0","",""
"24/06/2024 11:00:00 - 24/06/2024 12:00:00","BZN|IE(SEM)","Without sequence","106.0","",""
"24/06/2024 12:00:00 - 24/06/2024 13:00:00","BZN|IE(SEM)","Without sequence","99.0","",""
"24/06/2024 13:00:00 - 24/06/2024 14:00:00","BZN|IE(SEM)","Without sequence","98.71","",""
"24/06/2024 14:00:00 - 24/06/2024 15:00:00","BZN|IE(SEM)","Without sequence","91.21","",""
"24/06/2024 15:00:00 - 24/06/2024 16:00:00","BZN|IE(SEM)","Without sequence","87.42","",""
"24/06/2024 16:00:00 - 24/06/2024 17:00:00","BZN|IE(SEM)","Without sequence","86.53","",""
"24/06/2024 17:00:00 - 24/06/2024 18:00:00","BZN|IE(SEM)","Without sequence","94.66","",""
"24/06/2024 18:00:00 - 24/06/2024 19:00:00","BZN|IE(SEM)","Without sequence","109.66","",""
"24/06/2024 19:00:00 - 24/06/2024 20:00:00","BZN|IE(SEM)","Without sequence","130.0","",""
"24/06/2024 20:00:00 - 24/06/2024 21:00:00","BZN|IE(SEM)","Without sequence","137.62","",""
"24/06/2024 21:00:00 - 24/06/2024 22:00:00","BZN|IE(SEM)","Without sequence","140.0","",""
"24/06/2024 22:00:00 - 24/06/2024 23:00:00","BZN|IE(SEM)","Without sequence","138.01","",""
"24/06/2024 23:00:00 - 25/06/2024 00:00:00","BZN|IE(SEM)","Without sequence","140.0","",""
"25/06/2024 00:00:00 - 25/06/2024 01:00:00","BZN|IE(SEM)","Without sequence","118.91","",""
"25/06/2024 01:00:00 - 25/06/2024 02:00:00","BZN|IE(SEM)","Without sequence","107.09","",""
"25/06/2024 02:00:00 - 25/06/2024 03:00:00","BZN|IE(SEM)","Without sequence","102.0","",""
"25/06/2024 03:00:00 - 25/06/2024 04:00:00","BZN|IE(SEM)","Without sequence","102.0","",""
"25/06/2024 04:00:00 - 25/06/2024 05:00:00","BZN|IE(SEM)","Without sequence","98.11","",""
"25/06/2024 05:00:00 - 25/06/2024 06:00:00","BZN|IE(SEM)","Without sequence","97.56","",""
"25/06/2024 06:00:00 - 25/06/2024 07:00:00","BZN|IE(SEM)","Without sequence","104.82","",""
"25/06/2024 07:00:00 - 25/06/2024 08:00:00","BZN|IE(SEM)","Without sequence","121.58","",""
"25/06/2024 08:00:00 - 25/06/2024 09:00:00","BZN|IE(SEM)","Without sequence","139.0","",""
"25/06/2024 09:00:00 - 25/06/2024 10:00:00","BZN|IE(SEM)","Without sequence","161.0","",""
"25/06/2024 10:00:00 - 25/06/2024 11:00:00","BZN|IE(SEM)","Without sequence","166.3","",""
"25/06/2024 11:00:00 - 25/06/2024 12:00:00","BZN|IE(SEM)","Without sequence","170.0","",""
"25/06/2024 12:00:00 - 25/06/2024 13:00:00","BZN|IE(SEM)","Without sequence","165.03","",""
"25/06/2024 13:00:00 - 25/06/2024 14:00:00","BZN|IE(SEM)","Without sequence","165.0","",""
"25/06/2024 14:00:00 - 25/06/2024 15:00:00","BZN|IE(SEM)","Without sequence","146.0","",""
"25/06/2024 15:00:00 - 25/06/2024 16:00:00","BZN|IE(SEM)","Without sequence","135.2","",""
"25/06/2024 16:00:00 - 25/06/2024 17:00:00","BZN|IE(SEM)","Without sequence","137.23","",""
"25/06/2024 17:00:00 - 25/06/2024 18:00:00","BZN|IE(SEM)","Without sequence","140.66","",""
"25/06/2024 18:00:00 - 25/06/2024 19:00:00","BZN|IE(SEM)","Without sequence","155.0","",""
"25/06/2024 19:00:00 - 25/06/2024 20:00:00","BZN|IE(SEM)","Without sequence","151.18","",""
"25/06/2024 20:00:00 - 25/06/2024 21:00:00","BZN|IE(SEM)","Without sequence","154.25","",""
"25/06/2024 21:00:00 - 25/06/2024 22:00:00","BZN|IE(SEM)","Without sequence","147.1","",""
"25/06/2024 22:00:00 - 25/06/2024 23:00:00","BZN|IE(SEM)","Without sequence","136.0","",""
"25/06/2024 23:00:00 - 26/06/2024 00:00:00","BZN|IE(SEM)","Without sequence","125.0","",""
"26/06/2024 00:00:00 - 26/06/2024 01:00:00","BZN|IE(SEM)","Without sequence","110.0","",""
"26/06/2024 01:00:00 - 26/06/2024 02:00:00","BZN|IE(SEM)","Without sequence","99.0","",""
"26/06/2024 02:00:00 - 26/06/2024 03:00:00","BZN|IE(SEM)","Without sequence","96.7","",""
"26/06/2024 03:00:00 - 26/06/2024 04:00:00","BZN|IE(SEM)","Without sequence","96.7","",""
"26/06/2024 04:00:00 - 26/06/2024 05:00:00","BZN|IE(SEM)","Without sequence","96.7","",""
"26/06/2024 05:00:00 - 26/06/2024 06:00:00","BZN|IE(SEM)","Without sequence","96.7","",""
"26/06/2024 06:00:00 - 26/06/2024 07:00:00","BZN|IE(SEM)","Without sequence","103.14","",""
"26/06/2024 07:00:00 - 26/06/2024 08:00:00","BZN|IE(SEM)","Without sequence","128.15","",""
"26/06/2024 08:00:00 - 26/06/2024 09:00:00","BZN|IE(SEM)","Without sequence","147.0","",""
"26/06/2024 09:00:00 - 26/06/2024 10:00:00","BZN|IE(SEM)","Without sequence","180.0","",""
"26/06/2024 10:00:00 - 26/06/2024 11:00:00","BZN|IE(SEM)","Without sequence","155.0","",""
"26/06/2024 11:00:00 - 26/06/2024 12:00:00","BZN|IE(SEM)","Without sequence","133.0","",""
"26/06/2024 12:00:00 - 26/06/2024 13:00:00","BZN|IE(SEM)","Without sequence","103.0","",""
"26/06/2024 13:00:00 - 26/06/2024 14:00:00","BZN|IE(SEM)","Without sequence","94.66","",""
"26/06/2024 14:00:00 - 26/06/2024 15:00:00","BZN|IE(SEM)","Without sequence","84.41","",""
"26/06/2024 15:00:00 - 26/06/2024 16:00:00","BZN|IE(SEM)","Without sequence","82.41","",""
"26/06/2024 16:00:00 - 26/06/2024 17:00:00","BZN|IE(SEM)","Without sequence","81.9","",""
"26/06/2024 17:00:00 - 26/06/2024 18:00:00","BZN|IE(SEM)","Without sequence","88.48","",""
"26/06/2024 18:00:00 - 26/06/2024 19:00:00","BZN|IE(SEM)","Without sequence","93.32","",""
"26/06/2024 19:00:00 - 26/06/2024 20:00:00","BZN|IE(SEM)","Without sequence","115.0","",""
"26/06/2024 20:00:00 - 26/06/2024 21:00:00","BZN|IE(SEM)","Without sequence","113.51","",""
"26/06/2024 21:00:00 - 26/06/2024 22:00:00","BZN|IE(SEM)","Without sequence","113.5","",""
"26/06/2024 22:00:00 - 26/06/2024 23:00:00","BZN|IE(SEM)","Without sequence","97.27","",""
"26/06/2024 23:00:00 - 27/06/2024 00:00:00","BZN|IE(SEM)","Without sequence","91.0","",""
"27/06/2024 00:00:00 - 27/06/2024 01:00:00","BZN|IE(SEM)","Without sequence","97.02","",""
"27/06/2024 01:00:00 - 27/06/2024 02:00:00","BZN|IE(SEM)","Without sequence","89.06","",""
"27/06/2024 02:00:00 - 27/06/2024 03:00:00","BZN|IE(SEM)","Without sequence","77.4","",""
"27/06/2024 03:00:00 - 27/06/2024 04:00:00","BZN|IE(SEM)","Without sequence","66.34","",""
"27/06/2024 04:00:00 - 27/06/2024 05:00:00","BZN|IE(SEM)","Without sequence","60.0","",""
"27/06/2024 05:00:00 - 27/06/2024 06:00:00","BZN|IE(SEM)","Without sequence","60.0","",""
"27/06/2024 06:00:00 - 27/06/2024 07:00:00","BZN|IE(SEM)","Without sequence","52.71","",""
"27/06/2024 07:00:00 - 27/06/2024 08:00:00","BZN|IE(SEM)","Without sequence","80.01","",""
"27/06/2024 08:00:00 - 27/06/2024 09:00:00","BZN|IE(SEM)","Without sequence","95.68","",""
"27/06/2024 09:00:00 - 27/06/2024 10:00:00","BZN|IE(SEM)","Without sequence","89.24","",""
"27/06/2024 10:00:00 - 27/06/2024 11:00:00","BZN|IE(SEM)","Without sequence","74.01","",""
"27/06/2024 11:00:00 - 27/06/2024 12:00:00","BZN|IE(SEM)","Without sequence","55.0","",""
"27/06/2024 12:00:00 - 27/06/2024 13:00:00","BZN|IE(SEM)","Without sequence","42.11","",""
"27/06/2024 13:00:00 - 27/06/2024 14:00:00","BZN|IE(SEM)","Without sequence","32.09","",""
"27/06/2024 14:00:00 - 27/06/2024 15:00:00","BZN|IE(SEM)","Without sequence","22.09","",""
"27/06/2024 15:00:00 - 27/06/2024 16:00:00","BZN|IE(SEM)","Without sequence","22.0","",""
"27/06/2024 16:00:00 - 27/06/2024 17:00:00","BZN|IE(SEM)","Without sequence","25.59","",""
"27/06/2024 17:00:00 - 27/06/2024 18:00:00","BZN|IE(SEM)","Without sequence","42.38","",""
"27/06/2024 18:00:00 - 27/06/2024 19:00:00","BZN|IE(SEM)","Without sequence","74.24","",""
"27/06/2024 19:00:00 - 27/06/2024 20:00:00","BZN|IE(SEM)","Without sequence","89.0","",""
"27/06/2024 20:00:00 - 27/06/2024 21:00:00","BZN|IE(SEM)","Without sequence","99.0","",""
"27/06/2024 21:00:00 - 27/06/2024 22:00:00","BZN|IE(SEM)","Without sequence","97.91","",""
"27/06/2024 22:00:00 - 27/06/2024 23:00:00","BZN|IE(SEM)","Without sequence","90.0","",""
"27/06/2024 23:00:00 - 28/06/2024 00:00:00","BZN|IE(SEM)","Without sequence","77.86","",""
"28/06/2024 00:00:00 - 28/06/2024 01:00:00","BZN|IE(SEM)","Without sequence","52.0","",""
"28/06/2024 01:00:00 - 28/06/2024 02:00:00","BZN|IE(SEM)","Without sequence","37.57","",""
"28/06/2024 02:00:00 - 28/06/2024 03:00:00","BZN|IE(SEM)","Without sequence","30.73","",""
"28/06/2024 03:00:00 - 28/06/2024 04:00:00","BZN|IE(SEM)","Without sequence","30.0","",""
"28/06/2024 04:00:00 - 28/06/2024 05:00:00","BZN|IE(SEM)","Without sequence","30.0","",""
"28/06/2024 05:00:00 - 28/06/2024 06:00:00","BZN|IE(SEM)","Without sequence","27.17","",""
"28/06/2024 06:00:00 - 28/06/2024 07:00:00","BZN|IE(SEM)","Without sequence","39.71","",""
"28/06/2024 07:00:00 - 28/06/2024 08:00:00","BZN|IE(SEM)","Without sequence","72.69","",""
"28/06/2024 08:00:00 - 28/06/2024 09:00:00","BZN|IE(SEM)","Without sequence","82.11","",""
"28/06/2024 09:00:00 - 28/06/2024 10:00:00","BZN|IE(SEM)","Without sequence","92.0","",""
"28/06/2024 10:00:00 - 28/06/2024 11:00:00","BZN|IE(SEM)","Without sequence","82.73","",""
"28/06/2024 11:00:00 - 28/06/2024 12:00:00","BZN|IE(SEM)","Without sequence","80.4","",""
"28/06/2024 12:00:00 - 28/06/2024 13:00:00","BZN|IE(SEM)","Without sequence","75.7","",""
"28/06/2024 13:00:00 - 28/06/2024 14:00:00","BZN|IE(SEM)","Without sequence","80.4","",""
"28/06/2024 14:00:00 - 28/06/2024 15:00:00","BZN|IE(SEM)","Without sequence","75.1","",""
"28/06/2024 15:00:00 - 28/06/2024 16:00:00","BZN|IE(SEM)","Without sequence","72.69","",""
"28/06/2024 16:00:00 - 28/06/2024 17:00:00","BZN|IE(SEM)","Without sequence","78.65","",""
"28/06/2024 17:00:00 - 28/06/2024 18:00:00","BZN|IE(SEM)","Without sequence","84.56","",""
"28/06/2024 18:00:00 - 28/06/2024 19:00:00","BZN|IE(SEM)","Without sequence","85.03","",""
"28/06/2024 19:00:00 - 28/06/2024 20:00:00","BZN|IE(SEM)","Without sequence","116.0","",""
"28/06/2024 20:00:00 - 28/06/2024 21:00:00","BZN|IE(SEM)","Without sequence","135.0","",""
"28/06/2024 21:00:00 - 28/06/2024 22:00:00","BZN|IE(SEM)","Without sequence","163.5","",""
"28/06/2024 22:00:00 - 28/06/2024 23:00:00","BZN|IE(SEM)","Without sequence","173.0","",""
"28/06/2024 23:00:00 - 29/06/2024 00:00:00","BZN|IE(SEM)","Without sequence","168.46","",""
"29/06/2024 00:00:00 - 29/06/2024 01:00:00","BZN|IE(SEM)","Without sequence","138.48","",""
"29/06/2024 01:00:00 - 29/06/2024 02:00:00","BZN|IE(SEM)","Without sequence","128.57","",""
"29/06/2024 02:00:00 - 29/06/2024 03:00:00","BZN|IE(SEM)","Without sequence","115.3","",""
"29/06/2024 03:00:00 - 29/06/2024 04:00:00","BZN|IE(SEM)","Without sequence","116.05","",""
"29/06/2024 04:00:00 - 29/06/2024 05:00:00","BZN|IE(SEM)","Without sequence","115.0","",""
"29/06/2024 05:00:00 - 29/06/2024 06:00:00","BZN|IE(SEM)","Without sequence","115.0","",""
"29/06/2024 06:00:00 - 29/06/2024 07:00:00","BZN|IE(SEM)","Without sequence","115.0","",""
"29/06/2024 07:00:00 - 29/06/2024 08:00:00","BZN|IE(SEM)","Without sequence","119.33","",""
"29/06/2024 08:00:00 - 29/06/2024 09:00:00","BZN|IE(SEM)","Without sequence","120.0","",""
"29/06/2024 09:00:00 - 29/06/2024 10:00:00","BZN|IE(SEM)","Without sequence","144.9","",""
"29/06/2024 10:00:00 - 29/06/2024 11:00:00","BZN|IE(SEM)","Without sequence","157.2","",""
"29/06/2024 11:00:00 - 29/06/2024 12:00:00","BZN|IE(SEM)","Without sequence","154.7","",""
"29/06/2024 12:00:00 - 29/06/2024 13:00:00","BZN|IE(SEM)","Without sequence","155.0","",""
"29/06/2024 13:00:00 - 29/06/2024 14:00:00","BZN|IE(SEM)","Without sequence","144.0","",""
"29/06/2024 14:00:00 - 29/06/2024 15:00:00","BZN|IE(SEM)","Without sequence","138.8","",""
"29/06/2024 15:00:00 - 29/06/2024 16:00:00","BZN|IE(SEM)","Without sequence","109.1","",""
"29/06/2024 16:00:00 - 29/06/2024 17:00:00","BZN|IE(SEM)","Without sequence","91.83","",""
"29/06/2024 17:00:00 - 29/06/2024 18:00:00","BZN|IE(SEM)","Without sequence","100.0","",""
"29/06/2024 18:00:00 - 29/06/2024 19:00:00","BZN|IE(SEM)","Without sequence","101.6","",""
"29/06/2024 19:00:00 - 29/06/2024 20:00:00","BZN|IE(SEM)","Without sequence","112.3","",""
"29/06/2024 20:00:00 - 29/06/2024 21:00:00","BZN|IE(SEM)","Without sequence","120.0","",""
"29/06/2024 21:00:00 - 29/06/2024 22:00:00","BZN|IE(SEM)","Without sequence","120.0","",""
"29/06/2024 22:00:00 - 29/06/2024 23:00:00","BZN|IE(SEM)","Without sequence","111.34","",""
"29/06/2024 23:00:00 - 30/06/2024 00:00:00","BZN|IE(SEM)","Without sequence","100.46","",""
"30/06/2024 00:00:00 - 30/06/2024 01:00:00","BZN|IE(SEM)","Without sequence","97.87","",""
"30/06/2024 01:00:00 - 30/06/2024 02:00:00","BZN|IE(SEM)","Without sequence","91.55","",""
"30/06/2024 02:00:00 - 30/06/2024 03:00:00","BZN|IE(SEM)","Without sequence","92.04","",""
"30/06/2024 03:00:00 - 30/06/2024 04:00:00","BZN|IE(SEM)","Without sequence","88.67","",""
"30/06/2024 04:00:00 - 30/06/2024 05:00:00","BZN|IE(SEM)","Without sequence","84.52","",""
"30/06/2024 05:00:00 - 30/06/2024 06:00:00","BZN|IE(SEM)","Without sequence","81.98","",""
"30/06/2024 06:00:00 - 30/06/2024 07:00:00","BZN|IE(SEM)","Without sequence","77.2","",""
"30/06/2024 07:00:00 - 30/06/2024 08:00:00","BZN|IE(SEM)","Without sequence","76.14","",""
"30/06/2024 08:00:00 - 30/06/2024 09:00:00","BZN|IE(SEM)","Without sequence","75.0","",""
"30/06/2024 09:00:00 - 30/06/2024 10:00:00","BZN|IE(SEM)","Without sequence","83.15","",""
"30/06/2024 10:00:00 - 30/06/2024 11:00:00","BZN|IE(SEM)","Without sequence","93.5","",""
"30/06/2024 11:00:00 - 30/06/2024 12:00:00","BZN|IE(SEM)","Without sequence","102.3","",""
"30/06/2024 12:00:00 - 30/06/2024 13:00:00","BZN|IE(SEM)","Without sequence","104.44","",""
"30/06/2024 13:00:00 - 30/06/2024 14:00:00","BZN|IE(SEM)","Without sequence","108.29","",""
"30/06/2024 14:00:00 - 30/06/2024 15:00:00","BZN|IE(SEM)","Without sequence","102.15","",""
"30/06/2024 15:00:00 - 30/06/2024 16:00:00","BZN|IE(SEM)","Without sequence","99.0","",""
"30/06/2024 16:00:00 - 30/06/2024 17:00:00","BZN|IE(SEM)","Without sequence","95.0","",""
"30/06/2024 17:00:00 - 30/06/2024 18:00:00","BZN|IE(SEM)","Without sequence","100.47","",""
"30/06/2024 18:00:00 - 30/06/2024 19:00:00","BZN|IE(SEM)","Without sequence","113.24","",""
"30/06/2024 19:00:00 - 30/06/2024 20:00:00","BZN|IE(SEM)","Without sequence","119.0","",""
"30/06/2024 20:00:00 - 30/06/2024 21:00:00","BZN|IE(SEM)","Without sequence","127.99","",""
"30/06/2024 21:00:00 - 30/06/2024 22:00:00","BZN|IE(SEM)","Without sequence","130.03","",""
"30/06/2024 22:00:00 - 30/06/2024 23:00:00","BZN|IE(SEM)","Without sequence","130.0","",""
"30/06/2024 23:00:00 - 01/07/2024 00:00:00","BZN|IE(SEM)","Without sequence","128.63","",""
"01/07/2024 00:00:00 - 01/07/2024 01:00:00","BZN|IE(SEM)","Without sequence","99.0","",""
"01/07/2024 01:00:00 - 01/07/2024 02:00:00","BZN|IE(SEM)","Without sequence","92.12","",""
"01/07/2024 02:00:00 - 01/07/2024 03:00:00","BZN|IE(SEM)","Without sequence","86.62","",""
"01/07/2024 03:00:00 - 01/07/2024 04:00:00","BZN|IE(SEM)","Without sequence","85.33","",""
"01/07/2024 04:00:00 - 01/07/2024 05:00:00","BZN|IE(SEM)","Without sequence","82.12","",""
"01/07/2024 05:00:00 - 01/07/2024 06:00:00","BZN|IE(SEM)","Without sequence","81.93","",""
"01/07/2024 06:00:00 - 01/07/2024 07:00:00","BZN|IE(SEM)","Without sequence","90.01","",""
"01/07/2024 07:00:00 - 01/07/2024 08:00:00","BZN|IE(SEM)","Without sequence","100.0","",""
"01/07/2024 08:00:00 - 01/07/2024 09:00:00","BZN|IE(SEM)","Without sequence","120.93","",""
"01/07/2024 09:00:00 - 01/07/2024 10:00:00","BZN|IE(SEM)","Without sequence","126.5","",""
"01/07/2024 10:00:00 - 01/07/2024 11:00:00","BZN|IE(SEM)","Without sequence","126.0","",""
"01/07/2024 11:00:00 - 01/07/2024 12:00:00","BZN|IE(SEM)","Without sequence","120.0","",""
"01/07/2024 12:00:00 - 01/07/2024 13:00:00","BZN|IE(SEM)","Without sequence","117.29","",""
"01/07/2024 13:00:00 - 01/07/2024 14:00:00","BZN|IE(SEM)","Without sequence","107.68","",""
"01/07/2024 14:00:00 - 01/07/2024 15:00:00","BZN|IE(SEM)","Without sequence","91.39","",""
"01/07/2024 15:00:00 - 01/07/2024 16:00:00","BZN|IE(SEM)","Without sequence","88.27","",""
"01/07/2024 16:00:00 - 01/07/2024 17:00:00","BZN|IE(SEM)","Without sequence","84.64","",""
"01/07/2024 17:00:00 - 01/07/2024 18:00:00","BZN|IE(SEM)","Without sequence","85.6","",""
"01/07/2024 18:00:00 - 01/07/2024 19:00:00","BZN|IE(SEM)","Without sequence","91.91","",""
"01/07/2024 19:00:00 - 01/07/2024 20:00:00","BZN|IE(SEM)","Without sequence","105.03","",""
"01/07/2024 20:00:00 - 01/07/2024 21:00:00","BZN|IE(SEM)","Without sequence","108.57","",""
"01/07/2024 21:00:00 - 01/07/2024 22:00:00","BZN|IE(SEM)","Without sequence","112.0","",""
"01/07/2024 22:00:00 - 01/07/2024 23:00:00","BZN|IE(SEM)","Without sequence","107.0","",""
"01/07/2024 23:00:00 - 02/07/2024 00:00:00","BZN|IE(SEM)","Without sequence","108.0","",""
"02/07/2024 00:00:00 - 02/07/2024 01:00:00","BZN|IE(SEM)","Without sequence","86.0","",""
"02/07/2024 01:00:00 - 02/07/2024 02:00:00","BZN|IE(SEM)","Without sequence","81.77","",""
"02/07/2024 02:00:00 - 02/07/2024 03:00:00","BZN|IE(SEM)","Without sequence","78.25","",""
"02/07/2024 03:00:00 - 02/07/2024 04:00:00","BZN|IE(SEM)","Without sequence","76.95","",""
"02/07/2024 04:00:00 - 02/07/2024 05:00:00","BZN|IE(SEM)","Without sequence","76.6","",""
"02/07/2024 05:00:00 - 02/07/2024 06:00:00","BZN|IE(SEM)","Without sequence","77.0","",""
"02/07/2024 06:00:00 - 02/07/2024 07:00:00","BZN|IE(SEM)","Without sequence","81.43","",""
"02/07/2024 07:00:00 - 02/07/2024 08:00:00","BZN|IE(SEM)","Without sequence","100.38","",""
"02/07/2024 08:00:00 - 02/07/2024 09:00:00","BZN|IE(SEM)","Without sequence","141.0","",""
"02/07/2024 09:00:00 - 02/07/2024 10:00:00","BZN|IE(SEM)","Without sequence","167.2","",""
"02/07/2024 10:00:00 - 02/07/2024 11:00:00","BZN|IE(SEM)","Without sequence","172.0","",""
"02/07/2024 11:00:00 - 02/07/2024 12:00:00","BZN|IE(SEM)","Without sequence","155.0","",""
"02/07/2024 12:00:00 - 02/07/2024 13:00:00","BZN|IE(SEM)","Without sequence","147.9","",""
"02/07/2024 13:00:00 - 02/07/2024 14:00:00","BZN|IE(SEM)","Without sequence","130.0","",""
"02/07/2024 14:00:00 - 02/07/2024 15:00:00","BZN|IE(SEM)","Without sequence","113.35","",""
"02/07/2024 15:00:00 - 02/07/2024 16:00:00","BZN|IE(SEM)","Without sequence","104.82","",""
"02/07/2024 16:00:00 - 02/07/2024 17:00:00","BZN|IE(SEM)","Without sequence","105.0","",""
"02/07/2024 17:00:00 - 02/07/2024 18:00:00","BZN|IE(SEM)","Without sequence","115.15","",""
"02/07/2024 18:00:00 - 02/07/2024 19:00:00","BZN|IE(SEM)","Without sequence","135.0","",""
"02/07/2024 19:00:00 - 02/07/2024 20:00:00","BZN|IE(SEM)","Without sequence","137.16","",""
"02/07/2024 20:00:00 - 02/07/2024 21:00:00","BZN|IE(SEM)","Without sequence","135.0","",""
"02/07/2024 21:00:00 - 02/07/2024 22:00:00","BZN|IE(SEM)","Without sequence","129.57","",""
"02/07/2024 22:00:00 - 02/07/2024 23:00:00","BZN|IE(SEM)","Without sequence","115.0","",""
"02/07/2024 23:00:00 - 03/07/2024 00:00:00","BZN|IE(SEM)","Without sequence","96.86","",""
"03/07/2024 00:00:00 - 03/07/2024 01:00:00","BZN|IE(SEM)","Without sequence","111.41","",""
"03/07/2024 01:00:00 - 03/07/2024 02:00:00","BZN|IE(SEM)","Without sequence","93.88","",""
"03/07/2024 02:00:00 - 03/07/2024 03:00:00","BZN|IE(SEM)","Without sequence","79.76","",""
"03/07/2024 03:00:00 - 03/07/2024 04:00:00","BZN|IE(SEM)","Without sequence","71.63","",""
"03/07/2024 04:00:00 - 03/07/2024 05:00:00","BZN|IE(SEM)","Without sequence","67.54","",""
"03/07/2024 05:00:00 - 03/07/2024 06:00:00","BZN|IE(SEM)","Without sequence","64.01","",""
"03/07/2024 06:00:00 - 03/07/2024 07:00:00","BZN|IE(SEM)","Without sequence","71.63","",""
"03/07/2024 07:00:00 - 03/07/2024 08:00:00","BZN|IE(SEM)","Without sequence","90.51","",""
"03/07/2024 08:00:00 - 03/07/2024 09:00:00","BZN|IE(SEM)","Without sequence","124.0","",""
"03/07/2024 09:00:00 - 03/07/2024 10:00:00","BZN|IE(SEM)","Without sequence","131.3","",""
"03/07/2024 10:00:00 - 03/07/2024 11:00:00","BZN|IE(SEM)","Without sequence","125.54","",""
"03/07/2024 11:00:00 - 03/07/2024 12:00:00","BZN|IE(SEM)","Without sequence","109.0","",""
"03/07/2024 12:00:00 - 03/07/2024 13:00:00","BZN|IE(SEM)","Without sequence","96.0","",""
"03/07/2024 13:00:00 - 03/07/2024 14:00:00","BZN|IE(SEM)","Without sequence","91.1","",""
"03/07/2024 14:00:00 - 03/07/2024 15:00:00","BZN|IE(SEM)","Without sequence","79.0","",""
"03/07/2024 15:00:00 - 03/07/2024 16:00:00","BZN|IE(SEM)","Without sequence","67.61","",""
"03/07/2024 16:00:00 - 03/07/2024 17:00:00","BZN|IE(SEM)","Without sequence","59.0","",""
"03/07/2024 17:00:00 - 03/07/2024 18:00:00","BZN|IE(SEM)","Without sequence","71.18","",""
"03/07/2024 18:00:00 - 03/07/2024 19:00:00","BZN|IE(SEM)","Without sequence","79.51","",""
"03/07/2024 19:00:00 - 03/07/2024 20:00:00","BZN|IE(SEM)","Without sequence","84.0","",""
"03/07/2024 20:00:00 - 03/07/2024 21:00:00","BZN|IE(SEM)","Without sequence","84.56","",""
"03/07/2024 21:00:00 - 03/07/2024 22:00:00","BZN|IE(SEM)","Without sequence","80.0","",""
"03/07/2024 22:00:00 - 03/07/2024 23:00:00","BZN|IE(SEM)","Without sequence","75.0","",""
"03/07/2024 23:00:00 - 04/07/2024 00:00:00","BZN|IE(SEM)","Without sequence","58.54","",""
"04/07/2024 00:00:00 - 04/07/2024 01:00:00","BZN|IE(SEM)","Without sequence","37.37","",""
"04/07/2024 01:00:00 - 04/07/2024 02:00:00","BZN|IE(SEM)","Without sequence","19.58","",""
"04/07/2024 02:00:00 - 04/07/2024 03:00:00","BZN|IE(SEM)","Without sequence","6.9","",""
"04/07/2024 03:00:00 - 04/07/2024 04:00:00","BZN|IE(SEM)","Without sequence","4.06","",""
"04/07/2024 04:00:00 - 04/07/2024 05:00:00","BZN|IE(SEM)","Without sequence","1.56","",""
"04/07/2024 05:00:00 - 04/07/2024 06:00:00","BZN|IE(SEM)","Without sequence","0.0","",""
"04/07/2024 06:00:00 - 04/07/2024 07:00:00","BZN|IE(SEM)","Without sequence","5.01","",""
"04/07/2024 07:00:00 - 04/07/2024 08:00:00","BZN|IE(SEM)","Without sequence","32.0","",""
"04/07/2024 08:00:00 - 04/07/2024 09:00:00","BZN|IE(SEM)","Without sequence","53.09","",""
"04/07/2024 09:00:00 - 04/07/2024 10:00:00","BZN|IE(SEM)","Without sequence","45.0","",""
"04/07/2024 10:00:00 - 04/07/2024 11:00:00","BZN|IE(SEM)","Without sequence","21.08","",""
"04/07/2024 11:00:00 - 04/07/2024 12:00:00","BZN|IE(SEM)","Without sequence","7.63","",""
"04/07/2024 12:00:00 - 04/07/2024 13:00:00","BZN|IE(SEM)","Without sequence","5.0","",""
"04/07/2024 13:00:00 - 04/07/2024 14:00:00","BZN|IE(SEM)","Without sequence","0.0","",""
"04/07/2024 14:00:00 - 04/07/2024 15:00:00","BZN|IE(SEM)","Without sequence","0.0","",""
"04/07/2024 15:00:00 - 04/07/2024 16:00:00","BZN|IE(SEM)","Without sequence","0.0","",""
"04/07/2024 16:00:00 - 04/07/2024 17:00:00","BZN|IE(SEM)","Without sequence","1.77","",""
"04/07/2024 17:00:00 - 04/07/2024 18:00:00","BZN|IE(SEM)","Without sequence","15.0","",""
"04/07/2024 18:00:00 - 04/07/2024 19:00:00","BZN|IE(SEM)","Without sequence","32.82","",""
"04/07/2024 19:00:00 - 04/07/2024 20:00:00","BZN|IE(SEM)","Without sequence","71.25","",""
"04/07/2024 20:00:00 - 04/07/2024 21:00:00","BZN|IE(SEM)","Without sequence","87.66","",""
"04/07/2024 21:00:00 - 04/07/2024 22:00:00","BZN|IE(SEM)","Without sequence","110.57","",""
"04/07/2024 22:00:00 - 04/07/2024 23:00:00","BZN|IE(SEM)","Without sequence","140.0","",""
"04/07/2024 23:00:00 - 05/07/2024 00:00:00","BZN|IE(SEM)","Without sequence","155.0","",""
"05/07/2024 00:00:00 - 05/07/2024 01:00:00","BZN|IE(SEM)","Without sequence","116.05","",""
"05/07/2024 01:00:00 - 05/07/2024 02:00:00","BZN|IE(SEM)","Without sequence","116.05","",""
"05/07/2024 02:00:00 - 05/07/2024 03:00:00","BZN|IE(SEM)","Without sequence","115.0","",""
"05/07/2024 03:00:00 - 05/07/2024 04:00:00","BZN|IE(SEM)","Without sequence","115.0","",""
"05/07/2024 04:00:00 - 05/07/2024 05:00:00","BZN|IE(SEM)","Without sequence","115.0","",""
"05/07/2024 05:00:00 - 05/07/2024 06:00:00","BZN|IE(SEM)","Without sequence","99.28","",""
"05/07/2024 06:00:00 - 05/07/2024 07:00:00","BZN|IE(SEM)","Without sequence","94.92","",""
"05/07/2024 07:00:00 - 05/07/2024 08:00:00","BZN|IE(SEM)","Without sequence","108.0","",""
"05/07/2024 08:00:00 - 05/07/2024 09:00:00","BZN|IE(SEM)","Without sequence","115.2","",""
"05/07/2024 09:00:00 - 05/07/2024 10:00:00","BZN|IE(SEM)","Without sequence","140.0","",""
"05/07/2024 10:00:00 - 05/07/2024 11:00:00","BZN|IE(SEM)","Without sequence","135.7","",""
"05/07/2024 11:00:00 - 05/07/2024 12:00:00","BZN|IE(SEM)","Without sequence","135.7","",""
"05/07/2024 12:00:00 - 05/07/2024 13:00:00","BZN|IE(SEM)","Without sequence","120.5","",""
"05/07/2024 13:00:00 - 05/07/2024 14:00:00","BZN|IE(SEM)","Without sequence","130.0","",""
"05/07/2024 14:00:00 - 05/07/2024 15:00:00","BZN|IE(SEM)","Without sequence","121.7","",""
"05/07/2024 15:00:00 - 05/07/2024 16:00:00","BZN|IE(SEM)","Without sequence","117.36","",""
"05/07/2024 16:00:00 - 05/07/2024 17:00:00","BZN|IE(SEM)","Without sequence","129.42","",""
"05/07/2024 17:00:00 - 05/07/2024 18:00:00","BZN|IE(SEM)","Without sequence","131.0","",""
"05/07/2024 18:00:00 - 05/07/2024 19:00:00","BZN|IE(SEM)","Without sequence","140.74","",""
"05/07/2024 19:00:00 - 05/07/2024 20:00:00","BZN|IE(SEM)","Without sequence","140.41","",""
"05/07/2024 20:00:00 - 05/07/2024 21:00:00","BZN|IE(SEM)","Without sequence","135.7","",""
"05/07/2024 21:00:00 - 05/07/2024 22:00:00","BZN|IE(SEM)","Without sequence","130.0","",""
"05/07/2024 22:00:00 - 05/07/2024 23:00:00","BZN|IE(SEM)","Without sequence","115.0","",""
"05/07/2024 23:00:00 - 06/07/2024 00:00:00","BZN|IE(SEM)","Without sequence","104.96","",""
"06/07/2024 00:00:00 - 06/07/2024 01:00:00","BZN|IE(SEM)","Without sequence","118.9","",""
"06/07/2024 01:00:00 - 06/07/2024 02:00:00","BZN|IE(SEM)","Without sequence","104.76","",""
"06/07/2024 02:00:00 - 06/07/2024 03:00:00","BZN|IE(SEM)","Without sequence","109.2","",""
"06/07/2024 03:00:00 - 06/07/2024 04:00:00","BZN|IE(SEM)","Without sequence","90.01","",""
"06/07/2024 04:00:00 - 06/07/2024 05:00:00","BZN|IE(SEM)","Without sequence","79.75","",""
"06/07/2024 05:00:00 - 06/07/2024 06:00:00","BZN|IE(SEM)","Without sequence","78.77","",""
"06/07/2024 06:00:00 - 06/07/2024 07:00:00","BZN|IE(SEM)","Without sequence","76.83","",""
"06/07/2024 07:00:00 - 06/07/2024 08:00:00","BZN|IE(SEM)","Without sequence","79.2","",""
"06/07/2024 08:00:00 - 06/07/2024 09:00:00","BZN|IE(SEM)","Without sequence","89.14","",""
"06/07/2024 09:00:00 - 06/07/2024 10:00:00","BZN|IE(SEM)","Without sequence","113.12","",""
"06/07/2024 10:00:00 - 06/07/2024 11:00:00","BZN|IE(SEM)","Without sequence","109.03","",""
"06/07/2024 11:00:00 - 06/07/2024 12:00:00","BZN|IE(SEM)","Without sequence","101.5","",""
"06/07/2024 12:00:00 - 06/07/2024 13:00:00","BZN|IE(SEM)","Without sequence","85.0","",""
"06/07/2024 13:00:00 - 06/07/2024 14:00:00","BZN|IE(SEM)","Without sequence","79.59","",""
"06/07/2024 14:00:00 - 06/07/2024 15:00:00","BZN|IE(SEM)","Without sequence","72.73","",""
"06/07/2024 15:00:00 - 06/07/2024 16:00:00","BZN|IE(SEM)","Without sequence","68.0","",""
"06/07/2024 16:00:00 - 06/07/2024 17:00:00","BZN|IE(SEM)","Without sequence","66.9","",""
"06/07/2024 17:00:00 - 06/07/2024 18:00:00","BZN|IE(SEM)","Without sequence","71.01","",""
"06/07/2024 18:00:00 - 06/07/2024 19:00:00","BZN|IE(SEM)","Without sequence","79.59","",""
"06/07/2024 19:00:00 - 06/07/2024 20:00:00","BZN|IE(SEM)","Without sequence","80.01","",""
"06/07/2024 20:00:00 - 06/07/2024 21:00:00","BZN|IE(SEM)","Without sequence","91.84","",""
"06/07/2024 21:00:00 - 06/07/2024 22:00:00","BZN|IE(SEM)","Without sequence","103.25","",""
"06/07/2024 22:00:00 - 06/07/2024 23:00:00","BZN|IE(SEM)","Without sequence","116.0","",""
"06/07/2024 23:00:00 - 07/07/2024 00:00:00","BZN|IE(SEM)","Without sequence","139.05","",""
"07/07/2024 00:00:00 - 07/07/2024 01:00:00","BZN|IE(SEM)","Without sequence","98.02","",""
"07/07/2024 01:00:00 - 07/07/2024 02:00:00","BZN|IE(SEM)","Without sequence","95.0","",""
"07/07/2024 02:00:00 - 07/07/2024 03:00:00","BZN|IE(SEM)","Without sequence","90.56","",""
"07/07/2024 03:00:00 - 07/07/2024 04:00:00","BZN|IE(SEM)","Without sequence","89.34","",""
"07/07/2024 04:00:00 - 07/07/2024 05:00:00","BZN|IE(SEM)","Without sequence","88.0","",""
"07/07/2024 05:00:00 - 07/07/2024 06:00:00","BZN|IE(SEM)","Without sequence","86.79","",""
"07/07/2024 06:00:00 - 07/07/2024 07:00:00","BZN|IE(SEM)","Without sequence","80.3","",""
"07/07/2024 07:00:00 - 07/07/2024 08:00:00","BZN|IE(SEM)","Without sequence","82.27","",""
"07/07/2024 08:00:00 - 07/07/2024 09:00:00","BZN|IE(SEM)","Without sequence","85.0","",""
"07/07/2024 09:00:00 - 07/07/2024 10:00:00","BZN|IE(SEM)","Without sequence","91.97","",""
"07/07/2024 10:00:00 - 07/07/2024 11:00:00","BZN|IE(SEM)","Without sequence","108.88","",""
"07/07/2024 11:00:00 - 07/07/2024 12:00:00","BZN|IE(SEM)","Without sequence","118.13","",""
"07/07/2024 12:00:00 - 07/07/2024 13:00:00","BZN|IE(SEM)","Without sequence","121.28","",""
"07/07/2024 13:00:00 - 07/07/2024 14:00:00","BZN|IE(SEM)","Without sequence","119.54","",""
"07/07/2024 14:00:00 - 07/07/2024 15:00:00","BZN|IE(SEM)","Without sequence","117.95","",""
"07/07/2024 15:00:00 - 07/07/2024 16:00:00","BZN|IE(SEM)","Without sequence","94.92","",""
"07/07/2024 16:00:00 - 07/07/2024 17:00:00","BZN|IE(SEM)","Without sequence","94.22","",""
"07/07/2024 17:00:00 - 07/07/2024 18:00:00","BZN|IE(SEM)","Without sequence","105.94","",""
"07/07/2024 18:00:00 - 07/07/2024 19:00:00","BZN|IE(SEM)","Without sequence","116.07","",""
"07/07/2024 19:00:00 - 07/07/2024 20:00:00","BZN|IE(SEM)","Without sequence","124.17","",""
"07/07/2024 20:00:00 - 07/07/2024 21:00:00","BZN|IE(SEM)","Without sequence","131.01","",""
"07/07/2024 21:00:00 - 07/07/2024 22:00:00","BZN|IE(SEM)","Without sequence","135.6","",""
"07/07/2024 22:00:00 - 07/07/2024 23:00:00","BZN|IE(SEM)","Without sequence","130.0","",""
"07/07/2024 23:00:00 - 08/07/2024 00:00:00","BZN|IE(SEM)","Without sequence","127.24","",""
"08/07/2024 00:00:00 - 08/07/2024 01:00:00","BZN|IE(SEM)","Without sequence","109.12","",""
"08/07/2024 01:00:00 - 08/07/2024 02:00:00","BZN|IE(SEM)","Without sequence","95.0","",""
"08/07/2024 02:00:00 - 08/07/2024 03:00:00","BZN|IE(SEM)","Without sequence","92.35","",""
"08/07/2024 03:00:00 - 08/07/2024 04:00:00","BZN|IE(SEM)","Without sequence","92.35","",""
"08/07/2024 04:00:00 - 08/07/2024 05:00:00","BZN|IE(SEM)","Without sequence","92.0","",""
"08/07/2024 05:00:00 - 08/07/2024 06:00:00","BZN|IE(SEM)","Without sequence","92.0","",""
"08/07/2024 06:00:00 - 08/07/2024 07:00:00","BZN|IE(SEM)","Without sequence","96.0","",""
"08/07/2024 07:00:00 - 08/07/2024 08:00:00","BZN|IE(SEM)","Without sequence","106.77","",""
"08/07/2024 08:00:00 - 08/07/2024 09:00:00","BZN|IE(SEM)","Without sequence","121.6","",""
"08/07/2024 09:00:00 - 08/07/2024 10:00:00","BZN|IE(SEM)","Without sequence","155.03","",""
"08/07/2024 10:00:00 - 08/07/2024 11:00:00","BZN|IE(SEM)","Without sequence","154.55","",""
"08/07/2024 11:00:00 - 08/07/2024 12:00:00","BZN|IE(SEM)","Without sequence","140.02","",""
"08/07/2024 12:00:00 - 08/07/2024 13:00:00","BZN|IE(SEM)","Without sequence","135.25","",""
"08/07/2024 13:00:00 - 08/07/2024 14:00:00","BZN|IE(SEM)","Without sequence","127.49","",""
"08/07/2024 14:00:00 - 08/07/2024 15:00:00","BZN|IE(SEM)","Without sequence","119.25","",""
"08/07/2024 15:00:00 - 08/07/2024 16:00:00","BZN|IE(SEM)","Without sequence","102.89","",""
"08/07/2024 16:00:00 - 08/07/2024 17:00:00","BZN|IE(SEM)","Without sequence","102.08","",""
"08/07/2024 17:00:00 - 08/07/2024 18:00:00","BZN|IE(SEM)","Without sequence","115.83","",""
"08/07/2024 18:00:00 - 08/07/2024 19:00:00","BZN|IE(SEM)","Without sequence","127.48","",""
"08/07/2024 19:00:00 - 08/07/2024 20:00:00","BZN|IE(SEM)","Without sequence","133.33","",""
"08/07/2024 20:00:00 - 08/07/2024 21:00:00","BZN|IE(SEM)","Without sequence","137.02","",""
"08/07/2024 21:00:00 - 08/07/2024 22:00:00","BZN|IE(SEM)","Without sequence","127.49","",""
"08/07/2024 22:00:00 - 08/07/2024 23:00:00","BZN|IE(SEM)","Without sequence","120.72","",""
"08/07/2024 23:00:00 - 09/07/2024 00:00:00","BZN|IE(SEM)","Without sequence","103.28","",""
"09/07/2024 00:00:00 - 09/07/2024 01:00:00","BZN|IE(SEM)","Without sequence","101.0","",""
"09/07/2024 01:00:00 - 09/07/2024 02:00:00","BZN|IE(SEM)","Without sequence","94.79","",""
"09/07/2024 02:00:00 - 09/07/2024 03:00:00","BZN|IE(SEM)","Without sequence","94.0","",""
"09/07/2024 03:00:00 - 09/07/2024 04:00:00","BZN|IE(SEM)","Without sequence","86.4","",""
"09/07/2024 04:00:00 - 09/07/2024 05:00:00","BZN|IE(SEM)","Without sequence","82.0","",""
"09/07/2024 05:00:00 - 09/07/2024 06:00:00","BZN|IE(SEM)","Without sequence","80.13","",""
"09/07/2024 06:00:00 - 09/07/2024 07:00:00","BZN|IE(SEM)","Without sequence","77.57","",""
"09/07/2024 07:00:00 - 09/07/2024 08:00:00","BZN|IE(SEM)","Without sequence","89.0","",""
"09/07/2024 08:00:00 - 09/07/2024 09:00:00","BZN|IE(SEM)","Without sequence","109.98","",""
"09/07/2024 09:00:00 - 09/07/2024 10:00:00","BZN|IE(SEM)","Without sequence","141.0","",""
"09/07/2024 10:00:00 - 09/07/2024 11:00:00","BZN|IE(SEM)","Without sequence","139.68","",""
"09/07/2024 11:00:00 - 09/07/2024 12:00:00","BZN|IE(SEM)","Without sequence","116.59","",""
"09/07/2024 12:00:00 - 09/07/2024 13:00:00","BZN|IE(SEM)","Without sequence","120.0","",""
"09/07/2024 13:00:00 - 09/07/2024 14:00:00","BZN|IE(SEM)","Without sequence","110.0","",""
"09/07/2024 14:00:00 - 09/07/2024 15:00:00","BZN|IE(SEM)","Without sequence","101.0","",""
"09/07/2024 15:00:00 - 09/07/2024 16:00:00","BZN|IE(SEM)","Without sequence","94.16","",""
"09/07/2024 16:00:00 - 09/07/2024 17:00:00","BZN|IE(SEM)","Without sequence","93.36","",""
"09/07/2024 17:00:00 - 09/07/2024 18:00:00","BZN|IE(SEM)","Without sequence","98.15","",""
"09/07/2024 18:00:00 - 09/07/2024 19:00:00","BZN|IE(SEM)","Without sequence","110.0","",""
"09/07/2024 19:00:00 - 09/07/2024 20:00:00","BZN|IE(SEM)","Without sequence","116.98","",""
"09/07/2024 20:00:00 - 09/07/2024 21:00:00","BZN|IE(SEM)","Without sequence","123.0","",""
"09/07/2024 21:00:00 - 09/07/2024 22:00:00","BZN|IE(SEM)","Without sequence","116.53","",""
"09/07/2024 22:00:00 - 09/07/2024 23:00:00","BZN|IE(SEM)","Without sequence","103.12","",""
"09/07/2024 23:00:00 - 10/07/2024 00:00:00","BZN|IE(SEM)","Without sequence","92.71","",""
"10/07/2024 00:00:00 - 10/07/2024 01:00:00","BZN|IE(SEM)","Without sequence","89.01","",""
"10/07/2024 01:00:00 - 10/07/2024 02:00:00","BZN|IE(SEM)","Without sequence","80.65","",""
"10/07/2024 02:00:00 - 10/07/2024 03:00:00","BZN|IE(SEM)","Without sequence","75.53","",""
"10/07/2024 03:00:00 - 10/07/2024 04:00:00","BZN|IE(SEM)","Without sequence","70.42","",""
"10/07/2024 04:00:00 - 10/07/2024 05:00:00","BZN|IE(SEM)","Without sequence","69.1","",""
"10/07/2024 05:00:00 - 10/07/2024 06:00:00","BZN|IE(SEM)","Without sequence","69.1","",""
"10/07/2024 06:00:00 - 10/07/2024 07:00:00","BZN|IE(SEM)","Without sequence","69.1","",""
"10/07/2024 07:00:00 - 10/07/2024 08:00:00","BZN|IE(SEM)","Without sequence","82.17","",""
"10/07/2024 08:00:00 - 10/07/2024 09:00:00","BZN|IE(SEM)","Without sequence","101.67","",""
"10/07/2024 09:00:00 - 10/07/2024 10:00:00","BZN|IE(SEM)","Without sequence","118.0","",""
"10/07/2024 10:00:00 - 10/07/2024 11:00:00","BZN|IE(SEM)","Without sequence","115.0","",""
"10/07/2024 11:00:00 - 10/07/2024 12:00:00","BZN|IE(SEM)","Without sequence","92.32","",""
"10/07/2024 12:00:00 - 10/07/2024 13:00:00","BZN|IE(SEM)","Without sequence","98.19","",""
"10/07/2024 13:00:00 - 10/07/2024 14:00:00","BZN|IE(SEM)","Without sequence","87.66","",""
"10/07/2024 14:00:00 - 10/07/2024 15:00:00","BZN|IE(SEM)","Without sequence","77.57","",""
"10/07/2024 15:00:00 - 10/07/2024 16:00:00","BZN|IE(SEM)","Without sequence","70.62","",""
"10/07/2024 16:00:00 - 10/07/2024 17:00:00","BZN|IE(SEM)","Without sequence","71.31","",""
"10/07/2024 17:00:00 - 10/07/2024 18:00:00","BZN|IE(SEM)","Without sequence","82.01","",""
"10/07/2024 18:00:00 - 10/07/2024 19:00:00","BZN|IE(SEM)","Without sequence","83.33","",""
"10/07/2024 19:00:00 - 10/07/2024 20:00:00","BZN|IE(SEM)","Without sequence","99.0","",""
"10/07/2024 20:00:00 - 10/07/2024 21:00:00","BZN|IE(SEM)","Without sequence","109.57","",""
"10/07/2024 21:00:00 - 10/07/2024 22:00:00","BZN|IE(SEM)","Without sequence","114.0","",""
"10/07/2024 22:00:00 - 10/07/2024 23:00:00","BZN|IE(SEM)","Without sequence","110.78","",""
"10/07/2024 23:00:00 - 11/07/2024 00:00:00","BZN|IE(SEM)","Without sequence","97.64","",""
"11/07/2024 00:00:00 - 11/07/2024 01:00:00","BZN|IE(SEM)","Without sequence","94.33","",""
"11/07/2024 01:00:00 - 11/07/2024 02:00:00","BZN|IE(SEM)","Without sequence","84.02","",""
"11/07/2024 02:00:00 - 11/07/2024 03:00:00","BZN|IE(SEM)","Without sequence","77.0","",""
"11/07/2024 03:00:00 - 11/07/2024 04:00:00","BZN|IE(SEM)","Without sequence","79.51","",""
"11/07/2024 04:00:00 - 11/07/2024 05:00:00","BZN|IE(SEM)","Without sequence","78.0","",""
"11/07/2024 05:00:00 - 11/07/2024 06:00:00","BZN|IE(SEM)","Without sequence","78.78","",""
"11/07/2024 06:00:00 - 11/07/2024 07:00:00","BZN|IE(SEM)","Without sequence","83.25","",""
"11/07/2024 07:00:00 - 11/07/2024 08:00:00","BZN|IE(SEM)","Without sequence","101.52","",""
"11/07/2024 08:00:00 - 11/07/2024 09:00:00","BZN|IE(SEM)","Without sequence","121.04","",""
"11/07/2024 09:00:00 - 11/07/2024 10:00:00","BZN|IE(SEM)","Without sequence","126.0","",""
"11/07/2024 10:00:00 - 11/07/2024 11:00:00","BZN|IE(SEM)","Without sequence","117.61","",""
"11/07/2024 11:00:00 - 11/07/2024 12:00:00","BZN|IE(SEM)","Without sequence","110.64","",""
"11/07/2024 12:00:00 - 11/07/2024 13:00:00","BZN|IE(SEM)","Without sequence","96.2","",""
"11/07/2024 13:00:00 - 11/07/2024 14:00:00","BZN|IE(SEM)","Without sequence","93.0","",""
"11/07/2024 14:00:00 - 11/07/2024 15:00:00","BZN|IE(SEM)","Without sequence","84.09","",""
"11/07/2024 15:00:00 - 11/07/2024 16:00:00","BZN|IE(SEM)","Without sequence","84.08","",""
"11/07/2024 16:00:00 - 11/07/2024 17:00:00","BZN|IE(SEM)","Without sequence","85.0","",""
"11/07/2024 17:00:00 - 11/07/2024 18:00:00","BZN|IE(SEM)","Without sequence","87.71","",""
"11/07/2024 18:00:00 - 11/07/2024 19:00:00","BZN|IE(SEM)","Without sequence","100.0","",""
"11/07/2024 19:00:00 - 11/07/2024 20:00:00","BZN|IE(SEM)","Without sequence","111.41","",""
"11/07/2024 20:00:00 - 11/07/2024 21:00:00","BZN|IE(SEM)","Without sequence","122.56","",""
"11/07/2024 21:00:00 - 11/07/2024 22:00:00","BZN|IE(SEM)","Without sequence","119.95","",""
"11/07/2024 22:00:00 - 11/07/2024 23:00:00","BZN|IE(SEM)","Without sequence","117.94","",""
"11/07/2024 23:00:00 - 12/07/2024 00:00:00","BZN|IE(SEM)","Without sequence","117.45","",""
"12/07/2024 00:00:00 - 12/07/2024 01:00:00","BZN|IE(SEM)","Without sequence","108.0","",""
"12/07/2024 01:00:00 - 12/07/2024 02:00:00","BZN|IE(SEM)","Without sequence","95.64","",""
"12/07/2024 02:00:00 - 12/07/2024 03:00:00","BZN|IE(SEM)","Without sequence","90.0","",""
"12/07/2024 03:00:00 - 12/07/2024 04:00:00","BZN|IE(SEM)","Without sequence","89.68","",""
"12/07/2024 04:00:00 - 12/07/2024 05:00:00","BZN|IE(SEM)","Without sequence","84.86","",""
"12/07/2024 05:00:00 - 12/07/2024 06:00:00","BZN|IE(SEM)","Without sequence","85.94","",""
"12/07/2024 06:00:00 - 12/07/2024 07:00:00","BZN|IE(SEM)","Without sequence","85.13","",""
"12/07/2024 07:00:00 - 12/07/2024 08:00:00","BZN|IE(SEM)","Without sequence","96.34","",""
"12/07/2024 08:00:00 - 12/07/2024 09:00:00","BZN|IE(SEM)","Without sequence","101.4","",""
"12/07/2024 09:00:00 - 12/07/2024 10:00:00","BZN|IE(SEM)","Without sequence","124.75","",""
"12/07/2024 10:00:00 - 12/07/2024 11:00:00","BZN|IE(SEM)","Without sequence","115.7","",""
"12/07/2024 11:00:00 - 12/07/2024 12:00:00","BZN|IE(SEM)","Without sequence","112.4","",""
"12/07/2024 12:00:00 - 12/07/2024 13:00:00","BZN|IE(SEM)","Without sequence","114.77","",""
"12/07/2024 13:00:00 - 12/07/2024 14:00:00","BZN|IE(SEM)","Without sequence","105.21","",""
"12/07/2024 14:00:00 - 12/07/2024 15:00:00","BZN|IE(SEM)","Without sequence","100.0","",""
"12/07/2024 15:00:00 - 12/07/2024 16:00:00","BZN|IE(SEM)","Without sequence","95.0","",""
"12/07/2024 16:00:00 - 12/07/2024 17:00:00","BZN|IE(SEM)","Without sequence","98.07","",""
"12/07/2024 17:00:00 - 12/07/2024 18:00:00","BZN|IE(SEM)","Without sequence","102.35","",""
"12/07/2024 18:00:00 - 12/07/2024 19:00:00","BZN|IE(SEM)","Without sequence","138.0","",""
"12/07/2024 19:00:00 - 12/07/2024 20:00:00","BZN|IE(SEM)","Without sequence","141.9","",""
"12/07/2024 20:00:00 - 12/07/2024 21:00:00","BZN|IE(SEM)","Without sequence","139.0","",""
"12/07/2024 21:00:00 - 12/07/2024 22:00:00","BZN|IE(SEM)","Without sequence","138.25","",""
"12/07/2024 22:00:00 - 12/07/2024 23:00:00","BZN|IE(SEM)","Without sequence","135.0","",""
"12/07/2024 23:00:00 - 13/07/2024 00:00:00","BZN|IE(SEM)","Without sequence","139.0","",""
"13/07/2024 00:00:00 - 13/07/2024 01:00:00","BZN|IE(SEM)","Without sequence","120.06","",""
"13/07/2024 01:00:00 - 13/07/2024 02:00:00","BZN|IE(SEM)","Without sequence","108.0","",""
"13/07/2024 02:00:00 - 13/07/2024 03:00:00","BZN|IE(SEM)","Without sequence","99.0","",""
"13/07/2024 03:00:00 - 13/07/2024 04:00:00","BZN|IE(SEM)","Without sequence","97.97","",""
"13/07/2024 04:00:00 - 13/07/2024 05:00:00","BZN|IE(SEM)","Without sequence","89.21","",""
"13/07/2024 05:00:00 - 13/07/2024 06:00:00","BZN|IE(SEM)","Without sequence","88.8","",""
"13/07/2024 06:00:00 - 13/07/2024 07:00:00","BZN|IE(SEM)","Without sequence","87.16","",""
"13/07/2024 07:00:00 - 13/07/2024 08:00:00","BZN|IE(SEM)","Without sequence","86.36","",""
"13/07/2024 08:00:00 - 13/07/2024 09:00:00","BZN|IE(SEM)","Without sequence","96.8","",""
"13/07/2024 09:00:00 - 13/07/2024 10:00:00","BZN|IE(SEM)","Without sequence","130.67","",""
"13/07/2024 10:00:00 - 13/07/2024 11:00:00","BZN|IE(SEM)","Without sequence","135.2","",""
"13/07/2024 11:00:00 - 13/07/2024 12:00:00","BZN|IE(SEM)","Without sequence","138.6","",""
"13/07/2024 12:00:00 - 13/07/2024 13:00:00","BZN|IE(SEM)","Without sequence","145.3","",""
"13/07/2024 13:00:00 - 13/07/2024 14:00:00","BZN|IE(SEM)","Without sequence","135.8","",""
"13/07/2024 14:00:00 - 13/07/2024 15:00:00","BZN|IE(SEM)","Without sequence","120.89","",""
"13/07/2024 15:00:00 - 13/07/2024 16:00:00","BZN|IE(SEM)","Without sequence","97.56","",""
"13/07/2024 16:00:00 - 13/07/2024 17:00:00","BZN|IE(SEM)","Without sequence","93.0","",""
"13/07/2024 17:00:00 - 13/07/2024 18:00:00","BZN|IE(SEM)","Without sequence","106.85","",""
"13/07/2024 18:00:00 - 13/07/2024 19:00:00","BZN|IE(SEM)","Without sequence","139.08","",""
"13/07/2024 19:00:00 - 13/07/2024 20:00:00","BZN|IE(SEM)","Without sequence","140.74","",""
"13/07/2024 20:00:00 - 13/07/2024 21:00:00","BZN|IE(SEM)","Without sequence","135.62","",""
"13/07/2024 21:00:00 - 13/07/2024 22:00:00","BZN|IE(SEM)","Without sequence","136.81","",""
"13/07/2024 22:00:00 - 13/07/2024 23:00:00","BZN|IE(SEM)","Without sequence","137.0","",""
"13/07/2024 23:00:00 - 14/07/2024 00:00:00","BZN|IE(SEM)","Without sequence","136.7","",""
"14/07/2024 00:00:00 - 14/07/2024 01:00:00","BZN|IE(SEM)","Without sequence","97.98","",""
"14/07/2024 01:00:00 - 14/07/2024 02:00:00","BZN|IE(SEM)","Without sequence","89.31","",""
"14/07/2024 02:00:00 - 14/07/2024 03:00:00","BZN|IE(SEM)","Without sequence","89.31","",""
"14/07/2024 03:00:00 - 14/07/2024 04:00:00","BZN|IE(SEM)","Without sequence","89.31","",""
"14/07/2024 04:00:00 - 14/07/2024 05:00:00","BZN|IE(SEM)","Without sequence","86.62","",""
"14/07/2024 05:00:00 - 14/07/2024 06:00:00","BZN|IE(SEM)","Without sequence","82.87","",""
"14/07/2024 06:00:00 - 14/07/2024 07:00:00","BZN|IE(SEM)","Without sequence","78.87","",""
"14/07/2024 07:00:00 - 14/07/2024 08:00:00","BZN|IE(SEM)","Without sequence","75.41","",""
"14/07/2024 08:00:00 - 14/07/2024 09:00:00","BZN|IE(SEM)","Without sequence","79.27","",""
"14/07/2024 09:00:00 - 14/07/2024 10:00:00","BZN|IE(SEM)","Without sequence","87.75","",""
"14/07/2024 10:00:00 - 14/07/2024 11:00:00","BZN|IE(SEM)","Without sequence","89.78","",""
"14/07/2024 11:00:00 - 14/07/2024 12:00:00","BZN|IE(SEM)","Without sequence","105.98","",""
"14/07/2024 12:00:00 - 14/07/2024 13:00:00","BZN|IE(SEM)","Without sequence","111.34","",""
"14/07/2024 13:00:00 - 14/07/2024 14:00:00","BZN|IE(SEM)","Without sequence","108.59","",""
"14/07/2024 14:00:00 - 14/07/2024 15:00:00","BZN|IE(SEM)","Without sequence","103.0","",""
"14/07/2024 15:00:00 - 14/07/2024 16:00:00","BZN|IE(SEM)","Without sequence","94.8","",""
"14/07/2024 16:00:00 - 14/07/2024 17:00:00","BZN|IE(SEM)","Without sequence","96.28","",""
"14/07/2024 17:00:00 - 14/07/2024 18:00:00","BZN|IE(SEM)","Without sequence","104.0","",""
"14/07/2024 18:00:00 - 14/07/2024 19:00:00","BZN|IE(SEM)","Without sequence","124.08","",""
"14/07/2024 19:00:00 - 14/07/2024 20:00:00","BZN|IE(SEM)","Without sequence","129.4","",""
"14/07/2024 20:00:00 - 14/07/2024 21:00:00","BZN|IE(SEM)","Without sequence","130.69","",""
"14/07/2024 21:00:00 - 14/07/2024 22:00:00","BZN|IE(SEM)","Without sequence","130.69","",""
"14/07/2024 22:00:00 - 14/07/2024 23:00:00","BZN|IE(SEM)","Without sequence","127.0","",""
"14/07/2024 23:00:00 - 15/07/2024 00:00:00","BZN|IE(SEM)","Without sequence","120.0","",""
"15/07/2024 00:00:00 - 15/07/2024 01:00:00","BZN|IE(SEM)","Without sequence","107.29","",""
"15/07/2024 01:00:00 - 15/07/2024 02:00:00","BZN|IE(SEM)","Without sequence","89.13","",""
"15/07/2024 02:00:00 - 15/07/2024 03:00:00","BZN|IE(SEM)","Without sequence","89.13","",""
"15/07/2024 03:00:00 - 15/07/2024 04:00:00","BZN|IE(SEM)","Without sequence","88.81","",""
"15/07/2024 04:00:00 - 15/07/2024 05:00:00","BZN|IE(SEM)","Without sequence","86.2","",""
"15/07/2024 05:00:00 - 15/07/2024 06:00:00","BZN|IE(SEM)","Without sequence","85.0","",""
"15/07/2024 06:00:00 - 15/07/2024 07:00:00","BZN|IE(SEM)","Without sequence","88.65","",""
"15/07/2024 07:00:00 - 15/07/2024 08:00:00","BZN|IE(SEM)","Without sequence","101.0","",""
"15/07/2024 08:00:00 - 15/07/2024 09:00:00","BZN|IE(SEM)","Without sequence","109.24","",""
"15/07/2024 09:00:00 - 15/07/2024 10:00:00","BZN|IE(SEM)","Without sequence","135.68","",""
"15/07/2024 10:00:00 - 15/07/2024 11:00:00","BZN|IE(SEM)","Without sequence","137.5","",""
"15/07/2024 11:00:00 - 15/07/2024 12:00:00","BZN|IE(SEM)","Without sequence","140.7","",""
"15/07/2024 12:00:00 - 15/07/2024 13:00:00","BZN|IE(SEM)","Without sequence","143.9","",""
"15/07/2024 13:00:00 - 15/07/2024 14:00:00","BZN|IE(SEM)","Without sequence","145.03","",""
"15/07/2024 14:00:00 - 15/07/2024 15:00:00","BZN|IE(SEM)","Without sequence","147.6","",""
"15/07/2024 15:00:00 - 15/07/2024 16:00:00","BZN|IE(SEM)","Without sequence","148.4","",""
"15/07/2024 16:00:00 - 15/07/2024 17:00:00","BZN|IE(SEM)","Without sequence","158.29","",""
"15/07/2024 17:00:00 - 15/07/2024 18:00:00","BZN|IE(SEM)","Without sequence","185.0","",""
"15/07/2024 18:00:00 - 15/07/2024 19:00:00","BZN|IE(SEM)","Without sequence","195.0","",""
"15/07/2024 19:00:00 - 15/07/2024 20:00:00","BZN|IE(SEM)","Without sequence","178.8","",""
"15/07/2024 20:00:00 - 15/07/2024 21:00:00","BZN|IE(SEM)","Without sequence","156.8","",""
"15/07/2024 21:00:00 - 15/07/2024 22:00:00","BZN|IE(SEM)","Without sequence","150.02","",""
"15/07/2024 22:00:00 - 15/07/2024 23:00:00","BZN|IE(SEM)","Without sequence","138.18","",""
"15/07/2024 23:00:00 - 16/07/2024 00:00:00","BZN|IE(SEM)","Without sequence","115.0","",""
"16/07/2024 00:00:00 - 16/07/2024 01:00:00","BZN|IE(SEM)","Without sequence","108.0","",""
"16/07/2024 01:00:00 - 16/07/2024 02:00:00","BZN|IE(SEM)","Without sequence","89.43","",""
"16/07/2024 02:00:00 - 16/07/2024 03:00:00","BZN|IE(SEM)","Without sequence","85.02","",""
"16/07/2024 03:00:00 - 16/07/2024 04:00:00","BZN|IE(SEM)","Without sequence","80.47","",""
"16/07/2024 04:00:00 - 16/07/2024 05:00:00","BZN|IE(SEM)","Without sequence","75.53","",""
"16/07/2024 05:00:00 - 16/07/2024 06:00:00","BZN|IE(SEM)","Without sequence","74.81","",""
"16/07/2024 06:00:00 - 16/07/2024 07:00:00","BZN|IE(SEM)","Without sequence","73.7","",""
"16/07/2024 07:00:00 - 16/07/2024 08:00:00","BZN|IE(SEM)","Without sequence","85.84","",""
"16/07/2024 08:00:00 - 16/07/2024 09:00:00","BZN|IE(SEM)","Without sequence","99.95","",""
"16/07/2024 09:00:00 - 16/07/2024 10:00:00","BZN|IE(SEM)","Without sequence","130.0","",""
"16/07/2024 10:00:00 - 16/07/2024 11:00:00","BZN|IE(SEM)","Without sequence","130.0","",""
"16/07/2024 11:00:00 - 16/07/2024 12:00:00","BZN|IE(SEM)","Without sequence","130.0","",""
"16/07/2024 12:00:00 - 16/07/2024 13:00:00","BZN|IE(SEM)","Without sequence","112.06","",""
"16/07/2024 13:00:00 - 16/07/2024 14:00:00","BZN|IE(SEM)","Without sequence","100.0","",""
"16/07/2024 14:00:00 - 16/07/2024 15:00:00","BZN|IE(SEM)","Without sequence","89.93","",""
"16/07/2024 15:00:00 - 16/07/2024 16:00:00","BZN|IE(SEM)","Without sequence","89.93","",""
"16/07/2024 16:00:00 - 16/07/2024 17:00:00","BZN|IE(SEM)","Without sequence","87.1","",""
"16/07/2024 17:00:00 - 16/07/2024 18:00:00","BZN|IE(SEM)","Without sequence","89.93","",""
"16/07/2024 18:00:00 - 16/07/2024 19:00:00","BZN|IE(SEM)","Without sequence","103.93","",""
"16/07/2024 19:00:00 - 16/07/2024 20:00:00","BZN|IE(SEM)","Without sequence","129.81","",""
"16/07/2024 20:00:00 - 16/07/2024 21:00:00","BZN|IE(SEM)","Without sequence","132.06","",""
"16/07/2024 21:00:00 - 16/07/2024 22:00:00","BZN|IE(SEM)","Without sequence","140.01","",""
"16/07/2024 22:00:00 - 16/07/2024 23:00:00","BZN|IE(SEM)","Without sequence","157.0","",""
"16/07/2024 23:00:00 - 17/07/2024 00:00:00","BZN|IE(SEM)","Without sequence","138.0","",""
"17/07/2024 00:00:00 - 17/07/2024 01:00:00","BZN|IE(SEM)","Without sequence","107.22","",""
"17/07/2024 01:00:00 - 17/07/2024 02:00:00","BZN|IE(SEM)","Without sequence","105.4","",""
"17/07/2024 02:00:00 - 17/07/2024 03:00:00","BZN|IE(SEM)","Without sequence","95.2","",""
"17/07/2024 03:00:00 - 17/07/2024 04:00:00","BZN|IE(SEM)","Without sequence","94.0","",""
"17/07/2024 04:00:00 - 17/07/2024 05:00:00","BZN|IE(SEM)","Without sequence","91.0","",""
"17/07/2024 05:00:00 - 17/07/2024 06:00:00","BZN|IE(SEM)","Without sequence","92.0","",""
"17/07/2024 06:00:00 - 17/07/2024 07:00:00","BZN|IE(SEM)","Without sequence","90.1","",""
"17/07/2024 07:00:00 - 17/07/2024 08:00:00","BZN|IE(SEM)","Without sequence","98.33","",""
"17/07/2024 08:00:00 - 17/07/2024 09:00:00","BZN|IE(SEM)","Without sequence","122.05","",""
"17/07/2024 09:00:00 - 17/07/2024 10:00:00","BZN|IE(SEM)","Without sequence","134.0","",""
"17/07/2024 10:00:00 - 17/07/2024 11:00:00","BZN|IE(SEM)","Without sequence","122.0","",""
"17/07/2024 11:00:00 - 17/07/2024 12:00:00","BZN|IE(SEM)","Without sequence","93.98","",""
"17/07/2024 12:00:00 - 17/07/2024 13:00:00","BZN|IE(SEM)","Without sequence","86.89","",""
"17/07/2024 13:00:00 - 17/07/2024 14:00:00","BZN|IE(SEM)","Without sequence","82.64","",""
"17/07/2024 14:00:00 - 17/07/2024 15:00:00","BZN|IE(SEM)","Without sequence","77.96","",""
"17/07/2024 15:00:00 - 17/07/2024 16:00:00","BZN|IE(SEM)","Without sequence","77.96","",""
"17/07/2024 16:00:00 - 17/07/2024 17:00:00","BZN|IE(SEM)","Without sequence","77.18","",""
"17/07/2024 17:00:00 - 17/07/2024 18:00:00","BZN|IE(SEM)","Without sequence","85.39","",""
"17/07/2024 18:00:00 - 17/07/2024 19:00:00","BZN|IE(SEM)","Without sequence","92.7","",""
"17/07/2024 19:00:00 - 17/07/2024 20:00:00","BZN|IE(SEM)","Without sequence","113.61","",""
"17/07/2024 20:00:00 - 17/07/2024 21:00:00","BZN|IE(SEM)","Without sequence","119.8","",""
"17/07/2024 21:00:00 - 17/07/2024 22:00:00","BZN|IE(SEM)","Without sequence","124.09","",""
"17/07/2024 22:00:00 - 17/07/2024 23:00:00","BZN|IE(SEM)","Without sequence","113.52","",""
"17/07/2024 23:00:00 - 18/07/2024 00:00:00","BZN|IE(SEM)","Without sequence","97.8","",""
"18/07/2024 00:00:00 - 18/07/2024 01:00:00","BZN|IE(SEM)","Without sequence","94.23","",""
"18/07/2024 01:00:00 - 18/07/2024 02:00:00","BZN|IE(SEM)","Without sequence","85.22","",""
"18/07/2024 02:00:00 - 18/07/2024 03:00:00","BZN|IE(SEM)","Without sequence","79.8","",""
"18/07/2024 03:00:00 - 18/07/2024 04:00:00","BZN|IE(SEM)","Without sequence","77.35","",""
"18/07/2024 04:00:00 - 18/07/2024 05:00:00","BZN|IE(SEM)","Without sequence","75.62","",""
"18/07/2024 05:00:00 - 18/07/2024 06:00:00","BZN|IE(SEM)","Without sequence","76.37","",""
"18/07/2024 06:00:00 - 18/07/2024 07:00:00","BZN|IE(SEM)","Without sequence","81.0","",""
"18/07/2024 07:00:00 - 18/07/2024 08:00:00","BZN|IE(SEM)","Without sequence","88.96","",""
"18/07/2024 08:00:00 - 18/07/2024 09:00:00","BZN|IE(SEM)","Without sequence","97.0","",""
"18/07/2024 09:00:00 - 18/07/2024 10:00:00","BZN|IE(SEM)","Without sequence","104.66","",""
"18/07/2024 10:00:00 - 18/07/2024 11:00:00","BZN|IE(SEM)","Without sequence","99.13","",""
"18/07/2024 11:00:00 - 18/07/2024 12:00:00","BZN|IE(SEM)","Without sequence","91.85","",""
"18/07/2024 12:00:00 - 18/07/2024 13:00:00","BZN|IE(SEM)","Without sequence","92.72","",""
"18/07/2024 13:00:00 - 18/07/2024 14:00:00","BZN|IE(SEM)","Without sequence","98.54","",""
"18/07/2024 14:00:00 - 18/07/2024 15:00:00","BZN|IE(SEM)","Without sequence","98.59","",""
"18/07/2024 15:00:00 - 18/07/2024 16:00:00","BZN|IE(SEM)","Without sequence","103.9","",""
"18/07/2024 16:00:00 - 18/07/2024 17:00:00","BZN|IE(SEM)","Without sequence","119.54","",""
"18/07/2024 17:00:00 - 18/07/2024 18:00:00","BZN|IE(SEM)","Without sequence","133.31","",""
"18/07/2024 18:00:00 - 18/07/2024 19:00:00","BZN|IE(SEM)","Without sequence","147.44","",""
"18/07/2024 19:00:00 - 18/07/2024 20:00:00","BZN|IE(SEM)","Without sequence","155.42","",""
"18/07/2024 20:00:00 - 18/07/2024 21:00:00","BZN|IE(SEM)","Without sequence","153.41","",""
"18/07/2024 21:00:00 - 18/07/2024 22:00:00","BZN|IE(SEM)","Without sequence","152.56","",""
"18/07/2024 22:00:00 - 18/07/2024 23:00:00","BZN|IE(SEM)","Without sequence","147.08","",""
"18/07/2024 23:00:00 - 19/07/2024 00:00:00","BZN|IE(SEM)","Without sequence","135.0","",""
"19/07/2024 00:00:00 - 19/07/2024 01:00:00","BZN|IE(SEM)","Without sequence","127.76","",""
"19/07/2024 01:00:00 - 19/07/2024 02:00:00","BZN|IE(SEM)","Without sequence","109.53","",""
"19/07/2024 02:00:00 - 19/07/2024 03:00:00","BZN|IE(SEM)","Without sequence","105.0","",""
"19/07/2024 03:00:00 - 19/07/2024 04:00:00","BZN|IE(SEM)","Without sequence","92.0","",""
"19/07/2024 04:00:00 - 19/07/2024 05:00:00","BZN|IE(SEM)","Without sequence","83.13","",""
"19/07/2024 05:00:00 - 19/07/2024 06:00:00","BZN|IE(SEM)","Without sequence","82.05","",""
"19/07/2024 06:00:00 - 19/07/2024 07:00:00","BZN|IE(SEM)","Without sequence","83.19","",""
"19/07/2024 07:00:00 - 19/07/2024 08:00:00","BZN|IE(SEM)","Without sequence","105.0","",""
"19/07/2024 08:00:00 - 19/07/2024 09:00:00","BZN|IE(SEM)","Without sequence","112.64","",""
"19/07/2024 09:00:00 - 19/07/2024 10:00:00","BZN|IE(SEM)","Without sequence","115.0","",""
"19/07/2024 10:00:00 - 19/07/2024 11:00:00","BZN|IE(SEM)","Without sequence","96.3","",""
"19/07/2024 11:00:00 - 19/07/2024 12:00:00","BZN|IE(SEM)","Without sequence","86.75","",""
"19/07/2024 12:00:00 - 19/07/2024 13:00:00","BZN|IE(SEM)","Without sequence","81.85","",""
"19/07/2024 13:00:00 - 19/07/2024 14:00:00","BZN|IE(SEM)","Without sequence","79.38","",""
"19/07/2024 14:00:00 - 19/07/2024 15:00:00","BZN|IE(SEM)","Without sequence","73.49","",""
"19/07/2024 15:00:00 - 19/07/2024 16:00:00","BZN|IE(SEM)","Without sequence","73.68","",""
"19/07/2024 16:00:00 - 19/07/2024 17:00:00","BZN|IE(SEM)","Without sequence","73.91","",""
"19/07/2024 17:00:00 - 19/07/2024 18:00:00","BZN|IE(SEM)","Without sequence","84.0","",""
"19/07/2024 18:00:00 - 19/07/2024 19:00:00","BZN|IE(SEM)","Without sequence","97.0","",""
"19/07/2024 19:00:00 - 19/07/2024 20:00:00","BZN|IE(SEM)","Without sequence","114.16","",""
"19/07/2024 20:00:00 - 19/07/2024 21:00:00","BZN|IE(SEM)","Without sequence","121.2","",""
"19/07/2024 21:00:00 - 19/07/2024 22:00:00","BZN|IE(SEM)","Without sequence","124.05","",""
"19/07/2024 22:00:00 - 19/07/2024 23:00:00","BZN|IE(SEM)","Without sequence","123.0","",""
"19/07/2024 23:00:00 - 20/07/2024 00:00:00","BZN|IE(SEM)","Without sequence","107.38","",""
"20/07/2024 00:00:00 - 20/07/2024 01:00:00","BZN|IE(SEM)","Without sequence","102.0","",""
"20/07/2024 01:00:00 - 20/07/2024 02:00:00","BZN|IE(SEM)","Without sequence","89.2","",""
"20/07/2024 02:00:00 - 20/07/2024 03:00:00","BZN|IE(SEM)","Without sequence","84.69","",""
"20/07/2024 03:00:00 - 20/07/2024 04:00:00","BZN|IE(SEM)","Without sequence","83.01","",""
"20/07/2024 04:00:00 - 20/07/2024 05:00:00","BZN|IE(SEM)","Without sequence","84.29","",""
"20/07/2024 05:00:00 - 20/07/2024 06:00:00","BZN|IE(SEM)","Without sequence","86.15","",""
"20/07/2024 06:00:00 - 20/07/2024 07:00:00","BZN|IE(SEM)","Without sequence","87.6","",""
"20/07/2024 07:00:00 - 20/07/2024 08:00:00","BZN|IE(SEM)","Without sequence","92.0","",""
"20/07/2024 08:00:00 - 20/07/2024 09:00:00","BZN|IE(SEM)","Without sequence","118.78","",""
"20/07/2024 09:00:00 - 20/07/2024 10:00:00","BZN|IE(SEM)","Without sequence","124.84","",""
"20/07/2024 10:00:00 - 20/07/2024 11:00:00","BZN|IE(SEM)","Without sequence","134.1","",""
"20/07/2024 11:00:00 - 20/07/2024 12:00:00","BZN|IE(SEM)","Without sequence","129.04","",""
"20/07/2024 12:00:00 - 20/07/2024 13:00:00","BZN|IE(SEM)","Without sequence","136.06","",""
"20/07/2024 13:00:00 - 20/07/2024 14:00:00","BZN|IE(SEM)","Without sequence","110.35","",""
"20/07/2024 14:00:00 - 20/07/2024 15:00:00","BZN|IE(SEM)","Without sequence","93.81","",""
"20/07/2024 15:00:00 - 20/07/2024 16:00:00","BZN|IE(SEM)","Without sequence","84.52","",""
"20/07/2024 16:00:00 - 20/07/2024 17:00:00","BZN|IE(SEM)","Without sequence","86.12","",""
"20/07/2024 17:00:00 - 20/07/2024 18:00:00","BZN|IE(SEM)","Without sequence","87.66","",""
"20/07/2024 18:00:00 - 20/07/2024 19:00:00","BZN|IE(SEM)","Without sequence","91.66","",""
"20/07/2024 19:00:00 - 20/07/2024 20:00:00","BZN|IE(SEM)","Without sequence","108.47","",""
"20/07/2024 20:00:00 - 20/07/2024 21:00:00","BZN|IE(SEM)","Without sequence","111.65","",""
"20/07/2024 21:00:00 - 20/07/2024 22:00:00","BZN|IE(SEM)","Without sequence","105.93","",""
"20/07/2024 22:00:00 - 20/07/2024 23:00:00","BZN|IE(SEM)","Without sequence","104.47","",""
"20/07/2024 23:00:00 - 21/07/2024 00:00:00","BZN|IE(SEM)","Without sequence","95.62","",""
"21/07/2024 00:00:00 - 21/07/2024 01:00:00","BZN|IE(SEM)","Without sequence","94.1","",""
"21/07/2024 01:00:00 - 21/07/2024 02:00:00","BZN|IE(SEM)","Without sequence","91.94","",""
"21/07/2024 02:00:00 - 21/07/2024 03:00:00","BZN|IE(SEM)","Without sequence","85.02","",""
"21/07/2024 03:00:00 - 21/07/2024 04:00:00","BZN|IE(SEM)","Without sequence","82.19","",""
"21/07/2024 04:00:00 - 21/07/2024 05:00:00","BZN|IE(SEM)","Without sequence","79.61","",""
"21/07/2024 05:00:00 - 21/07/2024 06:00:00","BZN|IE(SEM)","Without sequence","82.0","",""
"21/07/2024 06:00:00 - 21/07/2024 07:00:00","BZN|IE(SEM)","Without sequence","79.8","",""
"21/07/2024 07:00:00 - 21/07/2024 08:00:00","BZN|IE(SEM)","Without sequence","77.97","",""
"21/07/2024 08:00:00 - 21/07/2024 09:00:00","BZN|IE(SEM)","Without sequence","85.0","",""
"21/07/2024 09:00:00 - 21/07/2024 10:00:00","BZN|IE(SEM)","Without sequence","90.55","",""
"21/07/2024 10:00:00 - 21/07/2024 11:00:00","BZN|IE(SEM)","Without sequence","104.0","",""
"21/07/2024 11:00:00 - 21/07/2024 12:00:00","BZN|IE(SEM)","Without sequence","109.13","",""
"21/07/2024 12:00:00 - 21/07/2024 13:00:00","BZN|IE(SEM)","Without sequence","101.56","",""
"21/07/2024 13:00:00 - 21/07/2024 14:00:00","BZN|IE(SEM)","Without sequence","104.5","",""
"21/07/2024 14:00:00 - 21/07/2024 15:00:00","BZN|IE(SEM)","Without sequence","91.0","",""
"21/07/2024 15:00:00 - 21/07/2024 16:00:00","BZN|IE(SEM)","Without sequence","81.13","",""
"21/07/2024 16:00:00 - 21/07/2024 17:00:00","BZN|IE(SEM)","Without sequence","75.69","",""
"21/07/2024 17:00:00 - 21/07/2024 18:00:00","BZN|IE(SEM)","Without sequence","83.53","",""
"21/07/2024 18:00:00 - 21/07/2024 19:00:00","BZN|IE(SEM)","Without sequence","96.88","",""
"21/07/2024 19:00:00 - 21/07/2024 20:00:00","BZN|IE(SEM)","Without sequence","108.33","",""
"21/07/2024 20:00:00 - 21/07/2024 21:00:00","BZN|IE(SEM)","Without sequence","112.02","",""
"21/07/2024 21:00:00 - 21/07/2024 22:00:00","BZN|IE(SEM)","Without sequence","109.2","",""
"21/07/2024 22:00:00 - 21/07/2024 23:00:00","BZN|IE(SEM)","Without sequence","106.33","",""
"21/07/2024 23:00:00 - 22/07/2024 00:00:00","BZN|IE(SEM)","Without sequence","95.62","",""
"22/07/2024 00:00:00 - 22/07/2024 01:00:00","BZN|IE(SEM)","Without sequence","98.98","",""
"22/07/2024 01:00:00 - 22/07/2024 02:00:00","BZN|IE(SEM)","Without sequence","91.18","",""
"22/07/2024 02:00:00 - 22/07/2024 03:00:00","BZN|IE(SEM)","Without sequence","85.79","",""
"22/07/2024 03:00:00 - 22/07/2024 04:00:00","BZN|IE(SEM)","Without sequence","84.68","",""
"22/07/2024 04:00:00 - 22/07/2024 05:00:00","BZN|IE(SEM)","Without sequence","83.25","",""
"22/07/2024 05:00:00 - 22/07/2024 06:00:00","BZN|IE(SEM)","Without sequence","83.0","",""
"22/07/2024 06:00:00 - 22/07/2024 07:00:00","BZN|IE(SEM)","Without sequence","85.0","",""
"22/07/2024 07:00:00 - 22/07/2024 08:00:00","BZN|IE(SEM)","Without sequence","106.77","",""
"22/07/2024 08:00:00 - 22/07/2024 09:00:00","BZN|IE(SEM)","Without sequence","117.21","",""
"22/07/2024 09:00:00 - 22/07/2024 10:00:00","BZN|IE(SEM)","Without sequence","141.0","",""
"22/07/2024 10:00:00 - 22/07/2024 11:00:00","BZN|IE(SEM)","Without sequence","154.1","",""
"22/07/2024 11:00:00 - 22/07/2024 12:00:00","BZN|IE(SEM)","Without sequence","145.0","",""
"22/07/2024 12:00:00 - 22/07/2024 13:00:00","BZN|IE(SEM)","Without sequence","139.78","",""
"22/07/2024 13:00:00 - 22/07/2024 14:00:00","BZN|IE(SEM)","Without sequence","130.0","",""
"22/07/2024 14:00:00 - 22/07/2024 15:00:00","BZN|IE(SEM)","Without sequence","120.7","",""
"22/07/2024 15:00:00 - 22/07/2024 16:00:00","BZN|IE(SEM)","Without sequence","102.0","",""
"22/07/2024 16:00:00 - 22/07/2024 17:00:00","BZN|IE(SEM)","Without sequence","101.43","",""
"22/07/2024 17:00:00 - 22/07/2024 18:00:00","BZN|IE(SEM)","Without sequence","99.09","",""
"22/07/2024 18:00:00 - 22/07/2024 19:00:00","BZN|IE(SEM)","Without sequence","113.4","",""
"22/07/2024 19:00:00 - 22/07/2024 20:00:00","BZN|IE(SEM)","Without sequence","115.77","",""
"22/07/2024 20:00:00 - 22/07/2024 21:00:00","BZN|IE(SEM)","Without sequence","121.19","",""
"22/07/2024 21:00:00 - 22/07/2024 22:00:00","BZN|IE(SEM)","Without sequence","123.43","",""
"22/07/2024 22:00:00 - 22/07/2024 23:00:00","BZN|IE(SEM)","Without sequence","127.49","",""
"22/07/2024 23:00:00 - 23/07/2024 00:00:00","BZN|IE(SEM)","Without sequence","120.4","",""
"23/07/2024 00:00:00 - 23/07/2024 01:00:00","BZN|IE(SEM)","Without sequence","91.0","",""
"23/07/2024 01:00:00 - 23/07/2024 02:00:00","BZN|IE(SEM)","Without sequence","85.47","",""
"23/07/2024 02:00:00 - 23/07/2024 03:00:00","BZN|IE(SEM)","Without sequence","81.7","",""
"23/07/2024 03:00:00 - 23/07/2024 04:00:00","BZN|IE(SEM)","Without sequence","81.3","",""
"23/07/2024 04:00:00 - 23/07/2024 05:00:00","BZN|IE(SEM)","Without sequence","80.71","",""
"23/07/2024 05:00:00 - 23/07/2024 06:00:00","BZN|IE(SEM)","Without sequence","85.0","",""
"23/07/2024 06:00:00 - 23/07/2024 07:00:00","BZN|IE(SEM)","Without sequence","85.67","",""
"23/07/2024 07:00:00 - 23/07/2024 08:00:00","BZN|IE(SEM)","Without sequence","98.0","",""
"23/07/2024 08:00:00 - 23/07/2024 09:00:00","BZN|IE(SEM)","Without sequence","135.0","",""
"23/07/2024 09:00:00 - 23/07/2024 10:00:00","BZN|IE(SEM)","Without sequence","231.49","",""
"23/07/2024 10:00:00 - 23/07/2024 11:00:00","BZN|IE(SEM)","Without sequence","210.0","",""
"23/07/2024 11:00:00 - 23/07/2024 12:00:00","BZN|IE(SEM)","Without sequence","200.0","",""
"23/07/2024 12:00:00 - 23/07/2024 13:00:00","BZN|IE(SEM)","Without sequence","241.3","",""
"23/07/2024 13:00:00 - 23/07/2024 14:00:00","BZN|IE(SEM)","Without sequence","278.0","",""
"23/07/2024 14:00:00 - 23/07/2024 15:00:00","BZN|IE(SEM)","Without sequence","244.0","",""
"23/07/2024 15:00:00 - 23/07/2024 16:00:00","BZN|IE(SEM)","Without sequence","244.0","",""
"23/07/2024 16:00:00 - 23/07/2024 17:00:00","BZN|IE(SEM)","Without sequence","248.0","",""
"23/07/2024 17:00:00 - 23/07/2024 18:00:00","BZN|IE(SEM)","Without sequence","298.33","",""
"23/07/2024 18:00:00 - 23/07/2024 19:00:00","BZN|IE(SEM)","Without sequence","286.38","",""
"23/07/2024 19:00:00 - 23/07/2024 20:00:00","BZN|IE(SEM)","Without sequence","270.0","",""
"23/07/2024 20:00:00 - 23/07/2024 21:00:00","BZN|IE(SEM)","Without sequence","224.0","",""
"23/07/2024 21:00:00 - 23/07/2024 22:00:00","BZN|IE(SEM)","Without sequence","215.82","",""
"23/07/2024 22:00:00 - 23/07/2024 23:00:00","BZN|IE(SEM)","Without sequence","221.38","",""
"23/07/2024 23:00:00 - 24/07/2024 00:00:00","BZN|IE(SEM)","Without sequence","195.0","",""
"24/07/2024 00:00:00 - 24/07/2024 01:00:00","BZN|IE(SEM)","Without sequence","150.47","",""
"24/07/2024 01:00:00 - 24/07/2024 02:00:00","BZN|IE(SEM)","Without sequence","116.86","",""
"24/07/2024 02:00:00 - 24/07/2024 03:00:00","BZN|IE(SEM)","Without sequence","102.69","",""
"24/07/2024 03:00:00 - 24/07/2024 04:00:00","BZN|IE(SEM)","Without sequence","99.0","",""
"24/07/2024 04:00:00 - 24/07/2024 05:00:00","BZN|IE(SEM)","Without sequence","94.72","",""
"24/07/2024 05:00:00 - 24/07/2024 06:00:00","BZN|IE(SEM)","Without sequence","94.24","",""
"24/07/2024 06:00:00 - 24/07/2024 07:00:00","BZN|IE(SEM)","Without sequence","93.62","",""
"24/07/2024 07:00:00 - 24/07/2024 08:00:00","BZN|IE(SEM)","Without sequence","100.0","",""
"24/07/2024 08:00:00 - 24/07/2024 09:00:00","BZN|IE(SEM)","Without sequence","133.69","",""
"24/07/2024 09:00:00 - 24/07/2024 10:00:00","BZN|IE(SEM)","Without sequence","150.77","",""
"24/07/2024 10:00:00 - 24/07/2024 11:00:00","BZN|IE(SEM)","Without sequence","146.0","",""
"24/07/2024 11:00:00 - 24/07/2024 12:00:00","BZN|IE(SEM)","Without sequence","121.06","",""
"24/07/2024 12:00:00 - 24/07/2024 13:00:00","BZN|IE(SEM)","Without sequence","102.29","",""
"24/07/2024 13:00:00 - 24/07/2024 14:00:00","BZN|IE(SEM)","Without sequence","93.0","",""
"24/07/2024 14:00:00 - 24/07/2024 15:00:00","BZN|IE(SEM)","Without sequence","89.03","",""
"24/07/2024 15:00:00 - 24/07/2024 16:00:00","BZN|IE(SEM)","Without sequence","84.21","",""
"24/07/2024 16:00:00 - 24/07/2024 17:00:00","BZN|IE(SEM)","Without sequence","77.9","",""
"24/07/2024 17:00:00 - 24/07/2024 18:00:00","BZN|IE(SEM)","Without sequence","79.9","",""
"24/07/2024 18:00:00 - 24/07/2024 19:00:00","BZN|IE(SEM)","Without sequence","85.51","",""
"24/07/2024 19:00:00 - 24/07/2024 20:00:00","BZN|IE(SEM)","Without sequence","101.52","",""
"24/07/2024 20:00:00 - 24/07/2024 21:00:00","BZN|IE(SEM)","Without sequence","110.0","",""
"24/07/2024 21:00:00 - 24/07/2024 22:00:00","BZN|IE(SEM)","Without sequence","105.34","",""
"24/07/2024 22:00:00 - 24/07/2024 23:00:00","BZN|IE(SEM)","Without sequence","98.1","",""
"24/07/2024 23:00:00 - 25/07/2024 00:00:00","BZN|IE(SEM)","Without sequence","85.37","",""
"25/07/2024 00:00:00 - 25/07/2024 01:00:00","BZN|IE(SEM)","Without sequence","86.0","",""
"25/07/2024 01:00:00 - 25/07/2024 02:00:00","BZN|IE(SEM)","Without sequence","80.25","",""
"25/07/2024 02:00:00 - 25/07/2024 03:00:00","BZN|IE(SEM)","Without sequence","78.74","",""
"25/07/2024 03:00:00 - 25/07/2024 04:00:00","BZN|IE(SEM)","Without sequence","78.22","",""
"25/07/2024 04:00:00 - 25/07/2024 05:00:00","BZN|IE(SEM)","Without sequence","79.0","",""
"25/07/2024 05:00:00 - 25/07/2024 06:00:00","BZN|IE(SEM)","Without sequence","79.03","",""
"25/07/2024 06:00:00 - 25/07/2024 07:00:00","BZN|IE(SEM)","Without sequence","85.2","",""
"25/07/2024 07:00:00 - 25/07/2024 08:00:00","BZN|IE(SEM)","Without sequence","98.9","",""
"25/07/2024 08:00:00 - 25/07/2024 09:00:00","BZN|IE(SEM)","Without sequence","115.6","",""
"25/07/2024 09:00:00 - 25/07/2024 10:00:00","BZN|IE(SEM)","Without sequence","146.25","",""
"25/07/2024 10:00:00 - 25/07/2024 11:00:00","BZN|IE(SEM)","Without sequence","139.0","",""
"25/07/2024 11:00:00 - 25/07/2024 12:00:00","BZN|IE(SEM)","Without sequence","115.59","",""
"25/07/2024 12:00:00 - 25/07/2024 13:00:00","BZN|IE(SEM)","Without sequence","116.53","",""
"25/07/2024 13:00:00 - 25/07/2024 14:00:00","BZN|IE(SEM)","Without sequence","106.89","",""
"25/07/2024 14:00:00 - 25/07/2024 15:00:00","BZN|IE(SEM)","Without sequence","94.76","",""
"25/07/2024 15:00:00 - 25/07/2024 16:00:00","BZN|IE(SEM)","Without sequence","86.54","",""
"25/07/2024 16:00:00 - 25/07/2024 17:00:00","BZN|IE(SEM)","Without sequence","83.0","",""
"25/07/2024 17:00:00 - 25/07/2024 18:00:00","BZN|IE(SEM)","Without sequence","85.19","",""
"25/07/2024 18:00:00 - 25/07/2024 19:00:00","BZN|IE(SEM)","Without sequence","89.49","",""
"25/07/2024 19:00:00 - 25/07/2024 20:00:00","BZN|IE(SEM)","Without sequence","107.0","",""
"25/07/2024 20:00:00 - 25/07/2024 21:00:00","BZN|IE(SEM)","Without sequence","115.0","",""
"25/07/2024 21:00:00 - 25/07/2024 22:00:00","BZN|IE(SEM)","Without sequence","113.93","",""
"25/07/2024 22:00:00 - 25/07/2024 23:00:00","BZN|IE(SEM)","Without sequence","112.96","",""
"25/07/2024 23:00:00 - 26/07/2024 00:00:00","BZN|IE(SEM)","Without sequence","100.0","",""
"26/07/2024 00:00:00 - 26/07/2024 01:00:00","BZN|IE(SEM)","Without sequence","85.89","",""
"26/07/2024 01:00:00 - 26/07/2024 02:00:00","BZN|IE(SEM)","Without sequence","82.0","",""
"26/07/2024 02:00:00 - 26/07/2024 03:00:00","BZN|IE(SEM)","Without sequence","78.71","",""
"26/07/2024 03:00:00 - 26/07/2024 04:00:00","BZN|IE(SEM)","Without sequence","77.0","",""
"26/07/2024 04:00:00 - 26/07/2024 05:00:00","BZN|IE(SEM)","Without sequence","76.79","",""
"26/07/2024 05:00:00 - 26/07/2024 06:00:00","BZN|IE(SEM)","Without sequence","77.15","",""
"26/07/2024 06:00:00 - 26/07/2024 07:00:00","BZN|IE(SEM)","Without sequence","81.96","",""
"26/07/2024 07:00:00 - 26/07/2024 08:00:00","BZN|IE(SEM)","Without sequence","91.55","",""
"26/07/2024 08:00:00 - 26/07/2024 09:00:00","BZN|IE(SEM)","Without sequence","108.0","",""
"26/07/2024 09:00:00 - 26/07/2024 10:00:00","BZN|IE(SEM)","Without sequence","124.0","",""
"26/07/2024 10:00:00 - 26/07/2024 11:00:00","BZN|IE(SEM)","Without sequence","120.01","",""
"26/07/2024 11:00:00 - 26/07/2024 12:00:00","BZN|IE(SEM)","Without sequence","106.35","",""
"26/07/2024 12:00:00 - 26/07/2024 13:00:00","BZN|IE(SEM)","Without sequence","98.0","",""
"26/07/2024 13:00:00 - 26/07/2024 14:00:00","BZN|IE(SEM)","Without sequence","91.23","",""
"26/07/2024 14:00:00 - 26/07/2024 15:00:00","BZN|IE(SEM)","Without sequence","85.79","",""
"26/07/2024 15:00:00 - 26/07/2024 16:00:00","BZN|IE(SEM)","Without sequence","82.0","",""
"26/07/2024 16:00:00 - 26/07/2024 17:00:00","BZN|IE(SEM)","Without sequence","82.0","",""
"26/07/2024 17:00:00 - 26/07/2024 18:00:00","BZN|IE(SEM)","Without sequence","85.79","",""
"26/07/2024 18:00:00 - 26/07/2024 19:00:00","BZN|IE(SEM)","Without sequence","95.0","",""
"26/07/2024 19:00:00 - 26/07/2024 20:00:00","BZN|IE(SEM)","Without sequence","115.0","",""
"26/07/2024 20:00:00 - 26/07/2024 21:00:00","BZN|IE(SEM)","Without sequence","126.62","",""
"26/07/2024 21:00:00 - 26/07/2024 22:00:00","BZN|IE(SEM)","Without sequence","140.0","",""
"26/07/2024 22:00:00 - 26/07/2024 23:00:00","BZN|IE(SEM)","Without sequence","137.41","",""
"26/07/2024 23:00:00 - 27/07/2024 00:00:00","BZN|IE(SEM)","Without sequence","125.01","",""
"27/07/2024 00:00:00 - 27/07/2024 01:00:00","BZN|IE(SEM)","Without sequence","108.0","",""
"27/07/2024 01:00:00 - 27/07/2024 02:00:00","BZN|IE(SEM)","Without sequence","90.59","",""
"27/07/2024 02:00:00 - 27/07/2024 03:00:00","BZN|IE(SEM)","Without sequence","85.6","",""
"27/07/2024 03:00:00 - 27/07/2024 04:00:00","BZN|IE(SEM)","Without sequence","81.96","",""
"27/07/2024 04:00:00 - 27/07/2024 05:00:00","BZN|IE(SEM)","Without sequence","85.11","",""
"27/07/2024 05:00:00 - 27/07/2024 06:00:00","BZN|IE(SEM)","Without sequence","85.11","",""
"27/07/2024 06:00:00 - 27/07/2024 07:00:00","BZN|IE(SEM)","Without sequence","86.37","",""
"27/07/2024 07:00:00 - 27/07/2024 08:00:00","BZN|IE(SEM)","Without sequence","86.14","",""
"27/07/2024 08:00:00 - 27/07/2024 09:00:00","BZN|IE(SEM)","Without sequence","94.98","",""
"27/07/2024 09:00:00 - 27/07/2024 10:00:00","BZN|IE(SEM)","Without sequence","130.4","",""
"27/07/2024 10:00:00 - 27/07/2024 11:00:00","BZN|IE(SEM)","Without sequence","134.98","",""
"27/07/2024 11:00:00 - 27/07/2024 12:00:00","BZN|IE(SEM)","Without sequence","158.7","",""
"27/07/2024 12:00:00 - 27/07/2024 13:00:00","BZN|IE(SEM)","Without sequence","131.52","",""
"27/07/2024 13:00:00 - 27/07/2024 14:00:00","BZN|IE(SEM)","Without sequence","117.05","",""
"27/07/2024 14:00:00 - 27/07/2024 15:00:00","BZN|IE(SEM)","Without sequence","103.65","",""
"27/07/2024 15:00:00 - 27/07/2024 16:00:00","BZN|IE(SEM)","Without sequence","88.94","",""
"27/07/2024 16:00:00 - 27/07/2024 17:00:00","BZN|IE(SEM)","Without sequence","86.0","",""
"27/07/2024 17:00:00 - 27/07/2024 18:00:00","BZN|IE(SEM)","Without sequence","92.4","",""
"27/07/2024 18:00:00 - 27/07/2024 19:00:00","BZN|IE(SEM)","Without sequence","110.0","",""
"27/07/2024 19:00:00 - 27/07/2024 20:00:00","BZN|IE(SEM)","Without sequence","131.4","",""
"27/07/2024 20:00:00 - 27/07/2024 21:00:00","BZN|IE(SEM)","Without sequence","126.82","",""
"27/07/2024 21:00:00 - 27/07/2024 22:00:00","BZN|IE(SEM)","Without sequence","125.01","",""
"27/07/2024 22:00:00 - 27/07/2024 23:00:00","BZN|IE(SEM)","Without sequence","126.9","",""
"27/07/2024 23:00:00 - 28/07/2024 00:00:00","BZN|IE(SEM)","Without sequence","131.16","",""
"28/07/2024 00:00:00 - 28/07/2024 01:00:00","BZN|IE(SEM)","Without sequence","130.41","",""
"28/07/2024 01:00:00 - 28/07/2024 02:00:00","BZN|IE(SEM)","Without sequence","115.0","",""
"28/07/2024 02:00:00 - 28/07/2024 03:00:00","BZN|IE(SEM)","Without sequence","103.22","",""
"28/07/2024 03:00:00 - 28/07/2024 04:00:00","BZN|IE(SEM)","Without sequence","106.13","",""
"28/07/2024 04:00:00 - 28/07/2024 05:00:00","BZN|IE(SEM)","Without sequence","103.38","",""
"28/07/2024 05:00:00 - 28/07/2024 06:00:00","BZN|IE(SEM)","Without sequence","103.31","",""
"28/07/2024 06:00:00 - 28/07/2024 07:00:00","BZN|IE(SEM)","Without sequence","100.0","",""
"28/07/2024 07:00:00 - 28/07/2024 08:00:00","BZN|IE(SEM)","Without sequence","102.31","",""
"28/07/2024 08:00:00 - 28/07/2024 09:00:00","BZN|IE(SEM)","Without sequence","112.0","",""
"28/07/2024 09:00:00 - 28/07/2024 10:00:00","BZN|IE(SEM)","Without sequence","135.0","",""
"28/07/2024 10:00:00 - 28/07/2024 11:00:00","BZN|IE(SEM)","Without sequence","132.4","",""
"28/07/2024 11:00:00 - 28/07/2024 12:00:00","BZN|IE(SEM)","Without sequence","123.64","",""
"28/07/2024 12:00:00 - 28/07/2024 13:00:00","BZN|IE(SEM)","Without sequence","112.5","",""
"28/07/2024 13:00:00 - 28/07/2024 14:00:00","BZN|IE(SEM)","Without sequence","95.7","",""
"28/07/2024 14:00:00 - 28/07/2024 15:00:00","BZN|IE(SEM)","Without sequence","84.09","",""
"28/07/2024 15:00:00 - 28/07/2024 16:00:00","BZN|IE(SEM)","Without sequence","81.25","",""
"28/07/2024 16:00:00 - 28/07/2024 17:00:00","BZN|IE(SEM)","Without sequence","82.45","",""
"28/07/2024 17:00:00 - 28/07/2024 18:00:00","BZN|IE(SEM)","Without sequence","87.18","",""
"28/07/2024 18:00:00 - 28/07/2024 19:00:00","BZN|IE(SEM)","Without sequence","95.0","",""
"28/07/2024 19:00:00 - 28/07/2024 20:00:00","BZN|IE(SEM)","Without sequence","111.79","",""
"28/07/2024 20:00:00 - 28/07/2024 21:00:00","BZN|IE(SEM)","Without sequence","125.06","",""
"28/07/2024 21:00:00 - 28/07/2024 22:00:00","BZN|IE(SEM)","Without sequence","125.0","",""
"28/07/2024 22:00:00 - 28/07/2024 23:00:00","BZN|IE(SEM)","Without sequence","116.29","",""
"28/07/2024 23:00:00 - 29/07/2024 00:00:00","BZN|IE(SEM)","Without sequence","100.5","",""
"29/07/2024 00:00:00 - 29/07/2024 01:00:00","BZN|IE(SEM)","Without sequence","91.28","",""
"29/07/2024 01:00:00 - 29/07/2024 02:00:00","BZN|IE(SEM)","Without sequence","84.56","",""
"29/07/2024 02:00:00 - 29/07/2024 03:00:00","BZN|IE(SEM)","Without sequence","81.69","",""
"29/07/2024 03:00:00 - 29/07/2024 04:00:00","BZN|IE(SEM)","Without sequence","80.0","",""
"29/07/2024 04:00:00 - 29/07/2024 05:00:00","BZN|IE(SEM)","Without sequence","79.9","",""
"29/07/2024 05:00:00 - 29/07/2024 06:00:00","BZN|IE(SEM)","Without sequence","79.9","",""
"29/07/2024 06:00:00 - 29/07/2024 07:00:00","BZN|IE(SEM)","Without sequence","81.6","",""
"29/07/2024 07:00:00 - 29/07/2024 08:00:00","BZN|IE(SEM)","Without sequence","97.0","",""
"29/07/2024 08:00:00 - 29/07/2024 09:00:00","BZN|IE(SEM)","Without sequence","116.52","",""
"29/07/2024 09:00:00 - 29/07/2024 10:00:00","BZN|IE(SEM)","Without sequence","138.0","",""
"29/07/2024 10:00:00 - 29/07/2024 11:00:00","BZN|IE(SEM)","Without sequence","125.0","",""
"29/07/2024 11:00:00 - 29/07/2024 12:00:00","BZN|IE(SEM)","Without sequence","101.76","",""
"29/07/2024 12:00:00 - 29/07/2024 13:00:00","BZN|IE(SEM)","Without sequence","95.0","",""
"29/07/2024 13:00:00 - 29/07/2024 14:00:00","BZN|IE(SEM)","Without sequence","91.92","",""
"29/07/2024 14:00:00 - 29/07/2024 15:00:00","BZN|IE(SEM)","Without sequence","88.27","",""
"29/07/2024 15:00:00 - 29/07/2024 16:00:00","BZN|IE(SEM)","Without sequence","87.35","",""
"29/07/2024 16:00:00 - 29/07/2024 17:00:00","BZN|IE(SEM)","Without sequence","88.3","",""
"29/07/2024 17:00:00 - 29/07/2024 18:00:00","BZN|IE(SEM)","Without sequence","96.2","",""
"29/07/2024 18:00:00 - 29/07/2024 19:00:00","BZN|IE(SEM)","Without sequence","128.0","",""
"29/07/2024 19:00:00 - 29/07/2024 20:00:00","BZN|IE(SEM)","Without sequence","150.0","",""
"29/07/2024 20:00:00 - 29/07/2024 21:00:00","BZN|IE(SEM)","Without sequence","148.42","",""
"29/07/2024 21:00:00 - 29/07/2024 22:00:00","BZN|IE(SEM)","Without sequence","149.6","",""
"29/07/2024 22:00:00 - 29/07/2024 23:00:00","BZN|IE(SEM)","Without sequence","155.0","",""
"29/07/2024 23:00:00 - 30/07/2024 00:00:00","BZN|IE(SEM)","Without sequence","164.6","",""
"30/07/2024 00:00:00 - 30/07/2024 01:00:00","BZN|IE(SEM)","Without sequence","138.3","",""
"30/07/2024 01:00:00 - 30/07/2024 02:00:00","BZN|IE(SEM)","Without sequence","115.0","",""
"30/07/2024 02:00:00 - 30/07/2024 03:00:00","BZN|IE(SEM)","Without sequence","102.93","",""
"30/07/2024 03:00:00 - 30/07/2024 04:00:00","BZN|IE(SEM)","Without sequence","100.0","",""
"30/07/2024 04:00:00 - 30/07/2024 05:00:00","BZN|IE(SEM)","Without sequence","97.29","",""
"30/07/2024 05:00:00 - 30/07/2024 06:00:00","BZN|IE(SEM)","Without sequence","99.31","",""
"30/07/2024 06:00:00 - 30/07/2024 07:00:00","BZN|IE(SEM)","Without sequence","92.78","",""
"30/07/2024 07:00:00 - 30/07/2024 08:00:00","BZN|IE(SEM)","Without sequence","125.0","",""
"30/07/2024 08:00:00 - 30/07/2024 09:00:00","BZN|IE(SEM)","Without sequence","175.77","",""
"30/07/2024 09:00:00 - 30/07/2024 10:00:00","BZN|IE(SEM)","Without sequence","277.79","",""
"30/07/2024 10:00:00 - 30/07/2024 11:00:00","BZN|IE(SEM)","Without sequence","260.61","",""
"30/07/2024 11:00:00 - 30/07/2024 12:00:00","BZN|IE(SEM)","Without sequence","251.0","",""
"30/07/2024 12:00:00 - 30/07/2024 13:00:00","BZN|IE(SEM)","Without sequence","284.0","",""
"30/07/2024 13:00:00 - 30/07/2024 14:00:00","BZN|IE(SEM)","Without sequence","290.0","",""
"30/07/2024 14:00:00 - 30/07/2024 15:00:00","BZN|IE(SEM)","Without sequence","266.0","",""
"30/07/2024 15:00:00 - 30/07/2024 16:00:00","BZN|IE(SEM)","Without sequence","240.0","",""
"30/07/2024 16:00:00 - 30/07/2024 17:00:00","BZN|IE(SEM)","Without sequence","244.0","",""
"30/07/2024 17:00:00 - 30/07/2024 18:00:00","BZN|IE(SEM)","Without sequence","277.79","",""
"30/07/2024 18:00:00 - 30/07/2024 19:00:00","BZN|IE(SEM)","Without sequence","277.79","",""
"30/07/2024 19:00:00 - 30/07/2024 20:00:00","BZN|IE(SEM)","Without sequence","251.0","",""
"30/07/2024 20:00:00 - 30/07/2024 21:00:00","BZN|IE(SEM)","Without sequence","232.29","",""
"30/07/2024 21:00:00 - 30/07/2024 22:00:00","BZN|IE(SEM)","Without sequence","233.75","",""
"30/07/2024 22:00:00 - 30/07/2024 23:00:00","BZN|IE(SEM)","Without sequence","233.11","",""
"30/07/2024 23:00:00 - 31/07/2024 00:00:00","BZN|IE(SEM)","Without sequence","210.0","",""
"31/07/2024 00:00:00 - 31/07/2024 01:00:00","BZN|IE(SEM)","Without sequence","137.99","",""
"31/07/2024 01:00:00 - 31/07/2024 02:00:00","BZN|IE(SEM)","Without sequence","125.0","",""
"31/07/2024 02:00:00 - 31/07/2024 03:00:00","BZN|IE(SEM)","Without sequence","105.9","",""
"31/07/2024 03:00:00 - 31/07/2024 04:00:00","BZN|IE(SEM)","Without sequence","100.94","",""
"31/07/2024 04:00:00 - 31/07/2024 05:00:00","BZN|IE(SEM)","Without sequence","99.0","",""
"31/07/2024 05:00:00 - 31/07/2024 06:00:00","BZN|IE(SEM)","Without sequence","98.44","",""
"31/07/2024 06:00:00 - 31/07/2024 07:00:00","BZN|IE(SEM)","Without sequence","99.0","",""
"31/07/2024 07:00:00 - 31/07/2024 08:00:00","BZN|IE(SEM)","Without sequence","117.56","",""
"31/07/2024 08:00:00 - 31/07/2024 09:00:00","BZN|IE(SEM)","Without sequence","172.58","",""
"31/07/2024 09:00:00 - 31/07/2024 10:00:00","BZN|IE(SEM)","Without sequence","245.0","",""
"31/07/2024 10:00:00 - 31/07/2024 11:00:00","BZN|IE(SEM)","Without sequence","243.44","",""
"31/07/2024 11:00:00 - 31/07/2024 12:00:00","BZN|IE(SEM)","Without sequence","230.0","",""
"31/07/2024 12:00:00 - 31/07/2024 13:00:00","BZN|IE(SEM)","Without sequence","226.81","",""
"31/07/2024 13:00:00 - 31/07/2024 14:00:00","BZN|IE(SEM)","Without sequence","226.81","",""
"31/07/2024 14:00:00 - 31/07/2024 15:00:00","BZN|IE(SEM)","Without sequence","206.64","",""
"31/07/2024 15:00:00 - 31/07/2024 16:00:00","BZN|IE(SEM)","Without sequence","190.0","",""
"31/07/2024 16:00:00 - 31/07/2024 17:00:00","BZN|IE(SEM)","Without sequence","200.0","",""
"31/07/2024 17:00:00 - 31/07/2024 18:00:00","BZN|IE(SEM)","Without sequence","220.0","",""
"31/07/2024 18:00:00 - 31/07/2024 19:00:00","BZN|IE(SEM)","Without sequence","236.31","",""
"31/07/2024 19:00:00 - 31/07/2024 20:00:00","BZN|IE(SEM)","Without sequence","250.0","",""
"31/07/2024 20:00:00 - 31/07/2024 21:00:00","BZN|IE(SEM)","Without sequence","220.1","",""
"31/07/2024 21:00:00 - 31/07/2024 22:00:00","BZN|IE(SEM)","Without sequence","220.01","",""
"31/07/2024 22:00:00 - 31/07/2024 23:00:00","BZN|IE(SEM)","Without sequence","225.0","",""
"31/07/2024 23:00:00 - 01/08/2024 00:00:00","BZN|IE(SEM)","Without sequence","200.0","",""
"01/08/2024 00:00:00 - 01/08/2024 01:00:00","BZN|IE(SEM)","Without sequence","112.77","",""
"01/08/2024 01:00:00 - 01/08/2024 02:00:00","BZN|IE(SEM)","Without sequence","96.0","",""
"01/08/2024 02:00:00 - 01/08/2024 03:00:00","BZN|IE(SEM)","Without sequence","94.02","",""
"01/08/2024 03:00:00 - 01/08/2024 04:00:00","BZN|IE(SEM)","Without sequence","91.4","",""
"01/08/2024 04:00:00 - 01/08/2024 05:00:00","BZN|IE(SEM)","Without sequence","88.62","",""
"01/08/2024 05:00:00 - 01/08/2024 06:00:00","BZN|IE(SEM)","Without sequence","91.0","",""
"01/08/2024 06:00:00 - 01/08/2024 07:00:00","BZN|IE(SEM)","Without sequence","94.0","",""
"01/08/2024 07:00:00 - 01/08/2024 08:00:00","BZN|IE(SEM)","Without sequence","107.1","",""
"01/08/2024 08:00:00 - 01/08/2024 09:00:00","BZN|IE(SEM)","Without sequence","136.16","",""
"01/08/2024 09:00:00 - 01/08/2024 10:00:00","BZN|IE(SEM)","Without sequence","167.6","",""
"01/08/2024 10:00:00 - 01/08/2024 11:00:00","BZN|IE(SEM)","Without sequence","163.0","",""
"01/08/2024 11:00:00 - 01/08/2024 12:00:00","BZN|IE(SEM)","Without sequence","143.5","",""
"01/08/2024 12:00:00 - 01/08/2024 13:00:00","BZN|IE(SEM)","Without sequence","134.0","",""
"01/08/2024 13:00:00 - 01/08/2024 14:00:00","BZN|IE(SEM)","Without sequence","111.0","",""
"01/08/2024 14:00:00 - 01/08/2024 15:00:00","BZN|IE(SEM)","Without sequence","97.0","",""
"01/08/2024 15:00:00 - 01/08/2024 16:00:00","BZN|IE(SEM)","Without sequence","92.2","",""
"01/08/2024 16:00:00 - 01/08/2024 17:00:00","BZN|IE(SEM)","Without sequence","92.04","",""
"01/08/2024 17:00:00 - 01/08/2024 18:00:00","BZN|IE(SEM)","Without sequence","98.65","",""
"01/08/2024 18:00:00 - 01/08/2024 19:00:00","BZN|IE(SEM)","Without sequence","110.0","",""
"01/08/2024 19:00:00 - 01/08/2024 20:00:00","BZN|IE(SEM)","Without sequence","125.36","",""
"01/08/2024 20:00:00 - 01/08/2024 21:00:00","BZN|IE(SEM)","Without sequence","128.74","",""
"01/08/2024 21:00:00 - 01/08/2024 22:00:00","BZN|IE(SEM)","Without sequence","126.62","",""
"01/08/2024 22:00:00 - 01/08/2024 23:00:00","BZN|IE(SEM)","Without sequence","118.64","",""
"01/08/2024 23:00:00 - 02/08/2024 00:00:00","BZN|IE(SEM)","Without sequence","101.68","",""
"02/08/2024 00:00:00 - 02/08/2024 01:00:00","BZN|IE(SEM)","Without sequence","104.0","",""
"02/08/2024 01:00:00 - 02/08/2024 02:00:00","BZN|IE(SEM)","Without sequence","98.01","",""
"02/08/2024 02:00:00 - 02/08/2024 03:00:00","BZN|IE(SEM)","Without sequence","91.18","",""
"02/08/2024 03:00:00 - 02/08/2024 04:00:00","BZN|IE(SEM)","Without sequence","84.95","",""
"02/08/2024 04:00:00 - 02/08/2024 05:00:00","BZN|IE(SEM)","Without sequence","82.73","",""
"02/08/2024 05:00:00 - 02/08/2024 06:00:00","BZN|IE(SEM)","Without sequence","78.16","",""
"02/08/2024 06:00:00 - 02/08/2024 07:00:00","BZN|IE(SEM)","Without sequence","82.62","",""
"02/08/2024 07:00:00 - 02/08/2024 08:00:00","BZN|IE(SEM)","Without sequence","94.0","",""
"02/08/2024 08:00:00 - 02/08/2024 09:00:00","BZN|IE(SEM)","Without sequence","110.0","",""
"02/08/2024 09:00:00 - 02/08/2024 10:00:00","BZN|IE(SEM)","Without sequence","103.0","",""
"02/08/2024 10:00:00 - 02/08/2024 11:00:00","BZN|IE(SEM)","Without sequence","92.85","",""
"02/08/2024 11:00:00 - 02/08/2024 12:00:00","BZN|IE(SEM)","Without sequence","85.15","",""
"02/08/2024 12:00:00 - 02/08/2024 13:00:00","BZN|IE(SEM)","Without sequence","76.98","",""
"02/08/2024 13:00:00 - 02/08/2024 14:00:00","BZN|IE(SEM)","Without sequence","75.28","",""
"02/08/2024 14:00:00 - 02/08/2024 15:00:00","BZN|IE(SEM)","Without sequence","75.28","",""
"02/08/2024 15:00:00 - 02/08/2024 16:00:00","BZN|IE(SEM)","Without sequence","79.0","",""
"02/08/2024 16:00:00 - 02/08/2024 17:00:00","BZN|IE(SEM)","Without sequence","79.7","",""
"02/08/2024 17:00:00 - 02/08/2024 18:00:00","BZN|IE(SEM)","Without sequence","89.0","",""
"02/08/2024 18:00:00 - 02/08/2024 19:00:00","BZN|IE(SEM)","Without sequence","112.0","",""
"02/08/2024 19:00:00 - 02/08/2024 20:00:00","BZN|IE(SEM)","Without sequence","117.26","",""
"02/08/2024 20:00:00 - 02/08/2024 21:00:00","BZN|IE(SEM)","Without sequence","130.0","",""
"02/08/2024 21:00:00 - 02/08/2024 22:00:00","BZN|IE(SEM)","Without sequence","136.01","",""
"02/08/2024 22:00:00 - 02/08/2024 23:00:00","BZN|IE(SEM)","Without sequence","155.5","",""
"02/08/2024 23:00:00 - 03/08/2024 00:00:00","BZN|IE(SEM)","Without sequence","153.0","",""
"03/08/2024 00:00:00 - 03/08/2024 01:00:00","BZN|IE(SEM)","Without sequence","115.0","",""
"03/08/2024 01:00:00 - 03/08/2024 02:00:00","BZN|IE(SEM)","Without sequence","105.62","",""
"03/08/2024 02:00:00 - 03/08/2024 03:00:00","BZN|IE(SEM)","Without sequence","95.5","",""
"03/08/2024 03:00:00 - 03/08/2024 04:00:00","BZN|IE(SEM)","Without sequence","101.9","",""
"03/08/2024 04:00:00 - 03/08/2024 05:00:00","BZN|IE(SEM)","Without sequence","95.69","",""
"03/08/2024 05:00:00 - 03/08/2024 06:00:00","BZN|IE(SEM)","Without sequence","96.19","",""
"03/08/2024 06:00:00 - 03/08/2024 07:00:00","BZN|IE(SEM)","Without sequence","98.0","",""
"03/08/2024 07:00:00 - 03/08/2024 08:00:00","BZN|IE(SEM)","Without sequence","101.0","",""
"03/08/2024 08:00:00 - 03/08/2024 09:00:00","BZN|IE(SEM)","Without sequence","95.5","",""
"03/08/2024 09:00:00 - 03/08/2024 10:00:00","BZN|IE(SEM)","Without sequence","107.5","",""
"03/08/2024 10:00:00 - 03/08/2024 11:00:00","BZN|IE(SEM)","Without sequence","115.0","",""
"03/08/2024 11:00:00 - 03/08/2024 12:00:00","BZN|IE(SEM)","Without sequence","107.98","",""
"03/08/2024 12:00:00 - 03/08/2024 13:00:00","BZN|IE(SEM)","Without sequence","100.63","",""
"03/08/2024 13:00:00 - 03/08/2024 14:00:00","BZN|IE(SEM)","Without sequence","95.35","",""
"03/08/2024 14:00:00 - 03/08/2024 15:00:00","BZN|IE(SEM)","Without sequence","81.0","",""
"03/08/2024 15:00:00 - 03/08/2024 16:00:00","BZN|IE(SEM)","Without sequence","76.68","",""
"03/08/2024 16:00:00 - 03/08/2024 17:00:00","BZN|IE(SEM)","Without sequence","75.35","",""
"03/08/2024 17:00:00 - 03/08/2024 18:00:00","BZN|IE(SEM)","Without sequence","80.54","",""
"03/08/2024 18:00:00 - 03/08/2024 19:00:00","BZN|IE(SEM)","Without sequence","92.83","",""
"03/08/2024 19:00:00 - 03/08/2024 20:00:00","BZN|IE(SEM)","Without sequence","108.07","",""
"03/08/2024 20:00:00 - 03/08/2024 21:00:00","BZN|IE(SEM)","Without sequence","120.49","",""
"03/08/2024 21:00:00 - 03/08/2024 22:00:00","BZN|IE(SEM)","Without sequence","126.2","",""
"03/08/2024 22:00:00 - 03/08/2024 23:00:00","BZN|IE(SEM)","Without sequence","163.0","",""
"03/08/2024 23:00:00 - 04/08/2024 00:00:00","BZN|IE(SEM)","Without sequence","132.44","",""
"04/08/2024 00:00:00 - 04/08/2024 01:00:00","BZN|IE(SEM)","Without sequence","135.38","",""
"04/08/2024 01:00:00 - 04/08/2024 02:00:00","BZN|IE(SEM)","Without sequence","109.0","",""
"04/08/2024 02:00:00 - 04/08/2024 03:00:00","BZN|IE(SEM)","Without sequence","97.71","",""
"04/08/2024 03:00:00 - 04/08/2024 04:00:00","BZN|IE(SEM)","Without sequence","92.1","",""
"04/08/2024 04:00:00 - 04/08/2024 05:00:00","BZN|IE(SEM)","Without sequence","86.17","",""
"04/08/2024 05:00:00 - 04/08/2024 06:00:00","BZN|IE(SEM)","Without sequence","86.64","",""
"04/08/2024 06:00:00 - 04/08/2024 07:00:00","BZN|IE(SEM)","Without sequence","81.17","",""
"04/08/2024 07:00:00 - 04/08/2024 08:00:00","BZN|IE(SEM)","Without sequence","85.94","",""
"04/08/2024 08:00:00 - 04/08/2024 09:00:00","BZN|IE(SEM)","Without sequence","90.5","",""
"04/08/2024 09:00:00 - 04/08/2024 10:00:00","BZN|IE(SEM)","Without sequence","92.73","",""
"04/08/2024 10:00:00 - 04/08/2024 11:00:00","BZN|IE(SEM)","Without sequence","99.0","",""
"04/08/2024 11:00:00 - 04/08/2024 12:00:00","BZN|IE(SEM)","Without sequence","99.8","",""
"04/08/2024 12:00:00 - 04/08/2024 13:00:00","BZN|IE(SEM)","Without sequence","90.29","",""
"04/08/2024 13:00:00 - 04/08/2024 14:00:00","BZN|IE(SEM)","Without sequence","82.29","",""
"04/08/2024 14:00:00 - 04/08/2024 15:00:00","BZN|IE(SEM)","Without sequence","69.0","",""
"04/08/2024 15:00:00 - 04/08/2024 16:00:00","BZN|IE(SEM)","Without sequence","54.39","",""
"04/08/2024 16:00:00 - 04/08/2024 17:00:00","BZN|IE(SEM)","Without sequence","47.0","",""
"04/08/2024 17:00:00 - 04/08/2024 18:00:00","BZN|IE(SEM)","Without sequence","52.27","",""
"04/08/2024 18:00:00 - 04/08/2024 19:00:00","BZN|IE(SEM)","Without sequence","74.74","",""
"04/08/2024 19:00:00 - 04/08/2024 20:00:00","BZN|IE(SEM)","Without sequence","86.63","",""
"04/08/2024 20:00:00 - 04/08/2024 21:00:00","BZN|IE(SEM)","Without sequence","88.26","",""
"04/08/2024 21:00:00 - 04/08/2024 22:00:00","BZN|IE(SEM)","Without sequence","87.18","",""
"04/08/2024 22:00:00 - 04/08/2024 23:00:00","BZN|IE(SEM)","Without sequence","86.9","",""
"04/08/2024 23:00:00 - 05/08/2024 00:00:00","BZN|IE(SEM)","Without sequence","74.16","",""
"05/08/2024 00:00:00 - 05/08/2024 01:00:00","BZN|IE(SEM)","Without sequence","53.57","",""
"05/08/2024 01:00:00 - 05/08/2024 02:00:00","BZN|IE(SEM)","Without sequence","48.07","",""
"05/08/2024 02:00:00 - 05/08/2024 03:00:00","BZN|IE(SEM)","Without sequence","44.96","",""
"05/08/2024 03:00:00 - 05/08/2024 04:00:00","BZN|IE(SEM)","Without sequence","41.56","",""
"05/08/2024 04:00:00 - 05/08/2024 05:00:00","BZN|IE(SEM)","Without sequence","39.32","",""
"05/08/2024 05:00:00 - 05/08/2024 06:00:00","BZN|IE(SEM)","Without sequence","38.85","",""
"05/08/2024 06:00:00 - 05/08/2024 07:00:00","BZN|IE(SEM)","Without sequence","41.0","",""
"05/08/2024 07:00:00 - 05/08/2024 08:00:00","BZN|IE(SEM)","Without sequence","56.74","",""
"05/08/2024 08:00:00 - 05/08/2024 09:00:00","BZN|IE(SEM)","Without sequence","75.18","",""
"05/08/2024 09:00:00 - 05/08/2024 10:00:00","BZN|IE(SEM)","Without sequence","82.0","",""
"05/08/2024 10:00:00 - 05/08/2024 11:00:00","BZN|IE(SEM)","Without sequence","78.0","",""
"05/08/2024 11:00:00 - 05/08/2024 12:00:00","BZN|IE(SEM)","Without sequence","77.68","",""
"05/08/2024 12:00:00 - 05/08/2024 13:00:00","BZN|IE(SEM)","Without sequence","85.94","",""
"05/08/2024 13:00:00 - 05/08/2024 14:00:00","BZN|IE(SEM)","Without sequence","91.02","",""
"05/08/2024 14:00:00 - 05/08/2024 15:00:00","BZN|IE(SEM)","Without sequence","103.83","",""
"05/08/2024 15:00:00 - 05/08/2024 16:00:00","BZN|IE(SEM)","Without sequence","107.0","",""
"05/08/2024 16:00:00 - 05/08/2024 17:00:00","BZN|IE(SEM)","Without sequence","130.1","",""
"05/08/2024 17:00:00 - 05/08/2024 18:00:00","BZN|IE(SEM)","Without sequence","138.1","",""
"05/08/2024 18:00:00 - 05/08/2024 19:00:00","BZN|IE(SEM)","Without sequence","149.62","",""
"05/08/2024 19:00:00 - 05/08/2024 20:00:00","BZN|IE(SEM)","Without sequence","145.0","",""
"05/08/2024 20:00:00 - 05/08/2024 21:00:00","BZN|IE(SEM)","Without sequence","143.16","",""
"05/08/2024 21:00:00 - 05/08/2024 22:00:00","BZN|IE(SEM)","Without sequence","149.3","",""
"05/08/2024 22:00:00 - 05/08/2024 23:00:00","BZN|IE(SEM)","Without sequence","147.22","",""
"05/08/2024 23:00:00 - 06/08/2024 00:00:00","BZN|IE(SEM)","Without sequence","124.0","",""
"06/08/2024 00:00:00 - 06/08/2024 01:00:00","BZN|IE(SEM)","Without sequence","116.88","",""
"06/08/2024 01:00:00 - 06/08/2024 02:00:00","BZN|IE(SEM)","Without sequence","94.0","",""
"06/08/2024 02:00:00 - 06/08/2024 03:00:00","BZN|IE(SEM)","Without sequence","89.4","",""
"06/08/2024 03:00:00 - 06/08/2024 04:00:00","BZN|IE(SEM)","Without sequence","82.5","",""
"06/08/2024 04:00:00 - 06/08/2024 05:00:00","BZN|IE(SEM)","Without sequence","78.43","",""
"06/08/2024 05:00:00 - 06/08/2024 06:00:00","BZN|IE(SEM)","Without sequence","78.43","",""
"06/08/2024 06:00:00 - 06/08/2024 07:00:00","BZN|IE(SEM)","Without sequence","84.81","",""
"06/08/2024 07:00:00 - 06/08/2024 08:00:00","BZN|IE(SEM)","Without sequence","94.05","",""
"06/08/2024 08:00:00 - 06/08/2024 09:00:00","BZN|IE(SEM)","Without sequence","108.0","",""
"06/08/2024 09:00:00 - 06/08/2024 10:00:00","BZN|IE(SEM)","Without sequence","123.0","",""
"06/08/2024 10:00:00 - 06/08/2024 11:00:00","BZN|IE(SEM)","Without sequence","114.04","",""
"06/08/2024 11:00:00 - 06/08/2024 12:00:00","BZN|IE(SEM)","Without sequence","97.77","",""
"06/08/2024 12:00:00 - 06/08/2024 13:00:00","BZN|IE(SEM)","Without sequence","90.09","",""
"06/08/2024 13:00:00 - 06/08/2024 14:00:00","BZN|IE(SEM)","Without sequence","84.03","",""
"06/08/2024 14:00:00 - 06/08/2024 15:00:00","BZN|IE(SEM)","Without sequence","76.1","",""
"06/08/2024 15:00:00 - 06/08/2024 16:00:00","BZN|IE(SEM)","Without sequence","72.48","",""
"06/08/2024 16:00:00 - 06/08/2024 17:00:00","BZN|IE(SEM)","Without sequence","71.06","",""
"06/08/2024 17:00:00 - 06/08/2024 18:00:00","BZN|IE(SEM)","Without sequence","76.1","",""
"06/08/2024 18:00:00 - 06/08/2024 19:00:00","BZN|IE(SEM)","Without sequence","88.5","",""
"06/08/2024 19:00:00 - 06/08/2024 20:00:00","BZN|IE(SEM)","Without sequence","106.04","",""
"06/08/2024 20:00:00 - 06/08/2024 21:00:00","BZN|IE(SEM)","Without sequence","111.08","",""
"06/08/2024 21:00:00 - 06/08/2024 22:00:00","BZN|IE(SEM)","Without sequence","119.31","",""
"06/08/2024 22:00:00 - 06/08/2024 23:00:00","BZN|IE(SEM)","Without sequence","125.1","",""
"06/08/2024 23:00:00 - 07/08/2024 00:00:00","BZN|IE(SEM)","Without sequence","126.1","",""
"07/08/2024 00:00:00 - 07/08/2024 01:00:00","BZN|IE(SEM)","Without sequence","106.11","",""
"07/08/2024 01:00:00 - 07/08/2024 02:00:00","BZN|IE(SEM)","Without sequence","83.89","",""
"07/08/2024 02:00:00 - 07/08/2024 03:00:00","BZN|IE(SEM)","Without sequence","72.03","",""
"07/08/2024 03:00:00 - 07/08/2024 04:00:00","BZN|IE(SEM)","Without sequence","65.0","",""
"07/08/2024 04:00:00 - 07/08/2024 05:00:00","BZN|IE(SEM)","Without sequence","55.52","",""
"07/08/2024 05:00:00 - 07/08/2024 06:00:00","BZN|IE(SEM)","Without sequence","50.08","",""
"07/08/2024 06:00:00 - 07/08/2024 07:00:00","BZN|IE(SEM)","Without sequence","52.47","",""
"07/08/2024 07:00:00 - 07/08/2024 08:00:00","BZN|IE(SEM)","Without sequence","69.38","",""
"07/08/2024 08:00:00 - 07/08/2024 09:00:00","BZN|IE(SEM)","Without sequence","84.06","",""
"07/08/2024 09:00:00 - 07/08/2024 10:00:00","BZN|IE(SEM)","Without sequence","86.09","",""
"07/08/2024 10:00:00 - 07/08/2024 11:00:00","BZN|IE(SEM)","Without sequence","72.03","",""
"07/08/2024 11:00:00 - 07/08/2024 12:00:00","BZN|IE(SEM)","Without sequence","61.0","",""
"07/08/2024 12:00:00 - 07/08/2024 13:00:00","BZN|IE(SEM)","Without sequence","59.9","",""
"07/08/2024 13:00:00 - 07/08/2024 14:00:00","BZN|IE(SEM)","Without sequence","55.0","",""
"07/08/2024 14:00:00 - 07/08/2024 15:00:00","BZN|IE(SEM)","Without sequence","55.0","",""
"07/08/2024 15:00:00 - 07/08/2024 16:00:00","BZN|IE(SEM)","Without sequence","55.0","",""
"07/08/2024 16:00:00 - 07/08/2024 17:00:00","BZN|IE(SEM)","Without sequence","59.2","",""
"07/08/2024 17:00:00 - 07/08/2024 18:00:00","BZN|IE(SEM)","Without sequence","72.03","",""
"07/08/2024 18:00:00 - 07/08/2024 19:00:00","BZN|IE(SEM)","Without sequence","89.55","",""
"07/08/2024 19:00:00 - 07/08/2024 20:00:00","BZN|IE(SEM)","Without sequence","112.46","",""
"07/08/2024 20:00:00 - 07/08/2024 21:00:00","BZN|IE(SEM)","Without sequence","133.6","",""
"07/08/2024 21:00:00 - 07/08/2024 22:00:00","BZN|IE(SEM)","Without sequence","153.98","",""
"07/08/2024 22:00:00 - 07/08/2024 23:00:00","BZN|IE(SEM)","Without sequence","184.0","",""
"07/08/2024 23:00:00 - 08/08/2024 00:00:00","BZN|IE(SEM)","Without sequence","165.0","",""
"08/08/2024 00:00:00 - 08/08/2024 01:00:00","BZN|IE(SEM)","Without sequence","133.13","",""
"08/08/2024 01:00:00 - 08/08/2024 02:00:00","BZN|IE(SEM)","Without sequence","121.7","",""
"08/08/2024 02:00:00 - 08/08/2024 03:00:00","BZN|IE(SEM)","Without sequence","111.2","",""
"08/08/2024 03:00:00 - 08/08/2024 04:00:00","BZN|IE(SEM)","Without sequence","107.2","",""
"08/08/2024 04:00:00 - 08/08/2024 05:00:00","BZN|IE(SEM)","Without sequence","109.8","",""
"08/08/2024 05:00:00 - 08/08/2024 06:00:00","BZN|IE(SEM)","Without sequence","110.0","",""
"08/08/2024 06:00:00 - 08/08/2024 07:00:00","BZN|IE(SEM)","Without sequence","113.7","",""
"08/08/2024 07:00:00 - 08/08/2024 08:00:00","BZN|IE(SEM)","Without sequence","131.4","",""
"08/08/2024 08:00:00 - 08/08/2024 09:00:00","BZN|IE(SEM)","Without sequence","164.0","",""
"08/08/2024 09:00:00 - 08/08/2024 10:00:00","BZN|IE(SEM)","Without sequence","285.0","",""
"08/08/2024 10:00:00 - 08/08/2024 11:00:00","BZN|IE(SEM)","Without sequence","190.0","",""
"08/08/2024 11:00:00 - 08/08/2024 12:00:00","BZN|IE(SEM)","Without sequence","161.71","",""
"08/08/2024 12:00:00 - 08/08/2024 13:00:00","BZN|IE(SEM)","Without sequence","141.63","",""
"08/08/2024 13:00:00 - 08/08/2024 14:00:00","BZN|IE(SEM)","Without sequence","133.4","",""
"08/08/2024 14:00:00 - 08/08/2024 15:00:00","BZN|IE(SEM)","Without sequence","151.0","",""
"08/08/2024 15:00:00 - 08/08/2024 16:00:00","BZN|IE(SEM)","Without sequence","105.0","",""
"08/08/2024 16:00:00 - 08/08/2024 17:00:00","BZN|IE(SEM)","Without sequence","94.11","",""
"08/08/2024 17:00:00 - 08/08/2024 18:00:00","BZN|IE(SEM)","Without sequence","92.61","",""
"08/08/2024 18:00:00 - 08/08/2024 19:00:00","BZN|IE(SEM)","Without sequence","95.0","",""
"08/08/2024 19:00:00 - 08/08/2024 20:00:00","BZN|IE(SEM)","Without sequence","97.07","",""
"08/08/2024 20:00:00 - 08/08/2024 21:00:00","BZN|IE(SEM)","Without sequence","95.0","",""
"08/08/2024 21:00:00 - 08/08/2024 22:00:00","BZN|IE(SEM)","Without sequence","89.27","",""
"08/08/2024 22:00:00 - 08/08/2024 23:00:00","BZN|IE(SEM)","Without sequence","94.11","",""
"08/08/2024 23:00:00 - 09/08/2024 00:00:00","BZN|IE(SEM)","Without sequence","73.6","",""
"09/08/2024 00:00:00 - 09/08/2024 01:00:00","BZN|IE(SEM)","Without sequence","80.1","",""
"09/08/2024 01:00:00 - 09/08/2024 02:00:00","BZN|IE(SEM)","Without sequence","56.9","",""
"09/08/2024 02:00:00 - 09/08/2024 03:00:00","BZN|IE(SEM)","Without sequence","54.84","",""
"09/08/2024 03:00:00 - 09/08/2024 04:00:00","BZN|IE(SEM)","Without sequence","49.08","",""
"09/08/2024 04:00:00 - 09/08/2024 05:00:00","BZN|IE(SEM)","Without sequence","29.5","",""
"09/08/2024 05:00:00 - 09/08/2024 06:00:00","BZN|IE(SEM)","Without sequence","24.0","",""
"09/08/2024 06:00:00 - 09/08/2024 07:00:00","BZN|IE(SEM)","Without sequence","28.3","",""
"09/08/2024 07:00:00 - 09/08/2024 08:00:00","BZN|IE(SEM)","Without sequence","38.79","",""
"09/08/2024 08:00:00 - 09/08/2024 09:00:00","BZN|IE(SEM)","Without sequence","95.0","",""
"09/08/2024 09:00:00 - 09/08/2024 10:00:00","BZN|IE(SEM)","Without sequence","100.41","",""
"09/08/2024 10:00:00 - 09/08/2024 11:00:00","BZN|IE(SEM)","Without sequence","73.77","",""
"09/08/2024 11:00:00 - 09/08/2024 12:00:00","BZN|IE(SEM)","Without sequence","43.43","",""
"09/08/2024 12:00:00 - 09/08/2024 13:00:00","BZN|IE(SEM)","Without sequence","30.0","",""
"09/08/2024 13:00:00 - 09/08/2024 14:00:00","BZN|IE(SEM)","Without sequence","15.0","",""
"09/08/2024 14:00:00 - 09/08/2024 15:00:00","BZN|IE(SEM)","Without sequence","14.0","",""
"09/08/2024 15:00:00 - 09/08/2024 16:00:00","BZN|IE(SEM)","Without sequence","10.0","",""
"09/08/2024 16:00:00 - 09/08/2024 17:00:00","BZN|IE(SEM)","Without sequence","11.61","",""
"09/08/2024 17:00:00 - 09/08/2024 18:00:00","BZN|IE(SEM)","Without sequence","17.52","",""
"09/08/2024 18:00:00 - 09/08/2024 19:00:00","BZN|IE(SEM)","Without sequence","49.98","",""
"09/08/2024 19:00:00 - 09/08/2024 20:00:00","BZN|IE(SEM)","Without sequence","82.3","",""
"09/08/2024 20:00:00 - 09/08/2024 21:00:00","BZN|IE(SEM)","Without sequence","98.4","",""
"09/08/2024 21:00:00 - 09/08/2024 22:00:00","BZN|IE(SEM)","Without sequence","111.0","",""
"09/08/2024 22:00:00 - 09/08/2024 23:00:00","BZN|IE(SEM)","Without sequence","130.54","",""
"09/08/2024 23:00:00 - 10/08/2024 00:00:00","BZN|IE(SEM)","Without sequence","130.0","",""
"10/08/2024 00:00:00 - 10/08/2024 01:00:00","BZN|IE(SEM)","Without sequence","115.0","",""
"10/08/2024 01:00:00 - 10/08/2024 02:00:00","BZN|IE(SEM)","Without sequence","100.0","",""
"10/08/2024 02:00:00 - 10/08/2024 03:00:00","BZN|IE(SEM)","Without sequence","101.0","",""
"10/08/2024 03:00:00 - 10/08/2024 04:00:00","BZN|IE(SEM)","Without sequence","104.6","",""
"10/08/2024 04:00:00 - 10/08/2024 05:00:00","BZN|IE(SEM)","Without sequence","104.2","",""
"10/08/2024 05:00:00 - 10/08/2024 06:00:00","BZN|IE(SEM)","Without sequence","115.0","",""
"10/08/2024 06:00:00 - 10/08/2024 07:00:00","BZN|IE(SEM)","Without sequence","119.7","",""
"10/08/2024 07:00:00 - 10/08/2024 08:00:00","BZN|IE(SEM)","Without sequence","125.0","",""
"10/08/2024 08:00:00 - 10/08/2024 09:00:00","BZN|IE(SEM)","Without sequence","144.7","",""
"10/08/2024 09:00:00 - 10/08/2024 10:00:00","BZN|IE(SEM)","Without sequence","112.0","",""
"10/08/2024 10:00:00 - 10/08/2024 11:00:00","BZN|IE(SEM)","Without sequence","104.0","",""
"10/08/2024 11:00:00 - 10/08/2024 12:00:00","BZN|IE(SEM)","Without sequence","93.67","",""
"10/08/2024 12:00:00 - 10/08/2024 13:00:00","BZN|IE(SEM)","Without sequence","92.0","",""
"10/08/2024 13:00:00 - 10/08/2024 14:00:00","BZN|IE(SEM)","Without sequence","81.0","",""
"10/08/2024 14:00:00 - 10/08/2024 15:00:00","BZN|IE(SEM)","Without sequence","77.1","",""
"10/08/2024 15:00:00 - 10/08/2024 16:00:00","BZN|IE(SEM)","Without sequence","77.1","",""
"10/08/2024 16:00:00 - 10/08/2024 17:00:00","BZN|IE(SEM)","Without sequence","80.7","",""
"10/08/2024 17:00:00 - 10/08/2024 18:00:00","BZN|IE(SEM)","Without sequence","94.59","",""
"10/08/2024 18:00:00 - 10/08/2024 19:00:00","BZN|IE(SEM)","Without sequence","97.25","",""
"10/08/2024 19:00:00 - 10/08/2024 20:00:00","BZN|IE(SEM)","Without sequence","128.58","",""
"10/08/2024 20:00:00 - 10/08/2024 21:00:00","BZN|IE(SEM)","Without sequence","150.0","",""
"10/08/2024 21:00:00 - 10/08/2024 22:00:00","BZN|IE(SEM)","Without sequence","168.0","",""
"10/08/2024 22:00:00 - 10/08/2024 23:00:00","BZN|IE(SEM)","Without sequence","174.68","",""
"10/08/2024 23:00:00 - 11/08/2024 00:00:00","BZN|IE(SEM)","Without sequence","185.0","",""
"11/08/2024 00:00:00 - 11/08/2024 01:00:00","BZN|IE(SEM)","Without sequence","175.0","",""
"11/08/2024 01:00:00 - 11/08/2024 02:00:00","BZN|IE(SEM)","Without sequence","154.51","",""
"11/08/2024 02:00:00 - 11/08/2024 03:00:00","BZN|IE(SEM)","Without sequence","120.89","",""
"11/08/2024 03:00:00 - 11/08/2024 04:00:00","BZN|IE(SEM)","Without sequence","108.82","",""
"11/08/2024 04:00:00 - 11/08/2024 05:00:00","BZN|IE(SEM)","Without sequence","102.3","",""
"11/08/2024 05:00:00 - 11/08/2024 06:00:00","BZN|IE(SEM)","Without sequence","115.0","",""
"11/08/2024 06:00:00 - 11/08/2024 07:00:00","BZN|IE(SEM)","Without sequence","96.98","",""
"11/08/2024 07:00:00 - 11/08/2024 08:00:00","BZN|IE(SEM)","Without sequence","87.67","",""
"11/08/2024 08:00:00 - 11/08/2024 09:00:00","BZN|IE(SEM)","Without sequence","93.32","",""
"11/08/2024 09:00:00 - 11/08/2024 10:00:00","BZN|IE(SEM)","Without sequence","104.2","",""
"11/08/2024 10:00:00 - 11/08/2024 11:00:00","BZN|IE(SEM)","Without sequence","105.2","",""
"11/08/2024 11:00:00 - 11/08/2024 12:00:00","BZN|IE(SEM)","Without sequence","103.01","",""
"11/08/2024 12:00:00 - 11/08/2024 13:00:00","BZN|IE(SEM)","Without sequence","98.35","",""
"11/08/2024 13:00:00 - 11/08/2024 14:00:00","BZN|IE(SEM)","Without sequence","92.48","",""
"11/08/2024 14:00:00 - 11/08/2024 15:00:00","BZN|IE(SEM)","Without sequence","88.87","",""
"11/08/2024 15:00:00 - 11/08/2024 16:00:00","BZN|IE(SEM)","Without sequence","78.67","",""
"11/08/2024 16:00:00 - 11/08/2024 17:00:00","BZN|IE(SEM)","Without sequence","79.9","",""
"11/08/2024 17:00:00 - 11/08/2024 18:00:00","BZN|IE(SEM)","Without sequence","88.84","",""
"11/08/2024 18:00:00 - 11/08/2024 19:00:00","BZN|IE(SEM)","Without sequence","101.38","",""
"11/08/2024 19:00:00 - 11/08/2024 20:00:00","BZN|IE(SEM)","Without sequence","108.31","",""
"11/08/2024 20:00:00 - 11/08/2024 21:00:00","BZN|IE(SEM)","Without sequence","110.0","",""
"11/08/2024 21:00:00 - 11/08/2024 22:00:00","BZN|IE(SEM)","Without sequence","102.59","",""
"11/08/2024 22:00:00 - 11/08/2024 23:00:00","BZN|IE(SEM)","Without sequence","95.0","",""
"11/08/2024 23:00:00 - 12/08/2024 00:00:00","BZN|IE(SEM)","Without sequence","78.57","",""
"12/08/2024 00:00:00 - 12/08/2024 01:00:00","BZN|IE(SEM)","Without sequence","50.5","",""
"12/08/2024 01:00:00 - 12/08/2024 02:00:00","BZN|IE(SEM)","Without sequence","42.05","",""
"12/08/2024 02:00:00 - 12/08/2024 03:00:00","BZN|IE(SEM)","Without sequence","29.0","",""
"12/08/2024 03:00:00 - 12/08/2024 04:00:00","BZN|IE(SEM)","Without sequence","25.0","",""
"12/08/2024 04:00:00 - 12/08/2024 05:00:00","BZN|IE(SEM)","Without sequence","25.0","",""
"12/08/2024 05:00:00 - 12/08/2024 06:00:00","BZN|IE(SEM)","Without sequence","26.1","",""
"12/08/2024 06:00:00 - 12/08/2024 07:00:00","BZN|IE(SEM)","Without sequence","38.0","",""
"12/08/2024 07:00:00 - 12/08/2024 08:00:00","BZN|IE(SEM)","Without sequence","65.3","",""
"12/08/2024 08:00:00 - 12/08/2024 09:00:00","BZN|IE(SEM)","Without sequence","92.0","",""
"12/08/2024 09:00:00 - 12/08/2024 10:00:00","BZN|IE(SEM)","Without sequence","125.0","",""
"12/08/2024 10:00:00 - 12/08/2024 11:00:00","BZN|IE(SEM)","Without sequence","115.0","",""
"12/08/2024 11:00:00 - 12/08/2024 12:00:00","BZN|IE(SEM)","Without sequence","98.98","",""
"12/08/2024 12:00:00 - 12/08/2024 13:00:00","BZN|IE(SEM)","Without sequence","101.0","",""
"12/08/2024 13:00:00 - 12/08/2024 14:00:00","BZN|IE(SEM)","Without sequence","120.0","",""
"12/08/2024 14:00:00 - 12/08/2024 15:00:00","BZN|IE(SEM)","Without sequence","115.0","",""
"12/08/2024 15:00:00 - 12/08/2024 16:00:00","BZN|IE(SEM)","Without sequence","112.33","",""
"12/08/2024 16:00:00 - 12/08/2024 17:00:00","BZN|IE(SEM)","Without sequence","115.0","",""
"12/08/2024 17:00:00 - 12/08/2024 18:00:00","BZN|IE(SEM)","Without sequence","135.0","",""
"12/08/2024 18:00:00 - 12/08/2024 19:00:00","BZN|IE(SEM)","Without sequence","138.9","",""
"12/08/2024 19:00:00 - 12/08/2024 20:00:00","BZN|IE(SEM)","Without sequence","146.98","",""
"12/08/2024 20:00:00 - 12/08/2024 21:00:00","BZN|IE(SEM)","Without sequence","155.0","",""
"12/08/2024 21:00:00 - 12/08/2024 22:00:00","BZN|IE(SEM)","Without sequence","155.0","",""
"12/08/2024 22:00:00 - 12/08/2024 23:00:00","BZN|IE(SEM)","Without sequence","140.0","",""
"12/08/2024 23:00:00 - 13/08/2024 00:00:00","BZN|IE(SEM)","Without sequence","118.8","",""
"13/08/2024 00:00:00 - 13/08/2024 01:00:00","BZN|IE(SEM)","Without sequence","94.68","",""
"13/08/2024 01:00:00 - 13/08/2024 02:00:00","BZN|IE(SEM)","Without sequence","78.01","",""
"13/08/2024 02:00:00 - 13/08/2024 03:00:00","BZN|IE(SEM)","Without sequence","67.17","",""
"13/08/2024 03:00:00 - 13/08/2024 04:00:00","BZN|IE(SEM)","Without sequence","64.1","",""
"13/08/2024 04:00:00 - 13/08/2024 05:00:00","BZN|IE(SEM)","Without sequence","64.67","",""
"13/08/2024 05:00:00 - 13/08/2024 06:00:00","BZN|IE(SEM)","Without sequence","71.33","",""
"13/08/2024 06:00:00 - 13/08/2024 07:00:00","BZN|IE(SEM)","Without sequence","82.0","",""
"13/08/2024 07:00:00 - 13/08/2024 08:00:00","BZN|IE(SEM)","Without sequence","102.9","",""
"13/08/2024 08:00:00 - 13/08/2024 09:00:00","BZN|IE(SEM)","Without sequence","116.17","",""
"13/08/2024 09:00:00 - 13/08/2024 10:00:00","BZN|IE(SEM)","Without sequence","128.62","",""
"13/08/2024 10:00:00 - 13/08/2024 11:00:00","BZN|IE(SEM)","Without sequence","115.0","",""
"13/08/2024 11:00:00 - 13/08/2024 12:00:00","BZN|IE(SEM)","Without sequence","92.0","",""
"13/08/2024 12:00:00 - 13/08/2024 13:00:00","BZN|IE(SEM)","Without sequence","83.44","",""
"13/08/2024 13:00:00 - 13/08/2024 14:00:00","BZN|IE(SEM)","Without sequence","82.0","",""
"13/08/2024 14:00:00 - 13/08/2024 15:00:00","BZN|IE(SEM)","Without sequence","82.0","",""
"13/08/2024 15:00:00 - 13/08/2024 16:00:00","BZN|IE(SEM)","Without sequence","82.0","",""
"13/08/2024 16:00:00 - 13/08/2024 17:00:00","BZN|IE(SEM)","Without sequence","99.0","",""
"13/08/2024 17:00:00 - 13/08/2024 18:00:00","BZN|IE(SEM)","Without sequence","125.0","",""
"13/08/2024 18:00:00 - 13/08/2024 19:00:00","BZN|IE(SEM)","Without sequence","110.27","",""
"13/08/2024 19:00:00 - 13/08/2024 20:00:00","BZN|IE(SEM)","Without sequence","128.87","",""
"13/08/2024 20:00:00 - 13/08/2024 21:00:00","BZN|IE(SEM)","Without sequence","156.65","",""
"13/08/2024 21:00:00 - 13/08/2024 22:00:00","BZN|IE(SEM)","Without sequence","210.47","",""
"13/08/2024 22:00:00 - 13/08/2024 23:00:00","BZN|IE(SEM)","Without sequence","296.0","",""
"13/08/2024 23:00:00 - 14/08/2024 00:00:00","BZN|IE(SEM)","Without sequence","226.84","",""
"14/08/2024 00:00:00 - 14/08/2024 01:00:00","BZN|IE(SEM)","Without sequence","126.03","",""
"14/08/2024 01:00:00 - 14/08/2024 02:00:00","BZN|IE(SEM)","Without sequence","122.05","",""
"14/08/2024 02:00:00 - 14/08/2024 03:00:00","BZN|IE(SEM)","Without sequence","104.49","",""
"14/08/2024 03:00:00 - 14/08/2024 04:00:00","BZN|IE(SEM)","Without sequence","120.01","",""
"14/08/2024 04:00:00 - 14/08/2024 05:00:00","BZN|IE(SEM)","Without sequence","120.0","",""
"14/08/2024 05:00:00 - 14/08/2024 06:00:00","BZN|IE(SEM)","Without sequence","120.01","",""
"14/08/2024 06:00:00 - 14/08/2024 07:00:00","BZN|IE(SEM)","Without sequence","119.32","",""
"14/08/2024 07:00:00 - 14/08/2024 08:00:00","BZN|IE(SEM)","Without sequence","132.0","",""
"14/08/2024 08:00:00 - 14/08/2024 09:00:00","BZN|IE(SEM)","Without sequence","180.0","",""
"14/08/2024 09:00:00 - 14/08/2024 10:00:00","BZN|IE(SEM)","Without sequence","200.0","",""
"14/08/2024 10:00:00 - 14/08/2024 11:00:00","BZN|IE(SEM)","Without sequence","170.7","",""
"14/08/2024 11:00:00 - 14/08/2024 12:00:00","BZN|IE(SEM)","Without sequence","118.47","",""
"14/08/2024 12:00:00 - 14/08/2024 13:00:00","BZN|IE(SEM)","Without sequence","100.7","",""
"14/08/2024 13:00:00 - 14/08/2024 14:00:00","BZN|IE(SEM)","Without sequence","92.0","",""
"14/08/2024 14:00:00 - 14/08/2024 15:00:00","BZN|IE(SEM)","Without sequence","83.0","",""
"14/08/2024 15:00:00 - 14/08/2024 16:00:00","BZN|IE(SEM)","Without sequence","80.9","",""
"14/08/2024 16:00:00 - 14/08/2024 17:00:00","BZN|IE(SEM)","Without sequence","79.93","",""
"14/08/2024 17:00:00 - 14/08/2024 18:00:00","BZN|IE(SEM)","Without sequence","80.9","",""
"14/08/2024 18:00:00 - 14/08/2024 19:00:00","BZN|IE(SEM)","Without sequence","92.06","",""
"14/08/2024 19:00:00 - 14/08/2024 20:00:00","BZN|IE(SEM)","Without sequence","102.93","",""
"14/08/2024 20:00:00 - 14/08/2024 21:00:00","BZN|IE(SEM)","Without sequence","104.52","",""
"14/08/2024 21:00:00 - 14/08/2024 22:00:00","BZN|IE(SEM)","Without sequence","100.0","",""
"14/08/2024 22:00:00 - 14/08/2024 23:00:00","BZN|IE(SEM)","Without sequence","98.01","",""
"14/08/2024 23:00:00 - 15/08/2024 00:00:00","BZN|IE(SEM)","Without sequence","91.0","",""
"15/08/2024 00:00:00 - 15/08/2024 01:00:00","BZN|IE(SEM)","Without sequence","92.0","",""
"15/08/2024 01:00:00 - 15/08/2024 02:00:00","BZN|IE(SEM)","Without sequence","75.0","",""
"15/08/2024 02:00:00 - 15/08/2024 03:00:00","BZN|IE(SEM)","Without sequence","68.55","",""
"15/08/2024 03:00:00 - 15/08/2024 04:00:00","BZN|IE(SEM)","Without sequence","70.03","",""
"15/08/2024 04:00:00 - 15/08/2024 05:00:00","BZN|IE(SEM)","Without sequence","70.0","",""
"15/08/2024 05:00:00 - 15/08/2024 06:00:00","BZN|IE(SEM)","Without sequence","70.0","",""
"15/08/2024 06:00:00 - 15/08/2024 07:00:00","BZN|IE(SEM)","Without sequence","72.58","",""
"15/08/2024 07:00:00 - 15/08/2024 08:00:00","BZN|IE(SEM)","Without sequence","75.5","",""
"15/08/2024 08:00:00 - 15/08/2024 09:00:00","BZN|IE(SEM)","Without sequence","95.0","",""
"15/08/2024 09:00:00 - 15/08/2024 10:00:00","BZN|IE(SEM)","Without sequence","89.55","",""
"15/08/2024 10:00:00 - 15/08/2024 11:00:00","BZN|IE(SEM)","Without sequence","92.22","",""
"15/08/2024 11:00:00 - 15/08/2024 12:00:00","BZN|IE(SEM)","Without sequence","99.08","",""
"15/08/2024 12:00:00 - 15/08/2024 13:00:00","BZN|IE(SEM)","Without sequence","106.87","",""
"15/08/2024 13:00:00 - 15/08/2024 14:00:00","BZN|IE(SEM)","Without sequence","113.89","",""
"15/08/2024 14:00:00 - 15/08/2024 15:00:00","BZN|IE(SEM)","Without sequence","107.71","",""
"15/08/2024 15:00:00 - 15/08/2024 16:00:00","BZN|IE(SEM)","Without sequence","92.22","",""
"15/08/2024 16:00:00 - 15/08/2024 17:00:00","BZN|IE(SEM)","Without sequence","85.0","",""
"15/08/2024 17:00:00 - 15/08/2024 18:00:00","BZN|IE(SEM)","Without sequence","92.22","",""
"15/08/2024 18:00:00 - 15/08/2024 19:00:00","BZN|IE(SEM)","Without sequence","122.4","",""
"15/08/2024 19:00:00 - 15/08/2024 20:00:00","BZN|IE(SEM)","Without sequence","129.04","",""
"15/08/2024 20:00:00 - 15/08/2024 21:00:00","BZN|IE(SEM)","Without sequence","145.2","",""
"15/08/2024 21:00:00 - 15/08/2024 22:00:00","BZN|IE(SEM)","Without sequence","167.91","",""
"15/08/2024 22:00:00 - 15/08/2024 23:00:00","BZN|IE(SEM)","Without sequence","180.5","",""
"15/08/2024 23:00:00 - 16/08/2024 00:00:00","BZN|IE(SEM)","Without sequence","152.0","",""
"16/08/2024 00:00:00 - 16/08/2024 01:00:00","BZN|IE(SEM)","Without sequence","121.0","",""
"16/08/2024 01:00:00 - 16/08/2024 02:00:00","BZN|IE(SEM)","Without sequence","104.3","",""
"16/08/2024 02:00:00 - 16/08/2024 03:00:00","BZN|IE(SEM)","Without sequence","95.0","",""
"16/08/2024 03:00:00 - 16/08/2024 04:00:00","BZN|IE(SEM)","Without sequence","99.0","",""
"16/08/2024 04:00:00 - 16/08/2024 05:00:00","BZN|IE(SEM)","Without sequence","91.58","",""
"16/08/2024 05:00:00 - 16/08/2024 06:00:00","BZN|IE(SEM)","Without sequence","92.4","",""
"16/08/2024 06:00:00 - 16/08/2024 07:00:00","BZN|IE(SEM)","Without sequence","90.65","",""
"16/08/2024 07:00:00 - 16/08/2024 08:00:00","BZN|IE(SEM)","Without sequence","105.15","",""
"16/08/2024 08:00:00 - 16/08/2024 09:00:00","BZN|IE(SEM)","Without sequence","135.0","",""
"16/08/2024 09:00:00 - 16/08/2024 10:00:00","BZN|IE(SEM)","Without sequence","145.7","",""
"16/08/2024 10:00:00 - 16/08/2024 11:00:00","BZN|IE(SEM)","Without sequence","117.0","",""
"16/08/2024 11:00:00 - 16/08/2024 12:00:00","BZN|IE(SEM)","Without sequence","116.5","",""
"16/08/2024 12:00:00 - 16/08/2024 13:00:00","BZN|IE(SEM)","Without sequence","87.07","",""
"16/08/2024 13:00:00 - 16/08/2024 14:00:00","BZN|IE(SEM)","Without sequence","76.8","",""
"16/08/2024 14:00:00 - 16/08/2024 15:00:00","BZN|IE(SEM)","Without sequence","72.61","",""
"16/08/2024 15:00:00 - 16/08/2024 16:00:00","BZN|IE(SEM)","Without sequence","70.0","",""
"16/08/2024 16:00:00 - 16/08/2024 17:00:00","BZN|IE(SEM)","Without sequence","64.67","",""
"16/08/2024 17:00:00 - 16/08/2024 18:00:00","BZN|IE(SEM)","Without sequence","72.8","",""
"16/08/2024 18:00:00 - 16/08/2024 19:00:00","BZN|IE(SEM)","Without sequence","90.43","",""
"16/08/2024 19:00:00 - 16/08/2024 20:00:00","BZN|IE(SEM)","Without sequence","100.45","",""
"16/08/2024 20:00:00 - 16/08/2024 21:00:00","BZN|IE(SEM)","Without sequence","116.01","",""
"16/08/2024 21:00:00 - 16/08/2024 22:00:00","BZN|IE(SEM)","Without sequence","122.97","",""
"16/08/2024 22:00:00 - 16/08/2024 23:00:00","BZN|IE(SEM)","Without sequence","140.0","",""
"16/08/2024 23:00:00 - 17/08/2024 00:00:00","BZN|IE(SEM)","Without sequence","115.3","",""
"17/08/2024 00:00:00 - 17/08/2024 01:00:00","BZN|IE(SEM)","Without sequence","109.0","",""
"17/08/2024 01:00:00 - 17/08/2024 02:00:00","BZN|IE(SEM)","Without sequence","110.0","",""
"17/08/2024 02:00:00 - 17/08/2024 03:00:00","BZN|IE(SEM)","Without sequence","96.69","",""
"17/08/2024 03:00:00 - 17/08/2024 04:00:00","BZN|IE(SEM)","Without sequence","95.47","",""
"17/08/2024 04:00:00 - 17/08/2024 05:00:00","BZN|IE(SEM)","Without sequence","99.0","",""
"17/08/2024 05:00:00 - 17/08/2024 06:00:00","BZN|IE(SEM)","Without sequence","100.16","",""
"17/08/2024 06:00:00 - 17/08/2024 07:00:00","BZN|IE(SEM)","Without sequence","106.37","",""
"17/08/2024 07:00:00 - 17/08/2024 08:00:00","BZN|IE(SEM)","Without sequence","113.3","",""
"17/08/2024 08:00:00 - 17/08/2024 09:00:00","BZN|IE(SEM)","Without sequence","114.77","",""
"17/08/2024 09:00:00 - 17/08/2024 10:00:00","BZN|IE(SEM)","Without sequence","120.0","",""
"17/08/2024 10:00:00 - 17/08/2024 11:00:00","BZN|IE(SEM)","Without sequence","96.17","",""
"17/08/2024 11:00:00 - 17/08/2024 12:00:00","BZN|IE(SEM)","Without sequence","81.33","",""
"17/08/2024 12:00:00 - 17/08/2024 13:00:00","BZN|IE(SEM)","Without sequence","80.9","",""
"17/08/2024 13:00:00 - 17/08/2024 14:00:00","BZN|IE(SEM)","Without sequence","81.0","",""
"17/08/2024 14:00:00 - 17/08/2024 15:00:00","BZN|IE(SEM)","Without sequence","77.1","",""
"17/08/2024 15:00:00 - 17/08/2024 16:00:00","BZN|IE(SEM)","Without sequence","72.82","",""
"17/08/2024 16:00:00 - 17/08/2024 17:00:00","BZN|IE(SEM)","Without sequence","72.82","",""
"17/08/2024 17:00:00 - 17/08/2024 18:00:00","BZN|IE(SEM)","Without sequence","77.1","",""
"17/08/2024 18:00:00 - 17/08/2024 19:00:00","BZN|IE(SEM)","Without sequence","93.37","",""
"17/08/2024 19:00:00 - 17/08/2024 20:00:00","BZN|IE(SEM)","Without sequence","103.9","",""
"17/08/2024 20:00:00 - 17/08/2024 21:00:00","BZN|IE(SEM)","Without sequence","118.01","",""
"17/08/2024 21:00:00 - 17/08/2024 22:00:00","BZN|IE(SEM)","Without sequence","122.78","",""
"17/08/2024 22:00:00 - 17/08/2024 23:00:00","BZN|IE(SEM)","Without sequence","125.51","",""
"17/08/2024 23:00:00 - 18/08/2024 00:00:00","BZN|IE(SEM)","Without sequence","110.0","",""
"18/08/2024 00:00:00 - 18/08/2024 01:00:00","BZN|IE(SEM)","Without sequence","99.49","",""
"18/08/2024 01:00:00 - 18/08/2024 02:00:00","BZN|IE(SEM)","Without sequence","91.6","",""
"18/08/2024 02:00:00 - 18/08/2024 03:00:00","BZN|IE(SEM)","Without sequence","85.4","",""
"18/08/2024 03:00:00 - 18/08/2024 04:00:00","BZN|IE(SEM)","Without sequence","81.32","",""
"18/08/2024 04:00:00 - 18/08/2024 05:00:00","BZN|IE(SEM)","Without sequence","73.77","",""
"18/08/2024 05:00:00 - 18/08/2024 06:00:00","BZN|IE(SEM)","Without sequence","73.77","",""
"18/08/2024 06:00:00 - 18/08/2024 07:00:00","BZN|IE(SEM)","Without sequence","82.0","",""
"18/08/2024 07:00:00 - 18/08/2024 08:00:00","BZN|IE(SEM)","Without sequence","73.77","",""
"18/08/2024 08:00:00 - 18/08/2024 09:00:00","BZN|IE(SEM)","Without sequence","85.0","",""
"18/08/2024 09:00:00 - 18/08/2024 10:00:00","BZN|IE(SEM)","Without sequence","97.78","",""
"18/08/2024 10:00:00 - 18/08/2024 11:00:00","BZN|IE(SEM)","Without sequence","81.0","",""
"18/08/2024 11:00:00 - 18/08/2024 12:00:00","BZN|IE(SEM)","Without sequence","79.93","",""
"18/08/2024 12:00:00 - 18/08/2024 13:00:00","BZN|IE(SEM)","Without sequence","85.0","",""
"18/08/2024 13:00:00 - 18/08/2024 14:00:00","BZN|IE(SEM)","Without sequence","75.0","",""
"18/08/2024 14:00:00 - 18/08/2024 15:00:00","BZN|IE(SEM)","Without sequence","73.77","",""
"18/08/2024 15:00:00 - 18/08/2024 16:00:00","BZN|IE(SEM)","Without sequence","73.77","",""
"18/08/2024 16:00:00 - 18/08/2024 17:00:00","BZN|IE(SEM)","Without sequence","81.7","",""
"18/08/2024 17:00:00 - 18/08/2024 18:00:00","BZN|IE(SEM)","Without sequence","91.91","",""
"18/08/2024 18:00:00 - 18/08/2024 19:00:00","BZN|IE(SEM)","Without sequence","98.5","",""
"18/08/2024 19:00:00 - 18/08/2024 20:00:00","BZN|IE(SEM)","Without sequence","117.33","",""
"18/08/2024 20:00:00 - 18/08/2024 21:00:00","BZN|IE(SEM)","Without sequence","141.9","",""
"18/08/2024 21:00:00 - 18/08/2024 22:00:00","BZN|IE(SEM)","Without sequence","172.86","",""
"18/08/2024 22:00:00 - 18/08/2024 23:00:00","BZN|IE(SEM)","Without sequence","187.4","",""
"18/08/2024 23:00:00 - 19/08/2024 00:00:00","BZN|IE(SEM)","Without sequence","175.0","",""
"19/08/2024 00:00:00 - 19/08/2024 01:00:00","BZN|IE(SEM)","Without sequence","143.67","",""
"19/08/2024 01:00:00 - 19/08/2024 02:00:00","BZN|IE(SEM)","Without sequence","114.77","",""
"19/08/2024 02:00:00 - 19/08/2024 03:00:00","BZN|IE(SEM)","Without sequence","102.01","",""
"19/08/2024 03:00:00 - 19/08/2024 04:00:00","BZN|IE(SEM)","Without sequence","96.01","",""
"19/08/2024 04:00:00 - 19/08/2024 05:00:00","BZN|IE(SEM)","Without sequence","94.01","",""
"19/08/2024 05:00:00 - 19/08/2024 06:00:00","BZN|IE(SEM)","Without sequence","92.31","",""
"19/08/2024 06:00:00 - 19/08/2024 07:00:00","BZN|IE(SEM)","Without sequence","97.5","",""
"19/08/2024 07:00:00 - 19/08/2024 08:00:00","BZN|IE(SEM)","Without sequence","108.1","",""
"19/08/2024 08:00:00 - 19/08/2024 09:00:00","BZN|IE(SEM)","Without sequence","122.48","",""
"19/08/2024 09:00:00 - 19/08/2024 10:00:00","BZN|IE(SEM)","Without sequence","124.02","",""
"19/08/2024 10:00:00 - 19/08/2024 11:00:00","BZN|IE(SEM)","Without sequence","116.98","",""
"19/08/2024 11:00:00 - 19/08/2024 12:00:00","BZN|IE(SEM)","Without sequence","128.41","",""
"19/08/2024 12:00:00 - 19/08/2024 13:00:00","BZN|IE(SEM)","Without sequence","120.0","",""
"19/08/2024 13:00:00 - 19/08/2024 14:00:00","BZN|IE(SEM)","Without sequence","101.0","",""
"19/08/2024 14:00:00 - 19/08/2024 15:00:00","BZN|IE(SEM)","Without sequence","95.01","",""
"19/08/2024 15:00:00 - 19/08/2024 16:00:00","BZN|IE(SEM)","Without sequence","95.59","",""
"19/08/2024 16:00:00 - 19/08/2024 17:00:00","BZN|IE(SEM)","Without sequence","109.74","",""
"19/08/2024 17:00:00 - 19/08/2024 18:00:00","BZN|IE(SEM)","Without sequence","126.53","",""
"19/08/2024 18:00:00 - 19/08/2024 19:00:00","BZN|IE(SEM)","Without sequence","104.0","",""
"19/08/2024 19:00:00 - 19/08/2024 20:00:00","BZN|IE(SEM)","Without sequence","115.0","",""
"19/08/2024 20:00:00 - 19/08/2024 21:00:00","BZN|IE(SEM)","Without sequence","114.22","",""
"19/08/2024 21:00:00 - 19/08/2024 22:00:00","BZN|IE(SEM)","Without sequence","112.54","",""
"19/08/2024 22:00:00 - 19/08/2024 23:00:00","BZN|IE(SEM)","Without sequence","104.0","",""
"19/08/2024 23:00:00 - 20/08/2024 00:00:00","BZN|IE(SEM)","Without sequence","91.0","",""
"20/08/2024 00:00:00 - 20/08/2024 01:00:00","BZN|IE(SEM)","Without sequence","82.64","",""
"20/08/2024 01:00:00 - 20/08/2024 02:00:00","BZN|IE(SEM)","Without sequence","77.72","",""
"20/08/2024 02:00:00 - 20/08/2024 03:00:00","BZN|IE(SEM)","Without sequence","77.72","",""
"20/08/2024 03:00:00 - 20/08/2024 04:00:00","BZN|IE(SEM)","Without sequence","77.72","",""
"20/08/2024 04:00:00 - 20/08/2024 05:00:00","BZN|IE(SEM)","Without sequence","79.0","",""
"20/08/2024 05:00:00 - 20/08/2024 06:00:00","BZN|IE(SEM)","Without sequence","77.72","",""
"20/08/2024 06:00:00 - 20/08/2024 07:00:00","BZN|IE(SEM)","Without sequence","77.72","",""
"20/08/2024 07:00:00 - 20/08/2024 08:00:00","BZN|IE(SEM)","Without sequence","109.29","",""
"20/08/2024 08:00:00 - 20/08/2024 09:00:00","BZN|IE(SEM)","Without sequence","138.41","",""
"20/08/2024 09:00:00 - 20/08/2024 10:00:00","BZN|IE(SEM)","Without sequence","127.9","",""
"20/08/2024 10:00:00 - 20/08/2024 11:00:00","BZN|IE(SEM)","Without sequence","98.17","",""
"20/08/2024 11:00:00 - 20/08/2024 12:00:00","BZN|IE(SEM)","Without sequence","72.25","",""
"20/08/2024 12:00:00 - 20/08/2024 13:00:00","BZN|IE(SEM)","Without sequence","57.45","",""
"20/08/2024 13:00:00 - 20/08/2024 14:00:00","BZN|IE(SEM)","Without sequence","45.0","",""
"20/08/2024 14:00:00 - 20/08/2024 15:00:00","BZN|IE(SEM)","Without sequence","35.0","",""
"20/08/2024 15:00:00 - 20/08/2024 16:00:00","BZN|IE(SEM)","Without sequence","32.28","",""
"20/08/2024 16:00:00 - 20/08/2024 17:00:00","BZN|IE(SEM)","Without sequence","39.69","",""
"20/08/2024 17:00:00 - 20/08/2024 18:00:00","BZN|IE(SEM)","Without sequence","50.67","",""
"20/08/2024 18:00:00 - 20/08/2024 19:00:00","BZN|IE(SEM)","Without sequence","77.72","",""
"20/08/2024 19:00:00 - 20/08/2024 20:00:00","BZN|IE(SEM)","Without sequence","98.88","",""
"20/08/2024 20:00:00 - 20/08/2024 21:00:00","BZN|IE(SEM)","Without sequence","112.5","",""
"20/08/2024 21:00:00 - 20/08/2024 22:00:00","BZN|IE(SEM)","Without sequence","115.18","",""
"20/08/2024 22:00:00 - 20/08/2024 23:00:00","BZN|IE(SEM)","Without sequence","111.55","",""
"20/08/2024 23:00:00 - 21/08/2024 00:00:00","BZN|IE(SEM)","Without sequence","90.96","",""
"21/08/2024 00:00:00 - 21/08/2024 01:00:00","BZN|IE(SEM)","Without sequence","130.0","",""
"21/08/2024 01:00:00 - 21/08/2024 02:00:00","BZN|IE(SEM)","Without sequence","121.2","",""
"21/08/2024 02:00:00 - 21/08/2024 03:00:00","BZN|IE(SEM)","Without sequence","127.9","",""
"21/08/2024 03:00:00 - 21/08/2024 04:00:00","BZN|IE(SEM)","Without sequence","125.56","",""
"21/08/2024 04:00:00 - 21/08/2024 05:00:00","BZN|IE(SEM)","Without sequence","115.0","",""
"21/08/2024 05:00:00 - 21/08/2024 06:00:00","BZN|IE(SEM)","Without sequence","111.5","",""
"21/08/2024 06:00:00 - 21/08/2024 07:00:00","BZN|IE(SEM)","Without sequence","112.0","",""
"21/08/2024 07:00:00 - 21/08/2024 08:00:00","BZN|IE(SEM)","Without sequence","130.0","",""
"21/08/2024 08:00:00 - 21/08/2024 09:00:00","BZN|IE(SEM)","Without sequence","186.3","",""
"21/08/2024 09:00:00 - 21/08/2024 10:00:00","BZN|IE(SEM)","Without sequence","167.38","",""
"21/08/2024 10:00:00 - 21/08/2024 11:00:00","BZN|IE(SEM)","Without sequence","126.97","",""
"21/08/2024 11:00:00 - 21/08/2024 12:00:00","BZN|IE(SEM)","Without sequence","85.2","",""
"21/08/2024 12:00:00 - 21/08/2024 13:00:00","BZN|IE(SEM)","Without sequence","55.9","",""
"21/08/2024 13:00:00 - 21/08/2024 14:00:00","BZN|IE(SEM)","Without sequence","45.0","",""
"21/08/2024 14:00:00 - 21/08/2024 15:00:00","BZN|IE(SEM)","Without sequence","25.0","",""
"21/08/2024 15:00:00 - 21/08/2024 16:00:00","BZN|IE(SEM)","Without sequence","24.27","",""
"21/08/2024 16:00:00 - 21/08/2024 17:00:00","BZN|IE(SEM)","Without sequence","24.0","",""
"21/08/2024 17:00:00 - 21/08/2024 18:00:00","BZN|IE(SEM)","Without sequence","35.48","",""
"21/08/2024 18:00:00 - 21/08/2024 19:00:00","BZN|IE(SEM)","Without sequence","76.96","",""
"21/08/2024 19:00:00 - 21/08/2024 20:00:00","BZN|IE(SEM)","Without sequence","97.4","",""
"21/08/2024 20:00:00 - 21/08/2024 21:00:00","BZN|IE(SEM)","Without sequence","101.97","",""
"21/08/2024 21:00:00 - 21/08/2024 22:00:00","BZN|IE(SEM)","Without sequence","98.08","",""
"21/08/2024 22:00:00 - 21/08/2024 23:00:00","BZN|IE(SEM)","Without sequence","89.0","",""
"21/08/2024 23:00:00 - 22/08/2024 00:00:00","BZN|IE(SEM)","Without sequence","58.68","",""
"22/08/2024 00:00:00 - 22/08/2024 01:00:00","BZN|IE(SEM)","Without sequence","23.43","",""
"22/08/2024 01:00:00 - 22/08/2024 02:00:00","BZN|IE(SEM)","Without sequence","4.05","",""
"22/08/2024 02:00:00 - 22/08/2024 03:00:00","BZN|IE(SEM)","Without sequence","0.0","",""
"22/08/2024 03:00:00 - 22/08/2024 04:00:00","BZN|IE(SEM)","Without sequence","-3.92","",""
"22/08/2024 04:00:00 - 22/08/2024 05:00:00","BZN|IE(SEM)","Without sequence","-1.0","",""
"22/08/2024 05:00:00 - 22/08/2024 06:00:00","BZN|IE(SEM)","Without sequence","0.7","",""
"22/08/2024 06:00:00 - 22/08/2024 07:00:00","BZN|IE(SEM)","Without sequence","15.0","",""
"22/08/2024 07:00:00 - 22/08/2024 08:00:00","BZN|IE(SEM)","Without sequence","59.7","",""
"22/08/2024 08:00:00 - 22/08/2024 09:00:00","BZN|IE(SEM)","Without sequence","90.21","",""
"22/08/2024 09:00:00 - 22/08/2024 10:00:00","BZN|IE(SEM)","Without sequence","110.45","",""
"22/08/2024 10:00:00 - 22/08/2024 11:00:00","BZN|IE(SEM)","Without sequence","100.41","",""
"22/08/2024 11:00:00 - 22/08/2024 12:00:00","BZN|IE(SEM)","Without sequence","87.86","",""
"22/08/2024 12:00:00 - 22/08/2024 13:00:00","BZN|IE(SEM)","Without sequence","82.7","",""
"22/08/2024 13:00:00 - 22/08/2024 14:00:00","BZN|IE(SEM)","Without sequence","84.25","",""
"22/08/2024 14:00:00 - 22/08/2024 15:00:00","BZN|IE(SEM)","Without sequence","82.96","",""
"22/08/2024 15:00:00 - 22/08/2024 16:00:00","BZN|IE(SEM)","Without sequence","83.8","",""
"22/08/2024 16:00:00 - 22/08/2024 17:00:00","BZN|IE(SEM)","Without sequence","85.34","",""
"22/08/2024 17:00:00 - 22/08/2024 18:00:00","BZN|IE(SEM)","Without sequence","105.2","",""
"22/08/2024 18:00:00 - 22/08/2024 19:00:00","BZN|IE(SEM)","Without sequence","133.67","",""
"22/08/2024 19:00:00 - 22/08/2024 20:00:00","BZN|IE(SEM)","Without sequence","151.24","",""
"22/08/2024 20:00:00 - 22/08/2024 21:00:00","BZN|IE(SEM)","Without sequence","155.0","",""
"22/08/2024 21:00:00 - 22/08/2024 22:00:00","BZN|IE(SEM)","Without sequence","155.0","",""
"22/08/2024 22:00:00 - 22/08/2024 23:00:00","BZN|IE(SEM)","Without sequence","138.9","",""
"22/08/2024 23:00:00 - 23/08/2024 00:00:00","BZN|IE(SEM)","Without sequence","108.59","",""
"23/08/2024 00:00:00 - 23/08/2024 01:00:00","BZN|IE(SEM)","Without sequence","133.0","",""
"23/08/2024 01:00:00 - 23/08/2024 02:00:00","BZN|IE(SEM)","Without sequence","97.2","",""
"23/08/2024 02:00:00 - 23/08/2024 03:00:00","BZN|IE(SEM)","Without sequence","75.0","",""
"23/08/2024 03:00:00 - 23/08/2024 04:00:00","BZN|IE(SEM)","Without sequence","56.0","",""
"23/08/2024 04:00:00 - 23/08/2024 05:00:00","BZN|IE(SEM)","Without sequence","32.97","",""
"23/08/2024 05:00:00 - 23/08/2024 06:00:00","BZN|IE(SEM)","Without sequence","24.11","",""
"23/08/2024 06:00:00 - 23/08/2024 07:00:00","BZN|IE(SEM)","Without sequence","28.21","",""
"23/08/2024 07:00:00 - 23/08/2024 08:00:00","BZN|IE(SEM)","Without sequence","56.65","",""
"23/08/2024 08:00:00 - 23/08/2024 09:00:00","BZN|IE(SEM)","Without sequence","100.0","",""
"23/08/2024 09:00:00 - 23/08/2024 10:00:00","BZN|IE(SEM)","Without sequence","117.49","",""
"23/08/2024 10:00:00 - 23/08/2024 11:00:00","BZN|IE(SEM)","Without sequence","116.9","",""
"23/08/2024 11:00:00 - 23/08/2024 12:00:00","BZN|IE(SEM)","Without sequence","95.0","",""
"23/08/2024 12:00:00 - 23/08/2024 13:00:00","BZN|IE(SEM)","Without sequence","82.4","",""
"23/08/2024 13:00:00 - 23/08/2024 14:00:00","BZN|IE(SEM)","Without sequence","77.48","",""
"23/08/2024 14:00:00 - 23/08/2024 15:00:00","BZN|IE(SEM)","Without sequence","77.48","",""
"23/08/2024 15:00:00 - 23/08/2024 16:00:00","BZN|IE(SEM)","Without sequence","70.0","",""
"23/08/2024 16:00:00 - 23/08/2024 17:00:00","BZN|IE(SEM)","Without sequence","65.6","",""
"23/08/2024 17:00:00 - 23/08/2024 18:00:00","BZN|IE(SEM)","Without sequence","77.48","",""
"23/08/2024 18:00:00 - 23/08/2024 19:00:00","BZN|IE(SEM)","Without sequence","106.22","",""
"23/08/2024 19:00:00 - 23/08/2024 20:00:00","BZN|IE(SEM)","Without sequence","121.06","",""
"23/08/2024 20:00:00 - 23/08/2024 21:00:00","BZN|IE(SEM)","Without sequence","145.0","",""
"23/08/2024 21:00:00 - 23/08/2024 22:00:00","BZN|IE(SEM)","Without sequence","148.0","",""
"23/08/2024 22:00:00 - 23/08/2024 23:00:00","BZN|IE(SEM)","Without sequence","149.62","",""
"23/08/2024 23:00:00 - 24/08/2024 00:00:00","BZN|IE(SEM)","Without sequence","147.62","",""
"24/08/2024 00:00:00 - 24/08/2024 01:00:00","BZN|IE(SEM)","Without sequence","100.0","",""
"24/08/2024 01:00:00 - 24/08/2024 02:00:00","BZN|IE(SEM)","Without sequence","87.88","",""
"24/08/2024 02:00:00 - 24/08/2024 03:00:00","BZN|IE(SEM)","Without sequence","83.72","",""
"24/08/2024 03:00:00 - 24/08/2024 04:00:00","BZN|IE(SEM)","Without sequence","84.75","",""
"24/08/2024 04:00:00 - 24/08/2024 05:00:00","BZN|IE(SEM)","Without sequence","87.0","",""
"24/08/2024 05:00:00 - 24/08/2024 06:00:00","BZN|IE(SEM)","Without sequence","92.9","",""
"24/08/2024 06:00:00 - 24/08/2024 07:00:00","BZN|IE(SEM)","Without sequence","97.4","",""
"24/08/2024 07:00:00 - 24/08/2024 08:00:00","BZN|IE(SEM)","Without sequence","110.0","",""
"24/08/2024 08:00:00 - 24/08/2024 09:00:00","BZN|IE(SEM)","Without sequence","132.0","",""
"24/08/2024 09:00:00 - 24/08/2024 10:00:00","BZN|IE(SEM)","Without sequence","154.8","",""
"24/08/2024 10:00:00 - 24/08/2024 11:00:00","BZN|IE(SEM)","Without sequence","140.0","",""
"24/08/2024 11:00:00 - 24/08/2024 12:00:00","BZN|IE(SEM)","Without sequence","128.0","",""
"24/08/2024 12:00:00 - 24/08/2024 13:00:00","BZN|IE(SEM)","Without sequence","119.2","",""
"24/08/2024 13:00:00 - 24/08/2024 14:00:00","BZN|IE(SEM)","Without sequence","108.5","",""
"24/08/2024 14:00:00 - 24/08/2024 15:00:00","BZN|IE(SEM)","Without sequence","85.0","",""
"24/08/2024 15:00:00 - 24/08/2024 16:00:00","BZN|IE(SEM)","Without sequence","64.9","",""
"24/08/2024 16:00:00 - 24/08/2024 17:00:00","BZN|IE(SEM)","Without sequence","45.0","",""
"24/08/2024 17:00:00 - 24/08/2024 18:00:00","BZN|IE(SEM)","Without sequence","51.85","",""
"24/08/2024 18:00:00 - 24/08/2024 19:00:00","BZN|IE(SEM)","Without sequence","77.44","",""
"24/08/2024 19:00:00 - 24/08/2024 20:00:00","BZN|IE(SEM)","Without sequence","90.0","",""
"24/08/2024 20:00:00 - 24/08/2024 21:00:00","BZN|IE(SEM)","Without sequence","99.0","",""
"24/08/2024 21:00:00 - 24/08/2024 22:00:00","BZN|IE(SEM)","Without sequence","105.44","",""
"24/08/2024 22:00:00 - 24/08/2024 23:00:00","BZN|IE(SEM)","Without sequence","115.0","",""
"24/08/2024 23:00:00 - 25/08/2024 00:00:00","BZN|IE(SEM)","Without sequence","114.29","",""
"25/08/2024 00:00:00 - 25/08/2024 01:00:00","BZN|IE(SEM)","Without sequence","115.0","",""
"25/08/2024 01:00:00 - 25/08/2024 02:00:00","BZN|IE(SEM)","Without sequence","91.44","",""
"25/08/2024 02:00:00 - 25/08/2024 03:00:00","BZN|IE(SEM)","Without sequence","70.7","",""
"25/08/2024 03:00:00 - 25/08/2024 04:00:00","BZN|IE(SEM)","Without sequence","38.62","",""
"25/08/2024 04:00:00 - 25/08/2024 05:00:00","BZN|IE(SEM)","Without sequence","6.0","",""
"25/08/2024 05:00:00 - 25/08/2024 06:00:00","BZN|IE(SEM)","Without sequence","4.0","",""
"25/08/2024 06:00:00 - 25/08/2024 07:00:00","BZN|IE(SEM)","Without sequence","0.27","",""
"25/08/2024 07:00:00 - 25/08/2024 08:00:00","BZN|IE(SEM)","Without sequence","0.0","",""
"25/08/2024 08:00:00 - 25/08/2024 09:00:00","BZN|IE(SEM)","Without sequence","2.54","",""
"25/08/2024 09:00:00 - 25/08/2024 10:00:00","BZN|IE(SEM)","Without sequence","0.99","",""
"25/08/2024 10:00:00 - 25/08/2024 11:00:00","BZN|IE(SEM)","Without sequence","0.0","",""
"25/08/2024 11:00:00 - 25/08/2024 12:00:00","BZN|IE(SEM)","Without sequence","0.0","",""
"25/08/2024 12:00:00 - 25/08/2024 13:00:00","BZN|IE(SEM)","Without sequence","0.0","",""
"25/08/2024 13:00:00 - 25/08/2024 14:00:00","BZN|IE(SEM)","Without sequence","0.0","",""
"25/08/2024 14:00:00 - 25/08/2024 15:00:00","BZN|IE(SEM)","Without sequence","0.0","",""
"25/08/2024 15:00:00 - 25/08/2024 16:00:00","BZN|IE(SEM)","Without sequence","0.0","",""
"25/08/2024 16:00:00 - 25/08/2024 17:00:00","BZN|IE(SEM)","Without sequence","0.0","",""
"25/08/2024 17:00:00 - 25/08/2024 18:00:00","BZN|IE(SEM)","Without sequence","5.0","",""
"25/08/2024 18:00:00 - 25/08/2024 19:00:00","BZN|IE(SEM)","Without sequence","45.0","",""
"25/08/2024 19:00:00 - 25/08/2024 20:00:00","BZN|IE(SEM)","Without sequence","84.05","",""
"25/08/2024 20:00:00 - 25/08/2024 21:00:00","BZN|IE(SEM)","Without sequence","101.79","",""
"25/08/2024 21:00:00 - 25/08/2024 22:00:00","BZN|IE(SEM)","Without sequence","119.44","",""
"25/08/2024 22:00:00 - 25/08/2024 23:00:00","BZN|IE(SEM)","Without sequence","127.3","",""
"25/08/2024 23:00:00 - 26/08/2024 00:00:00","BZN|IE(SEM)","Without sequence","123.4","",""
"26/08/2024 00:00:00 - 26/08/2024 01:00:00","BZN|IE(SEM)","Without sequence","85.0","",""
"26/08/2024 01:00:00 - 26/08/2024 02:00:00","BZN|IE(SEM)","Without sequence","85.0","",""
"26/08/2024 02:00:00 - 26/08/2024 03:00:00","BZN|IE(SEM)","Without sequence","85.0","",""
"26/08/2024 03:00:00 - 26/08/2024 04:00:00","BZN|IE(SEM)","Without sequence","89.7","",""
"26/08/2024 04:00:00 - 26/08/2024 05:00:00","BZN|IE(SEM)","Without sequence","99.0","",""
"26/08/2024 05:00:00 - 26/08/2024 06:00:00","BZN|IE(SEM)","Without sequence","90.26","",""
"26/08/2024 06:00:00 - 26/08/2024 07:00:00","BZN|IE(SEM)","Without sequence","94.12","",""
"26/08/2024 07:00:00 - 26/08/2024 08:00:00","BZN|IE(SEM)","Without sequence","114.7","",""
"26/08/2024 08:00:00 - 26/08/2024 09:00:00","BZN|IE(SEM)","Without sequence","178.8","",""
"26/08/2024 09:00:00 - 26/08/2024 10:00:00","BZN|IE(SEM)","Without sequence","160.0","",""
"26/08/2024 10:00:00 - 26/08/2024 11:00:00","BZN|IE(SEM)","Without sequence","152.0","",""
"26/08/2024 11:00:00 - 26/08/2024 12:00:00","BZN|IE(SEM)","Without sequence","165.0","",""
"26/08/2024 12:00:00 - 26/08/2024 13:00:00","BZN|IE(SEM)","Without sequence","144.0","",""
"26/08/2024 13:00:00 - 26/08/2024 14:00:00","BZN|IE(SEM)","Without sequence","114.0","",""
"26/08/2024 14:00:00 - 26/08/2024 15:00:00","BZN|IE(SEM)","Without sequence","91.0","",""
"26/08/2024 15:00:00 - 26/08/2024 16:00:00","BZN|IE(SEM)","Without sequence","85.0","",""
"26/08/2024 16:00:00 - 26/08/2024 17:00:00","BZN|IE(SEM)","Without sequence","81.4","",""
"26/08/2024 17:00:00 - 26/08/2024 18:00:00","BZN|IE(SEM)","Without sequence","90.83","",""
"26/08/2024 18:00:00 - 26/08/2024 19:00:00","BZN|IE(SEM)","Without sequence","105.12","",""
"26/08/2024 19:00:00 - 26/08/2024 20:00:00","BZN|IE(SEM)","Without sequence","114.4","",""
"26/08/2024 20:00:00 - 26/08/2024 21:00:00","BZN|IE(SEM)","Without sequence","115.0","",""
"26/08/2024 21:00:00 - 26/08/2024 22:00:00","BZN|IE(SEM)","Without sequence","115.38","",""
"26/08/2024 22:00:00 - 26/08/2024 23:00:00","BZN|IE(SEM)","Without sequence","102.35","",""
"26/08/2024 23:00:00 - 27/08/2024 00:00:00","BZN|IE(SEM)","Without sequence","84.0","",""
"28/08/2024 00:00:00 - 28/08/2024 01:00:00","BZN|IE(SEM)","Without sequence","107.05","",""
"28/08/2024 01:00:00 - 28/08/2024 02:00:00","BZN|IE(SEM)","Without sequence","114.66","",""
"28/08/2024 02:00:00 - 28/08/2024 03:00:00","BZN|IE(SEM)","Without sequence","104.0","",""
"28/08/2024 03:00:00 - 28/08/2024 04:00:00","BZN|IE(SEM)","Without sequence","101.94","",""
"28/08/2024 04:00:00 - 28/08/2024 05:00:00","BZN|IE(SEM)","Without sequence","100.0","",""
"28/08/2024 05:00:00 - 28/08/2024 06:00:00","BZN|IE(SEM)","Without sequence","103.0","",""
"28/08/2024 06:00:00 - 28/08/2024 07:00:00","BZN|IE(SEM)","Without sequence","112.47","",""
"28/08/2024 07:00:00 - 28/08/2024 08:00:00","BZN|IE(SEM)","Without sequence","124.0","",""
"28/08/2024 08:00:00 - 28/08/2024 09:00:00","BZN|IE(SEM)","Without sequence","128.01","",""
"28/08/2024 09:00:00 - 28/08/2024 10:00:00","BZN|IE(SEM)","Without sequence","154.68","",""
"28/08/2024 10:00:00 - 28/08/2024 11:00:00","BZN|IE(SEM)","Without sequence","149.62","",""
"28/08/2024 11:00:00 - 28/08/2024 12:00:00","BZN|IE(SEM)","Without sequence","134.3","",""
"28/08/2024 12:00:00 - 28/08/2024 13:00:00","BZN|IE(SEM)","Without sequence","111.4","",""
"28/08/2024 13:00:00 - 28/08/2024 14:00:00","BZN|IE(SEM)","Without sequence","98.0","",""
"28/08/2024 14:00:00 - 28/08/2024 15:00:00","BZN|IE(SEM)","Without sequence","91.86","",""
"28/08/2024 15:00:00 - 28/08/2024 16:00:00","BZN|IE(SEM)","Without sequence","86.1","",""
"28/08/2024 16:00:00 - 28/08/2024 17:00:00","BZN|IE(SEM)","Without sequence","87.51","",""
"28/08/2024 17:00:00 - 28/08/2024 18:00:00","BZN|IE(SEM)","Without sequence","93.35","",""
"28/08/2024 18:00:00 - 28/08/2024 19:00:00","BZN|IE(SEM)","Without sequence","113.92","",""
"28/08/2024 19:00:00 - 28/08/2024 20:00:00","BZN|IE(SEM)","Without sequence","133.63","",""
"28/08/2024 20:00:00 - 28/08/2024 21:00:00","BZN|IE(SEM)","Without sequence","138.96","",""
"28/08/2024 21:00:00 - 28/08/2024 22:00:00","BZN|IE(SEM)","Without sequence","146.88","",""
"28/08/2024 22:00:00 - 28/08/2024 23:00:00","BZN|IE(SEM)","Without sequence","141.79","",""
"28/08/2024 23:00:00 - 29/08/2024 00:00:00","BZN|IE(SEM)","Without sequence","109.5","",""
"29/08/2024 00:00:00 - 29/08/2024 01:00:00","BZN|IE(SEM)","Without sequence","100.1","",""
"29/08/2024 01:00:00 - 29/08/2024 02:00:00","BZN|IE(SEM)","Without sequence","99.0","",""
"29/08/2024 02:00:00 - 29/08/2024 03:00:00","BZN|IE(SEM)","Without sequence","98.39","",""
"29/08/2024 03:00:00 - 29/08/2024 04:00:00","BZN|IE(SEM)","Without sequence","94.94","",""
"29/08/2024 04:00:00 - 29/08/2024 05:00:00","BZN|IE(SEM)","Without sequence","93.68","",""
"29/08/2024 05:00:00 - 29/08/2024 06:00:00","BZN|IE(SEM)","Without sequence","99.35","",""
"29/08/2024 06:00:00 - 29/08/2024 07:00:00","BZN|IE(SEM)","Without sequence","106.5","",""
"29/08/2024 07:00:00 - 29/08/2024 08:00:00","BZN|IE(SEM)","Without sequence","126.71","",""
"29/08/2024 08:00:00 - 29/08/2024 09:00:00","BZN|IE(SEM)","Without sequence","125.61","",""
"29/08/2024 09:00:00 - 29/08/2024 10:00:00","BZN|IE(SEM)","Without sequence","140.67","",""
"29/08/2024 10:00:00 - 29/08/2024 11:00:00","BZN|IE(SEM)","Without sequence","129.03","",""
"29/08/2024 11:00:00 - 29/08/2024 12:00:00","BZN|IE(SEM)","Without sequence","117.7","",""
"29/08/2024 12:00:00 - 29/08/2024 13:00:00","BZN|IE(SEM)","Without sequence","105.54","",""
"29/08/2024 13:00:00 - 29/08/2024 14:00:00","BZN|IE(SEM)","Without sequence","105.54","",""
"29/08/2024 14:00:00 - 29/08/2024 15:00:00","BZN|IE(SEM)","Without sequence","100.79","",""
"29/08/2024 15:00:00 - 29/08/2024 16:00:00","BZN|IE(SEM)","Without sequence","102.17","",""
"29/08/2024 16:00:00 - 29/08/2024 17:00:00","BZN|IE(SEM)","Without sequence","105.54","",""
"29/08/2024 17:00:00 - 29/08/2024 18:00:00","BZN|IE(SEM)","Without sequence","115.0","",""
"29/08/2024 18:00:00 - 29/08/2024 19:00:00","BZN|IE(SEM)","Without sequence","140.0","",""
"29/08/2024 19:00:00 - 29/08/2024 20:00:00","BZN|IE(SEM)","Without sequence","165.0","",""
"29/08/2024 20:00:00 - 29/08/2024 21:00:00","BZN|IE(SEM)","Without sequence","178.5","",""
"29/08/2024 21:00:00 - 29/08/2024 22:00:00","BZN|IE(SEM)","Without sequence","200.28","",""
"29/08/2024 22:00:00 - 29/08/2024 23:00:00","BZN|IE(SEM)","Without sequence","225.0","",""
"29/08/2024 23:00:00 - 30/08/2024 00:00:00","BZN|IE(SEM)","Without sequence","161.4","",""
"30/08/2024 00:00:00 - 30/08/2024 01:00:00","BZN|IE(SEM)","Without sequence","124.2","",""
"30/08/2024 01:00:00 - 30/08/2024 02:00:00","BZN|IE(SEM)","Without sequence","124.96","",""
"30/08/2024 02:00:00 - 30/08/2024 03:00:00","BZN|IE(SEM)","Without sequence","116.37","",""
"30/08/2024 03:00:00 - 30/08/2024 04:00:00","BZN|IE(SEM)","Without sequence","117.72","",""
"30/08/2024 04:00:00 - 30/08/2024 05:00:00","BZN|IE(SEM)","Without sequence","113.7","",""
"30/08/2024 05:00:00 - 30/08/2024 06:00:00","BZN|IE(SEM)","Without sequence","116.4","",""
"30/08/2024 06:00:00 - 30/08/2024 07:00:00","BZN|IE(SEM)","Without sequence","116.37","",""
"30/08/2024 07:00:00 - 30/08/2024 08:00:00","BZN|IE(SEM)","Without sequence","139.0","",""
"30/08/2024 08:00:00 - 30/08/2024 09:00:00","BZN|IE(SEM)","Without sequence","177.65","",""
"30/08/2024 09:00:00 - 30/08/2024 10:00:00","BZN|IE(SEM)","Without sequence","210.86","",""
"30/08/2024 10:00:00 - 30/08/2024 11:00:00","BZN|IE(SEM)","Without sequence","200.8","",""
"30/08/2024 11:00:00 - 30/08/2024 12:00:00","BZN|IE(SEM)","Without sequence","176.15","",""
"30/08/2024 12:00:00 - 30/08/2024 13:00:00","BZN|IE(SEM)","Without sequence","165.0","",""
"30/08/2024 13:00:00 - 30/08/2024 14:00:00","BZN|IE(SEM)","Without sequence","149.13","",""
"30/08/2024 14:00:00 - 30/08/2024 15:00:00","BZN|IE(SEM)","Without sequence","137.34","",""
"30/08/2024 15:00:00 - 30/08/2024 16:00:00","BZN|IE(SEM)","Without sequence","126.9","",""
"30/08/2024 16:00:00 - 30/08/2024 17:00:00","BZN|IE(SEM)","Without sequence","124.23","",""
"30/08/2024 17:00:00 - 30/08/2024 18:00:00","BZN|IE(SEM)","Without sequence","137.34","",""
"30/08/2024 18:00:00 - 30/08/2024 19:00:00","BZN|IE(SEM)","Without sequence","165.44","",""
"30/08/2024 19:00:00 - 30/08/2024 20:00:00","BZN|IE(SEM)","Without sequence","176.1","",""
"30/08/2024 20:00:00 - 30/08/2024 21:00:00","BZN|IE(SEM)","Without sequence","175.0","",""
"30/08/2024 21:00:00 - 30/08/2024 22:00:00","BZN|IE(SEM)","Without sequence","168.71","",""
"30/08/2024 22:00:00 - 30/08/2024 23:00:00","BZN|IE(SEM)","Without sequence","145.23","",""
"30/08/2024 23:00:00 - 31/08/2024 00:00:00","BZN|IE(SEM)","Without sequence","122.12","",""
"31/08/2024 00:00:00 - 31/08/2024 01:00:00","BZN|IE(SEM)","Without sequence","150.0","",""
"31/08/2024 01:00:00 - 31/08/2024 02:00:00","BZN|IE(SEM)","Without sequence","130.0","",""
"31/08/2024 02:00:00 - 31/08/2024 03:00:00","BZN|IE(SEM)","Without sequence","120.73","",""
"31/08/2024 03:00:00 - 31/08/2024 04:00:00","BZN|IE(SEM)","Without sequence","121.0","",""
"31/08/2024 04:00:00 - 31/08/2024 05:00:00","BZN|IE(SEM)","Without sequence","113.0","",""
"31/08/2024 05:00:00 - 31/08/2024 06:00:00","BZN|IE(SEM)","Without sequence","109.11","",""
"31/08/2024 06:00:00 - 31/08/2024 07:00:00","BZN|IE(SEM)","Without sequence","108.0","",""
"31/08/2024 07:00:00 - 31/08/2024 08:00:00","BZN|IE(SEM)","Without sequence","117.8","",""
"31/08/2024 08:00:00 - 31/08/2024 09:00:00","BZN|IE(SEM)","Without sequence","128.0","",""
"31/08/2024 09:00:00 - 31/08/2024 10:00:00","BZN|IE(SEM)","Without sequence","159.45","",""
"31/08/2024 10:00:00 - 31/08/2024 11:00:00","BZN|IE(SEM)","Without sequence","160.65","",""
"31/08/2024 11:00:00 - 31/08/2024 12:00:00","BZN|IE(SEM)","Without sequence","149.8","",""
"31/08/2024 12:00:00 - 31/08/2024 13:00:00","BZN|IE(SEM)","Without sequence","140.0","",""
"31/08/2024 13:00:00 - 31/08/2024 14:00:00","BZN|IE(SEM)","Without sequence","96.19","",""
"31/08/2024 14:00:00 - 31/08/2024 15:00:00","BZN|IE(SEM)","Without sequence","91.31","",""
"31/08/2024 15:00:00 - 31/08/2024 16:00:00","BZN|IE(SEM)","Without sequence","88.1","",""
"31/08/2024 16:00:00 - 31/08/2024 17:00:00","BZN|IE(SEM)","Without sequence","84.06","",""
"31/08/2024 17:00:00 - 31/08/2024 18:00:00","BZN|IE(SEM)","Without sequence","88.47","",""
"31/08/2024 18:00:00 - 31/08/2024 19:00:00","BZN|IE(SEM)","Without sequence","125.0","",""
"31/08/2024 19:00:00 - 31/08/2024 20:00:00","BZN|IE(SEM)","Without sequence","145.59","",""
"31/08/2024 20:00:00 - 31/08/2024 21:00:00","BZN|IE(SEM)","Without sequence","145.59","",""
"31/08/2024 21:00:00 - 31/08/2024 22:00:00","BZN|IE(SEM)","Without sequence","135.0","",""
"31/08/2024 22:00:00 - 31/08/2024 23:00:00","BZN|IE(SEM)","Without sequence","115.54","",""
"31/08/2024 23:00:00 - 01/09/2024 00:00:00","BZN|IE(SEM)","Without sequence","103.67","",""
"01/09/2024 00:00:00 - 01/09/2024 01:00:00","BZN|IE(SEM)","Without sequence","123.29","",""
"01/09/2024 01:00:00 - 01/09/2024 02:00:00","BZN|IE(SEM)","Without sequence","100.97","",""
"01/09/2024 02:00:00 - 01/09/2024 03:00:00","BZN|IE(SEM)","Without sequence","91.95","",""
"01/09/2024 03:00:00 - 01/09/2024 04:00:00","BZN|IE(SEM)","Without sequence","89.2","",""
"01/09/2024 04:00:00 - 01/09/2024 05:00:00","BZN|IE(SEM)","Without sequence","89.2","",""
"01/09/2024 05:00:00 - 01/09/2024 06:00:00","BZN|IE(SEM)","Without sequence","87.77","",""
"01/09/2024 06:00:00 - 01/09/2024 07:00:00","BZN|IE(SEM)","Without sequence","84.55","",""
"01/09/2024 07:00:00 - 01/09/2024 08:00:00","BZN|IE(SEM)","Without sequence","88.0","",""
"01/09/2024 08:00:00 - 01/09/2024 09:00:00","BZN|IE(SEM)","Without sequence","95.17","",""
"01/09/2024 09:00:00 - 01/09/2024 10:00:00","BZN|IE(SEM)","Without sequence","95.17","",""
"01/09/2024 10:00:00 - 01/09/2024 11:00:00","BZN|IE(SEM)","Without sequence","88.96","",""
"01/09/2024 11:00:00 - 01/09/2024 12:00:00","BZN|IE(SEM)","Without sequence","88.9","",""
"01/09/2024 12:00:00 - 01/09/2024 13:00:00","BZN|IE(SEM)","Without sequence","88.9","",""
"01/09/2024 13:00:00 - 01/09/2024 14:00:00","BZN|IE(SEM)","Without sequence","88.96","",""
"01/09/2024 14:00:00 - 01/09/2024 15:00:00","BZN|IE(SEM)","Without sequence","94.74","",""
"01/09/2024 15:00:00 - 01/09/2024 16:00:00","BZN|IE(SEM)","Without sequence","95.17","",""
"01/09/2024 16:00:00 - 01/09/2024 17:00:00","BZN|IE(SEM)","Without sequence","92.5","",""
"01/09/2024 17:00:00 - 01/09/2024 18:00:00","BZN|IE(SEM)","Without sequence","95.17","",""
"01/09/2024 18:00:00 - 01/09/2024 19:00:00","BZN|IE(SEM)","Without sequence","120.87","",""
"01/09/2024 19:00:00 - 01/09/2024 20:00:00","BZN|IE(SEM)","Without sequence","140.72","",""
"01/09/2024 20:00:00 - 01/09/2024 21:00:00","BZN|IE(SEM)","Without sequence","151.22","",""
"01/09/2024 21:00:00 - 01/09/2024 22:00:00","BZN|IE(SEM)","Without sequence","151.0","",""
"01/09/2024 22:00:00 - 01/09/2024 23:00:00","BZN|IE(SEM)","Without sequence","159.0","",""
"01/09/2024 23:00:00 - 02/09/2024 00:00:00","BZN|IE(SEM)","Without sequence","135.0","",""
"02/09/2024 00:00:00 - 02/09/2024 01:00:00","BZN|IE(SEM)","Without sequence","125.0","",""
"02/09/2024 01:00:00 - 02/09/2024 02:00:00","BZN|IE(SEM)","Without sequence","114.66","",""
"02/09/2024 02:00:00 - 02/09/2024 03:00:00","BZN|IE(SEM)","Without sequence","107.2","",""
"02/09/2024 03:00:00 - 02/09/2024 04:00:00","BZN|IE(SEM)","Without sequence","100.86","",""
"02/09/2024 04:00:00 - 02/09/2024 05:00:00","BZN|IE(SEM)","Without sequence","97.0","",""
"02/09/2024 05:00:00 - 02/09/2024 06:00:00","BZN|IE(SEM)","Without sequence","96.96","",""
"02/09/2024 06:00:00 - 02/09/2024 07:00:00","BZN|IE(SEM)","Without sequence","100.49","",""
"02/09/2024 07:00:00 - 02/09/2024 08:00:00","BZN|IE(SEM)","Without sequence","105.25","",""
"02/09/2024 08:00:00 - 02/09/2024 09:00:00","BZN|IE(SEM)","Without sequence","124.55","",""
"02/09/2024 09:00:00 - 02/09/2024 10:00:00","BZN|IE(SEM)","Without sequence","124.0","",""
"02/09/2024 10:00:00 - 02/09/2024 11:00:00","BZN|IE(SEM)","Without sequence","119.77","",""
"02/09/2024 11:00:00 - 02/09/2024 12:00:00","BZN|IE(SEM)","Without sequence","114.0","",""
"02/09/2024 12:00:00 - 02/09/2024 13:00:00","BZN|IE(SEM)","Without sequence","108.68","",""
"02/09/2024 13:00:00 - 02/09/2024 14:00:00","BZN|IE(SEM)","Without sequence","105.0","",""
"02/09/2024 14:00:00 - 02/09/2024 15:00:00","BZN|IE(SEM)","Without sequence","100.4","",""
"02/09/2024 15:00:00 - 02/09/2024 16:00:00","BZN|IE(SEM)","Without sequence","99.45","",""
"02/09/2024 16:00:00 - 02/09/2024 17:00:00","BZN|IE(SEM)","Without sequence","102.68","",""
"02/09/2024 17:00:00 - 02/09/2024 18:00:00","BZN|IE(SEM)","Without sequence","114.15","",""
"02/09/2024 18:00:00 - 02/09/2024 19:00:00","BZN|IE(SEM)","Without sequence","131.0","",""
"02/09/2024 19:00:00 - 02/09/2024 20:00:00","BZN|IE(SEM)","Without sequence","145.31","",""
"02/09/2024 20:00:00 - 02/09/2024 21:00:00","BZN|IE(SEM)","Without sequence","153.39","",""
"02/09/2024 21:00:00 - 02/09/2024 22:00:00","BZN|IE(SEM)","Without sequence","152.92","",""
"02/09/2024 22:00:00 - 02/09/2024 23:00:00","BZN|IE(SEM)","Without sequence","145.0","",""
"02/09/2024 23:00:00 - 03/09/2024 00:00:00","BZN|IE(SEM)","Without sequence","119.87","",""
"03/09/2024 00:00:00 - 03/09/2024 01:00:00","BZN|IE(SEM)","Without sequence","109.0","",""
"03/09/2024 01:00:00 - 03/09/2024 02:00:00","BZN|IE(SEM)","Without sequence","104.27","",""
"03/09/2024 02:00:00 - 03/09/2024 03:00:00","BZN|IE(SEM)","Without sequence","101.69","",""
"03/09/2024 03:00:00 - 03/09/2024 04:00:00","BZN|IE(SEM)","Without sequence","100.99","",""
"03/09/2024 04:00:00 - 03/09/2024 05:00:00","BZN|IE(SEM)","Without sequence","100.0","",""
"03/09/2024 05:00:00 - 03/09/2024 06:00:00","BZN|IE(SEM)","Without sequence","102.02","",""
"03/09/2024 06:00:00 - 03/09/2024 07:00:00","BZN|IE(SEM)","Without sequence","111.06","",""
"03/09/2024 07:00:00 - 03/09/2024 08:00:00","BZN|IE(SEM)","Without sequence","125.4","",""
"03/09/2024 08:00:00 - 03/09/2024 09:00:00","BZN|IE(SEM)","Without sequence","147.22","",""
"03/09/2024 09:00:00 - 03/09/2024 10:00:00","BZN|IE(SEM)","Without sequence","152.5","",""
"03/09/2024 10:00:00 - 03/09/2024 11:00:00","BZN|IE(SEM)","Without sequence","145.7","",""
"03/09/2024 11:00:00 - 03/09/2024 12:00:00","BZN|IE(SEM)","Without sequence","125.0","",""
"03/09/2024 12:00:00 - 03/09/2024 13:00:00","BZN|IE(SEM)","Without sequence","106.79","",""
"03/09/2024 13:00:00 - 03/09/2024 14:00:00","BZN|IE(SEM)","Without sequence","100.85","",""
"03/09/2024 14:00:00 - 03/09/2024 15:00:00","BZN|IE(SEM)","Without sequence","94.92","",""
"03/09/2024 15:00:00 - 03/09/2024 16:00:00","BZN|IE(SEM)","Without sequence","96.38","",""
"03/09/2024 16:00:00 - 03/09/2024 17:00:00","BZN|IE(SEM)","Without sequence","97.13","",""
"03/09/2024 17:00:00 - 03/09/2024 18:00:00","BZN|IE(SEM)","Without sequence","106.19","",""
"03/09/2024 18:00:00 - 03/09/2024 19:00:00","BZN|IE(SEM)","Without sequence","126.92","",""
"03/09/2024 19:00:00 - 03/09/2024 20:00:00","BZN|IE(SEM)","Without sequence","145.03","",""
"03/09/2024 20:00:00 - 03/09/2024 21:00:00","BZN|IE(SEM)","Without sequence","149.2","",""
"03/09/2024 21:00:00 - 03/09/2024 22:00:00","BZN|IE(SEM)","Without sequence","149.15","",""
"03/09/2024 22:00:00 - 03/09/2024 23:00:00","BZN|IE(SEM)","Without sequence","129.7","",""
"03/09/2024 23:00:00 - 04/09/2024 00:00:00","BZN|IE(SEM)","Without sequence","109.19","",""
"04/09/2024 00:00:00 - 04/09/2024 01:00:00","BZN|IE(SEM)","Without sequence","99.99","",""
"04/09/2024 01:00:00 - 04/09/2024 02:00:00","BZN|IE(SEM)","Without sequence","96.02","",""
"04/09/2024 02:00:00 - 04/09/2024 03:00:00","BZN|IE(SEM)","Without sequence","92.56","",""
"04/09/2024 03:00:00 - 04/09/2024 04:00:00","BZN|IE(SEM)","Without sequence","89.87","",""
"04/09/2024 04:00:00 - 04/09/2024 05:00:00","BZN|IE(SEM)","Without sequence","89.32","",""
"04/09/2024 05:00:00 - 04/09/2024 06:00:00","BZN|IE(SEM)","Without sequence","89.87","",""
"04/09/2024 06:00:00 - 04/09/2024 07:00:00","BZN|IE(SEM)","Without sequence","95.0","",""
"04/09/2024 07:00:00 - 04/09/2024 08:00:00","BZN|IE(SEM)","Without sequence","107.54","",""
"04/09/2024 08:00:00 - 04/09/2024 09:00:00","BZN|IE(SEM)","Without sequence","135.05","",""
"04/09/2024 09:00:00 - 04/09/2024 10:00:00","BZN|IE(SEM)","Without sequence","132.31","",""
"04/09/2024 10:00:00 - 04/09/2024 11:00:00","BZN|IE(SEM)","Without sequence","117.3","",""
"04/09/2024 11:00:00 - 04/09/2024 12:00:00","BZN|IE(SEM)","Without sequence","102.06","",""
"04/09/2024 12:00:00 - 04/09/2024 13:00:00","BZN|IE(SEM)","Without sequence","97.49","",""
"04/09/2024 13:00:00 - 04/09/2024 14:00:00","BZN|IE(SEM)","Without sequence","93.82","",""
"04/09/2024 14:00:00 - 04/09/2024 15:00:00","BZN|IE(SEM)","Without sequence","93.45","",""
"04/09/2024 15:00:00 - 04/09/2024 16:00:00","BZN|IE(SEM)","Without sequence","93.65","",""
"04/09/2024 16:00:00 - 04/09/2024 17:00:00","BZN|IE(SEM)","Without sequence","96.01","",""
"04/09/2024 17:00:00 - 04/09/2024 18:00:00","BZN|IE(SEM)","Without sequence","101.0","",""
"04/09/2024 18:00:00 - 04/09/2024 19:00:00","BZN|IE(SEM)","Without sequence","124.77","",""
"04/09/2024 19:00:00 - 04/09/2024 20:00:00","BZN|IE(SEM)","Without sequence","140.01","",""
"04/09/2024 20:00:00 - 04/09/2024 21:00:00","BZN|IE(SEM)","Without sequence","137.24","",""
"04/09/2024 21:00:00 - 04/09/2024 22:00:00","BZN|IE(SEM)","Without sequence","134.1","",""
"04/09/2024 22:00:00 - 04/09/2024 23:00:00","BZN|IE(SEM)","Without sequence","116.19","",""
"04/09/2024 23:00:00 - 05/09/2024 00:00:00","BZN|IE(SEM)","Without sequence","100.99","",""
"05/09/2024 00:00:00 - 05/09/2024 01:00:00","BZN|IE(SEM)","Without sequence","104.05","",""
"05/09/2024 01:00:00 - 05/09/2024 02:00:00","BZN|IE(SEM)","Without sequence","103.13","",""
"05/09/2024 02:00:00 - 05/09/2024 03:00:00","BZN|IE(SEM)","Without sequence","97.86","",""
"05/09/2024 03:00:00 - 05/09/2024 04:00:00","BZN|IE(SEM)","Without sequence","96.75","",""
"05/09/2024 04:00:00 - 05/09/2024 05:00:00","BZN|IE(SEM)","Without sequence","94.1","",""
"05/09/2024 05:00:00 - 05/09/2024 06:00:00","BZN|IE(SEM)","Without sequence","94.94","",""
"05/09/2024 06:00:00 - 05/09/2024 07:00:00","BZN|IE(SEM)","Without sequence","97.2","",""
"05/09/2024 07:00:00 - 05/09/2024 08:00:00","BZN|IE(SEM)","Without sequence","118.8","",""
"05/09/2024 08:00:00 - 05/09/2024 09:00:00","BZN|IE(SEM)","Without sequence","130.01","",""
"05/09/2024 09:00:00 - 05/09/2024 10:00:00","BZN|IE(SEM)","Without sequence","152.0","",""
"05/09/2024 10:00:00 - 05/09/2024 11:00:00","BZN|IE(SEM)","Without sequence","145.0","",""
"05/09/2024 11:00:00 - 05/09/2024 12:00:00","BZN|IE(SEM)","Without sequence","133.8","",""
"05/09/2024 12:00:00 - 05/09/2024 13:00:00","BZN|IE(SEM)","Without sequence","115.0","",""
"05/09/2024 13:00:00 - 05/09/2024 14:00:00","BZN|IE(SEM)","Without sequence","105.63","",""
"05/09/2024 14:00:00 - 05/09/2024 15:00:00","BZN|IE(SEM)","Without sequence","95.0","",""
"05/09/2024 15:00:00 - 05/09/2024 16:00:00","BZN|IE(SEM)","Without sequence","84.99","",""
"05/09/2024 16:00:00 - 05/09/2024 17:00:00","BZN|IE(SEM)","Without sequence","84.3","",""
"05/09/2024 17:00:00 - 05/09/2024 18:00:00","BZN|IE(SEM)","Without sequence","89.01","",""
"05/09/2024 18:00:00 - 05/09/2024 19:00:00","BZN|IE(SEM)","Without sequence","105.0","",""
"05/09/2024 19:00:00 - 05/09/2024 20:00:00","BZN|IE(SEM)","Without sequence","118.47","",""
"05/09/2024 20:00:00 - 05/09/2024 21:00:00","BZN|IE(SEM)","Without sequence","115.84","",""
"05/09/2024 21:00:00 - 05/09/2024 22:00:00","BZN|IE(SEM)","Without sequence","105.0","",""
"05/09/2024 22:00:00 - 05/09/2024 23:00:00","BZN|IE(SEM)","Without sequence","90.99","",""
"05/09/2024 23:00:00 - 06/09/2024 00:00:00","BZN|IE(SEM)","Without sequence","84.55","",""
"06/09/2024 00:00:00 - 06/09/2024 01:00:00","BZN|IE(SEM)","Without sequence","74.62","",""
"06/09/2024 01:00:00 - 06/09/2024 02:00:00","BZN|IE(SEM)","Without sequence","67.52","",""
"06/09/2024 02:00:00 - 06/09/2024 03:00:00","BZN|IE(SEM)","Without sequence","65.36","",""
"06/09/2024 03:00:00 - 06/09/2024 04:00:00","BZN|IE(SEM)","Without sequence","66.05","",""
"06/09/2024 04:00:00 - 06/09/2024 05:00:00","BZN|IE(SEM)","Without sequence","63.04","",""
"06/09/2024 05:00:00 - 06/09/2024 06:00:00","BZN|IE(SEM)","Without sequence","68.0","",""
"06/09/2024 06:00:00 - 06/09/2024 07:00:00","BZN|IE(SEM)","Without sequence","77.18","",""
"06/09/2024 07:00:00 - 06/09/2024 08:00:00","BZN|IE(SEM)","Without sequence","105.0","",""
"06/09/2024 08:00:00 - 06/09/2024 09:00:00","BZN|IE(SEM)","Without sequence","107.94","",""
"06/09/2024 09:00:00 - 06/09/2024 10:00:00","BZN|IE(SEM)","Without sequence","105.02","",""
"06/09/2024 10:00:00 - 06/09/2024 11:00:00","BZN|IE(SEM)","Without sequence","106.78","",""
"06/09/2024 11:00:00 - 06/09/2024 12:00:00","BZN|IE(SEM)","Without sequence","99.0","",""
"06/09/2024 12:00:00 - 06/09/2024 13:00:00","BZN|IE(SEM)","Without sequence","95.54","",""
"06/09/2024 13:00:00 - 06/09/2024 14:00:00","BZN|IE(SEM)","Without sequence","96.81","",""
"06/09/2024 14:00:00 - 06/09/2024 15:00:00","BZN|IE(SEM)","Without sequence","95.0","",""
"06/09/2024 15:00:00 - 06/09/2024 16:00:00","BZN|IE(SEM)","Without sequence","90.96","",""
"06/09/2024 16:00:00 - 06/09/2024 17:00:00","BZN|IE(SEM)","Without sequence","89.0","",""
"06/09/2024 17:00:00 - 06/09/2024 18:00:00","BZN|IE(SEM)","Without sequence","95.54","",""
"06/09/2024 18:00:00 - 06/09/2024 19:00:00","BZN|IE(SEM)","Without sequence","109.4","",""
"06/09/2024 19:00:00 - 06/09/2024 20:00:00","BZN|IE(SEM)","Without sequence","120.89","",""
"06/09/2024 20:00:00 - 06/09/2024 21:00:00","BZN|IE(SEM)","Without sequence","125.17","",""
"06/09/2024 21:00:00 - 06/09/2024 22:00:00","BZN|IE(SEM)","Without sequence","120.17","",""
"06/09/2024 22:00:00 - 06/09/2024 23:00:00","BZN|IE(SEM)","Without sequence","123.7","",""
"06/09/2024 23:00:00 - 07/09/2024 00:00:00","BZN|IE(SEM)","Without sequence","109.9","",""
"07/09/2024 00:00:00 - 07/09/2024 01:00:00","BZN|IE(SEM)","Without sequence","123.96","",""
"07/09/2024 01:00:00 - 07/09/2024 02:00:00","BZN|IE(SEM)","Without sequence","115.0","",""
"07/09/2024 02:00:00 - 07/09/2024 03:00:00","BZN|IE(SEM)","Without sequence","107.43","",""
"07/09/2024 03:00:00 - 07/09/2024 04:00:00","BZN|IE(SEM)","Without sequence","104.69","",""
"07/09/2024 04:00:00 - 07/09/2024 05:00:00","BZN|IE(SEM)","Without sequence","104.69","",""
"07/09/2024 05:00:00 - 07/09/2024 06:00:00","BZN|IE(SEM)","Without sequence","104.69","",""
"07/09/2024 06:00:00 - 07/09/2024 07:00:00","BZN|IE(SEM)","Without sequence","106.08","",""
"07/09/2024 07:00:00 - 07/09/2024 08:00:00","BZN|IE(SEM)","Without sequence","118.54","",""
"07/09/2024 08:00:00 - 07/09/2024 09:00:00","BZN|IE(SEM)","Without sequence","102.11","",""
"07/09/2024 09:00:00 - 07/09/2024 10:00:00","BZN|IE(SEM)","Without sequence","139.64","",""
"07/09/2024 10:00:00 - 07/09/2024 11:00:00","BZN|IE(SEM)","Without sequence","160.7","",""
"07/09/2024 11:00:00 - 07/09/2024 12:00:00","BZN|IE(SEM)","Without sequence","158.83","",""
"07/09/2024 12:00:00 - 07/09/2024 13:00:00","BZN|IE(SEM)","Without sequence","145.04","",""
"07/09/2024 13:00:00 - 07/09/2024 14:00:00","BZN|IE(SEM)","Without sequence","141.5","",""
"07/09/2024 14:00:00 - 07/09/2024 15:00:00","BZN|IE(SEM)","Without sequence","130.0","",""
"07/09/2024 15:00:00 - 07/09/2024 16:00:00","BZN|IE(SEM)","Without sequence","117.25","",""
"07/09/2024 16:00:00 - 07/09/2024 17:00:00","BZN|IE(SEM)","Without sequence","116.3","",""
"07/09/2024 17:00:00 - 07/09/2024 18:00:00","BZN|IE(SEM)","Without sequence","136.9","",""
"07/09/2024 18:00:00 - 07/09/2024 19:00:00","BZN|IE(SEM)","Without sequence","158.83","",""
"07/09/2024 19:00:00 - 07/09/2024 20:00:00","BZN|IE(SEM)","Without sequence","173.9","",""
"07/09/2024 20:00:00 - 07/09/2024 21:00:00","BZN|IE(SEM)","Without sequence","167.1","",""
"07/09/2024 21:00:00 - 07/09/2024 22:00:00","BZN|IE(SEM)","Without sequence","173.91","",""
"07/09/2024 22:00:00 - 07/09/2024 23:00:00","BZN|IE(SEM)","Without sequence","153.5","",""
"07/09/2024 23:00:00 - 08/09/2024 00:00:00","BZN|IE(SEM)","Without sequence","122.13","",""
"08/09/2024 00:00:00 - 08/09/2024 01:00:00","BZN|IE(SEM)","Without sequence","176.36","",""
"08/09/2024 01:00:00 - 08/09/2024 02:00:00","BZN|IE(SEM)","Without sequence","145.0","",""
"08/09/2024 02:00:00 - 08/09/2024 03:00:00","BZN|IE(SEM)","Without sequence","115.42","",""
"08/09/2024 03:00:00 - 08/09/2024 04:00:00","BZN|IE(SEM)","Without sequence","107.02","",""
"08/09/2024 04:00:00 - 08/09/2024 05:00:00","BZN|IE(SEM)","Without sequence","99.37","",""
"08/09/2024 05:00:00 - 08/09/2024 06:00:00","BZN|IE(SEM)","Without sequence","95.58","",""
"08/09/2024 06:00:00 - 08/09/2024 07:00:00","BZN|IE(SEM)","Without sequence","94.15","",""
"08/09/2024 07:00:00 - 08/09/2024 08:00:00","BZN|IE(SEM)","Without sequence","90.16","",""
"08/09/2024 08:00:00 - 08/09/2024 09:00:00","BZN|IE(SEM)","Without sequence","91.18","",""
"08/09/2024 09:00:00 - 08/09/2024 10:00:00","BZN|IE(SEM)","Without sequence","99.0","",""
"08/09/2024 10:00:00 - 08/09/2024 11:00:00","BZN|IE(SEM)","Without sequence","112.28","",""
"08/09/2024 11:00:00 - 08/09/2024 12:00:00","BZN|IE(SEM)","Without sequence","115.87","",""
"08/09/2024 12:00:00 - 08/09/2024 13:00:00","BZN|IE(SEM)","Without sequence","110.75","",""
"08/09/2024 13:00:00 - 08/09/2024 14:00:00","BZN|IE(SEM)","Without sequence","100.1","",""
"08/09/2024 14:00:00 - 08/09/2024 15:00:00","BZN|IE(SEM)","Without sequence","92.04","",""
"08/09/2024 15:00:00 - 08/09/2024 16:00:00","BZN|IE(SEM)","Without sequence","87.1","",""
"08/09/2024 16:00:00 - 08/09/2024 17:00:00","BZN|IE(SEM)","Without sequence","78.31","",""
"08/09/2024 17:00:00 - 08/09/2024 18:00:00","BZN|IE(SEM)","Without sequence","88.59","",""
"08/09/2024 18:00:00 - 08/09/2024 19:00:00","BZN|IE(SEM)","Without sequence","100.81","",""
"08/09/2024 19:00:00 - 08/09/2024 20:00:00","BZN|IE(SEM)","Without sequence","115.32","",""
"08/09/2024 20:00:00 - 08/09/2024 21:00:00","BZN|IE(SEM)","Without sequence","119.95","",""
"08/09/2024 21:00:00 - 08/09/2024 22:00:00","BZN|IE(SEM)","Without sequence","115.0","",""
"08/09/2024 22:00:00 - 08/09/2024 23:00:00","BZN|IE(SEM)","Without sequence","101.12","",""
"08/09/2024 23:00:00 - 09/09/2024 00:00:00","BZN|IE(SEM)","Without sequence","97.68","",""
"09/09/2024 00:00:00 - 09/09/2024 01:00:00","BZN|IE(SEM)","Without sequence","95.62","",""
"09/09/2024 01:00:00 - 09/09/2024 02:00:00","BZN|IE(SEM)","Without sequence","95.62","",""
"09/09/2024 02:00:00 - 09/09/2024 03:00:00","BZN|IE(SEM)","Without sequence","92.11","",""
"09/09/2024 03:00:00 - 09/09/2024 04:00:00","BZN|IE(SEM)","Without sequence","92.48","",""
"09/09/2024 04:00:00 - 09/09/2024 05:00:00","BZN|IE(SEM)","Without sequence","92.0","",""
"09/09/2024 05:00:00 - 09/09/2024 06:00:00","BZN|IE(SEM)","Without sequence","92.3","",""
"09/09/2024 06:00:00 - 09/09/2024 07:00:00","BZN|IE(SEM)","Without sequence","96.13","",""
"09/09/2024 07:00:00 - 09/09/2024 08:00:00","BZN|IE(SEM)","Without sequence","121.6","",""
"09/09/2024 08:00:00 - 09/09/2024 09:00:00","BZN|IE(SEM)","Without sequence","152.0","",""
"09/09/2024 09:00:00 - 09/09/2024 10:00:00","BZN|IE(SEM)","Without sequence","166.7","",""
"09/09/2024 10:00:00 - 09/09/2024 11:00:00","BZN|IE(SEM)","Without sequence","135.0","",""
"09/09/2024 11:00:00 - 09/09/2024 12:00:00","BZN|IE(SEM)","Without sequence","104.0","",""
"09/09/2024 12:00:00 - 09/09/2024 13:00:00","BZN|IE(SEM)","Without sequence","96.63","",""
"09/09/2024 13:00:00 - 09/09/2024 14:00:00","BZN|IE(SEM)","Without sequence","91.0","",""
"09/09/2024 14:00:00 - 09/09/2024 15:00:00","BZN|IE(SEM)","Without sequence","84.79","",""
"09/09/2024 15:00:00 - 09/09/2024 16:00:00","BZN|IE(SEM)","Without sequence","83.0","",""
"09/09/2024 16:00:00 - 09/09/2024 17:00:00","BZN|IE(SEM)","Without sequence","83.1","",""
"09/09/2024 17:00:00 - 09/09/2024 18:00:00","BZN|IE(SEM)","Without sequence","89.0","",""
"09/09/2024 18:00:00 - 09/09/2024 19:00:00","BZN|IE(SEM)","Without sequence","106.4","",""
"09/09/2024 19:00:00 - 09/09/2024 20:00:00","BZN|IE(SEM)","Without sequence","125.0","",""
"09/09/2024 20:00:00 - 09/09/2024 21:00:00","BZN|IE(SEM)","Without sequence","125.52","",""
"09/09/2024 21:00:00 - 09/09/2024 22:00:00","BZN|IE(SEM)","Without sequence","107.78","",""
"09/09/2024 22:00:00 - 09/09/2024 23:00:00","BZN|IE(SEM)","Without sequence","92.02","",""
"09/09/2024 23:00:00 - 10/09/2024 00:00:00","BZN|IE(SEM)","Without sequence","77.53","",""
"10/09/2024 00:00:00 - 10/09/2024 01:00:00","BZN|IE(SEM)","Without sequence","61.35","",""
"10/09/2024 01:00:00 - 10/09/2024 02:00:00","BZN|IE(SEM)","Without sequence","35.0","",""
"10/09/2024 02:00:00 - 10/09/2024 03:00:00","BZN|IE(SEM)","Without sequence","19.6","",""
"10/09/2024 03:00:00 - 10/09/2024 04:00:00","BZN|IE(SEM)","Without sequence","6.52","",""
"10/09/2024 04:00:00 - 10/09/2024 05:00:00","BZN|IE(SEM)","Without sequence","1.56","",""
"10/09/2024 05:00:00 - 10/09/2024 06:00:00","BZN|IE(SEM)","Without sequence","0.0","",""
"10/09/2024 06:00:00 - 10/09/2024 07:00:00","BZN|IE(SEM)","Without sequence","8.04","",""
"10/09/2024 07:00:00 - 10/09/2024 08:00:00","BZN|IE(SEM)","Without sequence","40.11","",""
"10/09/2024 08:00:00 - 10/09/2024 09:00:00","BZN|IE(SEM)","Without sequence","88.0","",""
"10/09/2024 09:00:00 - 10/09/2024 10:00:00","BZN|IE(SEM)","Without sequence","94.42","",""
"10/09/2024 10:00:00 - 10/09/2024 11:00:00","BZN|IE(SEM)","Without sequence","94.42","",""
"10/09/2024 11:00:00 - 10/09/2024 12:00:00","BZN|IE(SEM)","Without sequence","109.0","",""
"10/09/2024 12:00:00 - 10/09/2024 13:00:00","BZN|IE(SEM)","Without sequence","98.3","",""
"10/09/2024 13:00:00 - 10/09/2024 14:00:00","BZN|IE(SEM)","Without sequence","124.0","",""
"10/09/2024 14:00:00 - 10/09/2024 15:00:00","BZN|IE(SEM)","Without sequence","94.0","",""
"10/09/2024 15:00:00 - 10/09/2024 16:00:00","BZN|IE(SEM)","Without sequence","89.1","",""
"10/09/2024 16:00:00 - 10/09/2024 17:00:00","BZN|IE(SEM)","Without sequence","79.0","",""
"10/09/2024 17:00:00 - 10/09/2024 18:00:00","BZN|IE(SEM)","Without sequence","79.1","",""
"10/09/2024 18:00:00 - 10/09/2024 19:00:00","BZN|IE(SEM)","Without sequence","103.03","",""
"10/09/2024 19:00:00 - 10/09/2024 20:00:00","BZN|IE(SEM)","Without sequence","124.4","",""
"10/09/2024 20:00:00 - 10/09/2024 21:00:00","BZN|IE(SEM)","Without sequence","139.0","",""
"10/09/2024 21:00:00 - 10/09/2024 22:00:00","BZN|IE(SEM)","Without sequence","141.94","",""
"10/09/2024 22:00:00 - 10/09/2024 23:00:00","BZN|IE(SEM)","Without sequence","160.0","",""
"10/09/2024 23:00:00 - 11/09/2024 00:00:00","BZN|IE(SEM)","Without sequence","160.0","",""
"11/09/2024 00:00:00 - 11/09/2024 01:00:00","BZN|IE(SEM)","Without sequence","67.06","",""
"11/09/2024 01:00:00 - 11/09/2024 02:00:00","BZN|IE(SEM)","Without sequence","48.15","",""
"11/09/2024 02:00:00 - 11/09/2024 03:00:00","BZN|IE(SEM)","Without sequence","46.32","",""
"11/09/2024 03:00:00 - 11/09/2024 04:00:00","BZN|IE(SEM)","Without sequence","39.88","",""
"11/09/2024 04:00:00 - 11/09/2024 05:00:00","BZN|IE(SEM)","Without sequence","36.52","",""
"11/09/2024 05:00:00 - 11/09/2024 06:00:00","BZN|IE(SEM)","Without sequence","35.1","",""
"11/09/2024 06:00:00 - 11/09/2024 07:00:00","BZN|IE(SEM)","Without sequence","49.85","",""
"11/09/2024 07:00:00 - 11/09/2024 08:00:00","BZN|IE(SEM)","Without sequence","109.7","",""
"11/09/2024 08:00:00 - 11/09/2024 09:00:00","BZN|IE(SEM)","Without sequence","130.66","",""
"11/09/2024 09:00:00 - 11/09/2024 10:00:00","BZN|IE(SEM)","Without sequence","145.0","",""
"11/09/2024 10:00:00 - 11/09/2024 11:00:00","BZN|IE(SEM)","Without sequence","124.9","",""
"11/09/2024 11:00:00 - 11/09/2024 12:00:00","BZN|IE(SEM)","Without sequence","91.05","",""
"11/09/2024 12:00:00 - 11/09/2024 13:00:00","BZN|IE(SEM)","Without sequence","83.47","",""
"11/09/2024 13:00:00 - 11/09/2024 14:00:00","BZN|IE(SEM)","Without sequence","79.2","",""
"11/09/2024 14:00:00 - 11/09/2024 15:00:00","BZN|IE(SEM)","Without sequence","65.0","",""
"11/09/2024 15:00:00 - 11/09/2024 16:00:00","BZN|IE(SEM)","Without sequence","60.96","",""
"11/09/2024 16:00:00 - 11/09/2024 17:00:00","BZN|IE(SEM)","Without sequence","68.89","",""
"11/09/2024 17:00:00 - 11/09/2024 18:00:00","BZN|IE(SEM)","Without sequence","95.89","",""
"11/09/2024 18:00:00 - 11/09/2024 19:00:00","BZN|IE(SEM)","Without sequence","105.0","",""
"11/09/2024 19:00:00 - 11/09/2024 20:00:00","BZN|IE(SEM)","Without sequence","133.94","",""
"11/09/2024 20:00:00 - 11/09/2024 21:00:00","BZN|IE(SEM)","Without sequence","145.0","",""
"11/09/2024 21:00:00 - 11/09/2024 22:00:00","BZN|IE(SEM)","Without sequence","160.0","",""
"11/09/2024 22:00:00 - 11/09/2024 23:00:00","BZN|IE(SEM)","Without sequence","147.8","",""
"11/09/2024 23:00:00 - 12/09/2024 00:00:00","BZN|IE(SEM)","Without sequence","122.2","",""
"12/09/2024 00:00:00 - 12/09/2024 01:00:00","BZN|IE(SEM)","Without sequence","115.0","",""
"12/09/2024 01:00:00 - 12/09/2024 02:00:00","BZN|IE(SEM)","Without sequence","121.2","",""
"12/09/2024 02:00:00 - 12/09/2024 03:00:00","BZN|IE(SEM)","Without sequence","124.0","",""
"12/09/2024 03:00:00 - 12/09/2024 04:00:00","BZN|IE(SEM)","Without sequence","132.34","",""
"12/09/2024 04:00:00 - 12/09/2024 05:00:00","BZN|IE(SEM)","Without sequence","120.64","",""
"12/09/2024 05:00:00 - 12/09/2024 06:00:00","BZN|IE(SEM)","Without sequence","120.64","",""
"12/09/2024 06:00:00 - 12/09/2024 07:00:00","BZN|IE(SEM)","Without sequence","121.2","",""
"12/09/2024 07:00:00 - 12/09/2024 08:00:00","BZN|IE(SEM)","Without sequence","121.94","",""
"12/09/2024 08:00:00 - 12/09/2024 09:00:00","BZN|IE(SEM)","Without sequence","169.26","",""
"12/09/2024 09:00:00 - 12/09/2024 10:00:00","BZN|IE(SEM)","Without sequence","263.0","",""
"12/09/2024 10:00:00 - 12/09/2024 11:00:00","BZN|IE(SEM)","Without sequence","220.0","",""
"12/09/2024 11:00:00 - 12/09/2024 12:00:00","BZN|IE(SEM)","Without sequence","155.0","",""
"12/09/2024 12:00:00 - 12/09/2024 13:00:00","BZN|IE(SEM)","Without sequence","115.0","",""
"12/09/2024 13:00:00 - 12/09/2024 14:00:00","BZN|IE(SEM)","Without sequence","105.0","",""
"12/09/2024 14:00:00 - 12/09/2024 15:00:00","BZN|IE(SEM)","Without sequence","97.37","",""
"12/09/2024 15:00:00 - 12/09/2024 16:00:00","BZN|IE(SEM)","Without sequence","100.0","",""
"12/09/2024 16:00:00 - 12/09/2024 17:00:00","BZN|IE(SEM)","Without sequence","100.8","",""
"12/09/2024 17:00:00 - 12/09/2024 18:00:00","BZN|IE(SEM)","Without sequence","119.9","",""
"12/09/2024 18:00:00 - 12/09/2024 19:00:00","BZN|IE(SEM)","Without sequence","155.95","",""
"12/09/2024 19:00:00 - 12/09/2024 20:00:00","BZN|IE(SEM)","Without sequence","170.69","",""
"12/09/2024 20:00:00 - 12/09/2024 21:00:00","BZN|IE(SEM)","Without sequence","205.84","",""
"12/09/2024 21:00:00 - 12/09/2024 22:00:00","BZN|IE(SEM)","Without sequence","235.0","",""
"12/09/2024 22:00:00 - 12/09/2024 23:00:00","BZN|IE(SEM)","Without sequence","215.0","",""
"12/09/2024 23:00:00 - 13/09/2024 00:00:00","BZN|IE(SEM)","Without sequence","191.0","",""
"13/09/2024 00:00:00 - 13/09/2024 01:00:00","BZN|IE(SEM)","Without sequence","126.98","",""
"13/09/2024 01:00:00 - 13/09/2024 02:00:00","BZN|IE(SEM)","Without sequence","126.98","",""
"13/09/2024 02:00:00 - 13/09/2024 03:00:00","BZN|IE(SEM)","Without sequence","115.0","",""
"13/09/2024 03:00:00 - 13/09/2024 04:00:00","BZN|IE(SEM)","Without sequence","112.53","",""
"13/09/2024 04:00:00 - 13/09/2024 05:00:00","BZN|IE(SEM)","Without sequence","106.0","",""
"13/09/2024 05:00:00 - 13/09/2024 06:00:00","BZN|IE(SEM)","Without sequence","104.93","",""
"13/09/2024 06:00:00 - 13/09/2024 07:00:00","BZN|IE(SEM)","Without sequence","108.89","",""
"13/09/2024 07:00:00 - 13/09/2024 08:00:00","BZN|IE(SEM)","Without sequence","137.17","",""
"13/09/2024 08:00:00 - 13/09/2024 09:00:00","BZN|IE(SEM)","Without sequence","183.76","",""
"13/09/2024 09:00:00 - 13/09/2024 10:00:00","BZN|IE(SEM)","Without sequence","200.82","",""
"13/09/2024 10:00:00 - 13/09/2024 11:00:00","BZN|IE(SEM)","Without sequence","183.2","",""
"13/09/2024 11:00:00 - 13/09/2024 12:00:00","BZN|IE(SEM)","Without sequence","168.0","",""
"13/09/2024 12:00:00 - 13/09/2024 13:00:00","BZN|IE(SEM)","Without sequence","138.5","",""
"13/09/2024 13:00:00 - 13/09/2024 14:00:00","BZN|IE(SEM)","Without sequence","126.96","",""
"13/09/2024 14:00:00 - 13/09/2024 15:00:00","BZN|IE(SEM)","Without sequence","118.5","",""
"13/09/2024 15:00:00 - 13/09/2024 16:00:00","BZN|IE(SEM)","Without sequence","111.98","",""
"13/09/2024 16:00:00 - 13/09/2024 17:00:00","BZN|IE(SEM)","Without sequence","106.6","",""
"13/09/2024 17:00:00 - 13/09/2024 18:00:00","BZN|IE(SEM)","Without sequence","110.0","",""
"13/09/2024 18:00:00 - 13/09/2024 19:00:00","BZN|IE(SEM)","Without sequence","119.73","",""
"13/09/2024 19:00:00 - 13/09/2024 20:00:00","BZN|IE(SEM)","Without sequence","127.49","",""
"13/09/2024 20:00:00 - 13/09/2024 21:00:00","BZN|IE(SEM)","Without sequence","128.0","",""
"13/09/2024 21:00:00 - 13/09/2024 22:00:00","BZN|IE(SEM)","Without sequence","116.09","",""
"13/09/2024 22:00:00 - 13/09/2024 23:00:00","BZN|IE(SEM)","Without sequence","95.09","",""
"13/09/2024 23:00:00 - 14/09/2024 00:00:00","BZN|IE(SEM)","Without sequence","94.54","",""
"14/09/2024 00:00:00 - 14/09/2024 01:00:00","BZN|IE(SEM)","Without sequence","112.2","",""
"14/09/2024 01:00:00 - 14/09/2024 02:00:00","BZN|IE(SEM)","Without sequence","101.13","",""
"14/09/2024 02:00:00 - 14/09/2024 03:00:00","BZN|IE(SEM)","Without sequence","93.97","",""
"14/09/2024 03:00:00 - 14/09/2024 04:00:00","BZN|IE(SEM)","Without sequence","87.45","",""
"14/09/2024 04:00:00 - 14/09/2024 05:00:00","BZN|IE(SEM)","Without sequence","75.25","",""
"14/09/2024 05:00:00 - 14/09/2024 06:00:00","BZN|IE(SEM)","Without sequence","72.73","",""
"14/09/2024 06:00:00 - 14/09/2024 07:00:00","BZN|IE(SEM)","Without sequence","74.78","",""
"14/09/2024 07:00:00 - 14/09/2024 08:00:00","BZN|IE(SEM)","Without sequence","87.34","",""
"14/09/2024 08:00:00 - 14/09/2024 09:00:00","BZN|IE(SEM)","Without sequence","90.5","",""
"14/09/2024 09:00:00 - 14/09/2024 10:00:00","BZN|IE(SEM)","Without sequence","95.0","",""
"14/09/2024 10:00:00 - 14/09/2024 11:00:00","BZN|IE(SEM)","Without sequence","87.26","",""
"14/09/2024 11:00:00 - 14/09/2024 12:00:00","BZN|IE(SEM)","Without sequence","62.7","",""
"14/09/2024 12:00:00 - 14/09/2024 13:00:00","BZN|IE(SEM)","Without sequence","25.0","",""
"14/09/2024 13:00:00 - 14/09/2024 14:00:00","BZN|IE(SEM)","Without sequence","15.0","",""
"14/09/2024 14:00:00 - 14/09/2024 15:00:00","BZN|IE(SEM)","Without sequence","12.53","",""
"14/09/2024 15:00:00 - 14/09/2024 16:00:00","BZN|IE(SEM)","Without sequence","17.89","",""
"14/09/2024 16:00:00 - 14/09/2024 17:00:00","BZN|IE(SEM)","Without sequence","25.0","",""
"14/09/2024 17:00:00 - 14/09/2024 18:00:00","BZN|IE(SEM)","Without sequence","64.0","",""
"14/09/2024 18:00:00 - 14/09/2024 19:00:00","BZN|IE(SEM)","Without sequence","103.6","",""
"14/09/2024 19:00:00 - 14/09/2024 20:00:00","BZN|IE(SEM)","Without sequence","116.0","",""
"14/09/2024 20:00:00 - 14/09/2024 21:00:00","BZN|IE(SEM)","Without sequence","118.54","",""
"14/09/2024 21:00:00 - 14/09/2024 22:00:00","BZN|IE(SEM)","Without sequence","117.0","",""
"14/09/2024 22:00:00 - 14/09/2024 23:00:00","BZN|IE(SEM)","Without sequence","116.4","",""
"14/09/2024 23:00:00 - 15/09/2024 00:00:00","BZN|IE(SEM)","Without sequence","118.7","",""
"15/09/2024 00:00:00 - 15/09/2024 01:00:00","BZN|IE(SEM)","Without sequence","115.0","",""
"15/09/2024 01:00:00 - 15/09/2024 02:00:00","BZN|IE(SEM)","Without sequence","109.67","",""
"15/09/2024 02:00:00 - 15/09/2024 03:00:00","BZN|IE(SEM)","Without sequence","109.67","",""
"15/09/2024 03:00:00 - 15/09/2024 04:00:00","BZN|IE(SEM)","Without sequence","114.0","",""
"15/09/2024 04:00:00 - 15/09/2024 05:00:00","BZN|IE(SEM)","Without sequence","114.66","",""
"15/09/2024 05:00:00 - 15/09/2024 06:00:00","BZN|IE(SEM)","Without sequence","112.0","",""
"15/09/2024 06:00:00 - 15/09/2024 07:00:00","BZN|IE(SEM)","Without sequence","106.65","",""
"15/09/2024 07:00:00 - 15/09/2024 08:00:00","BZN|IE(SEM)","Without sequence","99.0","",""
"15/09/2024 08:00:00 - 15/09/2024 09:00:00","BZN|IE(SEM)","Without sequence","99.63","",""
"15/09/2024 09:00:00 - 15/09/2024 10:00:00","BZN|IE(SEM)","Without sequence","105.0","",""
"15/09/2024 10:00:00 - 15/09/2024 11:00:00","BZN|IE(SEM)","Without sequence","111.9","",""
"15/09/2024 11:00:00 - 15/09/2024 12:00:00","BZN|IE(SEM)","Without sequence","121.4","",""
"15/09/2024 12:00:00 - 15/09/2024 13:00:00","BZN|IE(SEM)","Without sequence","111.85","",""
"15/09/2024 13:00:00 - 15/09/2024 14:00:00","BZN|IE(SEM)","Without sequence","106.0","",""
"15/09/2024 14:00:00 - 15/09/2024 15:00:00","BZN|IE(SEM)","Without sequence","104.15","",""
"15/09/2024 15:00:00 - 15/09/2024 16:00:00","BZN|IE(SEM)","Without sequence","101.4","",""
"15/09/2024 16:00:00 - 15/09/2024 17:00:00","BZN|IE(SEM)","Without sequence","92.38","",""
"15/09/2024 17:00:00 - 15/09/2024 18:00:00","BZN|IE(SEM)","Without sequence","111.3","",""
"15/09/2024 18:00:00 - 15/09/2024 19:00:00","BZN|IE(SEM)","Without sequence","148.38","",""
"15/09/2024 19:00:00 - 15/09/2024 20:00:00","BZN|IE(SEM)","Without sequence","177.75","",""
"15/09/2024 20:00:00 - 15/09/2024 21:00:00","BZN|IE(SEM)","Without sequence","189.6","",""
"15/09/2024 21:00:00 - 15/09/2024 22:00:00","BZN|IE(SEM)","Without sequence","200.81","",""
"15/09/2024 22:00:00 - 15/09/2024 23:00:00","BZN|IE(SEM)","Without sequence","187.46","",""
"15/09/2024 23:00:00 - 16/09/2024 00:00:00","BZN|IE(SEM)","Without sequence","147.02","",""
"16/09/2024 00:00:00 - 16/09/2024 01:00:00","BZN|IE(SEM)","Without sequence","107.01","",""
"16/09/2024 01:00:00 - 16/09/2024 02:00:00","BZN|IE(SEM)","Without sequence","109.43","",""
"16/09/2024 02:00:00 - 16/09/2024 03:00:00","BZN|IE(SEM)","Without sequence","105.46","",""
"16/09/2024 03:00:00 - 16/09/2024 04:00:00","BZN|IE(SEM)","Without sequence","106.7","",""
"16/09/2024 04:00:00 - 16/09/2024 05:00:00","BZN|IE(SEM)","Without sequence","102.29","",""
"16/09/2024 05:00:00 - 16/09/2024 06:00:00","BZN|IE(SEM)","Without sequence","99.0","",""
"16/09/2024 06:00:00 - 16/09/2024 07:00:00","BZN|IE(SEM)","Without sequence","106.09","",""
"16/09/2024 07:00:00 - 16/09/2024 08:00:00","BZN|IE(SEM)","Without sequence","132.35","",""
"16/09/2024 08:00:00 - 16/09/2024 09:00:00","BZN|IE(SEM)","Without sequence","169.0","",""
"16/09/2024 09:00:00 - 16/09/2024 10:00:00","BZN|IE(SEM)","Without sequence","190.49","",""
"16/09/2024 10:00:00 - 16/09/2024 11:00:00","BZN|IE(SEM)","Without sequence","175.72","",""
"16/09/2024 11:00:00 - 16/09/2024 12:00:00","BZN|IE(SEM)","Without sequence","151.9","",""
"16/09/2024 12:00:00 - 16/09/2024 13:00:00","BZN|IE(SEM)","Without sequence","120.0","",""
"16/09/2024 13:00:00 - 16/09/2024 14:00:00","BZN|IE(SEM)","Without sequence","115.0","",""
"16/09/2024 14:00:00 - 16/09/2024 15:00:00","BZN|IE(SEM)","Without sequence","99.18","",""
"16/09/2024 15:00:00 - 16/09/2024 16:00:00","BZN|IE(SEM)","Without sequence","97.03","",""
"16/09/2024 16:00:00 - 16/09/2024 17:00:00","BZN|IE(SEM)","Without sequence","105.9","",""
"16/09/2024 17:00:00 - 16/09/2024 18:00:00","BZN|IE(SEM)","Without sequence","133.3","",""
"16/09/2024 18:00:00 - 16/09/2024 19:00:00","BZN|IE(SEM)","Without sequence","185.76","",""
"16/09/2024 19:00:00 - 16/09/2024 20:00:00","BZN|IE(SEM)","Without sequence","186.5","",""
"16/09/2024 20:00:00 - 16/09/2024 21:00:00","BZN|IE(SEM)","Without sequence","195.79","",""
"16/09/2024 21:00:00 - 16/09/2024 22:00:00","BZN|IE(SEM)","Without sequence","191.38","",""
"16/09/2024 22:00:00 - 16/09/2024 23:00:00","BZN|IE(SEM)","Without sequence","168.1","",""
"16/09/2024 23:00:00 - 17/09/2024 00:00:00","BZN|IE(SEM)","Without sequence","116.06","",""
"17/09/2024 00:00:00 - 17/09/2024 01:00:00","BZN|IE(SEM)","Without sequence","100.02","",""
"17/09/2024 01:00:00 - 17/09/2024 02:00:00","BZN|IE(SEM)","Without sequence","92.24","",""
"17/09/2024 02:00:00 - 17/09/2024 03:00:00","BZN|IE(SEM)","Without sequence","91.27","",""
"17/09/2024 03:00:00 - 17/09/2024 04:00:00","BZN|IE(SEM)","Without sequence","92.6","",""
"17/09/2024 04:00:00 - 17/09/2024 05:00:00","BZN|IE(SEM)","Without sequence","92.18","",""
"17/09/2024 05:00:00 - 17/09/2024 06:00:00","BZN|IE(SEM)","Without sequence","92.85","",""
"17/09/2024 06:00:00 - 17/09/2024 07:00:00","BZN|IE(SEM)","Without sequence","99.43","",""
"17/09/2024 07:00:00 - 17/09/2024 08:00:00","BZN|IE(SEM)","Without sequence","128.53","",""
"17/09/2024 08:00:00 - 17/09/2024 09:00:00","BZN|IE(SEM)","Without sequence","184.7","",""
"17/09/2024 09:00:00 - 17/09/2024 10:00:00","BZN|IE(SEM)","Without sequence","225.5","",""
"17/09/2024 10:00:00 - 17/09/2024 11:00:00","BZN|IE(SEM)","Without sequence","192.0","",""
"17/09/2024 11:00:00 - 17/09/2024 12:00:00","BZN|IE(SEM)","Without sequence","185.0","",""
"17/09/2024 12:00:00 - 17/09/2024 13:00:00","BZN|IE(SEM)","Without sequence","144.01","",""
"17/09/2024 13:00:00 - 17/09/2024 14:00:00","BZN|IE(SEM)","Without sequence","125.0","",""
"17/09/2024 14:00:00 - 17/09/2024 15:00:00","BZN|IE(SEM)","Without sequence","111.06","",""
"17/09/2024 15:00:00 - 17/09/2024 16:00:00","BZN|IE(SEM)","Without sequence","109.4","",""
"17/09/2024 16:00:00 - 17/09/2024 17:00:00","BZN|IE(SEM)","Without sequence","120.0","",""
"17/09/2024 17:00:00 - 17/09/2024 18:00:00","BZN|IE(SEM)","Without sequence","135.0","",""
"17/09/2024 18:00:00 - 17/09/2024 19:00:00","BZN|IE(SEM)","Without sequence","189.1","",""
"17/09/2024 19:00:00 - 17/09/2024 20:00:00","BZN|IE(SEM)","Without sequence","185.5","",""
"17/09/2024 20:00:00 - 17/09/2024 21:00:00","BZN|IE(SEM)","Without sequence","185.0","",""
"17/09/2024 21:00:00 - 17/09/2024 22:00:00","BZN|IE(SEM)","Without sequence","185.05","",""
"17/09/2024 22:00:00 - 17/09/2024 23:00:00","BZN|IE(SEM)","Without sequence","152.13","",""
"17/09/2024 23:00:00 - 18/09/2024 00:00:00","BZN|IE(SEM)","Without sequence","108.21","",""
"18/09/2024 00:00:00 - 18/09/2024 01:00:00","BZN|IE(SEM)","Without sequence","91.0","",""
"18/09/2024 01:00:00 - 18/09/2024 02:00:00","BZN|IE(SEM)","Without sequence","89.3","",""
"18/09/2024 02:00:00 - 18/09/2024 03:00:00","BZN|IE(SEM)","Without sequence","89.12","",""
"18/09/2024 03:00:00 - 18/09/2024 04:00:00","BZN|IE(SEM)","Without sequence","89.25","",""
"18/09/2024 04:00:00 - 18/09/2024 05:00:00","BZN|IE(SEM)","Without sequence","89.38","",""
"18/09/2024 05:00:00 - 18/09/2024 06:00:00","BZN|IE(SEM)","Without sequence","90.21","",""
"18/09/2024 06:00:00 - 18/09/2024 07:00:00","BZN|IE(SEM)","Without sequence","98.28","",""
"18/09/2024 07:00:00 - 18/09/2024 08:00:00","BZN|IE(SEM)","Without sequence","117.49","",""
"18/09/2024 08:00:00 - 18/09/2024 09:00:00","BZN|IE(SEM)","Without sequence","163.3","",""
"18/09/2024 09:00:00 - 18/09/2024 10:00:00","BZN|IE(SEM)","Without sequence","180.0","",""
"18/09/2024 10:00:00 - 18/09/2024 11:00:00","BZN|IE(SEM)","Without sequence","175.01","",""
"18/09/2024 11:00:00 - 18/09/2024 12:00:00","BZN|IE(SEM)","Without sequence","162.0","",""
"18/09/2024 12:00:00 - 18/09/2024 13:00:00","BZN|IE(SEM)","Without sequence","135.0","",""
"18/09/2024 13:00:00 - 18/09/2024 14:00:00","BZN|IE(SEM)","Without sequence","123.3","",""
"18/09/2024 14:00:00 - 18/09/2024 15:00:00","BZN|IE(SEM)","Without sequence","107.76","",""
"18/09/2024 15:00:00 - 18/09/2024 16:00:00","BZN|IE(SEM)","Without sequence","105.56","",""
"18/09/2024 16:00:00 - 18/09/2024 17:00:00","BZN|IE(SEM)","Without sequence","108.0","",""
"18/09/2024 17:00:00 - 18/09/2024 18:00:00","BZN|IE(SEM)","Without sequence","144.4","",""
"18/09/2024 18:00:00 - 18/09/2024 19:00:00","BZN|IE(SEM)","Without sequence","215.0","",""
"18/09/2024 19:00:00 - 18/09/2024 20:00:00","BZN|IE(SEM)","Without sequence","215.0","",""
"18/09/2024 20:00:00 - 18/09/2024 21:00:00","BZN|IE(SEM)","Without sequence","197.99","",""
"18/09/2024 21:00:00 - 18/09/2024 22:00:00","BZN|IE(SEM)","Without sequence","197.99","",""
"18/09/2024 22:00:00 - 18/09/2024 23:00:00","BZN|IE(SEM)","Without sequence","178.02","",""
"18/09/2024 23:00:00 - 19/09/2024 00:00:00","BZN|IE(SEM)","Without sequence","105.74","",""
"19/09/2024 00:00:00 - 19/09/2024 01:00:00","BZN|IE(SEM)","Without sequence","91.36","",""
"19/09/2024 01:00:00 - 19/09/2024 02:00:00","BZN|IE(SEM)","Without sequence","91.36","",""
"19/09/2024 02:00:00 - 19/09/2024 03:00:00","BZN|IE(SEM)","Without sequence","92.1","",""
"19/09/2024 03:00:00 - 19/09/2024 04:00:00","BZN|IE(SEM)","Without sequence","92.26","",""
"19/09/2024 04:00:00 - 19/09/2024 05:00:00","BZN|IE(SEM)","Without sequence","91.49","",""
"19/09/2024 05:00:00 - 19/09/2024 06:00:00","BZN|IE(SEM)","Without sequence","91.36","",""
"19/09/2024 06:00:00 - 19/09/2024 07:00:00","BZN|IE(SEM)","Without sequence","96.38","",""
"19/09/2024 07:00:00 - 19/09/2024 08:00:00","BZN|IE(SEM)","Without sequence","118.01","",""
"19/09/2024 08:00:00 - 19/09/2024 09:00:00","BZN|IE(SEM)","Without sequence","150.0","",""
"19/09/2024 09:00:00 - 19/09/2024 10:00:00","BZN|IE(SEM)","Without sequence","175.0","",""
"19/09/2024 10:00:00 - 19/09/2024 11:00:00","BZN|IE(SEM)","Without sequence","165.0","",""
"19/09/2024 11:00:00 - 19/09/2024 12:00:00","BZN|IE(SEM)","Without sequence","139.0","",""
"19/09/2024 12:00:00 - 19/09/2024 13:00:00","BZN|IE(SEM)","Without sequence","117.3","",""
"19/09/2024 13:00:00 - 19/09/2024 14:00:00","BZN|IE(SEM)","Without sequence","108.68","",""
"19/09/2024 14:00:00 - 19/09/2024 15:00:00","BZN|IE(SEM)","Without sequence","101.0","",""
"19/09/2024 15:00:00 - 19/09/2024 16:00:00","BZN|IE(SEM)","Without sequence","95.0","",""
"19/09/2024 16:00:00 - 19/09/2024 17:00:00","BZN|IE(SEM)","Without sequence","97.0","",""
"19/09/2024 17:00:00 - 19/09/2024 18:00:00","BZN|IE(SEM)","Without sequence","115.0","",""
"19/09/2024 18:00:00 - 19/09/2024 19:00:00","BZN|IE(SEM)","Without sequence","180.0","",""
"19/09/2024 19:00:00 - 19/09/2024 20:00:00","BZN|IE(SEM)","Without sequence","175.02","",""
"19/09/2024 20:00:00 - 19/09/2024 21:00:00","BZN|IE(SEM)","Without sequence","173.6","",""
"19/09/2024 21:00:00 - 19/09/2024 22:00:00","BZN|IE(SEM)","Without sequence","171.7","",""
"19/09/2024 22:00:00 - 19/09/2024 23:00:00","BZN|IE(SEM)","Without sequence","138.0","",""
"19/09/2024 23:00:00 - 20/09/2024 00:00:00","BZN|IE(SEM)","Without sequence","100.79","",""
"20/09/2024 00:00:00 - 20/09/2024 01:00:00","BZN|IE(SEM)","Without sequence","98.29","",""
"20/09/2024 01:00:00 - 20/09/2024 02:00:00","BZN|IE(SEM)","Without sequence","94.44","",""
"20/09/2024 02:00:00 - 20/09/2024 03:00:00","BZN|IE(SEM)","Without sequence","92.0","",""
"20/09/2024 03:00:00 - 20/09/2024 04:00:00","BZN|IE(SEM)","Without sequence","91.49","",""
"20/09/2024 04:00:00 - 20/09/2024 05:00:00","BZN|IE(SEM)","Without sequence","89.0","",""
"20/09/2024 05:00:00 - 20/09/2024 06:00:00","BZN|IE(SEM)","Without sequence","90.0","",""
"20/09/2024 06:00:00 - 20/09/2024 07:00:00","BZN|IE(SEM)","Without sequence","99.06","",""
"20/09/2024 07:00:00 - 20/09/2024 08:00:00","BZN|IE(SEM)","Without sequence","113.1","",""
"20/09/2024 08:00:00 - 20/09/2024 09:00:00","BZN|IE(SEM)","Without sequence","147.02","",""
"20/09/2024 09:00:00 - 20/09/2024 10:00:00","BZN|IE(SEM)","Without sequence","169.26","",""
"20/09/2024 10:00:00 - 20/09/2024 11:00:00","BZN|IE(SEM)","Without sequence","175.0","",""
"20/09/2024 11:00:00 - 20/09/2024 12:00:00","BZN|IE(SEM)","Without sequence","153.93","",""
"20/09/2024 12:00:00 - 20/09/2024 13:00:00","BZN|IE(SEM)","Without sequence","131.64","",""
"20/09/2024 13:00:00 - 20/09/2024 14:00:00","BZN|IE(SEM)","Without sequence","119.0","",""
"20/09/2024 14:00:00 - 20/09/2024 15:00:00","BZN|IE(SEM)","Without sequence","96.05","",""
"20/09/2024 15:00:00 - 20/09/2024 16:00:00","BZN|IE(SEM)","Without sequence","93.89","",""
"20/09/2024 16:00:00 - 20/09/2024 17:00:00","BZN|IE(SEM)","Without sequence","93.9","",""
"20/09/2024 17:00:00 - 20/09/2024 18:00:00","BZN|IE(SEM)","Without sequence","107.29","",""
"20/09/2024 18:00:00 - 20/09/2024 19:00:00","BZN|IE(SEM)","Without sequence","154.3","",""
"20/09/2024 19:00:00 - 20/09/2024 20:00:00","BZN|IE(SEM)","Without sequence","157.94","",""
"20/09/2024 20:00:00 - 20/09/2024 21:00:00","BZN|IE(SEM)","Without sequence","145.0","",""
"20/09/2024 21:00:00 - 20/09/2024 22:00:00","BZN|IE(SEM)","Without sequence","122.07","",""
"20/09/2024 22:00:00 - 20/09/2024 23:00:00","BZN|IE(SEM)","Without sequence","103.42","",""
"20/09/2024 23:00:00 - 21/09/2024 00:00:00","BZN|IE(SEM)","Without sequence","95.56","",""
"21/09/2024 00:00:00 - 21/09/2024 01:00:00","BZN|IE(SEM)","Without sequence","90.64","",""
"21/09/2024 01:00:00 - 21/09/2024 02:00:00","BZN|IE(SEM)","Without sequence","94.9","",""
"21/09/2024 02:00:00 - 21/09/2024 03:00:00","BZN|IE(SEM)","Without sequence","94.72","",""
"21/09/2024 03:00:00 - 21/09/2024 04:00:00","BZN|IE(SEM)","Without sequence","94.89","",""
"21/09/2024 04:00:00 - 21/09/2024 05:00:00","BZN|IE(SEM)","Without sequence","94.72","",""
"21/09/2024 05:00:00 - 21/09/2024 06:00:00","BZN|IE(SEM)","Without sequence","94.72","",""
"21/09/2024 06:00:00 - 21/09/2024 07:00:00","BZN|IE(SEM)","Without sequence","99.0","",""
"21/09/2024 07:00:00 - 21/09/2024 08:00:00","BZN|IE(SEM)","Without sequence","106.0","",""
"21/09/2024 08:00:00 - 21/09/2024 09:00:00","BZN|IE(SEM)","Without sequence","96.01","",""
"21/09/2024 09:00:00 - 21/09/2024 10:00:00","BZN|IE(SEM)","Without sequence","108.0","",""
"21/09/2024 10:00:00 - 21/09/2024 11:00:00","BZN|IE(SEM)","Without sequence","119.38","",""
"21/09/2024 11:00:00 - 21/09/2024 12:00:00","BZN|IE(SEM)","Without sequence","111.24","",""
"21/09/2024 12:00:00 - 21/09/2024 13:00:00","BZN|IE(SEM)","Without sequence","98.89","",""
"21/09/2024 13:00:00 - 21/09/2024 14:00:00","BZN|IE(SEM)","Without sequence","89.88","",""
"21/09/2024 14:00:00 - 21/09/2024 15:00:00","BZN|IE(SEM)","Without sequence","85.18","",""
"21/09/2024 15:00:00 - 21/09/2024 16:00:00","BZN|IE(SEM)","Without sequence","84.39","",""
"21/09/2024 16:00:00 - 21/09/2024 17:00:00","BZN|IE(SEM)","Without sequence","85.0","",""
"21/09/2024 17:00:00 - 21/09/2024 18:00:00","BZN|IE(SEM)","Without sequence","97.25","",""
"21/09/2024 18:00:00 - 21/09/2024 19:00:00","BZN|IE(SEM)","Without sequence","129.58","",""
"21/09/2024 19:00:00 - 21/09/2024 20:00:00","BZN|IE(SEM)","Without sequence","138.9","",""
"21/09/2024 20:00:00 - 21/09/2024 21:00:00","BZN|IE(SEM)","Without sequence","130.53","",""
"21/09/2024 21:00:00 - 21/09/2024 22:00:00","BZN|IE(SEM)","Without sequence","117.6","",""
"21/09/2024 22:00:00 - 21/09/2024 23:00:00","BZN|IE(SEM)","Without sequence","98.13","",""
"21/09/2024 23:00:00 - 22/09/2024 00:00:00","BZN|IE(SEM)","Without sequence","94.01","",""
"22/09/2024 00:00:00 - 22/09/2024 01:00:00","BZN|IE(SEM)","Without sequence","110.68","",""
"22/09/2024 01:00:00 - 22/09/2024 02:00:00","BZN|IE(SEM)","Without sequence","102.55","",""
"22/09/2024 02:00:00 - 22/09/2024 03:00:00","BZN|IE(SEM)","Without sequence","99.0","",""
"22/09/2024 03:00:00 - 22/09/2024 04:00:00","BZN|IE(SEM)","Without sequence","96.89","",""
"22/09/2024 04:00:00 - 22/09/2024 05:00:00","BZN|IE(SEM)","Without sequence","95.52","",""
"22/09/2024 05:00:00 - 22/09/2024 06:00:00","BZN|IE(SEM)","Without sequence","95.52","",""
"22/09/2024 06:00:00 - 22/09/2024 07:00:00","BZN|IE(SEM)","Without sequence","96.94","",""
"22/09/2024 07:00:00 - 22/09/2024 08:00:00","BZN|IE(SEM)","Without sequence","100.13","",""
"22/09/2024 08:00:00 - 22/09/2024 09:00:00","BZN|IE(SEM)","Without sequence","91.42","",""
"22/09/2024 09:00:00 - 22/09/2024 10:00:00","BZN|IE(SEM)","Without sequence","101.53","",""
"22/09/2024 10:00:00 - 22/09/2024 11:00:00","BZN|IE(SEM)","Without sequence","125.29","",""
"22/09/2024 11:00:00 - 22/09/2024 12:00:00","BZN|IE(SEM)","Without sequence","135.0","",""
"22/09/2024 12:00:00 - 22/09/2024 13:00:00","BZN|IE(SEM)","Without sequence","135.0","",""
"22/09/2024 13:00:00 - 22/09/2024 14:00:00","BZN|IE(SEM)","Without sequence","135.0","",""
"22/09/2024 14:00:00 - 22/09/2024 15:00:00","BZN|IE(SEM)","Without sequence","137.5","",""
"22/09/2024 15:00:00 - 22/09/2024 16:00:00","BZN|IE(SEM)","Without sequence","119.58","",""
"22/09/2024 16:00:00 - 22/09/2024 17:00:00","BZN|IE(SEM)","Without sequence","111.2","",""
"22/09/2024 17:00:00 - 22/09/2024 18:00:00","BZN|IE(SEM)","Without sequence","142.8","",""
"22/09/2024 18:00:00 - 22/09/2024 19:00:00","BZN|IE(SEM)","Without sequence","165.0","",""
"22/09/2024 19:00:00 - 22/09/2024 20:00:00","BZN|IE(SEM)","Without sequence","178.56","",""
"22/09/2024 20:00:00 - 22/09/2024 21:00:00","BZN|IE(SEM)","Without sequence","170.81","",""
"22/09/2024 21:00:00 - 22/09/2024 22:00:00","BZN|IE(SEM)","Without sequence","158.64","",""
"22/09/2024 22:00:00 - 22/09/2024 23:00:00","BZN|IE(SEM)","Without sequence","140.0","",""
"22/09/2024 23:00:00 - 23/09/2024 00:00:00","BZN|IE(SEM)","Without sequence","104.7","",""
"23/09/2024 00:00:00 - 23/09/2024 01:00:00","BZN|IE(SEM)","Without sequence","92.03","",""
"23/09/2024 01:00:00 - 23/09/2024 02:00:00","BZN|IE(SEM)","Without sequence","91.11","",""
"23/09/2024 02:00:00 - 23/09/2024 03:00:00","BZN|IE(SEM)","Without sequence","90.02","",""
"23/09/2024 03:00:00 - 23/09/2024 04:00:00","BZN|IE(SEM)","Without sequence","90.55","",""
"23/09/2024 04:00:00 - 23/09/2024 05:00:00","BZN|IE(SEM)","Without sequence","89.12","",""
"23/09/2024 05:00:00 - 23/09/2024 06:00:00","BZN|IE(SEM)","Without sequence","89.48","",""
"23/09/2024 06:00:00 - 23/09/2024 07:00:00","BZN|IE(SEM)","Without sequence","93.71","",""
"23/09/2024 07:00:00 - 23/09/2024 08:00:00","BZN|IE(SEM)","Without sequence","107.84","",""
"23/09/2024 08:00:00 - 23/09/2024 09:00:00","BZN|IE(SEM)","Without sequence","141.97","",""
"23/09/2024 09:00:00 - 23/09/2024 10:00:00","BZN|IE(SEM)","Without sequence","170.87","",""
"23/09/2024 10:00:00 - 23/09/2024 11:00:00","BZN|IE(SEM)","Without sequence","175.93","",""
"23/09/2024 11:00:00 - 23/09/2024 12:00:00","BZN|IE(SEM)","Without sequence","166.0","",""
"23/09/2024 12:00:00 - 23/09/2024 13:00:00","BZN|IE(SEM)","Without sequence","149.01","",""
"23/09/2024 13:00:00 - 23/09/2024 14:00:00","BZN|IE(SEM)","Without sequence","144.83","",""
"23/09/2024 14:00:00 - 23/09/2024 15:00:00","BZN|IE(SEM)","Without sequence","115.0","",""
"23/09/2024 15:00:00 - 23/09/2024 16:00:00","BZN|IE(SEM)","Without sequence","111.53","",""
"23/09/2024 16:00:00 - 23/09/2024 17:00:00","BZN|IE(SEM)","Without sequence","119.3","",""
"23/09/2024 17:00:00 - 23/09/2024 18:00:00","BZN|IE(SEM)","Without sequence","141.7","",""
"23/09/2024 18:00:00 - 23/09/2024 19:00:00","BZN|IE(SEM)","Without sequence","167.02","",""
"23/09/2024 19:00:00 - 23/09/2024 20:00:00","BZN|IE(SEM)","Without sequence","171.71","",""
"23/09/2024 20:00:00 - 23/09/2024 21:00:00","BZN|IE(SEM)","Without sequence","163.36","",""
"23/09/2024 21:00:00 - 23/09/2024 22:00:00","BZN|IE(SEM)","Without sequence","150.62","",""
"23/09/2024 22:00:00 - 23/09/2024 23:00:00","BZN|IE(SEM)","Without sequence","127.7","",""
"23/09/2024 23:00:00 - 24/09/2024 00:00:00","BZN|IE(SEM)","Without sequence","100.6","",""
"24/09/2024 00:00:00 - 24/09/2024 01:00:00","BZN|IE(SEM)","Without sequence","98.61","",""
"24/09/2024 01:00:00 - 24/09/2024 02:00:00","BZN|IE(SEM)","Without sequence","94.41","",""
"24/09/2024 02:00:00 - 24/09/2024 03:00:00","BZN|IE(SEM)","Without sequence","92.81","",""
"24/09/2024 03:00:00 - 24/09/2024 04:00:00","BZN|IE(SEM)","Without sequence","91.9","",""
"24/09/2024 04:00:00 - 24/09/2024 05:00:00","BZN|IE(SEM)","Without sequence","88.05","",""
"24/09/2024 05:00:00 - 24/09/2024 06:00:00","BZN|IE(SEM)","Without sequence","90.3","",""
"24/09/2024 06:00:00 - 24/09/2024 07:00:00","BZN|IE(SEM)","Without sequence","98.0","",""
"24/09/2024 07:00:00 - 24/09/2024 08:00:00","BZN|IE(SEM)","Without sequence","107.14","",""
"24/09/2024 08:00:00 - 24/09/2024 09:00:00","BZN|IE(SEM)","Without sequence","146.3","",""
"24/09/2024 09:00:00 - 24/09/2024 10:00:00","BZN|IE(SEM)","Without sequence","165.0","",""
"24/09/2024 10:00:00 - 24/09/2024 11:00:00","BZN|IE(SEM)","Without sequence","147.0","",""
"24/09/2024 11:00:00 - 24/09/2024 12:00:00","BZN|IE(SEM)","Without sequence","112.8","",""
"24/09/2024 12:00:00 - 24/09/2024 13:00:00","BZN|IE(SEM)","Without sequence","103.9","",""
"24/09/2024 13:00:00 - 24/09/2024 14:00:00","BZN|IE(SEM)","Without sequence","97.61","",""
"24/09/2024 14:00:00 - 24/09/2024 15:00:00","BZN|IE(SEM)","Without sequence","93.1","",""
"24/09/2024 15:00:00 - 24/09/2024 16:00:00","BZN|IE(SEM)","Without sequence","94.15","",""
"24/09/2024 16:00:00 - 24/09/2024 17:00:00","BZN|IE(SEM)","Without sequence","95.0","",""
"24/09/2024 17:00:00 - 24/09/2024 18:00:00","BZN|IE(SEM)","Without sequence","106.75","",""
"24/09/2024 18:00:00 - 24/09/2024 19:00:00","BZN|IE(SEM)","Without sequence","140.32","",""
"24/09/2024 19:00:00 - 24/09/2024 20:00:00","BZN|IE(SEM)","Without sequence","155.4","",""
"24/09/2024 20:00:00 - 24/09/2024 21:00:00","BZN|IE(SEM)","Without sequence","155.01","",""
"24/09/2024 21:00:00 - 24/09/2024 22:00:00","BZN|IE(SEM)","Without sequence","155.0","",""
"24/09/2024 22:00:00 - 24/09/2024 23:00:00","BZN|IE(SEM)","Without sequence","119.57","",""
"24/09/2024 23:00:00 - 25/09/2024 00:00:00","BZN|IE(SEM)","Without sequence","96.0","",""
"25/09/2024 00:00:00 - 25/09/2024 01:00:00","BZN|IE(SEM)","Without sequence","94.28","",""
"25/09/2024 01:00:00 - 25/09/2024 02:00:00","BZN|IE(SEM)","Without sequence","93.41","",""
"25/09/2024 02:00:00 - 25/09/2024 03:00:00","BZN|IE(SEM)","Without sequence","93.84","",""
"25/09/2024 03:00:00 - 25/09/2024 04:00:00","BZN|IE(SEM)","Without sequence","94.57","",""
"25/09/2024 04:00:00 - 25/09/2024 05:00:00","BZN|IE(SEM)","Without sequence","93.69","",""
"25/09/2024 05:00:00 - 25/09/2024 06:00:00","BZN|IE(SEM)","Without sequence","93.41","",""
"25/09/2024 06:00:00 - 25/09/2024 07:00:00","BZN|IE(SEM)","Without sequence","100.77","",""
"25/09/2024 07:00:00 - 25/09/2024 08:00:00","BZN|IE(SEM)","Without sequence","108.71","",""
"25/09/2024 08:00:00 - 25/09/2024 09:00:00","BZN|IE(SEM)","Without sequence","137.02","",""
"25/09/2024 09:00:00 - 25/09/2024 10:00:00","BZN|IE(SEM)","Without sequence","160.0","",""
"25/09/2024 10:00:00 - 25/09/2024 11:00:00","BZN|IE(SEM)","Without sequence","152.0","",""
"25/09/2024 11:00:00 - 25/09/2024 12:00:00","BZN|IE(SEM)","Without sequence","148.75","",""
"25/09/2024 12:00:00 - 25/09/2024 13:00:00","BZN|IE(SEM)","Without sequence","128.2","",""
"25/09/2024 13:00:00 - 25/09/2024 14:00:00","BZN|IE(SEM)","Without sequence","125.0","",""
"25/09/2024 14:00:00 - 25/09/2024 15:00:00","BZN|IE(SEM)","Without sequence","115.0","",""
"25/09/2024 15:00:00 - 25/09/2024 16:00:00","BZN|IE(SEM)","Without sequence","110.06","",""
"25/09/2024 16:00:00 - 25/09/2024 17:00:00","BZN|IE(SEM)","Without sequence","115.0","",""
"25/09/2024 17:00:00 - 25/09/2024 18:00:00","BZN|IE(SEM)","Without sequence","125.0","",""
"25/09/2024 18:00:00 - 25/09/2024 19:00:00","BZN|IE(SEM)","Without sequence","154.0","",""
"25/09/2024 19:00:00 - 25/09/2024 20:00:00","BZN|IE(SEM)","Without sequence","155.63","",""
"25/09/2024 20:00:00 - 25/09/2024 21:00:00","BZN|IE(SEM)","Without sequence","133.3","",""
"25/09/2024 21:00:00 - 25/09/2024 22:00:00","BZN|IE(SEM)","Without sequence","113.98","",""
"25/09/2024 22:00:00 - 25/09/2024 23:00:00","BZN|IE(SEM)","Without sequence","103.38","",""
"25/09/2024 23:00:00 - 26/09/2024 00:00:00","BZN|IE(SEM)","Without sequence","96.01","",""
"26/09/2024 00:00:00 - 26/09/2024 01:00:00","BZN|IE(SEM)","Without sequence","110.0","",""
"26/09/2024 01:00:00 - 26/09/2024 02:00:00","BZN|IE(SEM)","Without sequence","90.42","",""
"26/09/2024 02:00:00 - 26/09/2024 03:00:00","BZN|IE(SEM)","Without sequence","84.37","",""
"26/09/2024 03:00:00 - 26/09/2024 04:00:00","BZN|IE(SEM)","Without sequence","79.29","",""
"26/09/2024 04:00:00 - 26/09/2024 05:00:00","BZN|IE(SEM)","Without sequence","71.16","",""
"26/09/2024 05:00:00 - 26/09/2024 06:00:00","BZN|IE(SEM)","Without sequence","64.45","",""
"26/09/2024 06:00:00 - 26/09/2024 07:00:00","BZN|IE(SEM)","Without sequence","76.0","",""
"26/09/2024 07:00:00 - 26/09/2024 08:00:00","BZN|IE(SEM)","Without sequence","94.95","",""
"26/09/2024 08:00:00 - 26/09/2024 09:00:00","BZN|IE(SEM)","Without sequence","111.67","",""
"26/09/2024 09:00:00 - 26/09/2024 10:00:00","BZN|IE(SEM)","Without sequence","120.11","",""
"26/09/2024 10:00:00 - 26/09/2024 11:00:00","BZN|IE(SEM)","Without sequence","118.18","",""
"26/09/2024 11:00:00 - 26/09/2024 12:00:00","BZN|IE(SEM)","Without sequence","110.72","",""
"26/09/2024 12:00:00 - 26/09/2024 13:00:00","BZN|IE(SEM)","Without sequence","96.9","",""
"26/09/2024 13:00:00 - 26/09/2024 14:00:00","BZN|IE(SEM)","Without sequence","98.67","",""
"26/09/2024 14:00:00 - 26/09/2024 15:00:00","BZN|IE(SEM)","Without sequence","95.29","",""
"26/09/2024 15:00:00 - 26/09/2024 16:00:00","BZN|IE(SEM)","Without sequence","89.46","",""
"26/09/2024 16:00:00 - 26/09/2024 17:00:00","BZN|IE(SEM)","Without sequence","88.11","",""
"26/09/2024 17:00:00 - 26/09/2024 18:00:00","BZN|IE(SEM)","Without sequence","94.91","",""
"26/09/2024 18:00:00 - 26/09/2024 19:00:00","BZN|IE(SEM)","Without sequence","105.49","",""
"26/09/2024 19:00:00 - 26/09/2024 20:00:00","BZN|IE(SEM)","Without sequence","108.32","",""
"26/09/2024 20:00:00 - 26/09/2024 21:00:00","BZN|IE(SEM)","Without sequence","115.04","",""
"26/09/2024 21:00:00 - 26/09/2024 22:00:00","BZN|IE(SEM)","Without sequence","95.29","",""
"26/09/2024 22:00:00 - 26/09/2024 23:00:00","BZN|IE(SEM)","Without sequence","87.44","",""
"26/09/2024 23:00:00 - 27/09/2024 00:00:00","BZN|IE(SEM)","Without sequence","51.96","",""
"27/09/2024 00:00:00 - 27/09/2024 01:00:00","BZN|IE(SEM)","Without sequence","25.21","",""
"27/09/2024 01:00:00 - 27/09/2024 02:00:00","BZN|IE(SEM)","Without sequence","5.0","",""
"27/09/2024 02:00:00 - 27/09/2024 03:00:00","BZN|IE(SEM)","Without sequence","2.6","",""
"27/09/2024 03:00:00 - 27/09/2024 04:00:00","BZN|IE(SEM)","Without sequence","0.24","",""
"27/09/2024 04:00:00 - 27/09/2024 05:00:00","BZN|IE(SEM)","Without sequence","-0.1","",""
"27/09/2024 05:00:00 - 27/09/2024 06:00:00","BZN|IE(SEM)","Without sequence","-3.51","",""
"27/09/2024 06:00:00 - 27/09/2024 07:00:00","BZN|IE(SEM)","Without sequence","0.0","",""
"27/09/2024 07:00:00 - 27/09/2024 08:00:00","BZN|IE(SEM)","Without sequence","36.9","",""
"27/09/2024 08:00:00 - 27/09/2024 09:00:00","BZN|IE(SEM)","Without sequence","92.45","",""
"27/09/2024 09:00:00 - 27/09/2024 10:00:00","BZN|IE(SEM)","Without sequence","121.0","",""
"27/09/2024 10:00:00 - 27/09/2024 11:00:00","BZN|IE(SEM)","Without sequence","121.61","",""
"27/09/2024 11:00:00 - 27/09/2024 12:00:00","BZN|IE(SEM)","Without sequence","106.66","",""
"27/09/2024 12:00:00 - 27/09/2024 13:00:00","BZN|IE(SEM)","Without sequence","94.01","",""
"27/09/2024 13:00:00 - 27/09/2024 14:00:00","BZN|IE(SEM)","Without sequence","80.9","",""
"27/09/2024 14:00:00 - 27/09/2024 15:00:00","BZN|IE(SEM)","Without sequence","72.95","",""
"27/09/2024 15:00:00 - 27/09/2024 16:00:00","BZN|IE(SEM)","Without sequence","64.66","",""
"27/09/2024 16:00:00 - 27/09/2024 17:00:00","BZN|IE(SEM)","Without sequence","67.82","",""
"27/09/2024 17:00:00 - 27/09/2024 18:00:00","BZN|IE(SEM)","Without sequence","91.67","",""
"27/09/2024 18:00:00 - 27/09/2024 19:00:00","BZN|IE(SEM)","Without sequence","100.9","",""
"27/09/2024 19:00:00 - 27/09/2024 20:00:00","BZN|IE(SEM)","Without sequence","126.36","",""
"27/09/2024 20:00:00 - 27/09/2024 21:00:00","BZN|IE(SEM)","Without sequence","155.0","",""
"27/09/2024 21:00:00 - 27/09/2024 22:00:00","BZN|IE(SEM)","Without sequence","186.0","",""
"27/09/2024 22:00:00 - 27/09/2024 23:00:00","BZN|IE(SEM)","Without sequence","171.0","",""
"27/09/2024 23:00:00 - 28/09/2024 00:00:00","BZN|IE(SEM)","Without sequence","144.0","",""
"28/09/2024 00:00:00 - 28/09/2024 01:00:00","BZN|IE(SEM)","Without sequence","129.29","",""
"28/09/2024 01:00:00 - 28/09/2024 02:00:00","BZN|IE(SEM)","Without sequence","132.0","",""
"28/09/2024 02:00:00 - 28/09/2024 03:00:00","BZN|IE(SEM)","Without sequence","119.0","",""
"28/09/2024 03:00:00 - 28/09/2024 04:00:00","BZN|IE(SEM)","Without sequence","119.64","",""
"28/09/2024 04:00:00 - 28/09/2024 05:00:00","BZN|IE(SEM)","Without sequence","115.0","",""
"28/09/2024 05:00:00 - 28/09/2024 06:00:00","BZN|IE(SEM)","Without sequence","115.0","",""
"28/09/2024 06:00:00 - 28/09/2024 07:00:00","BZN|IE(SEM)","Without sequence","114.66","",""
"28/09/2024 07:00:00 - 28/09/2024 08:00:00","BZN|IE(SEM)","Without sequence","125.0","",""
"28/09/2024 08:00:00 - 28/09/2024 09:00:00","BZN|IE(SEM)","Without sequence","109.98","",""
"28/09/2024 09:00:00 - 28/09/2024 10:00:00","BZN|IE(SEM)","Without sequence","155.0","",""
"28/09/2024 10:00:00 - 28/09/2024 11:00:00","BZN|IE(SEM)","Without sequence","172.11","",""
"28/09/2024 11:00:00 - 28/09/2024 12:00:00","BZN|IE(SEM)","Without sequence","141.0","",""
"28/09/2024 12:00:00 - 28/09/2024 13:00:00","BZN|IE(SEM)","Without sequence","115.0","",""
"28/09/2024 13:00:00 - 28/09/2024 14:00:00","BZN|IE(SEM)","Without sequence","100.41","",""
"28/09/2024 14:00:00 - 28/09/2024 15:00:00","BZN|IE(SEM)","Without sequence","98.72","",""
"28/09/2024 15:00:00 - 28/09/2024 16:00:00","BZN|IE(SEM)","Without sequence","99.34","",""
"28/09/2024 16:00:00 - 28/09/2024 17:00:00","BZN|IE(SEM)","Without sequence","105.0","",""
"28/09/2024 17:00:00 - 28/09/2024 18:00:00","BZN|IE(SEM)","Without sequence","121.38","",""
"28/09/2024 18:00:00 - 28/09/2024 19:00:00","BZN|IE(SEM)","Without sequence","155.0","",""
"28/09/2024 19:00:00 - 28/09/2024 20:00:00","BZN|IE(SEM)","Without sequence","164.6","",""
"28/09/2024 20:00:00 - 28/09/2024 21:00:00","BZN|IE(SEM)","Without sequence","162.05","",""
"28/09/2024 21:00:00 - 28/09/2024 22:00:00","BZN|IE(SEM)","Without sequence","140.0","",""
"28/09/2024 22:00:00 - 28/09/2024 23:00:00","BZN|IE(SEM)","Without sequence","112.34","",""
"28/09/2024 23:00:00 - 29/09/2024 00:00:00","BZN|IE(SEM)","Without sequence","106.36","",""
"29/09/2024 00:00:00 - 29/09/2024 01:00:00","BZN|IE(SEM)","Without sequence","139.1","",""
"29/09/2024 01:00:00 - 29/09/2024 02:00:00","BZN|IE(SEM)","Without sequence","114.88","",""
"29/09/2024 02:00:00 - 29/09/2024 03:00:00","BZN|IE(SEM)","Without sequence","110.47","",""
"29/09/2024 03:00:00 - 29/09/2024 04:00:00","BZN|IE(SEM)","Without sequence","112.3","",""
"29/09/2024 04:00:00 - 29/09/2024 05:00:00","BZN|IE(SEM)","Without sequence","101.33","",""
"29/09/2024 05:00:00 - 29/09/2024 06:00:00","BZN|IE(SEM)","Without sequence","83.76","",""
"29/09/2024 06:00:00 - 29/09/2024 07:00:00","BZN|IE(SEM)","Without sequence","82.61","",""
"29/09/2024 07:00:00 - 29/09/2024 08:00:00","BZN|IE(SEM)","Without sequence","85.05","",""
"29/09/2024 08:00:00 - 29/09/2024 09:00:00","BZN|IE(SEM)","Without sequence","84.24","",""
"29/09/2024 09:00:00 - 29/09/2024 10:00:00","BZN|IE(SEM)","Without sequence","94.06","",""
"29/09/2024 10:00:00 - 29/09/2024 11:00:00","BZN|IE(SEM)","Without sequence","101.5","",""
"29/09/2024 11:00:00 - 29/09/2024 12:00:00","BZN|IE(SEM)","Without sequence","96.85","",""
"29/09/2024 12:00:00 - 29/09/2024 13:00:00","BZN|IE(SEM)","Without sequence","88.0","",""
"29/09/2024 13:00:00 - 29/09/2024 14:00:00","BZN|IE(SEM)","Without sequence","82.61","",""
"29/09/2024 14:00:00 - 29/09/2024 15:00:00","BZN|IE(SEM)","Without sequence","81.41","",""
"29/09/2024 15:00:00 - 29/09/2024 16:00:00","BZN|IE(SEM)","Without sequence","55.41","",""
"29/09/2024 16:00:00 - 29/09/2024 17:00:00","BZN|IE(SEM)","Without sequence","57.47","",""
"29/09/2024 17:00:00 - 29/09/2024 18:00:00","BZN|IE(SEM)","Without sequence","85.53","",""
"29/09/2024 18:00:00 - 29/09/2024 19:00:00","BZN|IE(SEM)","Without sequence","122.52","",""
"29/09/2024 19:00:00 - 29/09/2024 20:00:00","BZN|IE(SEM)","Without sequence","125.77","",""
"29/09/2024 20:00:00 - 29/09/2024 21:00:00","BZN|IE(SEM)","Without sequence","110.07","",""
"29/09/2024 21:00:00 - 29/09/2024 22:00:00","BZN|IE(SEM)","Without sequence","94.99","",""
"29/09/2024 22:00:00 - 29/09/2024 23:00:00","BZN|IE(SEM)","Without sequence","82.08","",""
"29/09/2024 23:00:00 - 30/09/2024 00:00:00","BZN|IE(SEM)","Without sequence","53.03","",""
"30/09/2024 00:00:00 - 30/09/2024 01:00:00","BZN|IE(SEM)","Without sequence","45.0","",""
"30/09/2024 01:00:00 - 30/09/2024 02:00:00","BZN|IE(SEM)","Without sequence","55.0","",""
"30/09/2024 02:00:00 - 30/09/2024 03:00:00","BZN|IE(SEM)","Without sequence","74.92","",""
"30/09/2024 03:00:00 - 30/09/2024 04:00:00","BZN|IE(SEM)","Without sequence","81.46","",""
"30/09/2024 04:00:00 - 30/09/2024 05:00:00","BZN|IE(SEM)","Without sequence","81.46","",""
"30/09/2024 05:00:00 - 30/09/2024 06:00:00","BZN|IE(SEM)","Without sequence","83.8","",""
"30/09/2024 06:00:00 - 30/09/2024 07:00:00","BZN|IE(SEM)","Without sequence","89.61","",""
"30/09/2024 07:00:00 - 30/09/2024 08:00:00","BZN|IE(SEM)","Without sequence","100.36","",""
"30/09/2024 08:00:00 - 30/09/2024 09:00:00","BZN|IE(SEM)","Without sequence","105.35","",""
"30/09/2024 09:00:00 - 30/09/2024 10:00:00","BZN|IE(SEM)","Without sequence","144.4","",""
"30/09/2024 10:00:00 - 30/09/2024 11:00:00","BZN|IE(SEM)","Without sequence","136.72","",""
"30/09/2024 11:00:00 - 30/09/2024 12:00:00","BZN|IE(SEM)","Without sequence","129.35","",""
"30/09/2024 12:00:00 - 30/09/2024 13:00:00","BZN|IE(SEM)","Without sequence","118.9","",""
"30/09/2024 13:00:00 - 30/09/2024 14:00:00","BZN|IE(SEM)","Without sequence","115.13","",""
"30/09/2024 14:00:00 - 30/09/2024 15:00:00","BZN|IE(SEM)","Without sequence","108.95","",""
"30/09/2024 15:00:00 - 30/09/2024 16:00:00","BZN|IE(SEM)","Without sequence","104.96","",""
"30/09/2024 16:00:00 - 30/09/2024 17:00:00","BZN|IE(SEM)","Without sequence","102.91","",""
"30/09/2024 17:00:00 - 30/09/2024 18:00:00","BZN|IE(SEM)","Without sequence","109.3","",""
"30/09/2024 18:00:00 - 30/09/2024 19:00:00","BZN|IE(SEM)","Without sequence","136.0","",""
"30/09/2024 19:00:00 - 30/09/2024 20:00:00","BZN|IE(SEM)","Without sequence","144.0","",""
"30/09/2024 20:00:00 - 30/09/2024 21:00:00","BZN|IE(SEM)","Without sequence","145.0","",""
"30/09/2024 21:00:00 - 30/09/2024 22:00:00","BZN|IE(SEM)","Without sequence","129.5","",""
"30/09/2024 22:00:00 - 30/09/2024 23:00:00","BZN|IE(SEM)","Without sequence","110.91","",""
"30/09/2024 23:00:00 - 01/10/2024 00:00:00","BZN|IE(SEM)","Without sequence","104.64","",""
"01/10/2024 00:00:00 - 01/10/2024 01:00:00","BZN|IE(SEM)","Without sequence","107.5","",""
"01/10/2024 01:00:00 - 01/10/2024 02:00:00","BZN|IE(SEM)","Without sequence","95.27","",""
"01/10/2024 02:00:00 - 01/10/2024 03:00:00","BZN|IE(SEM)","Without sequence","91.0","",""
"01/10/2024 03:00:00 - 01/10/2024 04:00:00","BZN|IE(SEM)","Without sequence","90.13","",""
"01/10/2024 04:00:00 - 01/10/2024 05:00:00","BZN|IE(SEM)","Without sequence","90.0","",""
"01/10/2024 05:00:00 - 01/10/2024 06:00:00","BZN|IE(SEM)","Without sequence","89.96","",""
"01/10/2024 06:00:00 - 01/10/2024 07:00:00","BZN|IE(SEM)","Without sequence","88.21","",""
"01/10/2024 07:00:00 - 01/10/2024 08:00:00","BZN|IE(SEM)","Without sequence","100.08","",""
"01/10/2024 08:00:00 - 01/10/2024 09:00:00","BZN|IE(SEM)","Without sequence","132.9","",""
"01/10/2024 09:00:00 - 01/10/2024 10:00:00","BZN|IE(SEM)","Without sequence","155.0","",""
"01/10/2024 10:00:00 - 01/10/2024 11:00:00","BZN|IE(SEM)","Without sequence","155.71","",""
"01/10/2024 11:00:00 - 01/10/2024 12:00:00","BZN|IE(SEM)","Without sequence","132.0","",""
"01/10/2024 12:00:00 - 01/10/2024 13:00:00","BZN|IE(SEM)","Without sequence","107.0","",""
"01/10/2024 13:00:00 - 01/10/2024 14:00:00","BZN|IE(SEM)","Without sequence","103.93","",""
"01/10/2024 14:00:00 - 01/10/2024 15:00:00","BZN|IE(SEM)","Without sequence","101.98","",""
"01/10/2024 15:00:00 - 01/10/2024 16:00:00","BZN|IE(SEM)","Without sequence","100.65","",""
"01/10/2024 16:00:00 - 01/10/2024 17:00:00","BZN|IE(SEM)","Without sequence","108.68","",""
"01/10/2024 17:00:00 - 01/10/2024 18:00:00","BZN|IE(SEM)","Without sequence","135.7","",""
"01/10/2024 18:00:00 - 01/10/2024 19:00:00","BZN|IE(SEM)","Without sequence","173.4","",""
"01/10/2024 19:00:00 - 01/10/2024 20:00:00","BZN|IE(SEM)","Without sequence","188.0","",""
"01/10/2024 20:00:00 - 01/10/2024 21:00:00","BZN|IE(SEM)","Without sequence","182.8","",""
"01/10/2024 21:00:00 - 01/10/2024 22:00:00","BZN|IE(SEM)","Without sequence","176.68","",""
"01/10/2024 22:00:00 - 01/10/2024 23:00:00","BZN|IE(SEM)","Without sequence","132.15","",""
"01/10/2024 23:00:00 - 02/10/2024 00:00:00","BZN|IE(SEM)","Without sequence","99.92","",""
"02/10/2024 00:00:00 - 02/10/2024 01:00:00","BZN|IE(SEM)","Without sequence","102.2","",""
"02/10/2024 01:00:00 - 02/10/2024 02:00:00","BZN|IE(SEM)","Without sequence","95.0","",""
"02/10/2024 02:00:00 - 02/10/2024 03:00:00","BZN|IE(SEM)","Without sequence","99.91","",""
"02/10/2024 03:00:00 - 02/10/2024 04:00:00","BZN|IE(SEM)","Without sequence","99.91","",""
"02/10/2024 04:00:00 - 02/10/2024 05:00:00","BZN|IE(SEM)","Without sequence","99.0","",""
"02/10/2024 05:00:00 - 02/10/2024 06:00:00","BZN|IE(SEM)","Without sequence","95.24","",""
"02/10/2024 06:00:00 - 02/10/2024 07:00:00","BZN|IE(SEM)","Without sequence","100.77","",""
"02/10/2024 07:00:00 - 02/10/2024 08:00:00","BZN|IE(SEM)","Without sequence","123.7","",""
"02/10/2024 08:00:00 - 02/10/2024 09:00:00","BZN|IE(SEM)","Without sequence","175.4","",""
"02/10/2024 09:00:00 - 02/10/2024 10:00:00","BZN|IE(SEM)","Without sequence","185.0","",""
"02/10/2024 10:00:00 - 02/10/2024 11:00:00","BZN|IE(SEM)","Without sequence","185.0","",""
"02/10/2024 11:00:00 - 02/10/2024 12:00:00","BZN|IE(SEM)","Without sequence","165.0","",""
"02/10/2024 12:00:00 - 02/10/2024 13:00:00","BZN|IE(SEM)","Without sequence","116.9","",""
"02/10/2024 13:00:00 - 02/10/2024 14:00:00","BZN|IE(SEM)","Without sequence","99.29","",""
"02/10/2024 14:00:00 - 02/10/2024 15:00:00","BZN|IE(SEM)","Without sequence","95.94","",""
"02/10/2024 15:00:00 - 02/10/2024 16:00:00","BZN|IE(SEM)","Without sequence","95.94","",""
"02/10/2024 16:00:00 - 02/10/2024 17:00:00","BZN|IE(SEM)","Without sequence","100.62","",""
"02/10/2024 17:00:00 - 02/10/2024 18:00:00","BZN|IE(SEM)","Without sequence","125.0","",""
"02/10/2024 18:00:00 - 02/10/2024 19:00:00","BZN|IE(SEM)","Without sequence","175.3","",""
"02/10/2024 19:00:00 - 02/10/2024 20:00:00","BZN|IE(SEM)","Without sequence","187.8","",""
"02/10/2024 20:00:00 - 02/10/2024 21:00:00","BZN|IE(SEM)","Without sequence","185.0","",""
"02/10/2024 21:00:00 - 02/10/2024 22:00:00","BZN|IE(SEM)","Without sequence","162.1","",""
"02/10/2024 22:00:00 - 02/10/2024 23:00:00","BZN|IE(SEM)","Without sequence","125.0","",""
"02/10/2024 23:00:00 - 03/10/2024 00:00:00","BZN|IE(SEM)","Without sequence","99.0","",""
"03/10/2024 00:00:00 - 03/10/2024 01:00:00","BZN|IE(SEM)","Without sequence","101.17","",""
"03/10/2024 01:00:00 - 03/10/2024 02:00:00","BZN|IE(SEM)","Without sequence","97.79","",""
"03/10/2024 02:00:00 - 03/10/2024 03:00:00","BZN|IE(SEM)","Without sequence","96.66","",""
"03/10/2024 03:00:00 - 03/10/2024 04:00:00","BZN|IE(SEM)","Without sequence","95.0","",""
"03/10/2024 04:00:00 - 03/10/2024 05:00:00","BZN|IE(SEM)","Without sequence","95.24","",""
"03/10/2024 05:00:00 - 03/10/2024 06:00:00","BZN|IE(SEM)","Without sequence","95.9","",""
"03/10/2024 06:00:00 - 03/10/2024 07:00:00","BZN|IE(SEM)","Without sequence","97.67","",""
"03/10/2024 07:00:00 - 03/10/2024 08:00:00","BZN|IE(SEM)","Without sequence","119.1","",""
"03/10/2024 08:00:00 - 03/10/2024 09:00:00","BZN|IE(SEM)","Without sequence","134.08","",""
"03/10/2024 09:00:00 - 03/10/2024 10:00:00","BZN|IE(SEM)","Without sequence","140.23","",""
"03/10/2024 10:00:00 - 03/10/2024 11:00:00","BZN|IE(SEM)","Without sequence","126.58","",""
"03/10/2024 11:00:00 - 03/10/2024 12:00:00","BZN|IE(SEM)","Without sequence","108.08","",""
"03/10/2024 12:00:00 - 03/10/2024 13:00:00","BZN|IE(SEM)","Without sequence","92.43","",""
"03/10/2024 13:00:00 - 03/10/2024 14:00:00","BZN|IE(SEM)","Without sequence","92.0","",""
"03/10/2024 14:00:00 - 03/10/2024 15:00:00","BZN|IE(SEM)","Without sequence","89.87","",""
"03/10/2024 15:00:00 - 03/10/2024 16:00:00","BZN|IE(SEM)","Without sequence","90.1","",""
"03/10/2024 16:00:00 - 03/10/2024 17:00:00","BZN|IE(SEM)","Without sequence","94.34","",""
"03/10/2024 17:00:00 - 03/10/2024 18:00:00","BZN|IE(SEM)","Without sequence","103.22","",""
"03/10/2024 18:00:00 - 03/10/2024 19:00:00","BZN|IE(SEM)","Without sequence","136.34","",""
"03/10/2024 19:00:00 - 03/10/2024 20:00:00","BZN|IE(SEM)","Without sequence","149.04","",""
"03/10/2024 20:00:00 - 03/10/2024 21:00:00","BZN|IE(SEM)","Without sequence","139.0","",""
"03/10/2024 21:00:00 - 03/10/2024 22:00:00","BZN|IE(SEM)","Without sequence","110.38","",""
"03/10/2024 22:00:00 - 03/10/2024 23:00:00","BZN|IE(SEM)","Without sequence","101.5","",""
"03/10/2024 23:00:00 - 04/10/2024 00:00:00","BZN|IE(SEM)","Without sequence","90.04","",""
"04/10/2024 00:00:00 - 04/10/2024 01:00:00","BZN|IE(SEM)","Without sequence","82.11","",""
"04/10/2024 01:00:00 - 04/10/2024 02:00:00","BZN|IE(SEM)","Without sequence","78.71","",""
"04/10/2024 02:00:00 - 04/10/2024 03:00:00","BZN|IE(SEM)","Without sequence","72.35","",""
"04/10/2024 03:00:00 - 04/10/2024 04:00:00","BZN|IE(SEM)","Without sequence","66.41","",""
"04/10/2024 04:00:00 - 04/10/2024 05:00:00","BZN|IE(SEM)","Without sequence","55.0","",""
"04/10/2024 05:00:00 - 04/10/2024 06:00:00","BZN|IE(SEM)","Without sequence","67.3","",""
"04/10/2024 06:00:00 - 04/10/2024 07:00:00","BZN|IE(SEM)","Without sequence","79.44","",""
"04/10/2024 07:00:00 - 04/10/2024 08:00:00","BZN|IE(SEM)","Without sequence","94.01","",""
"04/10/2024 08:00:00 - 04/10/2024 09:00:00","BZN|IE(SEM)","Without sequence","126.09","",""
"04/10/2024 09:00:00 - 04/10/2024 10:00:00","BZN|IE(SEM)","Without sequence","126.27","",""
"04/10/2024 10:00:00 - 04/10/2024 11:00:00","BZN|IE(SEM)","Without sequence","109.39","",""
"04/10/2024 11:00:00 - 04/10/2024 12:00:00","BZN|IE(SEM)","Without sequence","102.21","",""
"04/10/2024 12:00:00 - 04/10/2024 13:00:00","BZN|IE(SEM)","Without sequence","95.0","",""
"04/10/2024 13:00:00 - 04/10/2024 14:00:00","BZN|IE(SEM)","Without sequence","92.15","",""
"04/10/2024 14:00:00 - 04/10/2024 15:00:00","BZN|IE(SEM)","Without sequence","89.25","",""
"04/10/2024 15:00:00 - 04/10/2024 16:00:00","BZN|IE(SEM)","Without sequence","92.26","",""
"04/10/2024 16:00:00 - 04/10/2024 17:00:00","BZN|IE(SEM)","Without sequence","95.12","",""
"04/10/2024 17:00:00 - 04/10/2024 18:00:00","BZN|IE(SEM)","Without sequence","108.06","",""
"04/10/2024 18:00:00 - 04/10/2024 19:00:00","BZN|IE(SEM)","Without sequence","126.0","",""
"04/10/2024 19:00:00 - 04/10/2024 20:00:00","BZN|IE(SEM)","Without sequence","144.65","",""
"04/10/2024 20:00:00 - 04/10/2024 21:00:00","BZN|IE(SEM)","Without sequence","129.98","",""
"04/10/2024 21:00:00 - 04/10/2024 22:00:00","BZN|IE(SEM)","Without sequence","103.69","",""
"04/10/2024 22:00:00 - 04/10/2024 23:00:00","BZN|IE(SEM)","Without sequence","96.25","",""
"04/10/2024 23:00:00 - 05/10/2024 00:00:00","BZN|IE(SEM)","Without sequence","87.78","",""
"05/10/2024 00:00:00 - 05/10/2024 01:00:00","BZN|IE(SEM)","Without sequence","100.18","",""
"05/10/2024 01:00:00 - 05/10/2024 02:00:00","BZN|IE(SEM)","Without sequence","90.08","",""
"05/10/2024 02:00:00 - 05/10/2024 03:00:00","BZN|IE(SEM)","Without sequence","83.89","",""
"05/10/2024 03:00:00 - 05/10/2024 04:00:00","BZN|IE(SEM)","Without sequence","77.52","",""
"05/10/2024 04:00:00 - 05/10/2024 05:00:00","BZN|IE(SEM)","Without sequence","69.28","",""
"05/10/2024 05:00:00 - 05/10/2024 06:00:00","BZN|IE(SEM)","Without sequence","60.76","",""
"05/10/2024 06:00:00 - 05/10/2024 07:00:00","BZN|IE(SEM)","Without sequence","60.76","",""
"05/10/2024 07:00:00 - 05/10/2024 08:00:00","BZN|IE(SEM)","Without sequence","77.04","",""
"05/10/2024 08:00:00 - 05/10/2024 09:00:00","BZN|IE(SEM)","Without sequence","95.3","",""
"05/10/2024 09:00:00 - 05/10/2024 10:00:00","BZN|IE(SEM)","Without sequence","103.53","",""
"05/10/2024 10:00:00 - 05/10/2024 11:00:00","BZN|IE(SEM)","Without sequence","98.15","",""
"05/10/2024 11:00:00 - 05/10/2024 12:00:00","BZN|IE(SEM)","Without sequence","83.75","",""
"05/10/2024 12:00:00 - 05/10/2024 13:00:00","BZN|IE(SEM)","Without sequence","63.0","",""
"05/10/2024 13:00:00 - 05/10/2024 14:00:00","BZN|IE(SEM)","Without sequence","52.61","",""
"05/10/2024 14:00:00 - 05/10/2024 15:00:00","BZN|IE(SEM)","Without sequence","50.72","",""
"05/10/2024 15:00:00 - 05/10/2024 16:00:00","BZN|IE(SEM)","Without sequence","53.77","",""
"05/10/2024 16:00:00 - 05/10/2024 17:00:00","BZN|IE(SEM)","Without sequence","61.7","",""
"05/10/2024 17:00:00 - 05/10/2024 18:00:00","BZN|IE(SEM)","Without sequence","80.64","",""
"05/10/2024 18:00:00 - 05/10/2024 19:00:00","BZN|IE(SEM)","Without sequence","110.08","",""
"05/10/2024 19:00:00 - 05/10/2024 20:00:00","BZN|IE(SEM)","Without sequence","132.08","",""
"05/10/2024 20:00:00 - 05/10/2024 21:00:00","BZN|IE(SEM)","Without sequence","112.9","",""
"05/10/2024 21:00:00 - 05/10/2024 22:00:00","BZN|IE(SEM)","Without sequence","93.33","",""
"05/10/2024 22:00:00 - 05/10/2024 23:00:00","BZN|IE(SEM)","Without sequence","89.6","",""
"05/10/2024 23:00:00 - 06/10/2024 00:00:00","BZN|IE(SEM)","Without sequence","81.0","",""
"06/10/2024 00:00:00 - 06/10/2024 01:00:00","BZN|IE(SEM)","Without sequence","61.51","",""
"06/10/2024 01:00:00 - 06/10/2024 02:00:00","BZN|IE(SEM)","Without sequence","52.9","",""
"06/10/2024 02:00:00 - 06/10/2024 03:00:00","BZN|IE(SEM)","Without sequence","58.31","",""
"06/10/2024 03:00:00 - 06/10/2024 04:00:00","BZN|IE(SEM)","Without sequence","66.61","",""
"06/10/2024 04:00:00 - 06/10/2024 05:00:00","BZN|IE(SEM)","Without sequence","88.9","",""
"06/10/2024 05:00:00 - 06/10/2024 06:00:00","BZN|IE(SEM)","Without sequence","110.0","",""
"06/10/2024 06:00:00 - 06/10/2024 07:00:00","BZN|IE(SEM)","Without sequence","99.72","",""
"06/10/2024 07:00:00 - 06/10/2024 08:00:00","BZN|IE(SEM)","Without sequence","115.0","",""
"06/10/2024 08:00:00 - 06/10/2024 09:00:00","BZN|IE(SEM)","Without sequence","96.61","",""
"06/10/2024 09:00:00 - 06/10/2024 10:00:00","BZN|IE(SEM)","Without sequence","97.39","",""
"06/10/2024 10:00:00 - 06/10/2024 11:00:00","BZN|IE(SEM)","Without sequence","115.37","",""
"06/10/2024 11:00:00 - 06/10/2024 12:00:00","BZN|IE(SEM)","Without sequence","138.89","",""
"06/10/2024 12:00:00 - 06/10/2024 13:00:00","BZN|IE(SEM)","Without sequence","129.9","",""
"06/10/2024 13:00:00 - 06/10/2024 14:00:00","BZN|IE(SEM)","Without sequence","119.3","",""
"06/10/2024 14:00:00 - 06/10/2024 15:00:00","BZN|IE(SEM)","Without sequence","103.94","",""
"06/10/2024 15:00:00 - 06/10/2024 16:00:00","BZN|IE(SEM)","Without sequence","105.91","",""
"06/10/2024 16:00:00 - 06/10/2024 17:00:00","BZN|IE(SEM)","Without sequence","103.53","",""
"06/10/2024 17:00:00 - 06/10/2024 18:00:00","BZN|IE(SEM)","Without sequence","114.08","",""
"06/10/2024 18:00:00 - 06/10/2024 19:00:00","BZN|IE(SEM)","Without sequence","131.19","",""
"06/10/2024 19:00:00 - 06/10/2024 20:00:00","BZN|IE(SEM)","Without sequence","139.31","",""
"06/10/2024 20:00:00 - 06/10/2024 21:00:00","BZN|IE(SEM)","Without sequence","131.72","",""
"06/10/2024 21:00:00 - 06/10/2024 22:00:00","BZN|IE(SEM)","Without sequence","111.82","",""
"06/10/2024 22:00:00 - 06/10/2024 23:00:00","BZN|IE(SEM)","Without sequence","110.0","",""
"06/10/2024 23:00:00 - 07/10/2024 00:00:00","BZN|IE(SEM)","Without sequence","96.42","",""
"07/10/2024 00:00:00 - 07/10/2024 01:00:00","BZN|IE(SEM)","Without sequence","97.62","",""
"07/10/2024 01:00:00 - 07/10/2024 02:00:00","BZN|IE(SEM)","Without sequence","91.11","",""
"07/10/2024 02:00:00 - 07/10/2024 03:00:00","BZN|IE(SEM)","Without sequence","91.11","",""
"07/10/2024 03:00:00 - 07/10/2024 04:00:00","BZN|IE(SEM)","Without sequence","90.0","",""
"07/10/2024 04:00:00 - 07/10/2024 05:00:00","BZN|IE(SEM)","Without sequence","90.0","",""
"07/10/2024 05:00:00 - 07/10/2024 06:00:00","BZN|IE(SEM)","Without sequence","85.71","",""
"07/10/2024 06:00:00 - 07/10/2024 07:00:00","BZN|IE(SEM)","Without sequence","92.61","",""
"07/10/2024 07:00:00 - 07/10/2024 08:00:00","BZN|IE(SEM)","Without sequence","115.51","",""
"07/10/2024 08:00:00 - 07/10/2024 09:00:00","BZN|IE(SEM)","Without sequence","117.4","",""
"07/10/2024 09:00:00 - 07/10/2024 10:00:00","BZN|IE(SEM)","Without sequence","136.26","",""
"07/10/2024 10:00:00 - 07/10/2024 11:00:00","BZN|IE(SEM)","Without sequence","132.0","",""
"07/10/2024 11:00:00 - 07/10/2024 12:00:00","BZN|IE(SEM)","Without sequence","119.42","",""
"07/10/2024 12:00:00 - 07/10/2024 13:00:00","BZN|IE(SEM)","Without sequence","111.87","",""
"07/10/2024 13:00:00 - 07/10/2024 14:00:00","BZN|IE(SEM)","Without sequence","110.0","",""
"07/10/2024 14:00:00 - 07/10/2024 15:00:00","BZN|IE(SEM)","Without sequence","108.0","",""
"07/10/2024 15:00:00 - 07/10/2024 16:00:00","BZN|IE(SEM)","Without sequence","110.43","",""
"07/10/2024 16:00:00 - 07/10/2024 17:00:00","BZN|IE(SEM)","Without sequence","117.1","",""
"07/10/2024 17:00:00 - 07/10/2024 18:00:00","BZN|IE(SEM)","Without sequence","147.8","",""
"07/10/2024 18:00:00 - 07/10/2024 19:00:00","BZN|IE(SEM)","Without sequence","200.0","",""
"07/10/2024 19:00:00 - 07/10/2024 20:00:00","BZN|IE(SEM)","Without sequence","208.25","",""
"07/10/2024 20:00:00 - 07/10/2024 21:00:00","BZN|IE(SEM)","Without sequence","206.8","",""
"07/10/2024 21:00:00 - 07/10/2024 22:00:00","BZN|IE(SEM)","Without sequence","185.89","",""
"07/10/2024 22:00:00 - 07/10/2024 23:00:00","BZN|IE(SEM)","Without sequence","149.4","",""
"07/10/2024 23:00:00 - 08/10/2024 00:00:00","BZN|IE(SEM)","Without sequence","113.36","",""
"08/10/2024 00:00:00 - 08/10/2024 01:00:00","BZN|IE(SEM)","Without sequence","113.0","",""
"08/10/2024 01:00:00 - 08/10/2024 02:00:00","BZN|IE(SEM)","Without sequence","109.47","",""
"08/10/2024 02:00:00 - 08/10/2024 03:00:00","BZN|IE(SEM)","Without sequence","105.94","",""
"08/10/2024 03:00:00 - 08/10/2024 04:00:00","BZN|IE(SEM)","Without sequence","100.79","",""
"08/10/2024 04:00:00 - 08/10/2024 05:00:00","BZN|IE(SEM)","Without sequence","98.04","",""
"08/10/2024 05:00:00 - 08/10/2024 06:00:00","BZN|IE(SEM)","Without sequence","94.75","",""
"08/10/2024 06:00:00 - 08/10/2024 07:00:00","BZN|IE(SEM)","Without sequence","91.45","",""
"08/10/2024 07:00:00 - 08/10/2024 08:00:00","BZN|IE(SEM)","Without sequence","113.58","",""
"08/10/2024 08:00:00 - 08/10/2024 09:00:00","BZN|IE(SEM)","Without sequence","140.02","",""
"08/10/2024 09:00:00 - 08/10/2024 10:00:00","BZN|IE(SEM)","Without sequence","171.86","",""
"08/10/2024 10:00:00 - 08/10/2024 11:00:00","BZN|IE(SEM)","Without sequence","183.4","",""
"08/10/2024 11:00:00 - 08/10/2024 12:00:00","BZN|IE(SEM)","Without sequence","153.83","",""
"08/10/2024 12:00:00 - 08/10/2024 13:00:00","BZN|IE(SEM)","Without sequence","131.15","",""
"08/10/2024 13:00:00 - 08/10/2024 14:00:00","BZN|IE(SEM)","Without sequence","131.97","",""
"08/10/2024 14:00:00 - 08/10/2024 15:00:00","BZN|IE(SEM)","Without sequence","115.0","",""
"08/10/2024 15:00:00 - 08/10/2024 16:00:00","BZN|IE(SEM)","Without sequence","105.0","",""
"08/10/2024 16:00:00 - 08/10/2024 17:00:00","BZN|IE(SEM)","Without sequence","107.0","",""
"08/10/2024 17:00:00 - 08/10/2024 18:00:00","BZN|IE(SEM)","Without sequence","123.98","",""
"08/10/2024 18:00:00 - 08/10/2024 19:00:00","BZN|IE(SEM)","Without sequence","141.25","",""
"08/10/2024 19:00:00 - 08/10/2024 20:00:00","BZN|IE(SEM)","Without sequence","152.01","",""
"08/10/2024 20:00:00 - 08/10/2024 21:00:00","BZN|IE(SEM)","Without sequence","140.01","",""
"08/10/2024 21:00:00 - 08/10/2024 22:00:00","BZN|IE(SEM)","Without sequence","117.0","",""
"08/10/2024 22:00:00 - 08/10/2024 23:00:00","BZN|IE(SEM)","Without sequence","105.35","",""
"08/10/2024 23:00:00 - 09/10/2024 00:00:00","BZN|IE(SEM)","Without sequence","103.0","",""
"09/10/2024 00:00:00 - 09/10/2024 01:00:00","BZN|IE(SEM)","Without sequence","93.83","",""
"09/10/2024 01:00:00 - 09/10/2024 02:00:00","BZN|IE(SEM)","Without sequence","90.68","",""
"09/10/2024 02:00:00 - 09/10/2024 03:00:00","BZN|IE(SEM)","Without sequence","87.9","",""
"09/10/2024 03:00:00 - 09/10/2024 04:00:00","BZN|IE(SEM)","Without sequence","82.16","",""
"09/10/2024 04:00:00 - 09/10/2024 05:00:00","BZN|IE(SEM)","Without sequence","82.6","",""
"09/10/2024 05:00:00 - 09/10/2024 06:00:00","BZN|IE(SEM)","Without sequence","77.03","",""
"09/10/2024 06:00:00 - 09/10/2024 07:00:00","BZN|IE(SEM)","Without sequence","81.96","",""
"09/10/2024 07:00:00 - 09/10/2024 08:00:00","BZN|IE(SEM)","Without sequence","106.06","",""
"09/10/2024 08:00:00 - 09/10/2024 09:00:00","BZN|IE(SEM)","Without sequence","112.0","",""
"09/10/2024 09:00:00 - 09/10/2024 10:00:00","BZN|IE(SEM)","Without sequence","127.17","",""
"09/10/2024 10:00:00 - 09/10/2024 11:00:00","BZN|IE(SEM)","Without sequence","126.01","",""
"09/10/2024 11:00:00 - 09/10/2024 12:00:00","BZN|IE(SEM)","Without sequence","116.24","",""
"09/10/2024 12:00:00 - 09/10/2024 13:00:00","BZN|IE(SEM)","Without sequence","104.0","",""
"09/10/2024 13:00:00 - 09/10/2024 14:00:00","BZN|IE(SEM)","Without sequence","97.16","",""
"09/10/2024 14:00:00 - 09/10/2024 15:00:00","BZN|IE(SEM)","Without sequence","90.34","",""
"09/10/2024 15:00:00 - 09/10/2024 16:00:00","BZN|IE(SEM)","Without sequence","90.34","",""
"09/10/2024 16:00:00 - 09/10/2024 17:00:00","BZN|IE(SEM)","Without sequence","91.9","",""
"09/10/2024 17:00:00 - 09/10/2024 18:00:00","BZN|IE(SEM)","Without sequence","104.29","",""
"09/10/2024 18:00:00 - 09/10/2024 19:00:00","BZN|IE(SEM)","Without sequence","127.9","",""
"09/10/2024 19:00:00 - 09/10/2024 20:00:00","BZN|IE(SEM)","Without sequence","138.55","",""
"09/10/2024 20:00:00 - 09/10/2024 21:00:00","BZN|IE(SEM)","Without sequence","132.37","",""
"09/10/2024 21:00:00 - 09/10/2024 22:00:00","BZN|IE(SEM)","Without sequence","119.38","",""
"09/10/2024 22:00:00 - 09/10/2024 23:00:00","BZN|IE(SEM)","Without sequence","102.69","",""
"09/10/2024 23:00:00 - 10/10/2024 00:00:00","BZN|IE(SEM)","Without sequence","97.01","",""
"10/10/2024 00:00:00 - 10/10/2024 01:00:00","BZN|IE(SEM)","Without sequence","81.0","",""
"10/10/2024 01:00:00 - 10/10/2024 02:00:00","BZN|IE(SEM)","Without sequence","82.35","",""
"10/10/2024 02:00:00 - 10/10/2024 03:00:00","BZN|IE(SEM)","Without sequence","80.68","",""
"10/10/2024 03:00:00 - 10/10/2024 04:00:00","BZN|IE(SEM)","Without sequence","85.0","",""
"10/10/2024 04:00:00 - 10/10/2024 05:00:00","BZN|IE(SEM)","Without sequence","86.89","",""
"10/10/2024 05:00:00 - 10/10/2024 06:00:00","BZN|IE(SEM)","Without sequence","87.71","",""
"10/10/2024 06:00:00 - 10/10/2024 07:00:00","BZN|IE(SEM)","Without sequence","87.64","",""
"10/10/2024 07:00:00 - 10/10/2024 08:00:00","BZN|IE(SEM)","Without sequence","102.0","",""
"10/10/2024 08:00:00 - 10/10/2024 09:00:00","BZN|IE(SEM)","Without sequence","118.0","",""
"10/10/2024 09:00:00 - 10/10/2024 10:00:00","BZN|IE(SEM)","Without sequence","165.0","",""
"10/10/2024 10:00:00 - 10/10/2024 11:00:00","BZN|IE(SEM)","Without sequence","170.47","",""
"10/10/2024 11:00:00 - 10/10/2024 12:00:00","BZN|IE(SEM)","Without sequence","150.0","",""
"10/10/2024 12:00:00 - 10/10/2024 13:00:00","BZN|IE(SEM)","Without sequence","120.0","",""
"10/10/2024 13:00:00 - 10/10/2024 14:00:00","BZN|IE(SEM)","Without sequence","111.26","",""
"10/10/2024 14:00:00 - 10/10/2024 15:00:00","BZN|IE(SEM)","Without sequence","104.79","",""
"10/10/2024 15:00:00 - 10/10/2024 16:00:00","BZN|IE(SEM)","Without sequence","105.0","",""
"10/10/2024 16:00:00 - 10/10/2024 17:00:00","BZN|IE(SEM)","Without sequence","111.78","",""
"10/10/2024 17:00:00 - 10/10/2024 18:00:00","BZN|IE(SEM)","Without sequence","175.0","",""
"10/10/2024 18:00:00 - 10/10/2024 19:00:00","BZN|IE(SEM)","Without sequence","230.6","",""
"10/10/2024 19:00:00 - 10/10/2024 20:00:00","BZN|IE(SEM)","Without sequence","300.4","",""
"10/10/2024 20:00:00 - 10/10/2024 21:00:00","BZN|IE(SEM)","Without sequence","305.75","",""
"10/10/2024 21:00:00 - 10/10/2024 22:00:00","BZN|IE(SEM)","Without sequence","290.0","",""
"10/10/2024 22:00:00 - 10/10/2024 23:00:00","BZN|IE(SEM)","Without sequence","270.69","",""
"10/10/2024 23:00:00 - 11/10/2024 00:00:00","BZN|IE(SEM)","Without sequence","138.92","",""
"11/10/2024 00:00:00 - 11/10/2024 01:00:00","BZN|IE(SEM)","Without sequence","120.29","",""
"11/10/2024 01:00:00 - 11/10/2024 02:00:00","BZN|IE(SEM)","Without sequence","107.74","",""
"11/10/2024 02:00:00 - 11/10/2024 03:00:00","BZN|IE(SEM)","Without sequence","101.11","",""
"11/10/2024 03:00:00 - 11/10/2024 04:00:00","BZN|IE(SEM)","Without sequence","96.09","",""
"11/10/2024 04:00:00 - 11/10/2024 05:00:00","BZN|IE(SEM)","Without sequence","92.45","",""
"11/10/2024 05:00:00 - 11/10/2024 06:00:00","BZN|IE(SEM)","Without sequence","91.0","",""
"11/10/2024 06:00:00 - 11/10/2024 07:00:00","BZN|IE(SEM)","Without sequence","100.06","",""
"11/10/2024 07:00:00 - 11/10/2024 08:00:00","BZN|IE(SEM)","Without sequence","122.43","",""
"11/10/2024 08:00:00 - 11/10/2024 09:00:00","BZN|IE(SEM)","Without sequence","214.21","",""
"11/10/2024 09:00:00 - 11/10/2024 10:00:00","BZN|IE(SEM)","Without sequence","285.0","",""
"11/10/2024 10:00:00 - 11/10/2024 11:00:00","BZN|IE(SEM)","Without sequence","259.58","",""
"11/10/2024 11:00:00 - 11/10/2024 12:00:00","BZN|IE(SEM)","Without sequence","208.6","",""
"11/10/2024 12:00:00 - 11/10/2024 13:00:00","BZN|IE(SEM)","Without sequence","160.0","",""
"11/10/2024 13:00:00 - 11/10/2024 14:00:00","BZN|IE(SEM)","Without sequence","124.74","",""
"11/10/2024 14:00:00 - 11/10/2024 15:00:00","BZN|IE(SEM)","Without sequence","101.33","",""
"11/10/2024 15:00:00 - 11/10/2024 16:00:00","BZN|IE(SEM)","Without sequence","101.59","",""
"11/10/2024 16:00:00 - 11/10/2024 17:00:00","BZN|IE(SEM)","Without sequence","113.52","",""
"11/10/2024 17:00:00 - 11/10/2024 18:00:00","BZN|IE(SEM)","Without sequence","160.0","",""
"11/10/2024 18:00:00 - 11/10/2024 19:00:00","BZN|IE(SEM)","Without sequence","206.3","",""
"11/10/2024 19:00:00 - 11/10/2024 20:00:00","BZN|IE(SEM)","Without sequence","230.27","",""
"11/10/2024 20:00:00 - 11/10/2024 21:00:00","BZN|IE(SEM)","Without sequence","235.0","",""
"11/10/2024 21:00:00 - 11/10/2024 22:00:00","BZN|IE(SEM)","Without sequence","180.25","",""
"11/10/2024 22:00:00 - 11/10/2024 23:00:00","BZN|IE(SEM)","Without sequence","120.82","",""
"11/10/2024 23:00:00 - 12/10/2024 00:00:00","BZN|IE(SEM)","Without sequence","100.41","",""
"12/10/2024 00:00:00 - 12/10/2024 01:00:00","BZN|IE(SEM)","Without sequence","105.03","",""
"12/10/2024 01:00:00 - 12/10/2024 02:00:00","BZN|IE(SEM)","Without sequence","105.0","",""
"12/10/2024 02:00:00 - 12/10/2024 03:00:00","BZN|IE(SEM)","Without sequence","100.0","",""
"12/10/2024 03:00:00 - 12/10/2024 04:00:00","BZN|IE(SEM)","Without sequence","95.29","",""
"12/10/2024 04:00:00 - 12/10/2024 05:00:00","BZN|IE(SEM)","Without sequence","91.19","",""
"12/10/2024 05:00:00 - 12/10/2024 06:00:00","BZN|IE(SEM)","Without sequence","85.62","",""
"12/10/2024 06:00:00 - 12/10/2024 07:00:00","BZN|IE(SEM)","Without sequence","85.18","",""
"12/10/2024 07:00:00 - 12/10/2024 08:00:00","BZN|IE(SEM)","Without sequence","93.36","",""
"12/10/2024 08:00:00 - 12/10/2024 09:00:00","BZN|IE(SEM)","Without sequence","104.7","",""
"12/10/2024 09:00:00 - 12/10/2024 10:00:00","BZN|IE(SEM)","Without sequence","111.43","",""
"12/10/2024 10:00:00 - 12/10/2024 11:00:00","BZN|IE(SEM)","Without sequence","117.77","",""
"12/10/2024 11:00:00 - 12/10/2024 12:00:00","BZN|IE(SEM)","Without sequence","105.45","",""
"12/10/2024 12:00:00 - 12/10/2024 13:00:00","BZN|IE(SEM)","Without sequence","102.07","",""
"12/10/2024 13:00:00 - 12/10/2024 14:00:00","BZN|IE(SEM)","Without sequence","92.07","",""
"12/10/2024 14:00:00 - 12/10/2024 15:00:00","BZN|IE(SEM)","Without sequence","81.71","",""
"12/10/2024 15:00:00 - 12/10/2024 16:00:00","BZN|IE(SEM)","Without sequence","60.42","",""
"12/10/2024 16:00:00 - 12/10/2024 17:00:00","BZN|IE(SEM)","Without sequence","69.73","",""
"12/10/2024 17:00:00 - 12/10/2024 18:00:00","BZN|IE(SEM)","Without sequence","92.67","",""
"12/10/2024 18:00:00 - 12/10/2024 19:00:00","BZN|IE(SEM)","Without sequence","111.05","",""
"12/10/2024 19:00:00 - 12/10/2024 20:00:00","BZN|IE(SEM)","Without sequence","138.29","",""
"12/10/2024 20:00:00 - 12/10/2024 21:00:00","BZN|IE(SEM)","Without sequence","154.0","",""
"12/10/2024 21:00:00 - 12/10/2024 22:00:00","BZN|IE(SEM)","Without sequence","147.0","",""
"12/10/2024 22:00:00 - 12/10/2024 23:00:00","BZN|IE(SEM)","Without sequence","145.03","",""
"12/10/2024 23:00:00 - 13/10/2024 00:00:00","BZN|IE(SEM)","Without sequence","142.1","",""
"13/10/2024 00:00:00 - 13/10/2024 01:00:00","BZN|IE(SEM)","Without sequence","115.0","",""
"13/10/2024 01:00:00 - 13/10/2024 02:00:00","BZN|IE(SEM)","Without sequence","111.54","",""
"13/10/2024 02:00:00 - 13/10/2024 03:00:00","BZN|IE(SEM)","Without sequence","104.54","",""
"13/10/2024 03:00:00 - 13/10/2024 04:00:00","BZN|IE(SEM)","Without sequence","105.0","",""
"13/10/2024 04:00:00 - 13/10/2024 05:00:00","BZN|IE(SEM)","Without sequence","103.63","",""
"13/10/2024 05:00:00 - 13/10/2024 06:00:00","BZN|IE(SEM)","Without sequence","103.0","",""
"13/10/2024 06:00:00 - 13/10/2024 07:00:00","BZN|IE(SEM)","Without sequence","98.3","",""
"13/10/2024 07:00:00 - 13/10/2024 08:00:00","BZN|IE(SEM)","Without sequence","95.0","",""
"13/10/2024 08:00:00 - 13/10/2024 09:00:00","BZN|IE(SEM)","Without sequence","97.68","",""
"13/10/2024 09:00:00 - 13/10/2024 10:00:00","BZN|IE(SEM)","Without sequence","113.75","",""
"13/10/2024 10:00:00 - 13/10/2024 11:00:00","BZN|IE(SEM)","Without sequence","125.0","",""
"13/10/2024 11:00:00 - 13/10/2024 12:00:00","BZN|IE(SEM)","Without sequence","117.63","",""
"13/10/2024 12:00:00 - 13/10/2024 13:00:00","BZN|IE(SEM)","Without sequence","108.04","",""
"13/10/2024 13:00:00 - 13/10/2024 14:00:00","BZN|IE(SEM)","Without sequence","116.15","",""
"13/10/2024 14:00:00 - 13/10/2024 15:00:00","BZN|IE(SEM)","Without sequence","106.58","",""
"13/10/2024 15:00:00 - 13/10/2024 16:00:00","BZN|IE(SEM)","Without sequence","108.03","",""
"13/10/2024 16:00:00 - 13/10/2024 17:00:00","BZN|IE(SEM)","Without sequence","104.96","",""
"13/10/2024 17:00:00 - 13/10/2024 18:00:00","BZN|IE(SEM)","Without sequence","116.7","",""
"13/10/2024 18:00:00 - 13/10/2024 19:00:00","BZN|IE(SEM)","Without sequence","150.62","",""
"13/10/2024 19:00:00 - 13/10/2024 20:00:00","BZN|IE(SEM)","Without sequence","156.0","",""
"13/10/2024 20:00:00 - 13/10/2024 21:00:00","BZN|IE(SEM)","Without sequence","141.14","",""
"13/10/2024 21:00:00 - 13/10/2024 22:00:00","BZN|IE(SEM)","Without sequence","118.55","",""
"13/10/2024 22:00:00 - 13/10/2024 23:00:00","BZN|IE(SEM)","Without sequence","103.21","",""
"13/10/2024 23:00:00 - 14/10/2024 00:00:00","BZN|IE(SEM)","Without sequence","99.3","",""
"14/10/2024 00:00:00 - 14/10/2024 01:00:00","BZN|IE(SEM)","Without sequence","108.0","",""
"14/10/2024 01:00:00 - 14/10/2024 02:00:00","BZN|IE(SEM)","Without sequence","101.81","",""
"14/10/2024 02:00:00 - 14/10/2024 03:00:00","BZN|IE(SEM)","Without sequence","103.3","",""
"14/10/2024 03:00:00 - 14/10/2024 04:00:00","BZN|IE(SEM)","Without sequence","104.0","",""
"14/10/2024 04:00:00 - 14/10/2024 05:00:00","BZN|IE(SEM)","Without sequence","104.0","",""
"14/10/2024 05:00:00 - 14/10/2024 06:00:00","BZN|IE(SEM)","Without sequence","104.57","",""
"14/10/2024 06:00:00 - 14/10/2024 07:00:00","BZN|IE(SEM)","Without sequence","120.88","",""
"14/10/2024 07:00:00 - 14/10/2024 08:00:00","BZN|IE(SEM)","Without sequence","179.62","",""
"14/10/2024 08:00:00 - 14/10/2024 09:00:00","BZN|IE(SEM)","Without sequence","203.17","",""
"14/10/2024 09:00:00 - 14/10/2024 10:00:00","BZN|IE(SEM)","Without sequence","294.0","",""
"14/10/2024 10:00:00 - 14/10/2024 11:00:00","BZN|IE(SEM)","Without sequence","269.0","",""
"14/10/2024 11:00:00 - 14/10/2024 12:00:00","BZN|IE(SEM)","Without sequence","299.0","",""
"14/10/2024 12:00:00 - 14/10/2024 13:00:00","BZN|IE(SEM)","Without sequence","232.57","",""
"14/10/2024 13:00:00 - 14/10/2024 14:00:00","BZN|IE(SEM)","Without sequence","200.0","",""
"14/10/2024 14:00:00 - 14/10/2024 15:00:00","BZN|IE(SEM)","Without sequence","162.22","",""
"14/10/2024 15:00:00 - 14/10/2024 16:00:00","BZN|IE(SEM)","Without sequence","155.06","",""
"14/10/2024 16:00:00 - 14/10/2024 17:00:00","BZN|IE(SEM)","Without sequence","160.0","",""
"14/10/2024 17:00:00 - 14/10/2024 18:00:00","BZN|IE(SEM)","Without sequence","225.0","",""
"14/10/2024 18:00:00 - 14/10/2024 19:00:00","BZN|IE(SEM)","Without sequence","275.89","",""
"14/10/2024 19:00:00 - 14/10/2024 20:00:00","BZN|IE(SEM)","Without sequence","271.8","",""
"14/10/2024 20:00:00 - 14/10/2024 21:00:00","BZN|IE(SEM)","Without sequence","187.67","",""
"14/10/2024 21:00:00 - 14/10/2024 22:00:00","BZN|IE(SEM)","Without sequence","142.37","",""
"14/10/2024 22:00:00 - 14/10/2024 23:00:00","BZN|IE(SEM)","Without sequence","110.77","",""
"14/10/2024 23:00:00 - 15/10/2024 00:00:00","BZN|IE(SEM)","Without sequence","106.6","",""
"15/10/2024 00:00:00 - 15/10/2024 01:00:00","BZN|IE(SEM)","Without sequence","118.5","",""
"15/10/2024 01:00:00 - 15/10/2024 02:00:00","BZN|IE(SEM)","Without sequence","110.02","",""
"15/10/2024 02:00:00 - 15/10/2024 03:00:00","BZN|IE(SEM)","Without sequence","101.6","",""
"15/10/2024 03:00:00 - 15/10/2024 04:00:00","BZN|IE(SEM)","Without sequence","97.42","",""
"15/10/2024 04:00:00 - 15/10/2024 05:00:00","BZN|IE(SEM)","Without sequence","97.42","",""
"15/10/2024 05:00:00 - 15/10/2024 06:00:00","BZN|IE(SEM)","Without sequence","96.04","",""
"15/10/2024 06:00:00 - 15/10/2024 07:00:00","BZN|IE(SEM)","Without sequence","106.0","",""
"15/10/2024 07:00:00 - 15/10/2024 08:00:00","BZN|IE(SEM)","Without sequence","123.51","",""
"15/10/2024 08:00:00 - 15/10/2024 09:00:00","BZN|IE(SEM)","Without sequence","152.0","",""
"15/10/2024 09:00:00 - 15/10/2024 10:00:00","BZN|IE(SEM)","Without sequence","135.0","",""
"15/10/2024 10:00:00 - 15/10/2024 11:00:00","BZN|IE(SEM)","Without sequence","120.68","",""
"15/10/2024 11:00:00 - 15/10/2024 12:00:00","BZN|IE(SEM)","Without sequence","102.36","",""
"15/10/2024 12:00:00 - 15/10/2024 13:00:00","BZN|IE(SEM)","Without sequence","97.82","",""
"15/10/2024 13:00:00 - 15/10/2024 14:00:00","BZN|IE(SEM)","Without sequence","92.47","",""
"15/10/2024 14:00:00 - 15/10/2024 15:00:00","BZN|IE(SEM)","Without sequence","88.5","",""
"15/10/2024 15:00:00 - 15/10/2024 16:00:00","BZN|IE(SEM)","Without sequence","88.5","",""
"15/10/2024 16:00:00 - 15/10/2024 17:00:00","BZN|IE(SEM)","Without sequence","92.0","",""
"15/10/2024 17:00:00 - 15/10/2024 18:00:00","BZN|IE(SEM)","Without sequence","112.55","",""
"15/10/2024 18:00:00 - 15/10/2024 19:00:00","BZN|IE(SEM)","Without sequence","133.39","",""
"15/10/2024 19:00:00 - 15/10/2024 20:00:00","BZN|IE(SEM)","Without sequence","128.3","",""
"15/10/2024 20:00:00 - 15/10/2024 21:00:00","BZN|IE(SEM)","Without sequence","109.14","",""
"15/10/2024 21:00:00 - 15/10/2024 22:00:00","BZN|IE(SEM)","Without sequence","102.33","",""
"15/10/2024 22:00:00 - 15/10/2024 23:00:00","BZN|IE(SEM)","Without sequence","95.37","",""
"15/10/2024 23:00:00 - 16/10/2024 00:00:00","BZN|IE(SEM)","Without sequence","75.65","",""
"16/10/2024 00:00:00 - 16/10/2024 01:00:00","BZN|IE(SEM)","Without sequence","38.01","",""
"16/10/2024 01:00:00 - 16/10/2024 02:00:00","BZN|IE(SEM)","Without sequence","25.0","",""
"16/10/2024 02:00:00 - 16/10/2024 03:00:00","BZN|IE(SEM)","Without sequence","33.0","",""
"16/10/2024 03:00:00 - 16/10/2024 04:00:00","BZN|IE(SEM)","Without sequence","53.4","",""
"16/10/2024 04:00:00 - 16/10/2024 05:00:00","BZN|IE(SEM)","Without sequence","61.14","",""
"16/10/2024 05:00:00 - 16/10/2024 06:00:00","BZN|IE(SEM)","Without sequence","65.93","",""
"16/10/2024 06:00:00 - 16/10/2024 07:00:00","BZN|IE(SEM)","Without sequence","85.2","",""
"16/10/2024 07:00:00 - 16/10/2024 08:00:00","BZN|IE(SEM)","Without sequence","100.0","",""
"16/10/2024 08:00:00 - 16/10/2024 09:00:00","BZN|IE(SEM)","Without sequence","148.0","",""
"16/10/2024 09:00:00 - 16/10/2024 10:00:00","BZN|IE(SEM)","Without sequence","185.81","",""
"16/10/2024 10:00:00 - 16/10/2024 11:00:00","BZN|IE(SEM)","Without sequence","220.0","",""
"16/10/2024 11:00:00 - 16/10/2024 12:00:00","BZN|IE(SEM)","Without sequence","245.0","",""
"16/10/2024 12:00:00 - 16/10/2024 13:00:00","BZN|IE(SEM)","Without sequence","266.0","",""
"16/10/2024 13:00:00 - 16/10/2024 14:00:00","BZN|IE(SEM)","Without sequence","270.0","",""
"16/10/2024 14:00:00 - 16/10/2024 15:00:00","BZN|IE(SEM)","Without sequence","268.8","",""
"16/10/2024 15:00:00 - 16/10/2024 16:00:00","BZN|IE(SEM)","Without sequence","270.0","",""
"16/10/2024 16:00:00 - 16/10/2024 17:00:00","BZN|IE(SEM)","Without sequence","298.25","",""
"16/10/2024 17:00:00 - 16/10/2024 18:00:00","BZN|IE(SEM)","Without sequence","280.0","",""
"16/10/2024 18:00:00 - 16/10/2024 19:00:00","BZN|IE(SEM)","Without sequence","298.25","",""
"16/10/2024 19:00:00 - 16/10/2024 20:00:00","BZN|IE(SEM)","Without sequence","308.06","",""
"16/10/2024 20:00:00 - 16/10/2024 21:00:00","BZN|IE(SEM)","Without sequence","306.0","",""
"16/10/2024 21:00:00 - 16/10/2024 22:00:00","BZN|IE(SEM)","Without sequence","290.0","",""
"16/10/2024 22:00:00 - 16/10/2024 23:00:00","BZN|IE(SEM)","Without sequence","233.2","",""
"16/10/2024 23:00:00 - 17/10/2024 00:00:00","BZN|IE(SEM)","Without sequence","152.45","",""
"17/10/2024 00:00:00 - 17/10/2024 01:00:00","BZN|IE(SEM)","Without sequence","107.41","",""
"17/10/2024 01:00:00 - 17/10/2024 02:00:00","BZN|IE(SEM)","Without sequence","103.2","",""
"17/10/2024 02:00:00 - 17/10/2024 03:00:00","BZN|IE(SEM)","Without sequence","100.74","",""
"17/10/2024 03:00:00 - 17/10/2024 04:00:00","BZN|IE(SEM)","Without sequence","98.94","",""
"17/10/2024 04:00:00 - 17/10/2024 05:00:00","BZN|IE(SEM)","Without sequence","91.36","",""
"17/10/2024 05:00:00 - 17/10/2024 06:00:00","BZN|IE(SEM)","Without sequence","89.6","",""
"17/10/2024 06:00:00 - 17/10/2024 07:00:00","BZN|IE(SEM)","Without sequence","91.68","",""
"17/10/2024 07:00:00 - 17/10/2024 08:00:00","BZN|IE(SEM)","Without sequence","118.01","",""
"17/10/2024 08:00:00 - 17/10/2024 09:00:00","BZN|IE(SEM)","Without sequence","163.75","",""
"17/10/2024 09:00:00 - 17/10/2024 10:00:00","BZN|IE(SEM)","Without sequence","232.54","",""
"17/10/2024 10:00:00 - 17/10/2024 11:00:00","BZN|IE(SEM)","Without sequence","229.53","",""
"17/10/2024 11:00:00 - 17/10/2024 12:00:00","BZN|IE(SEM)","Without sequence","194.69","",""
"17/10/2024 12:00:00 - 17/10/2024 13:00:00","BZN|IE(SEM)","Without sequence","152.4","",""
"17/10/2024 13:00:00 - 17/10/2024 14:00:00","BZN|IE(SEM)","Without sequence","136.0","",""
"17/10/2024 14:00:00 - 17/10/2024 15:00:00","BZN|IE(SEM)","Without sequence","107.95","",""
"17/10/2024 15:00:00 - 17/10/2024 16:00:00","BZN|IE(SEM)","Without sequence","102.69","",""
"17/10/2024 16:00:00 - 17/10/2024 17:00:00","BZN|IE(SEM)","Without sequence","112.3","",""
"17/10/2024 17:00:00 - 17/10/2024 18:00:00","BZN|IE(SEM)","Without sequence","136.58","",""
"17/10/2024 18:00:00 - 17/10/2024 19:00:00","BZN|IE(SEM)","Without sequence","227.2","",""
"17/10/2024 19:00:00 - 17/10/2024 20:00:00","BZN|IE(SEM)","Without sequence","267.67","",""
"17/10/2024 20:00:00 - 17/10/2024 21:00:00","BZN|IE(SEM)","Without sequence","247.59","",""
"17/10/2024 21:00:00 - 17/10/2024 22:00:00","BZN|IE(SEM)","Without sequence","177.7","",""
"17/10/2024 22:00:00 - 17/10/2024 23:00:00","BZN|IE(SEM)","Without sequence","129.05","",""
"17/10/2024 23:00:00 - 18/10/2024 00:00:00","BZN|IE(SEM)","Without sequence","110.01","",""
"18/10/2024 00:00:00 - 18/10/2024 01:00:00","BZN|IE(SEM)","Without sequence","101.87","",""
"18/10/2024 01:00:00 - 18/10/2024 02:00:00","BZN|IE(SEM)","Without sequence","89.8","",""
"18/10/2024 02:00:00 - 18/10/2024 03:00:00","BZN|IE(SEM)","Without sequence","88.0","",""
"18/10/2024 03:00:00 - 18/10/2024 04:00:00","BZN|IE(SEM)","Without sequence","82.56","",""
"18/10/2024 04:00:00 - 18/10/2024 05:00:00","BZN|IE(SEM)","Without sequence","78.97","",""
"18/10/2024 05:00:00 - 18/10/2024 06:00:00","BZN|IE(SEM)","Without sequence","52.68","",""
"18/10/2024 06:00:00 - 18/10/2024 07:00:00","BZN|IE(SEM)","Without sequence","35.0","",""
"18/10/2024 07:00:00 - 18/10/2024 08:00:00","BZN|IE(SEM)","Without sequence","76.16","",""
"18/10/2024 08:00:00 - 18/10/2024 09:00:00","BZN|IE(SEM)","Without sequence","94.54","",""
"18/10/2024 09:00:00 - 18/10/2024 10:00:00","BZN|IE(SEM)","Without sequence","100.73","",""
"18/10/2024 10:00:00 - 18/10/2024 11:00:00","BZN|IE(SEM)","Without sequence","90.12","",""
"18/10/2024 11:00:00 - 18/10/2024 12:00:00","BZN|IE(SEM)","Without sequence","82.39","",""
"18/10/2024 12:00:00 - 18/10/2024 13:00:00","BZN|IE(SEM)","Without sequence","81.16","",""
"18/10/2024 13:00:00 - 18/10/2024 14:00:00","BZN|IE(SEM)","Without sequence","80.05","",""
"18/10/2024 14:00:00 - 18/10/2024 15:00:00","BZN|IE(SEM)","Without sequence","80.35","",""
"18/10/2024 15:00:00 - 18/10/2024 16:00:00","BZN|IE(SEM)","Without sequence","82.3","",""
"18/10/2024 16:00:00 - 18/10/2024 17:00:00","BZN|IE(SEM)","Without sequence","89.26","",""
"18/10/2024 17:00:00 - 18/10/2024 18:00:00","BZN|IE(SEM)","Without sequence","111.63","",""
"18/10/2024 18:00:00 - 18/10/2024 19:00:00","BZN|IE(SEM)","Without sequence","141.19","",""
"18/10/2024 19:00:00 - 18/10/2024 20:00:00","BZN|IE(SEM)","Without sequence","157.55","",""
"18/10/2024 20:00:00 - 18/10/2024 21:00:00","BZN|IE(SEM)","Without sequence","157.05","",""
"18/10/2024 21:00:00 - 18/10/2024 22:00:00","BZN|IE(SEM)","Without sequence","150.47","",""
"18/10/2024 22:00:00 - 18/10/2024 23:00:00","BZN|IE(SEM)","Without sequence","116.0","",""
"18/10/2024 23:00:00 - 19/10/2024 00:00:00","BZN|IE(SEM)","Without sequence","99.55","",""
"19/10/2024 00:00:00 - 19/10/2024 01:00:00","BZN|IE(SEM)","Without sequence","91.9","",""
"19/10/2024 01:00:00 - 19/10/2024 02:00:00","BZN|IE(SEM)","Without sequence","93.87","",""
"19/10/2024 02:00:00 - 19/10/2024 03:00:00","BZN|IE(SEM)","Without sequence","96.02","",""
"19/10/2024 03:00:00 - 19/10/2024 04:00:00","BZN|IE(SEM)","Without sequence","96.17","",""
"19/10/2024 04:00:00 - 19/10/2024 05:00:00","BZN|IE(SEM)","Without sequence","92.0","",""
"19/10/2024 05:00:00 - 19/10/2024 06:00:00","BZN|IE(SEM)","Without sequence","94.0","",""
"19/10/2024 06:00:00 - 19/10/2024 07:00:00","BZN|IE(SEM)","Without sequence","91.78","",""
"19/10/2024 07:00:00 - 19/10/2024 08:00:00","BZN|IE(SEM)","Without sequence","110.0","",""
"19/10/2024 08:00:00 - 19/10/2024 09:00:00","BZN|IE(SEM)","Without sequence","113.04","",""
"19/10/2024 09:00:00 - 19/10/2024 10:00:00","BZN|IE(SEM)","Without sequence","135.0","",""
"19/10/2024 10:00:00 - 19/10/2024 11:00:00","BZN|IE(SEM)","Without sequence","143.1","",""
"19/10/2024 11:00:00 - 19/10/2024 12:00:00","BZN|IE(SEM)","Without sequence","138.27","",""
"19/10/2024 12:00:00 - 19/10/2024 13:00:00","BZN|IE(SEM)","Without sequence","120.0","",""
"19/10/2024 13:00:00 - 19/10/2024 14:00:00","BZN|IE(SEM)","Without sequence","105.0","",""
"19/10/2024 14:00:00 - 19/10/2024 15:00:00","BZN|IE(SEM)","Without sequence","98.0","",""
"19/10/2024 15:00:00 - 19/10/2024 16:00:00","BZN|IE(SEM)","Without sequence","95.91","",""
"19/10/2024 16:00:00 - 19/10/2024 17:00:00","BZN|IE(SEM)","Without sequence","106.31","",""
"19/10/2024 17:00:00 - 19/10/2024 18:00:00","BZN|IE(SEM)","Without sequence","137.07","",""
"19/10/2024 18:00:00 - 19/10/2024 19:00:00","BZN|IE(SEM)","Without sequence","171.11","",""
"19/10/2024 19:00:00 - 19/10/2024 20:00:00","BZN|IE(SEM)","Without sequence","155.37","",""
"19/10/2024 20:00:00 - 19/10/2024 21:00:00","BZN|IE(SEM)","Without sequence","133.61","",""
"19/10/2024 21:00:00 - 19/10/2024 22:00:00","BZN|IE(SEM)","Without sequence","107.85","",""
"19/10/2024 22:00:00 - 19/10/2024 23:00:00","BZN|IE(SEM)","Without sequence","95.0","",""
"19/10/2024 23:00:00 - 20/10/2024 00:00:00","BZN|IE(SEM)","Without sequence","80.0","",""
"20/10/2024 00:00:00 - 20/10/2024 01:00:00","BZN|IE(SEM)","Without sequence","80.0","",""
"20/10/2024 01:00:00 - 20/10/2024 02:00:00","BZN|IE(SEM)","Without sequence","49.7","",""
"20/10/2024 02:00:00 - 20/10/2024 03:00:00","BZN|IE(SEM)","Without sequence","15.0","",""
"20/10/2024 03:00:00 - 20/10/2024 04:00:00","BZN|IE(SEM)","Without sequence","13.59","",""
"20/10/2024 04:00:00 - 20/10/2024 05:00:00","BZN|IE(SEM)","Without sequence","5.0","",""
"20/10/2024 05:00:00 - 20/10/2024 06:00:00","BZN|IE(SEM)","Without sequence","1.7","",""
"20/10/2024 06:00:00 - 20/10/2024 07:00:00","BZN|IE(SEM)","Without sequence","0.0","",""
"20/10/2024 07:00:00 - 20/10/2024 08:00:00","BZN|IE(SEM)","Without sequence","0.0","",""
"20/10/2024 08:00:00 - 20/10/2024 09:00:00","BZN|IE(SEM)","Without sequence","0.0","",""
"20/10/2024 09:00:00 - 20/10/2024 10:00:00","BZN|IE(SEM)","Without sequence","5.0","",""
"20/10/2024 10:00:00 - 20/10/2024 11:00:00","BZN|IE(SEM)","Without sequence","10.91","",""
"20/10/2024 11:00:00 - 20/10/2024 12:00:00","BZN|IE(SEM)","Without sequence","10.56","",""
"20/10/2024 12:00:00 - 20/10/2024 13:00:00","BZN|IE(SEM)","Without sequence","9.72","",""
"20/10/2024 13:00:00 - 20/10/2024 14:00:00","BZN|IE(SEM)","Without sequence","16.63","",""
"20/10/2024 14:00:00 - 20/10/2024 15:00:00","BZN|IE(SEM)","Without sequence","17.72","",""
"20/10/2024 15:00:00 - 20/10/2024 16:00:00","BZN|IE(SEM)","Without sequence","15.86","",""
"20/10/2024 16:00:00 - 20/10/2024 17:00:00","BZN|IE(SEM)","Without sequence","25.0","",""
"20/10/2024 17:00:00 - 20/10/2024 18:00:00","BZN|IE(SEM)","Without sequence","53.04","",""
"20/10/2024 18:00:00 - 20/10/2024 19:00:00","BZN|IE(SEM)","Without sequence","89.99","",""
"20/10/2024 19:00:00 - 20/10/2024 20:00:00","BZN|IE(SEM)","Without sequence","101.31","",""
"20/10/2024 20:00:00 - 20/10/2024 21:00:00","BZN|IE(SEM)","Without sequence","83.53","",""
"20/10/2024 21:00:00 - 20/10/2024 22:00:00","BZN|IE(SEM)","Without sequence","42.03","",""
"20/10/2024 22:00:00 - 20/10/2024 23:00:00","BZN|IE(SEM)","Without sequence","15.0","",""
"20/10/2024 23:00:00 - 21/10/2024 00:00:00","BZN|IE(SEM)","Without sequence","0.0","",""
"21/10/2024 00:00:00 - 21/10/2024 01:00:00","BZN|IE(SEM)","Without sequence","0.0","",""
"21/10/2024 01:00:00 - 21/10/2024 02:00:00","BZN|IE(SEM)","Without sequence","0.0","",""
"21/10/2024 02:00:00 - 21/10/2024 03:00:00","BZN|IE(SEM)","Without sequence","0.0","",""
"21/10/2024 03:00:00 - 21/10/2024 04:00:00","BZN|IE(SEM)","Without sequence","0.0","",""
"21/10/2024 04:00:00 - 21/10/2024 05:00:00","BZN|IE(SEM)","Without sequence","0.0","",""
"21/10/2024 05:00:00 - 21/10/2024 06:00:00","BZN|IE(SEM)","Without sequence","0.06","",""
"21/10/2024 06:00:00 - 21/10/2024 07:00:00","BZN|IE(SEM)","Without sequence","15.06","",""
"21/10/2024 07:00:00 - 21/10/2024 08:00:00","BZN|IE(SEM)","Without sequence","83.0","",""
"21/10/2024 08:00:00 - 21/10/2024 09:00:00","BZN|IE(SEM)","Without sequence","106.01","",""
"21/10/2024 09:00:00 - 21/10/2024 10:00:00","BZN|IE(SEM)","Without sequence","127.0","",""
"21/10/2024 10:00:00 - 21/10/2024 11:00:00","BZN|IE(SEM)","Without sequence","125.0","",""
"21/10/2024 11:00:00 - 21/10/2024 12:00:00","BZN|IE(SEM)","Without sequence","108.03","",""
"21/10/2024 12:00:00 - 21/10/2024 13:00:00","BZN|IE(SEM)","Without sequence","94.64","",""
"21/10/2024 13:00:00 - 21/10/2024 14:00:00","BZN|IE(SEM)","Without sequence","88.35","",""
"21/10/2024 14:00:00 - 21/10/2024 15:00:00","BZN|IE(SEM)","Without sequence","84.34","",""
"21/10/2024 15:00:00 - 21/10/2024 16:00:00","BZN|IE(SEM)","Without sequence","86.17","",""
"21/10/2024 16:00:00 - 21/10/2024 17:00:00","BZN|IE(SEM)","Without sequence","88.11","",""
"21/10/2024 17:00:00 - 21/10/2024 18:00:00","BZN|IE(SEM)","Without sequence","100.27","",""
"21/10/2024 18:00:00 - 21/10/2024 19:00:00","BZN|IE(SEM)","Without sequence","135.91","",""
"21/10/2024 19:00:00 - 21/10/2024 20:00:00","BZN|IE(SEM)","Without sequence","150.33","",""
"21/10/2024 20:00:00 - 21/10/2024 21:00:00","BZN|IE(SEM)","Without sequence","128.0","",""
"21/10/2024 21:00:00 - 21/10/2024 22:00:00","BZN|IE(SEM)","Without sequence","106.07","",""
"21/10/2024 22:00:00 - 21/10/2024 23:00:00","BZN|IE(SEM)","Without sequence","102.86","",""
"21/10/2024 23:00:00 - 22/10/2024 00:00:00","BZN|IE(SEM)","Without sequence","107.0","",""
"22/10/2024 00:00:00 - 22/10/2024 01:00:00","BZN|IE(SEM)","Without sequence","98.41","",""
"22/10/2024 01:00:00 - 22/10/2024 02:00:00","BZN|IE(SEM)","Without sequence","98.16","",""
"22/10/2024 02:00:00 - 22/10/2024 03:00:00","BZN|IE(SEM)","Without sequence","100.92","",""
"22/10/2024 03:00:00 - 22/10/2024 04:00:00","BZN|IE(SEM)","Without sequence","100.69","",""
"22/10/2024 04:00:00 - 22/10/2024 05:00:00","BZN|IE(SEM)","Without sequence","101.88","",""
"22/10/2024 05:00:00 - 22/10/2024 06:00:00","BZN|IE(SEM)","Without sequence","104.06","",""
"22/10/2024 06:00:00 - 22/10/2024 07:00:00","BZN|IE(SEM)","Without sequence","120.0","",""
"22/10/2024 07:00:00 - 22/10/2024 08:00:00","BZN|IE(SEM)","Without sequence","125.78","",""
"22/10/2024 08:00:00 - 22/10/2024 09:00:00","BZN|IE(SEM)","Without sequence","178.07","",""
"22/10/2024 09:00:00 - 22/10/2024 10:00:00","BZN|IE(SEM)","Without sequence","222.1","",""
"22/10/2024 10:00:00 - 22/10/2024 11:00:00","BZN|IE(SEM)","Without sequence","216.2","",""
"22/10/2024 11:00:00 - 22/10/2024 12:00:00","BZN|IE(SEM)","Without sequence","240.0","",""
"22/10/2024 12:00:00 - 22/10/2024 13:00:00","BZN|IE(SEM)","Without sequence","218.1","",""
"22/10/2024 13:00:00 - 22/10/2024 14:00:00","BZN|IE(SEM)","Without sequence","182.1","",""
"22/10/2024 14:00:00 - 22/10/2024 15:00:00","BZN|IE(SEM)","Without sequence","159.15","",""
"22/10/2024 15:00:00 - 22/10/2024 16:00:00","BZN|IE(SEM)","Without sequence","146.0","",""
"22/10/2024 16:00:00 - 22/10/2024 17:00:00","BZN|IE(SEM)","Without sequence","160.0","",""
"22/10/2024 17:00:00 - 22/10/2024 18:00:00","BZN|IE(SEM)","Without sequence","207.0","",""
"22/10/2024 18:00:00 - 22/10/2024 19:00:00","BZN|IE(SEM)","Without sequence","240.0","",""
"22/10/2024 19:00:00 - 22/10/2024 20:00:00","BZN|IE(SEM)","Without sequence","262.2","",""
"22/10/2024 20:00:00 - 22/10/2024 21:00:00","BZN|IE(SEM)","Without sequence","265.3","",""
"22/10/2024 21:00:00 - 22/10/2024 22:00:00","BZN|IE(SEM)","Without sequence","168.0","",""
"22/10/2024 22:00:00 - 22/10/2024 23:00:00","BZN|IE(SEM)","Without sequence","121.2","",""
"22/10/2024 23:00:00 - 23/10/2024 00:00:00","BZN|IE(SEM)","Without sequence","104.84","",""
"23/10/2024 00:00:00 - 23/10/2024 01:00:00","BZN|IE(SEM)","Without sequence","111.59","",""
"23/10/2024 01:00:00 - 23/10/2024 02:00:00","BZN|IE(SEM)","Without sequence","104.0","",""
"23/10/2024 02:00:00 - 23/10/2024 03:00:00","BZN|IE(SEM)","Without sequence","98.2","",""
"23/10/2024 03:00:00 - 23/10/2024 04:00:00","BZN|IE(SEM)","Without sequence","93.39","",""
"23/10/2024 04:00:00 - 23/10/2024 05:00:00","BZN|IE(SEM)","Without sequence","92.65","",""
"23/10/2024 05:00:00 - 23/10/2024 06:00:00","BZN|IE(SEM)","Without sequence","92.97","",""
"23/10/2024 06:00:00 - 23/10/2024 07:00:00","BZN|IE(SEM)","Without sequence","100.78","",""
"23/10/2024 07:00:00 - 23/10/2024 08:00:00","BZN|IE(SEM)","Without sequence","110.0","",""
"23/10/2024 08:00:00 - 23/10/2024 09:00:00","BZN|IE(SEM)","Without sequence","150.06","",""
"23/10/2024 09:00:00 - 23/10/2024 10:00:00","BZN|IE(SEM)","Without sequence","132.47","",""
"23/10/2024 10:00:00 - 23/10/2024 11:00:00","BZN|IE(SEM)","Without sequence","125.72","",""
"23/10/2024 11:00:00 - 23/10/2024 12:00:00","BZN|IE(SEM)","Without sequence","107.13","",""
"23/10/2024 12:00:00 - 23/10/2024 13:00:00","BZN|IE(SEM)","Without sequence","96.01","",""
"23/10/2024 13:00:00 - 23/10/2024 14:00:00","BZN|IE(SEM)","Without sequence","99.21","",""
"23/10/2024 14:00:00 - 23/10/2024 15:00:00","BZN|IE(SEM)","Without sequence","93.16","",""
"23/10/2024 15:00:00 - 23/10/2024 16:00:00","BZN|IE(SEM)","Without sequence","93.16","",""
"23/10/2024 16:00:00 - 23/10/2024 17:00:00","BZN|IE(SEM)","Without sequence","97.54","",""
"23/10/2024 17:00:00 - 23/10/2024 18:00:00","BZN|IE(SEM)","Without sequence","112.0","",""
"23/10/2024 18:00:00 - 23/10/2024 19:00:00","BZN|IE(SEM)","Without sequence","149.9","",""
"23/10/2024 19:00:00 - 23/10/2024 20:00:00","BZN|IE(SEM)","Without sequence","157.2","",""
"23/10/2024 20:00:00 - 23/10/2024 21:00:00","BZN|IE(SEM)","Without sequence","115.09","",""
"23/10/2024 21:00:00 - 23/10/2024 22:00:00","BZN|IE(SEM)","Without sequence","98.44","",""
"23/10/2024 22:00:00 - 23/10/2024 23:00:00","BZN|IE(SEM)","Without sequence","91.21","",""
"23/10/2024 23:00:00 - 24/10/2024 00:00:00","BZN|IE(SEM)","Without sequence","67.82","",""
"24/10/2024 00:00:00 - 24/10/2024 01:00:00","BZN|IE(SEM)","Without sequence","24.06","",""
"24/10/2024 01:00:00 - 24/10/2024 02:00:00","BZN|IE(SEM)","Without sequence","25.01","",""
"24/10/2024 02:00:00 - 24/10/2024 03:00:00","BZN|IE(SEM)","Without sequence","22.25","",""
"24/10/2024 03:00:00 - 24/10/2024 04:00:00","BZN|IE(SEM)","Without sequence","24.0","",""
"24/10/2024 04:00:00 - 24/10/2024 05:00:00","BZN|IE(SEM)","Without sequence","20.0","",""
"24/10/2024 05:00:00 - 24/10/2024 06:00:00","BZN|IE(SEM)","Without sequence","20.0","",""
"24/10/2024 06:00:00 - 24/10/2024 07:00:00","BZN|IE(SEM)","Without sequence","12.03","",""
"24/10/2024 07:00:00 - 24/10/2024 08:00:00","BZN|IE(SEM)","Without sequence","73.64","",""
"24/10/2024 08:00:00 - 24/10/2024 09:00:00","BZN|IE(SEM)","Without sequence","117.6","",""
"24/10/2024 09:00:00 - 24/10/2024 10:00:00","BZN|IE(SEM)","Without sequence","115.0","",""
"24/10/2024 10:00:00 - 24/10/2024 11:00:00","BZN|IE(SEM)","Without sequence","105.0","",""
"24/10/2024 11:00:00 - 24/10/2024 12:00:00","BZN|IE(SEM)","Without sequence","97.67","",""
"24/10/2024 12:00:00 - 24/10/2024 13:00:00","BZN|IE(SEM)","Without sequence","91.85","",""
"24/10/2024 13:00:00 - 24/10/2024 14:00:00","BZN|IE(SEM)","Without sequence","90.5","",""
"24/10/2024 14:00:00 - 24/10/2024 15:00:00","BZN|IE(SEM)","Without sequence","95.56","",""
"24/10/2024 15:00:00 - 24/10/2024 16:00:00","BZN|IE(SEM)","Without sequence","100.64","",""
"24/10/2024 16:00:00 - 24/10/2024 17:00:00","BZN|IE(SEM)","Without sequence","113.78","",""
"24/10/2024 17:00:00 - 24/10/2024 18:00:00","BZN|IE(SEM)","Without sequence","136.8","",""
"24/10/2024 18:00:00 - 24/10/2024 19:00:00","BZN|IE(SEM)","Without sequence","156.0","",""
"24/10/2024 19:00:00 - 24/10/2024 20:00:00","BZN|IE(SEM)","Without sequence","165.0","",""
"24/10/2024 20:00:00 - 24/10/2024 21:00:00","BZN|IE(SEM)","Without sequence","170.0","",""
"24/10/2024 21:00:00 - 24/10/2024 22:00:00","BZN|IE(SEM)","Without sequence","141.07","",""
"24/10/2024 22:00:00 - 24/10/2024 23:00:00","BZN|IE(SEM)","Without sequence","113.0","",""
"24/10/2024 23:00:00 - 25/10/2024 00:00:00","BZN|IE(SEM)","Without sequence","104.0","",""
"25/10/2024 00:00:00 - 25/10/2024 01:00:00","BZN|IE(SEM)","Without sequence","102.54","",""
"25/10/2024 01:00:00 - 25/10/2024 02:00:00","BZN|IE(SEM)","Without sequence","103.3","",""
"25/10/2024 02:00:00 - 25/10/2024 03:00:00","BZN|IE(SEM)","Without sequence","106.3","",""
"25/10/2024 03:00:00 - 25/10/2024 04:00:00","BZN|IE(SEM)","Without sequence","111.93","",""
"25/10/2024 04:00:00 - 25/10/2024 05:00:00","BZN|IE(SEM)","Without sequence","106.0","",""
"25/10/2024 05:00:00 - 25/10/2024 06:00:00","BZN|IE(SEM)","Without sequence","105.2","",""
"25/10/2024 06:00:00 - 25/10/2024 07:00:00","BZN|IE(SEM)","Without sequence","109.79","",""
"25/10/2024 07:00:00 - 25/10/2024 08:00:00","BZN|IE(SEM)","Without sequence","117.46","",""
"25/10/2024 08:00:00 - 25/10/2024 09:00:00","BZN|IE(SEM)","Without sequence","145.37","",""
"25/10/2024 09:00:00 - 25/10/2024 10:00:00","BZN|IE(SEM)","Without sequence","135.0","",""
"25/10/2024 10:00:00 - 25/10/2024 11:00:00","BZN|IE(SEM)","Without sequence","134.01","",""
"25/10/2024 11:00:00 - 25/10/2024 12:00:00","BZN|IE(SEM)","Without sequence","126.41","",""
"25/10/2024 12:00:00 - 25/10/2024 13:00:00","BZN|IE(SEM)","Without sequence","125.0","",""
"25/10/2024 13:00:00 - 25/10/2024 14:00:00","BZN|IE(SEM)","Without sequence","117.81","",""
"25/10/2024 14:00:00 - 25/10/2024 15:00:00","BZN|IE(SEM)","Without sequence","112.45","",""
"25/10/2024 15:00:00 - 25/10/2024 16:00:00","BZN|IE(SEM)","Without sequence","104.06","",""
"25/10/2024 16:00:00 - 25/10/2024 17:00:00","BZN|IE(SEM)","Without sequence","124.73","",""
"25/10/2024 17:00:00 - 25/10/2024 18:00:00","BZN|IE(SEM)","Without sequence","162.26","",""
"25/10/2024 18:00:00 - 25/10/2024 19:00:00","BZN|IE(SEM)","Without sequence","207.0","",""
"25/10/2024 19:00:00 - 25/10/2024 20:00:00","BZN|IE(SEM)","Without sequence","216.37","",""
"25/10/2024 20:00:00 - 25/10/2024 21:00:00","BZN|IE(SEM)","Without sequence","150.01","",""
"25/10/2024 21:00:00 - 25/10/2024 22:00:00","BZN|IE(SEM)","Without sequence","130.56","",""
"25/10/2024 22:00:00 - 25/10/2024 23:00:00","BZN|IE(SEM)","Without sequence","122.85","",""
"25/10/2024 23:00:00 - 26/10/2024 00:00:00","BZN|IE(SEM)","Without sequence","110.72","",""
"26/10/2024 00:00:00 - 26/10/2024 01:00:00","BZN|IE(SEM)","Without sequence","119.92","",""
"26/10/2024 01:00:00 - 26/10/2024 02:00:00","BZN|IE(SEM)","Without sequence","114.85","",""
"26/10/2024 02:00:00 - 26/10/2024 03:00:00","BZN|IE(SEM)","Without sequence","116.0","",""
"26/10/2024 03:00:00 - 26/10/2024 04:00:00","BZN|IE(SEM)","Without sequence","111.58","",""
"26/10/2024 04:00:00 - 26/10/2024 05:00:00","BZN|IE(SEM)","Without sequence","109.1","",""
"26/10/2024 05:00:00 - 26/10/2024 06:00:00","BZN|IE(SEM)","Without sequence","109.1","",""
"26/10/2024 06:00:00 - 26/10/2024 07:00:00","BZN|IE(SEM)","Without sequence","105.0","",""
"26/10/2024 07:00:00 - 26/10/2024 08:00:00","BZN|IE(SEM)","Without sequence","117.82","",""
"26/10/2024 08:00:00 - 26/10/2024 09:00:00","BZN|IE(SEM)","Without sequence","141.4","",""
"26/10/2024 09:00:00 - 26/10/2024 10:00:00","BZN|IE(SEM)","Without sequence","148.0","",""
"26/10/2024 10:00:00 - 26/10/2024 11:00:00","BZN|IE(SEM)","Without sequence","155.04","",""
"26/10/2024 11:00:00 - 26/10/2024 12:00:00","BZN|IE(SEM)","Without sequence","134.5","",""
"26/10/2024 12:00:00 - 26/10/2024 13:00:00","BZN|IE(SEM)","Without sequence","110.5","",""
"26/10/2024 13:00:00 - 26/10/2024 14:00:00","BZN|IE(SEM)","Without sequence","99.18","",""
"26/10/2024 14:00:00 - 26/10/2024 15:00:00","BZN|IE(SEM)","Without sequence","97.2","",""
"26/10/2024 15:00:00 - 26/10/2024 16:00:00","BZN|IE(SEM)","Without sequence","93.51","",""
"26/10/2024 16:00:00 - 26/10/2024 17:00:00","BZN|IE(SEM)","Without sequence","97.2","",""
"26/10/2024 17:00:00 - 26/10/2024 18:00:00","BZN|IE(SEM)","Without sequence","112.0","",""
"26/10/2024 18:00:00 - 26/10/2024 19:00:00","BZN|IE(SEM)","Without sequence","140.35","",""
"26/10/2024 19:00:00 - 26/10/2024 20:00:00","BZN|IE(SEM)","Without sequence","148.53","",""
"26/10/2024 20:00:00 - 26/10/2024 21:00:00","BZN|IE(SEM)","Without sequence","130.88","",""
"26/10/2024 21:00:00 - 26/10/2024 22:00:00","BZN|IE(SEM)","Without sequence","110.2","",""
"26/10/2024 22:00:00 - 26/10/2024 23:00:00","BZN|IE(SEM)","Without sequence","110.87","",""
"26/10/2024 23:00:00 - 27/10/2024 00:00:00","BZN|IE(SEM)","Without sequence","103.06","",""
"27/10/2024 00:00:00 - 27/10/2024 01:00:00","BZN|IE(SEM)","Without sequence","171.11","",""
"27/10/2024 01:00:00 - 27/10/2024 02:00:00 (CEST)","BZN|IE(SEM)","Without sequence","180.2","",""
"27/10/2024 02:00:00 (CEST) - 27/10/2024 02:00:00 (CET)","BZN|IE(SEM)","Without sequence","196.2","",""
"27/10/2024 02:00:00 (CET) - 27/10/2024 03:00:00","BZN|IE(SEM)","Without sequence","203.0","",""
"27/10/2024 03:00:00 - 27/10/2024 04:00:00","BZN|IE(SEM)","Without sequence","163.6","",""
"27/10/2024 04:00:00 - 27/10/2024 05:00:00","BZN|IE(SEM)","Without sequence","137.93","",""
"27/10/2024 05:00:00 - 27/10/2024 06:00:00","BZN|IE(SEM)","Without sequence","115.45","",""
"27/10/2024 06:00:00 - 27/10/2024 07:00:00","BZN|IE(SEM)","Without sequence","122.01","",""
"27/10/2024 07:00:00 - 27/10/2024 08:00:00","BZN|IE(SEM)","Without sequence","148.45","",""
"27/10/2024 08:00:00 - 27/10/2024 09:00:00","BZN|IE(SEM)","Without sequence","106.45","",""
"27/10/2024 09:00:00 - 27/10/2024 10:00:00","BZN|IE(SEM)","Without sequence","110.07","",""
"27/10/2024 10:00:00 - 27/10/2024 11:00:00","BZN|IE(SEM)","Without sequence","102.0","",""
"27/10/2024 11:00:00 - 27/10/2024 12:00:00","BZN|IE(SEM)","Without sequence","100.89","",""
"27/10/2024 12:00:00 - 27/10/2024 13:00:00","BZN|IE(SEM)","Without sequence","95.0","",""
"27/10/2024 13:00:00 - 27/10/2024 14:00:00","BZN|IE(SEM)","Without sequence","93.48","",""
"27/10/2024 14:00:00 - 27/10/2024 15:00:00","BZN|IE(SEM)","Without sequence","100.3","",""
"27/10/2024 15:00:00 - 27/10/2024 16:00:00","BZN|IE(SEM)","Without sequence","96.01","",""
"27/10/2024 16:00:00 - 27/10/2024 17:00:00","BZN|IE(SEM)","Without sequence","102.03","",""
"27/10/2024 17:00:00 - 27/10/2024 18:00:00","BZN|IE(SEM)","Without sequence","128.01","",""
"27/10/2024 18:00:00 - 27/10/2024 19:00:00","BZN|IE(SEM)","Without sequence","140.43","",""
"27/10/2024 19:00:00 - 27/10/2024 20:00:00","BZN|IE(SEM)","Without sequence","120.56","",""
"27/10/2024 20:00:00 - 27/10/2024 21:00:00","BZN|IE(SEM)","Without sequence","110.0","",""
"27/10/2024 21:00:00 - 27/10/2024 22:00:00","BZN|IE(SEM)","Without sequence","101.3","",""
"27/10/2024 22:00:00 - 27/10/2024 23:00:00","BZN|IE(SEM)","Without sequence","92.01","",""
"27/10/2024 23:00:00 - 28/10/2024 00:00:00","BZN|IE(SEM)","Without sequence","80.08","",""
"28/10/2024 00:00:00 - 28/10/2024 01:00:00","BZN|IE(SEM)","Without sequence","87.07","",""
"28/10/2024 01:00:00 - 28/10/2024 02:00:00","BZN|IE(SEM)","Without sequence","80.76","",""
"28/10/2024 02:00:00 - 28/10/2024 03:00:00","BZN|IE(SEM)","Without sequence","81.0","",""
"28/10/2024 03:00:00 - 28/10/2024 04:00:00","BZN|IE(SEM)","Without sequence","77.0","",""
"28/10/2024 04:00:00 - 28/10/2024 05:00:00","BZN|IE(SEM)","Without sequence","72.96","",""
"28/10/2024 05:00:00 - 28/10/2024 06:00:00","BZN|IE(SEM)","Without sequence","85.47","",""
"28/10/2024 06:00:00 - 28/10/2024 07:00:00","BZN|IE(SEM)","Without sequence","99.0","",""
"28/10/2024 07:00:00 - 28/10/2024 08:00:00","BZN|IE(SEM)","Without sequence","115.96","",""
"28/10/2024 08:00:00 - 28/10/2024 09:00:00","BZN|IE(SEM)","Without sequence","111.88","",""
"28/10/2024 09:00:00 - 28/10/2024 10:00:00","BZN|IE(SEM)","Without sequence","115.05","",""
"28/10/2024 10:00:00 - 28/10/2024 11:00:00","BZN|IE(SEM)","Without sequence","123.16","",""
"28/10/2024 11:00:00 - 28/10/2024 12:00:00","BZN|IE(SEM)","Without sequence","127.74","",""
"28/10/2024 12:00:00 - 28/10/2024 13:00:00","BZN|IE(SEM)","Without sequence","124.36","",""
"28/10/2024 13:00:00 - 28/10/2024 14:00:00","BZN|IE(SEM)","Without sequence","138.29","",""
"28/10/2024 14:00:00 - 28/10/2024 15:00:00","BZN|IE(SEM)","Without sequence","137.5","",""
"28/10/2024 15:00:00 - 28/10/2024 16:00:00","BZN|IE(SEM)","Without sequence","139.0","",""
"28/10/2024 16:00:00 - 28/10/2024 17:00:00","BZN|IE(SEM)","Without sequence","152.46","",""
"28/10/2024 17:00:00 - 28/10/2024 18:00:00","BZN|IE(SEM)","Without sequence","194.99","",""
"28/10/2024 18:00:00 - 28/10/2024 19:00:00","BZN|IE(SEM)","Without sequence","223.03","",""
"28/10/2024 19:00:00 - 28/10/2024 20:00:00","BZN|IE(SEM)","Without sequence","230.0","",""
"28/10/2024 20:00:00 - 28/10/2024 21:00:00","BZN|IE(SEM)","Without sequence","189.8","",""
"28/10/2024 21:00:00 - 28/10/2024 22:00:00","BZN|IE(SEM)","Without sequence","171.11","",""
"28/10/2024 22:00:00 - 28/10/2024 23:00:00","BZN|IE(SEM)","Without sequence","140.16","",""
"28/10/2024 23:00:00 - 29/10/2024 00:00:00","BZN|IE(SEM)","Without sequence","114.46","",""
"29/10/2024 00:00:00 - 29/10/2024 01:00:00","BZN|IE(SEM)","Without sequence","110.83","",""
"29/10/2024 01:00:00 - 29/10/2024 02:00:00","BZN|IE(SEM)","Without sequence","111.11","",""
"29/10/2024 02:00:00 - 29/10/2024 03:00:00","BZN|IE(SEM)","Without sequence","108.07","",""
"29/10/2024 03:00:00 - 29/10/2024 04:00:00","BZN|IE(SEM)","Without sequence","106.16","",""
"29/10/2024 04:00:00 - 29/10/2024 05:00:00","BZN|IE(SEM)","Without sequence","105.69","",""
"29/10/2024 05:00:00 - 29/10/2024 06:00:00","BZN|IE(SEM)","Without sequence","107.01","",""
"29/10/2024 06:00:00 - 29/10/2024 07:00:00","BZN|IE(SEM)","Without sequence","112.0","",""
"29/10/2024 07:00:00 - 29/10/2024 08:00:00","BZN|IE(SEM)","Without sequence","124.26","",""
"29/10/2024 08:00:00 - 29/10/2024 09:00:00","BZN|IE(SEM)","Without sequence","165.9","",""
"29/10/2024 09:00:00 - 29/10/2024 10:00:00","BZN|IE(SEM)","Without sequence","225.0","",""
"29/10/2024 10:00:00 - 29/10/2024 11:00:00","BZN|IE(SEM)","Without sequence","220.68","",""
"29/10/2024 11:00:00 - 29/10/2024 12:00:00","BZN|IE(SEM)","Without sequence","209.0","",""
"29/10/2024 12:00:00 - 29/10/2024 13:00:00","BZN|IE(SEM)","Without sequence","207.97","",""
"29/10/2024 13:00:00 - 29/10/2024 14:00:00","BZN|IE(SEM)","Without sequence","214.71","",""
"29/10/2024 14:00:00 - 29/10/2024 15:00:00","BZN|IE(SEM)","Without sequence","204.3","",""
"29/10/2024 15:00:00 - 29/10/2024 16:00:00","BZN|IE(SEM)","Without sequence","209.9","",""
"29/10/2024 16:00:00 - 29/10/2024 17:00:00","BZN|IE(SEM)","Without sequence","236.0","",""
"29/10/2024 17:00:00 - 29/10/2024 18:00:00","BZN|IE(SEM)","Without sequence","293.9","",""
"29/10/2024 18:00:00 - 29/10/2024 19:00:00","BZN|IE(SEM)","Without sequence","315.0","",""
"29/10/2024 19:00:00 - 29/10/2024 20:00:00","BZN|IE(SEM)","Without sequence","302.0","",""
"29/10/2024 20:00:00 - 29/10/2024 21:00:00","BZN|IE(SEM)","Without sequence","270.85","",""
"29/10/2024 21:00:00 - 29/10/2024 22:00:00","BZN|IE(SEM)","Without sequence","244.45","",""
"29/10/2024 22:00:00 - 29/10/2024 23:00:00","BZN|IE(SEM)","Without sequence","179.89","",""
"29/10/2024 23:00:00 - 30/10/2024 00:00:00","BZN|IE(SEM)","Without sequence","150.93","",""
"30/10/2024 00:00:00 - 30/10/2024 01:00:00","BZN|IE(SEM)","Without sequence","123.35","",""
"30/10/2024 01:00:00 - 30/10/2024 02:00:00","BZN|IE(SEM)","Without sequence","118.16","",""
"30/10/2024 02:00:00 - 30/10/2024 03:00:00","BZN|IE(SEM)","Without sequence","112.4","",""
"30/10/2024 03:00:00 - 30/10/2024 04:00:00","BZN|IE(SEM)","Without sequence","112.4","",""
"30/10/2024 04:00:00 - 30/10/2024 05:00:00","BZN|IE(SEM)","Without sequence","112.4","",""
"30/10/2024 05:00:00 - 30/10/2024 06:00:00","BZN|IE(SEM)","Without sequence","112.0","",""
"30/10/2024 06:00:00 - 30/10/2024 07:00:00","BZN|IE(SEM)","Without sequence","112.63","",""
"30/10/2024 07:00:00 - 30/10/2024 08:00:00","BZN|IE(SEM)","Without sequence","131.93","",""
"30/10/2024 08:00:00 - 30/10/2024 09:00:00","BZN|IE(SEM)","Without sequence","195.55","",""
"30/10/2024 09:00:00 - 30/10/2024 10:00:00","BZN|IE(SEM)","Without sequence","239.25","",""
"30/10/2024 10:00:00 - 30/10/2024 11:00:00","BZN|IE(SEM)","Without sequence","264.39","",""
"30/10/2024 11:00:00 - 30/10/2024 12:00:00","BZN|IE(SEM)","Without sequence","236.3","",""
"30/10/2024 12:00:00 - 30/10/2024 13:00:00","BZN|IE(SEM)","Without sequence","223.5","",""
"30/10/2024 13:00:00 - 30/10/2024 14:00:00","BZN|IE(SEM)","Without sequence","221.8","",""
"30/10/2024 14:00:00 - 30/10/2024 15:00:00","BZN|IE(SEM)","Without sequence","205.5","",""
"30/10/2024 15:00:00 - 30/10/2024 16:00:00","BZN|IE(SEM)","Without sequence","215.0","",""
"30/10/2024 16:00:00 - 30/10/2024 17:00:00","BZN|IE(SEM)","Without sequence","235.6","",""
"30/10/2024 17:00:00 - 30/10/2024 18:00:00","BZN|IE(SEM)","Without sequence","276.09","",""
"30/10/2024 18:00:00 - 30/10/2024 19:00:00","BZN|IE(SEM)","Without sequence","311.71","",""
"30/10/2024 19:00:00 - 30/10/2024 20:00:00","BZN|IE(SEM)","Without sequence","292.3","",""
"30/10/2024 20:00:00 - 30/10/2024 21:00:00","BZN|IE(SEM)","Without sequence","255.94","",""
"30/10/2024 21:00:00 - 30/10/2024 22:00:00","BZN|IE(SEM)","Without sequence","196.39","",""
"30/10/2024 22:00:00 - 30/10/2024 23:00:00","BZN|IE(SEM)","Without sequence","140.0","",""
"30/10/2024 23:00:00 - 31/10/2024 00:00:00","BZN|IE(SEM)","Without sequence","110.37","",""
"31/10/2024 00:00:00 - 31/10/2024 01:00:00","BZN|IE(SEM)","Without sequence","112.4","",""
"31/10/2024 01:00:00 - 31/10/2024 02:00:00","BZN|IE(SEM)","Without sequence","111.31","",""
"31/10/2024 02:00:00 - 31/10/2024 03:00:00","BZN|IE(SEM)","Without sequence","106.0","",""
"31/10/2024 03:00:00 - 31/10/2024 04:00:00","BZN|IE(SEM)","Without sequence","107.0","",""
"31/10/2024 04:00:00 - 31/10/2024 05:00:00","BZN|IE(SEM)","Without sequence","104.0","",""
"31/10/2024 05:00:00 - 31/10/2024 06:00:00","BZN|IE(SEM)","Without sequence","101.55","",""
"31/10/2024 06:00:00 - 31/10/2024 07:00:00","BZN|IE(SEM)","Without sequence","105.72","",""
"31/10/2024 07:00:00 - 31/10/2024 08:00:00","BZN|IE(SEM)","Without sequence","116.68","",""
"31/10/2024 08:00:00 - 31/10/2024 09:00:00","BZN|IE(SEM)","Without sequence","144.7","",""
"31/10/2024 09:00:00 - 31/10/2024 10:00:00","BZN|IE(SEM)","Without sequence","161.13","",""
"31/10/2024 10:00:00 - 31/10/2024 11:00:00","BZN|IE(SEM)","Without sequence","165.52","",""
"31/10/2024 11:00:00 - 31/10/2024 12:00:00","BZN|IE(SEM)","Without sequence","171.6","",""
"31/10/2024 12:00:00 - 31/10/2024 13:00:00","BZN|IE(SEM)","Without sequence","150.32","",""
"31/10/2024 13:00:00 - 31/10/2024 14:00:00","BZN|IE(SEM)","Without sequence","149.24","",""
"31/10/2024 14:00:00 - 31/10/2024 15:00:00","BZN|IE(SEM)","Without sequence","145.0","",""
"31/10/2024 15:00:00 - 31/10/2024 16:00:00","BZN|IE(SEM)","Without sequence","147.42","",""
"31/10/2024 16:00:00 - 31/10/2024 17:00:00","BZN|IE(SEM)","Without sequence","155.0","",""
"31/10/2024 17:00:00 - 31/10/2024 18:00:00","BZN|IE(SEM)","Without sequence","168.0","",""
"31/10/2024 18:00:00 - 31/10/2024 19:00:00","BZN|IE(SEM)","Without sequence","224.0","",""
"31/10/2024 19:00:00 - 31/10/2024 20:00:00","BZN|IE(SEM)","Without sequence","225.0","",""
"31/10/2024 20:00:00 - 31/10/2024 21:00:00","BZN|IE(SEM)","Without sequence","175.8","",""
"31/10/2024 21:00:00 - 31/10/2024 22:00:00","BZN|IE(SEM)","Without sequence","150.32","",""
"31/10/2024 22:00:00 - 31/10/2024 23:00:00","BZN|IE(SEM)","Without sequence","132.2","",""
"31/10/2024 23:00:00 - 01/11/2024 00:00:00","BZN|IE(SEM)","Without sequence","108.46","",""
"01/11/2024 00:00:00 - 01/11/2024 01:00:00","BZN|IE(SEM)","Without sequence","109.56","",""
"01/11/2024 01:00:00 - 01/11/2024 02:00:00","BZN|IE(SEM)","Without sequence","111.7","",""
"01/11/2024 02:00:00 - 01/11/2024 03:00:00","BZN|IE(SEM)","Without sequence","107.12","",""
"01/11/2024 03:00:00 - 01/11/2024 04:00:00","BZN|IE(SEM)","Without sequence","101.8","",""
"01/11/2024 04:00:00 - 01/11/2024 05:00:00","BZN|IE(SEM)","Without sequence","101.8","",""
"01/11/2024 05:00:00 - 01/11/2024 06:00:00","BZN|IE(SEM)","Without sequence","99.28","",""
"01/11/2024 06:00:00 - 01/11/2024 07:00:00","BZN|IE(SEM)","Without sequence","100.01","",""
"01/11/2024 07:00:00 - 01/11/2024 08:00:00","BZN|IE(SEM)","Without sequence","114.0","",""
"01/11/2024 08:00:00 - 01/11/2024 09:00:00","BZN|IE(SEM)","Without sequence","152.58","",""
"01/11/2024 09:00:00 - 01/11/2024 10:00:00","BZN|IE(SEM)","Without sequence","184.0","",""
"01/11/2024 10:00:00 - 01/11/2024 11:00:00","BZN|IE(SEM)","Without sequence","208.81","",""
"01/11/2024 11:00:00 - 01/11/2024 12:00:00","BZN|IE(SEM)","Without sequence","215.1","",""
"01/11/2024 12:00:00 - 01/11/2024 13:00:00","BZN|IE(SEM)","Without sequence","239.0","",""
"01/11/2024 13:00:00 - 01/11/2024 14:00:00","BZN|IE(SEM)","Without sequence","240.0","",""
"01/11/2024 14:00:00 - 01/11/2024 15:00:00","BZN|IE(SEM)","Without sequence","225.0","",""
"01/11/2024 15:00:00 - 01/11/2024 16:00:00","BZN|IE(SEM)","Without sequence","221.4","",""
"01/11/2024 16:00:00 - 01/11/2024 17:00:00","BZN|IE(SEM)","Without sequence","215.0","",""
"01/11/2024 17:00:00 - 01/11/2024 18:00:00","BZN|IE(SEM)","Without sequence","240.0","",""
"01/11/2024 18:00:00 - 01/11/2024 19:00:00","BZN|IE(SEM)","Without sequence","274.5","",""
"01/11/2024 19:00:00 - 01/11/2024 20:00:00","BZN|IE(SEM)","Without sequence","279.6","",""
"01/11/2024 20:00:00 - 01/11/2024 21:00:00","BZN|IE(SEM)","Without sequence","236.4","",""
"01/11/2024 21:00:00 - 01/11/2024 22:00:00","BZN|IE(SEM)","Without sequence","205.0","",""
"01/11/2024 22:00:00 - 01/11/2024 23:00:00","BZN|IE(SEM)","Without sequence","200.0","",""
"01/11/2024 23:00:00 - 02/11/2024 00:00:00","BZN|IE(SEM)","Without sequence","152.78","",""
"02/11/2024 00:00:00 - 02/11/2024 01:00:00","BZN|IE(SEM)","Without sequence","153.9","",""
"02/11/2024 01:00:00 - 02/11/2024 02:00:00","BZN|IE(SEM)","Without sequence","166.0","",""
"02/11/2024 02:00:00 - 02/11/2024 03:00:00","BZN|IE(SEM)","Without sequence","149.6","",""
"02/11/2024 03:00:00 - 02/11/2024 04:00:00","BZN|IE(SEM)","Without sequence","135.0","",""
"02/11/2024 04:00:00 - 02/11/2024 05:00:00","BZN|IE(SEM)","Without sequence","123.64","",""
"02/11/2024 05:00:00 - 02/11/2024 06:00:00","BZN|IE(SEM)","Without sequence","116.16","",""
"02/11/2024 06:00:00 - 02/11/2024 07:00:00","BZN|IE(SEM)","Without sequence","115.0","",""
"02/11/2024 07:00:00 - 02/11/2024 08:00:00","BZN|IE(SEM)","Without sequence","135.05","",""
"02/11/2024 08:00:00 - 02/11/2024 09:00:00","BZN|IE(SEM)","Without sequence","152.98","",""
"02/11/2024 09:00:00 - 02/11/2024 10:00:00","BZN|IE(SEM)","Without sequence","153.9","",""
"02/11/2024 10:00:00 - 02/11/2024 11:00:00","BZN|IE(SEM)","Without sequence","185.0","",""
"02/11/2024 11:00:00 - 02/11/2024 12:00:00","BZN|IE(SEM)","Without sequence","189.4","",""
"02/11/2024 12:00:00 - 02/11/2024 13:00:00","BZN|IE(SEM)","Without sequence","185.0","",""
"02/11/2024 13:00:00 - 02/11/2024 14:00:00","BZN|IE(SEM)","Without sequence","181.0","",""
"02/11/2024 14:00:00 - 02/11/2024 15:00:00","BZN|IE(SEM)","Without sequence","175.0","",""
"02/11/2024 15:00:00 - 02/11/2024 16:00:00","BZN|IE(SEM)","Without sequence","174.0","",""
"02/11/2024 16:00:00 - 02/11/2024 17:00:00","BZN|IE(SEM)","Without sequence","180.93","",""
"02/11/2024 17:00:00 - 02/11/2024 18:00:00","BZN|IE(SEM)","Without sequence","192.5","",""
"02/11/2024 18:00:00 - 02/11/2024 19:00:00","BZN|IE(SEM)","Without sequence","232.6","",""
"02/11/2024 19:00:00 - 02/11/2024 20:00:00","BZN|IE(SEM)","Without sequence","230.0","",""
"02/11/2024 20:00:00 - 02/11/2024 21:00:00","BZN|IE(SEM)","Without sequence","188.0","",""
"02/11/2024 21:00:00 - 02/11/2024 22:00:00","BZN|IE(SEM)","Without sequence","155.0","",""
"02/11/2024 22:00:00 - 02/11/2024 23:00:00","BZN|IE(SEM)","Without sequence","183.0","",""
"02/11/2024 23:00:00 - 03/11/2024 00:00:00","BZN|IE(SEM)","Without sequence","136.28","",""
"03/11/2024 00:00:00 - 03/11/2024 01:00:00","BZN|IE(SEM)","Without sequence","141.04","",""
"03/11/2024 01:00:00 - 03/11/2024 02:00:00","BZN|IE(SEM)","Without sequence","131.33","",""
"03/11/2024 02:00:00 - 03/11/2024 03:00:00","BZN|IE(SEM)","Without sequence","141.04","",""
"03/11/2024 03:00:00 - 03/11/2024 04:00:00","BZN|IE(SEM)","Without sequence","137.16","",""
"03/11/2024 04:00:00 - 03/11/2024 05:00:00","BZN|IE(SEM)","Without sequence","130.1","",""
"03/11/2024 05:00:00 - 03/11/2024 06:00:00","BZN|IE(SEM)","Without sequence","123.02","",""
"03/11/2024 06:00:00 - 03/11/2024 07:00:00","BZN|IE(SEM)","Without sequence","121.6","",""
"03/11/2024 07:00:00 - 03/11/2024 08:00:00","BZN|IE(SEM)","Without sequence","136.8","",""
"03/11/2024 08:00:00 - 03/11/2024 09:00:00","BZN|IE(SEM)","Without sequence","106.17","",""
"03/11/2024 09:00:00 - 03/11/2024 10:00:00","BZN|IE(SEM)","Without sequence","105.1","",""
"03/11/2024 10:00:00 - 03/11/2024 11:00:00","BZN|IE(SEM)","Without sequence","121.31","",""
"03/11/2024 11:00:00 - 03/11/2024 12:00:00","BZN|IE(SEM)","Without sequence","135.0","",""
"03/11/2024 12:00:00 - 03/11/2024 13:00:00","BZN|IE(SEM)","Without sequence","140.74","",""
"03/11/2024 13:00:00 - 03/11/2024 14:00:00","BZN|IE(SEM)","Without sequence","147.35","",""
"03/11/2024 14:00:00 - 03/11/2024 15:00:00","BZN|IE(SEM)","Without sequence","148.7","",""
"03/11/2024 15:00:00 - 03/11/2024 16:00:00","BZN|IE(SEM)","Without sequence","149.0","",""
"03/11/2024 16:00:00 - 03/11/2024 17:00:00","BZN|IE(SEM)","Without sequence","158.92","",""
"03/11/2024 17:00:00 - 03/11/2024 18:00:00","BZN|IE(SEM)","Without sequence","187.37","",""
"03/11/2024 18:00:00 - 03/11/2024 19:00:00","BZN|IE(SEM)","Without sequence","214.69","",""
"03/11/2024 19:00:00 - 03/11/2024 20:00:00","BZN|IE(SEM)","Without sequence","209.99","",""
"03/11/2024 20:00:00 - 03/11/2024 21:00:00","BZN|IE(SEM)","Without sequence","185.1","",""
"03/11/2024 21:00:00 - 03/11/2024 22:00:00","BZN|IE(SEM)","Without sequence","141.69","",""
"03/11/2024 22:00:00 - 03/11/2024 23:00:00","BZN|IE(SEM)","Without sequence","134.0","",""
"03/11/2024 23:00:00 - 04/11/2024 00:00:00","BZN|IE(SEM)","Without sequence","115.8","",""
"04/11/2024 00:00:00 - 04/11/2024 01:00:00","BZN|IE(SEM)","Without sequence","103.21","",""
"04/11/2024 01:00:00 - 04/11/2024 02:00:00","BZN|IE(SEM)","Without sequence","106.68","",""
"04/11/2024 02:00:00 - 04/11/2024 03:00:00","BZN|IE(SEM)","Without sequence","103.21","",""
"04/11/2024 03:00:00 - 04/11/2024 04:00:00","BZN|IE(SEM)","Without sequence","105.88","",""
"04/11/2024 04:00:00 - 04/11/2024 05:00:00","BZN|IE(SEM)","Without sequence","103.37","",""
"04/11/2024 05:00:00 - 04/11/2024 06:00:00","BZN|IE(SEM)","Without sequence","107.0","",""
"04/11/2024 06:00:00 - 04/11/2024 07:00:00","BZN|IE(SEM)","Without sequence","120.23","",""
"04/11/2024 07:00:00 - 04/11/2024 08:00:00","BZN|IE(SEM)","Without sequence","121.54","",""
"04/11/2024 08:00:00 - 04/11/2024 09:00:00","BZN|IE(SEM)","Without sequence","153.97","",""
"04/11/2024 09:00:00 - 04/11/2024 10:00:00","BZN|IE(SEM)","Without sequence","185.0","",""
"04/11/2024 10:00:00 - 04/11/2024 11:00:00","BZN|IE(SEM)","Without sequence","189.7","",""
"04/11/2024 11:00:00 - 04/11/2024 12:00:00","BZN|IE(SEM)","Without sequence","177.0","",""
"04/11/2024 12:00:00 - 04/11/2024 13:00:00","BZN|IE(SEM)","Without sequence","151.03","",""
"04/11/2024 13:00:00 - 04/11/2024 14:00:00","BZN|IE(SEM)","Without sequence","154.03","",""
"04/11/2024 14:00:00 - 04/11/2024 15:00:00","BZN|IE(SEM)","Without sequence","152.7","",""
"04/11/2024 15:00:00 - 04/11/2024 16:00:00","BZN|IE(SEM)","Without sequence","159.64","",""
"04/11/2024 16:00:00 - 04/11/2024 17:00:00","BZN|IE(SEM)","Without sequence","192.14","",""
"04/11/2024 17:00:00 - 04/11/2024 18:00:00","BZN|IE(SEM)","Without sequence","231.35","",""
"04/11/2024 18:00:00 - 04/11/2024 19:00:00","BZN|IE(SEM)","Without sequence","261.5","",""
"04/11/2024 19:00:00 - 04/11/2024 20:00:00","BZN|IE(SEM)","Without sequence","223.01","",""
"04/11/2024 20:00:00 - 04/11/2024 21:00:00","BZN|IE(SEM)","Without sequence","162.41","",""
"04/11/2024 21:00:00 - 04/11/2024 22:00:00","BZN|IE(SEM)","Without sequence","132.0","",""
"04/11/2024 22:00:00 - 04/11/2024 23:00:00","BZN|IE(SEM)","Without sequence","118.4","",""
"04/11/2024 23:00:00 - 05/11/2024 00:00:00","BZN|IE(SEM)","Without sequence","102.61","",""
"05/11/2024 00:00:00 - 05/11/2024 01:00:00","BZN|IE(SEM)","Without sequence","105.02","",""
"05/11/2024 01:00:00 - 05/11/2024 02:00:00","BZN|IE(SEM)","Without sequence","102.0","",""
"05/11/2024 02:00:00 - 05/11/2024 03:00:00","BZN|IE(SEM)","Without sequence","103.4","",""
"05/11/2024 03:00:00 - 05/11/2024 04:00:00","BZN|IE(SEM)","Without sequence","103.4","",""
"05/11/2024 04:00:00 - 05/11/2024 05:00:00","BZN|IE(SEM)","Without sequence","101.93","",""
"05/11/2024 05:00:00 - 05/11/2024 06:00:00","BZN|IE(SEM)","Without sequence","100.01","",""
"05/11/2024 06:00:00 - 05/11/2024 07:00:00","BZN|IE(SEM)","Without sequence","103.32","",""
"05/11/2024 07:00:00 - 05/11/2024 08:00:00","BZN|IE(SEM)","Without sequence","123.18","",""
"05/11/2024 08:00:00 - 05/11/2024 09:00:00","BZN|IE(SEM)","Without sequence","136.95","",""
"05/11/2024 09:00:00 - 05/11/2024 10:00:00","BZN|IE(SEM)","Without sequence","129.61","",""
"05/11/2024 10:00:00 - 05/11/2024 11:00:00","BZN|IE(SEM)","Without sequence","120.07","",""
"05/11/2024 11:00:00 - 05/11/2024 12:00:00","BZN|IE(SEM)","Without sequence","115.0","",""
"05/11/2024 12:00:00 - 05/11/2024 13:00:00","BZN|IE(SEM)","Without sequence","115.0","",""
"05/11/2024 13:00:00 - 05/11/2024 14:00:00","BZN|IE(SEM)","Without sequence","120.01","",""
"05/11/2024 14:00:00 - 05/11/2024 15:00:00","BZN|IE(SEM)","Without sequence","124.3","",""
"05/11/2024 15:00:00 - 05/11/2024 16:00:00","BZN|IE(SEM)","Without sequence","144.33","",""
"05/11/2024 16:00:00 - 05/11/2024 17:00:00","BZN|IE(SEM)","Without sequence","173.12","",""
"05/11/2024 17:00:00 - 05/11/2024 18:00:00","BZN|IE(SEM)","Without sequence","276.09","",""
"05/11/2024 18:00:00 - 05/11/2024 19:00:00","BZN|IE(SEM)","Without sequence","318.93","",""
"05/11/2024 19:00:00 - 05/11/2024 20:00:00","BZN|IE(SEM)","Without sequence","249.0","",""
"05/11/2024 20:00:00 - 05/11/2024 21:00:00","BZN|IE(SEM)","Without sequence","165.83","",""
"05/11/2024 21:00:00 - 05/11/2024 22:00:00","BZN|IE(SEM)","Without sequence","148.15","",""
"05/11/2024 22:00:00 - 05/11/2024 23:00:00","BZN|IE(SEM)","Without sequence","124.84","",""
"05/11/2024 23:00:00 - 06/11/2024 00:00:00","BZN|IE(SEM)","Without sequence","109.97","",""
"06/11/2024 00:00:00 - 06/11/2024 01:00:00","BZN|IE(SEM)","Without sequence","108.74","",""
"06/11/2024 01:00:00 - 06/11/2024 02:00:00","BZN|IE(SEM)","Without sequence","105.69","",""
"06/11/2024 02:00:00 - 06/11/2024 03:00:00","BZN|IE(SEM)","Without sequence","103.0","",""
"06/11/2024 03:00:00 - 06/11/2024 04:00:00","BZN|IE(SEM)","Without sequence","101.28","",""
"06/11/2024 04:00:00 - 06/11/2024 05:00:00","BZN|IE(SEM)","Without sequence","101.07","",""
"06/11/2024 05:00:00 - 06/11/2024 06:00:00","BZN|IE(SEM)","Without sequence","100.0","",""
"06/11/2024 06:00:00 - 06/11/2024 07:00:00","BZN|IE(SEM)","Without sequence","100.05","",""
"06/11/2024 07:00:00 - 06/11/2024 08:00:00","BZN|IE(SEM)","Without sequence","114.44","",""
"06/11/2024 08:00:00 - 06/11/2024 09:00:00","BZN|IE(SEM)","Without sequence","150.4","",""
"06/11/2024 09:00:00 - 06/11/2024 10:00:00","BZN|IE(SEM)","Without sequence","164.84","",""
"06/11/2024 10:00:00 - 06/11/2024 11:00:00","BZN|IE(SEM)","Without sequence","165.0","",""
"06/11/2024 11:00:00 - 06/11/2024 12:00:00","BZN|IE(SEM)","Without sequence","145.0","",""
"06/11/2024 12:00:00 - 06/11/2024 13:00:00","BZN|IE(SEM)","Without sequence","134.75","",""
"06/11/2024 13:00:00 - 06/11/2024 14:00:00","BZN|IE(SEM)","Without sequence","133.69","",""
"06/11/2024 14:00:00 - 06/11/2024 15:00:00","BZN|IE(SEM)","Without sequence","149.0","",""
"06/11/2024 15:00:00 - 06/11/2024 16:00:00","BZN|IE(SEM)","Without sequence","154.06","",""
"06/11/2024 16:00:00 - 06/11/2024 17:00:00","BZN|IE(SEM)","Without sequence","174.1","",""
"06/11/2024 17:00:00 - 06/11/2024 18:00:00","BZN|IE(SEM)","Without sequence","225.19","",""
"06/11/2024 18:00:00 - 06/11/2024 19:00:00","BZN|IE(SEM)","Without sequence","289.0","",""
"06/11/2024 19:00:00 - 06/11/2024 20:00:00","BZN|IE(SEM)","Without sequence","225.0","",""
"06/11/2024 20:00:00 - 06/11/2024 21:00:00","BZN|IE(SEM)","Without sequence","142.98","",""
"06/11/2024 21:00:00 - 06/11/2024 22:00:00","BZN|IE(SEM)","Without sequence","120.0","",""
"06/11/2024 22:00:00 - 06/11/2024 23:00:00","BZN|IE(SEM)","Without sequence","111.88","",""
"06/11/2024 23:00:00 - 07/11/2024 00:00:00","BZN|IE(SEM)","Without sequence","103.0","",""
"07/11/2024 00:00:00 - 07/11/2024 01:00:00","BZN|IE(SEM)","Without sequence","93.53","",""
"07/11/2024 01:00:00 - 07/11/2024 02:00:00","BZN|IE(SEM)","Without sequence","92.32","",""
"07/11/2024 02:00:00 - 07/11/2024 03:00:00","BZN|IE(SEM)","Without sequence","92.79","",""
"07/11/2024 03:00:00 - 07/11/2024 04:00:00","BZN|IE(SEM)","Without sequence","90.03","",""
"07/11/2024 04:00:00 - 07/11/2024 05:00:00","BZN|IE(SEM)","Without sequence","87.85","",""
"07/11/2024 05:00:00 - 07/11/2024 06:00:00","BZN|IE(SEM)","Without sequence","85.0","",""
"07/11/2024 06:00:00 - 07/11/2024 07:00:00","BZN|IE(SEM)","Without sequence","84.85","",""
"07/11/2024 07:00:00 - 07/11/2024 08:00:00","BZN|IE(SEM)","Without sequence","93.36","",""
"07/11/2024 08:00:00 - 07/11/2024 09:00:00","BZN|IE(SEM)","Without sequence","114.81","",""
"07/11/2024 09:00:00 - 07/11/2024 10:00:00","BZN|IE(SEM)","Without sequence","115.0","",""
"07/11/2024 10:00:00 - 07/11/2024 11:00:00","BZN|IE(SEM)","Without sequence","116.51","",""
"07/11/2024 11:00:00 - 07/11/2024 12:00:00","BZN|IE(SEM)","Without sequence","114.04","",""
"07/11/2024 12:00:00 - 07/11/2024 13:00:00","BZN|IE(SEM)","Without sequence","111.04","",""
"07/11/2024 13:00:00 - 07/11/2024 14:00:00","BZN|IE(SEM)","Without sequence","113.38","",""
"07/11/2024 14:00:00 - 07/11/2024 15:00:00","BZN|IE(SEM)","Without sequence","114.03","",""
"07/11/2024 15:00:00 - 07/11/2024 16:00:00","BZN|IE(SEM)","Without sequence","120.04","",""
"07/11/2024 16:00:00 - 07/11/2024 17:00:00","BZN|IE(SEM)","Without sequence","129.44","",""
"07/11/2024 17:00:00 - 07/11/2024 18:00:00","BZN|IE(SEM)","Without sequence","145.0","",""
"07/11/2024 18:00:00 - 07/11/2024 19:00:00","BZN|IE(SEM)","Without sequence","161.74","",""
"07/11/2024 19:00:00 - 07/11/2024 20:00:00","BZN|IE(SEM)","Without sequence","151.78","",""
"07/11/2024 20:00:00 - 07/11/2024 21:00:00","BZN|IE(SEM)","Without sequence","118.4","",""
"07/11/2024 21:00:00 - 07/11/2024 22:00:00","BZN|IE(SEM)","Without sequence","106.61","",""
"07/11/2024 22:00:00 - 07/11/2024 23:00:00","BZN|IE(SEM)","Without sequence","112.0","",""
"07/11/2024 23:00:00 - 08/11/2024 00:00:00","BZN|IE(SEM)","Without sequence","105.51","",""
"08/11/2024 00:00:00 - 08/11/2024 01:00:00","BZN|IE(SEM)","Without sequence","96.04","",""
"08/11/2024 01:00:00 - 08/11/2024 02:00:00","BZN|IE(SEM)","Without sequence","96.31","",""
"08/11/2024 02:00:00 - 08/11/2024 03:00:00","BZN|IE(SEM)","Without sequence","95.52","",""
"08/11/2024 03:00:00 - 08/11/2024 04:00:00","BZN|IE(SEM)","Without sequence","99.14","",""
"08/11/2024 04:00:00 - 08/11/2024 05:00:00","BZN|IE(SEM)","Without sequence","96.39","",""
"08/11/2024 05:00:00 - 08/11/2024 06:00:00","BZN|IE(SEM)","Without sequence","95.41","",""
"08/11/2024 06:00:00 - 08/11/2024 07:00:00","BZN|IE(SEM)","Without sequence","99.04","",""
"08/11/2024 07:00:00 - 08/11/2024 08:00:00","BZN|IE(SEM)","Without sequence","108.04","",""
"08/11/2024 08:00:00 - 08/11/2024 09:00:00","BZN|IE(SEM)","Without sequence","112.19","",""
"08/11/2024 09:00:00 - 08/11/2024 10:00:00","BZN|IE(SEM)","Without sequence","117.05","",""
"08/11/2024 10:00:00 - 08/11/2024 11:00:00","BZN|IE(SEM)","Without sequence","113.54","",""
"08/11/2024 11:00:00 - 08/11/2024 12:00:00","BZN|IE(SEM)","Without sequence","109.79","",""
"08/11/2024 12:00:00 - 08/11/2024 13:00:00","BZN|IE(SEM)","Without sequence","108.57","",""
"08/11/2024 13:00:00 - 08/11/2024 14:00:00","BZN|IE(SEM)","Without sequence","113.05","",""
"08/11/2024 14:00:00 - 08/11/2024 15:00:00","BZN|IE(SEM)","Without sequence","114.65","",""
"08/11/2024 15:00:00 - 08/11/2024 16:00:00","BZN|IE(SEM)","Without sequence","128.47","",""
"08/11/2024 16:00:00 - 08/11/2024 17:00:00","BZN|IE(SEM)","Without sequence","142.43","",""
"08/11/2024 17:00:00 - 08/11/2024 18:00:00","BZN|IE(SEM)","Without sequence","152.62","",""
"08/11/2024 18:00:00 - 08/11/2024 19:00:00","BZN|IE(SEM)","Without sequence","186.4","",""
"08/11/2024 19:00:00 - 08/11/2024 20:00:00","BZN|IE(SEM)","Without sequence","177.0","",""
"08/11/2024 20:00:00 - 08/11/2024 21:00:00","BZN|IE(SEM)","Without sequence","148.5","",""
"08/11/2024 21:00:00 - 08/11/2024 22:00:00","BZN|IE(SEM)","Without sequence","136.14","",""
"08/11/2024 22:00:00 - 08/11/2024 23:00:00","BZN|IE(SEM)","Without sequence","117.59","",""
"08/11/2024 23:00:00 - 09/11/2024 00:00:00","BZN|IE(SEM)","Without sequence","110.82","",""
"09/11/2024 00:00:00 - 09/11/2024 01:00:00","BZN|IE(SEM)","Without sequence","112.98","",""
"09/11/2024 01:00:00 - 09/11/2024 02:00:00","BZN|IE(SEM)","Without sequence","114.66","",""
"09/11/2024 02:00:00 - 09/11/2024 03:00:00","BZN|IE(SEM)","Without sequence","114.46","",""
"09/11/2024 03:00:00 - 09/11/2024 04:00:00","BZN|IE(SEM)","Without sequence","111.89","",""
"09/11/2024 04:00:00 - 09/11/2024 05:00:00","BZN|IE(SEM)","Without sequence","110.1","",""
"09/11/2024 05:00:00 - 09/11/2024 06:00:00","BZN|IE(SEM)","Without sequence","109.97","",""
"09/11/2024 06:00:00 - 09/11/2024 07:00:00","BZN|IE(SEM)","Without sequence","106.97","",""
"09/11/2024 07:00:00 - 09/11/2024 08:00:00","BZN|IE(SEM)","Without sequence","116.0","",""
"09/11/2024 08:00:00 - 09/11/2024 09:00:00","BZN|IE(SEM)","Without sequence","122.16","",""
"09/11/2024 09:00:00 - 09/11/2024 10:00:00","BZN|IE(SEM)","Without sequence","137.0","",""
"09/11/2024 10:00:00 - 09/11/2024 11:00:00","BZN|IE(SEM)","Without sequence","183.7","",""
"09/11/2024 11:00:00 - 09/11/2024 12:00:00","BZN|IE(SEM)","Without sequence","185.8","",""
"09/11/2024 12:00:00 - 09/11/2024 13:00:00","BZN|IE(SEM)","Without sequence","190.4","",""
"09/11/2024 13:00:00 - 09/11/2024 14:00:00","BZN|IE(SEM)","Without sequence","195.2","",""
"09/11/2024 14:00:00 - 09/11/2024 15:00:00","BZN|IE(SEM)","Without sequence","196.0","",""
"09/11/2024 15:00:00 - 09/11/2024 16:00:00","BZN|IE(SEM)","Without sequence","194.59","",""
"09/11/2024 16:00:00 - 09/11/2024 17:00:00","BZN|IE(SEM)","Without sequence","190.12","",""
"09/11/2024 17:00:00 - 09/11/2024 18:00:00","BZN|IE(SEM)","Without sequence","196.31","",""
"09/11/2024 18:00:00 - 09/11/2024 19:00:00","BZN|IE(SEM)","Without sequence","235.6","",""
"09/11/2024 19:00:00 - 09/11/2024 20:00:00","BZN|IE(SEM)","Without sequence","232.7","",""
"09/11/2024 20:00:00 - 09/11/2024 21:00:00","BZN|IE(SEM)","Without sequence","187.2","",""
"09/11/2024 21:00:00 - 09/11/2024 22:00:00","BZN|IE(SEM)","Without sequence","185.0","",""
"09/11/2024 22:00:00 - 09/11/2024 23:00:00","BZN|IE(SEM)","Without sequence","152.0","",""
"09/11/2024 23:00:00 - 10/11/2024 00:00:00","BZN|IE(SEM)","Without sequence","128.7","",""
"10/11/2024 00:00:00 - 10/11/2024 01:00:00","BZN|IE(SEM)","Without sequence","125.0","",""
"10/11/2024 01:00:00 - 10/11/2024 02:00:00","BZN|IE(SEM)","Without sequence","124.0","",""
"10/11/2024 02:00:00 - 10/11/2024 03:00:00","BZN|IE(SEM)","Without sequence","119.15","",""
"10/11/2024 03:00:00 - 10/11/2024 04:00:00","BZN|IE(SEM)","Without sequence","118.01","",""
"10/11/2024 04:00:00 - 10/11/2024 05:00:00","BZN|IE(SEM)","Without sequence","116.1","",""
"10/11/2024 05:00:00 - 10/11/2024 06:00:00","BZN|IE(SEM)","Without sequence","115.56","",""
"10/11/2024 06:00:00 - 10/11/2024 07:00:00","BZN|IE(SEM)","Without sequence","113.12","",""
"10/11/2024 07:00:00 - 10/11/2024 08:00:00","BZN|IE(SEM)","Without sequence","123.02","",""
"10/11/2024 08:00:00 - 10/11/2024 09:00:00","BZN|IE(SEM)","Without sequence","124.0","",""
"10/11/2024 09:00:00 - 10/11/2024 10:00:00","BZN|IE(SEM)","Without sequence","117.0","",""
"10/11/2024 10:00:00 - 10/11/2024 11:00:00","BZN|IE(SEM)","Without sequence","159.0","",""
"10/11/2024 11:00:00 - 10/11/2024 12:00:00","BZN|IE(SEM)","Without sequence","174.84","",""
"10/11/2024 12:00:00 - 10/11/2024 13:00:00","BZN|IE(SEM)","Without sequence","182.78","",""
"10/11/2024 13:00:00 - 10/11/2024 14:00:00","BZN|IE(SEM)","Without sequence","182.42","",""
"10/11/2024 14:00:00 - 10/11/2024 15:00:00","BZN|IE(SEM)","Without sequence","166.53","",""
"10/11/2024 15:00:00 - 10/11/2024 16:00:00","BZN|IE(SEM)","Without sequence","154.08","",""
"10/11/2024 16:00:00 - 10/11/2024 17:00:00","BZN|IE(SEM)","Without sequence","171.46","",""
"10/11/2024 17:00:00 - 10/11/2024 18:00:00","BZN|IE(SEM)","Without sequence","188.84","",""
"10/11/2024 18:00:00 - 10/11/2024 19:00:00","BZN|IE(SEM)","Without sequence","240.82","",""
"10/11/2024 19:00:00 - 10/11/2024 20:00:00","BZN|IE(SEM)","Without sequence","251.0","",""
"10/11/2024 20:00:00 - 10/11/2024 21:00:00","BZN|IE(SEM)","Without sequence","200.81","",""
"10/11/2024 21:00:00 - 10/11/2024 22:00:00","BZN|IE(SEM)","Without sequence","191.5","",""
"10/11/2024 22:00:00 - 10/11/2024 23:00:00","BZN|IE(SEM)","Without sequence","166.53","",""
"10/11/2024 23:00:00 - 11/11/2024 00:00:00","BZN|IE(SEM)","Without sequence","126.31","",""
"11/11/2024 00:00:00 - 11/11/2024 01:00:00","BZN|IE(SEM)","Without sequence","112.42","",""
"11/11/2024 01:00:00 - 11/11/2024 02:00:00","BZN|IE(SEM)","Without sequence","111.0","",""
"11/11/2024 02:00:00 - 11/11/2024 03:00:00","BZN|IE(SEM)","Without sequence","110.18","",""
"11/11/2024 03:00:00 - 11/11/2024 04:00:00","BZN|IE(SEM)","Without sequence","107.13","",""
"11/11/2024 04:00:00 - 11/11/2024 05:00:00","BZN|IE(SEM)","Without sequence","106.13","",""
"11/11/2024 05:00:00 - 11/11/2024 06:00:00","BZN|IE(SEM)","Without sequence","106.39","",""
"11/11/2024 06:00:00 - 11/11/2024 07:00:00","BZN|IE(SEM)","Without sequence","106.14","",""
"11/11/2024 07:00:00 - 11/11/2024 08:00:00","BZN|IE(SEM)","Without sequence","126.58","",""
"11/11/2024 08:00:00 - 11/11/2024 09:00:00","BZN|IE(SEM)","Without sequence","187.22","",""
"11/11/2024 09:00:00 - 11/11/2024 10:00:00","BZN|IE(SEM)","Without sequence","227.57","",""
"11/11/2024 10:00:00 - 11/11/2024 11:00:00","BZN|IE(SEM)","Without sequence","251.66","",""
"11/11/2024 11:00:00 - 11/11/2024 12:00:00","BZN|IE(SEM)","Without sequence","229.0","",""
"11/11/2024 12:00:00 - 11/11/2024 13:00:00","BZN|IE(SEM)","Without sequence","225.7","",""
"11/11/2024 13:00:00 - 11/11/2024 14:00:00","BZN|IE(SEM)","Without sequence","226.74","",""
"11/11/2024 14:00:00 - 11/11/2024 15:00:00","BZN|IE(SEM)","Without sequence","228.3","",""
"11/11/2024 15:00:00 - 11/11/2024 16:00:00","BZN|IE(SEM)","Without sequence","240.0","",""
"11/11/2024 16:00:00 - 11/11/2024 17:00:00","BZN|IE(SEM)","Without sequence","281.4","",""
"11/11/2024 17:00:00 - 11/11/2024 18:00:00","BZN|IE(SEM)","Without sequence","295.0","",""
"11/11/2024 18:00:00 - 11/11/2024 19:00:00","BZN|IE(SEM)","Without sequence","372.4","",""
"11/11/2024 19:00:00 - 11/11/2024 20:00:00","BZN|IE(SEM)","Without sequence","372.4","",""
"11/11/2024 20:00:00 - 11/11/2024 21:00:00","BZN|IE(SEM)","Without sequence","295.0","",""
"11/11/2024 21:00:00 - 11/11/2024 22:00:00","BZN|IE(SEM)","Without sequence","255.73","",""
"11/11/2024 22:00:00 - 11/11/2024 23:00:00","BZN|IE(SEM)","Without sequence","184.4","",""
"11/11/2024 23:00:00 - 12/11/2024 00:00:00","BZN|IE(SEM)","Without sequence","164.48","",""
"12/11/2024 00:00:00 - 12/11/2024 01:00:00","BZN|IE(SEM)","Without sequence","116.3","",""
"12/11/2024 01:00:00 - 12/11/2024 02:00:00","BZN|IE(SEM)","Without sequence","110.84","",""
"12/11/2024 02:00:00 - 12/11/2024 03:00:00","BZN|IE(SEM)","Without sequence","112.63","",""
"12/11/2024 03:00:00 - 12/11/2024 04:00:00","BZN|IE(SEM)","Without sequence","111.5","",""
"12/11/2024 04:00:00 - 12/11/2024 05:00:00","BZN|IE(SEM)","Without sequence","111.5","",""
"12/11/2024 05:00:00 - 12/11/2024 06:00:00","BZN|IE(SEM)","Without sequence","111.5","",""
"12/11/2024 06:00:00 - 12/11/2024 07:00:00","BZN|IE(SEM)","Without sequence","113.0","",""
"12/11/2024 07:00:00 - 12/11/2024 08:00:00","BZN|IE(SEM)","Without sequence","128.0","",""
"12/11/2024 08:00:00 - 12/11/2024 09:00:00","BZN|IE(SEM)","Without sequence","204.0","",""
"12/11/2024 09:00:00 - 12/11/2024 10:00:00","BZN|IE(SEM)","Without sequence","255.0","",""
"12/11/2024 10:00:00 - 12/11/2024 11:00:00","BZN|IE(SEM)","Without sequence","280.0","",""
"12/11/2024 11:00:00 - 12/11/2024 12:00:00","BZN|IE(SEM)","Without sequence","248.0","",""
"12/11/2024 12:00:00 - 12/11/2024 13:00:00","BZN|IE(SEM)","Without sequence","233.06","",""
"12/11/2024 13:00:00 - 12/11/2024 14:00:00","BZN|IE(SEM)","Without sequence","241.33","",""
"12/11/2024 14:00:00 - 12/11/2024 15:00:00","BZN|IE(SEM)","Without sequence","220.56","",""
"12/11/2024 15:00:00 - 12/11/2024 16:00:00","BZN|IE(SEM)","Without sequence","220.43","",""
"12/11/2024 16:00:00 - 12/11/2024 17:00:00","BZN|IE(SEM)","Without sequence","265.07","",""
"12/11/2024 17:00:00 - 12/11/2024 18:00:00","BZN|IE(SEM)","Without sequence","296.1","",""
"12/11/2024 18:00:00 - 12/11/2024 19:00:00","BZN|IE(SEM)","Without sequence","387.89","",""
"12/11/2024 19:00:00 - 12/11/2024 20:00:00","BZN|IE(SEM)","Without sequence","380.54","",""
"12/11/2024 20:00:00 - 12/11/2024 21:00:00","BZN|IE(SEM)","Without sequence","272.93","",""
"12/11/2024 21:00:00 - 12/11/2024 22:00:00","BZN|IE(SEM)","Without sequence","252.22","",""
"12/11/2024 22:00:00 - 12/11/2024 23:00:00","BZN|IE(SEM)","Without sequence","181.0","",""
"12/11/2024 23:00:00 - 13/11/2024 00:00:00","BZN|IE(SEM)","Without sequence","142.1","",""
"13/11/2024 00:00:00 - 13/11/2024 01:00:00","BZN|IE(SEM)","Without sequence","118.93","",""
"13/11/2024 01:00:00 - 13/11/2024 02:00:00","BZN|IE(SEM)","Without sequence","114.48","",""
"13/11/2024 02:00:00 - 13/11/2024 03:00:00","BZN|IE(SEM)","Without sequence","113.46","",""
"13/11/2024 03:00:00 - 13/11/2024 04:00:00","BZN|IE(SEM)","Without sequence","112.6","",""
"13/11/2024 04:00:00 - 13/11/2024 05:00:00","BZN|IE(SEM)","Without sequence","112.6","",""
"13/11/2024 05:00:00 - 13/11/2024 06:00:00","BZN|IE(SEM)","Without sequence","112.6","",""
"13/11/2024 06:00:00 - 13/11/2024 07:00:00","BZN|IE(SEM)","Without sequence","118.46","",""
"13/11/2024 07:00:00 - 13/11/2024 08:00:00","BZN|IE(SEM)","Without sequence","133.8","",""
"13/11/2024 08:00:00 - 13/11/2024 09:00:00","BZN|IE(SEM)","Without sequence","176.0","",""
"13/11/2024 09:00:00 - 13/11/2024 10:00:00","BZN|IE(SEM)","Without sequence","201.7","",""
"13/11/2024 10:00:00 - 13/11/2024 11:00:00","BZN|IE(SEM)","Without sequence","236.0","",""
"13/11/2024 11:00:00 - 13/11/2024 12:00:00","BZN|IE(SEM)","Without sequence","213.0","",""
"13/11/2024 12:00:00 - 13/11/2024 13:00:00","BZN|IE(SEM)","Without sequence","199.0","",""
"13/11/2024 13:00:00 - 13/11/2024 14:00:00","BZN|IE(SEM)","Without sequence","202.02","",""
"13/11/2024 14:00:00 - 13/11/2024 15:00:00","BZN|IE(SEM)","Without sequence","198.05","",""
"13/11/2024 15:00:00 - 13/11/2024 16:00:00","BZN|IE(SEM)","Without sequence","202.02","",""
"13/11/2024 16:00:00 - 13/11/2024 17:00:00","BZN|IE(SEM)","Without sequence","205.64","",""
"13/11/2024 17:00:00 - 13/11/2024 18:00:00","BZN|IE(SEM)","Without sequence","260.06","",""
"13/11/2024 18:00:00 - 13/11/2024 19:00:00","BZN|IE(SEM)","Without sequence","310.0","",""
"13/11/2024 19:00:00 - 13/11/2024 20:00:00","BZN|IE(SEM)","Without sequence","286.2","",""
"13/11/2024 20:00:00 - 13/11/2024 21:00:00","BZN|IE(SEM)","Without sequence","200.0","",""
"13/11/2024 21:00:00 - 13/11/2024 22:00:00","BZN|IE(SEM)","Without sequence","171.0","",""
"13/11/2024 22:00:00 - 13/11/2024 23:00:00","BZN|IE(SEM)","Without sequence","131.2","",""
"13/11/2024 23:00:00 - 14/11/2024 00:00:00","BZN|IE(SEM)","Without sequence","122.23","",""
"14/11/2024 00:00:00 - 14/11/2024 01:00:00","BZN|IE(SEM)","Without sequence","112.98","",""
"14/11/2024 01:00:00 - 14/11/2024 02:00:00","BZN|IE(SEM)","Without sequence","114.0","",""
"14/11/2024 02:00:00 - 14/11/2024 03:00:00","BZN|IE(SEM)","Without sequence","112.5","",""
"14/11/2024 03:00:00 - 14/11/2024 04:00:00","BZN|IE(SEM)","Without sequence","112.5","",""
"14/11/2024 04:00:00 - 14/11/2024 05:00:00","BZN|IE(SEM)","Without sequence","112.0","",""
"14/11/2024 05:00:00 - 14/11/2024 06:00:00","BZN|IE(SEM)","Without sequence","112.3","",""
"14/11/2024 06:00:00 - 14/11/2024 07:00:00","BZN|IE(SEM)","Without sequence","113.45","",""
"14/11/2024 07:00:00 - 14/11/2024 08:00:00","BZN|IE(SEM)","Without sequence","124.74","",""
"14/11/2024 08:00:00 - 14/11/2024 09:00:00","BZN|IE(SEM)","Without sequence","147.96","",""
"14/11/2024 09:00:00 - 14/11/2024 10:00:00","BZN|IE(SEM)","Without sequence","157.0","",""
"14/11/2024 10:00:00 - 14/11/2024 11:00:00","BZN|IE(SEM)","Without sequence","185.0","",""
"14/11/2024 11:00:00 - 14/11/2024 12:00:00","BZN|IE(SEM)","Without sequence","176.93","",""
"14/11/2024 12:00:00 - 14/11/2024 13:00:00","BZN|IE(SEM)","Without sequence","179.0","",""
"14/11/2024 13:00:00 - 14/11/2024 14:00:00","BZN|IE(SEM)","Without sequence","187.38","",""
"14/11/2024 14:00:00 - 14/11/2024 15:00:00","BZN|IE(SEM)","Without sequence","191.2","",""
"14/11/2024 15:00:00 - 14/11/2024 16:00:00","BZN|IE(SEM)","Without sequence","193.73","",""
"14/11/2024 16:00:00 - 14/11/2024 17:00:00","BZN|IE(SEM)","Without sequence","206.0","",""
"14/11/2024 17:00:00 - 14/11/2024 18:00:00","BZN|IE(SEM)","Without sequence","255.1","",""
"14/11/2024 18:00:00 - 14/11/2024 19:00:00","BZN|IE(SEM)","Without sequence","312.2","",""
"14/11/2024 19:00:00 - 14/11/2024 20:00:00","BZN|IE(SEM)","Without sequence","300.0","",""
"14/11/2024 20:00:00 - 14/11/2024 21:00:00","BZN|IE(SEM)","Without sequence","273.0","",""
"14/11/2024 21:00:00 - 14/11/2024 22:00:00","BZN|IE(SEM)","Without sequence","221.0","",""
"14/11/2024 22:00:00 - 14/11/2024 23:00:00","BZN|IE(SEM)","Without sequence","171.84","",""
"14/11/2024 23:00:00 - 15/11/2024 00:00:00","BZN|IE(SEM)","Without sequence","158.3","",""
"15/11/2024 00:00:00 - 15/11/2024 01:00:00","BZN|IE(SEM)","Without sequence","180.2","",""
"15/11/2024 01:00:00 - 15/11/2024 02:00:00","BZN|IE(SEM)","Without sequence","136.0","",""
"15/11/2024 02:00:00 - 15/11/2024 03:00:00","BZN|IE(SEM)","Without sequence","125.02","",""
"15/11/2024 03:00:00 - 15/11/2024 04:00:00","BZN|IE(SEM)","Without sequence","124.81","",""
"15/11/2024 04:00:00 - 15/11/2024 05:00:00","BZN|IE(SEM)","Without sequence","121.0","",""
"15/11/2024 05:00:00 - 15/11/2024 06:00:00","BZN|IE(SEM)","Without sequence","118.61","",""
"15/11/2024 06:00:00 - 15/11/2024 07:00:00","BZN|IE(SEM)","Without sequence","123.2","",""
"15/11/2024 07:00:00 - 15/11/2024 08:00:00","BZN|IE(SEM)","Without sequence","133.0","",""
"15/11/2024 08:00:00 - 15/11/2024 09:00:00","BZN|IE(SEM)","Without sequence","186.77","",""
"15/11/2024 09:00:00 - 15/11/2024 10:00:00","BZN|IE(SEM)","Without sequence","234.6","",""
"15/11/2024 10:00:00 - 15/11/2024 11:00:00","BZN|IE(SEM)","Without sequence","226.6","",""
"15/11/2024 11:00:00 - 15/11/2024 12:00:00","BZN|IE(SEM)","Without sequence","211.9","",""
"15/11/2024 12:00:00 - 15/11/2024 13:00:00","BZN|IE(SEM)","Without sequence","181.0","",""
"15/11/2024 13:00:00 - 15/11/2024 14:00:00","BZN|IE(SEM)","Without sequence","146.6","",""
"15/11/2024 14:00:00 - 15/11/2024 15:00:00","BZN|IE(SEM)","Without sequence","135.0","",""
"15/11/2024 15:00:00 - 15/11/2024 16:00:00","BZN|IE(SEM)","Without sequence","132.19","",""
"15/11/2024 16:00:00 - 15/11/2024 17:00:00","BZN|IE(SEM)","Without sequence","138.55","",""
"15/11/2024 17:00:00 - 15/11/2024 18:00:00","BZN|IE(SEM)","Without sequence","161.63","",""
"15/11/2024 18:00:00 - 15/11/2024 19:00:00","BZN|IE(SEM)","Without sequence","179.7","",""
"15/11/2024 19:00:00 - 15/11/2024 20:00:00","BZN|IE(SEM)","Without sequence","170.1","",""
"15/11/2024 20:00:00 - 15/11/2024 21:00:00","BZN|IE(SEM)","Without sequence","141.28","",""
"15/11/2024 21:00:00 - 15/11/2024 22:00:00","BZN|IE(SEM)","Without sequence","123.28","",""
"15/11/2024 22:00:00 - 15/11/2024 23:00:00","BZN|IE(SEM)","Without sequence","117.96","",""
"15/11/2024 23:00:00 - 16/11/2024 00:00:00","BZN|IE(SEM)","Without sequence","110.54","",""
"16/11/2024 00:00:00 - 16/11/2024 01:00:00","BZN|IE(SEM)","Without sequence","116.0","",""
"16/11/2024 01:00:00 - 16/11/2024 02:00:00","BZN|IE(SEM)","Without sequence","111.98","",""
"16/11/2024 02:00:00 - 16/11/2024 03:00:00","BZN|IE(SEM)","Without sequence","114.8","",""
"16/11/2024 03:00:00 - 16/11/2024 04:00:00","BZN|IE(SEM)","Without sequence","113.78","",""
"16/11/2024 04:00:00 - 16/11/2024 05:00:00","BZN|IE(SEM)","Without sequence","113.37","",""
"16/11/2024 05:00:00 - 16/11/2024 06:00:00","BZN|IE(SEM)","Without sequence","112.83","",""
"16/11/2024 06:00:00 - 16/11/2024 07:00:00","BZN|IE(SEM)","Without sequence","106.65","",""
"16/11/2024 07:00:00 - 16/11/2024 08:00:00","BZN|IE(SEM)","Without sequence","114.16","",""
"16/11/2024 08:00:00 - 16/11/2024 09:00:00","BZN|IE(SEM)","Without sequence","119.85","",""
"16/11/2024 09:00:00 - 16/11/2024 10:00:00","BZN|IE(SEM)","Without sequence","132.3","",""
"16/11/2024 10:00:00 - 16/11/2024 11:00:00","BZN|IE(SEM)","Without sequence","155.95","",""
"16/11/2024 11:00:00 - 16/11/2024 12:00:00","BZN|IE(SEM)","Without sequence","149.13","",""
"16/11/2024 12:00:00 - 16/11/2024 13:00:00","BZN|IE(SEM)","Without sequence","127.0","",""
"16/11/2024 13:00:00 - 16/11/2024 14:00:00","BZN|IE(SEM)","Without sequence","120.09","",""
"16/11/2024 14:00:00 - 16/11/2024 15:00:00","BZN|IE(SEM)","Without sequence","112.44","",""
"16/11/2024 15:00:00 - 16/11/2024 16:00:00","BZN|IE(SEM)","Without sequence","112.68","",""
"16/11/2024 16:00:00 - 16/11/2024 17:00:00","BZN|IE(SEM)","Without sequence","117.86","",""
"16/11/2024 17:00:00 - 16/11/2024 18:00:00","BZN|IE(SEM)","Without sequence","143.0","",""
"16/11/2024 18:00:00 - 16/11/2024 19:00:00","BZN|IE(SEM)","Without sequence","166.49","",""
"16/11/2024 19:00:00 - 16/11/2024 20:00:00","BZN|IE(SEM)","Without sequence","160.01","",""
"16/11/2024 20:00:00 - 16/11/2024 21:00:00","BZN|IE(SEM)","Without sequence","140.02","",""
"16/11/2024 21:00:00 - 16/11/2024 22:00:00","BZN|IE(SEM)","Without sequence","126.0","",""
"16/11/2024 22:00:00 - 16/11/2024 23:00:00","BZN|IE(SEM)","Without sequence","132.3","",""
"16/11/2024 23:00:00 - 17/11/2024 00:00:00","BZN|IE(SEM)","Without sequence","115.0","",""
"17/11/2024 00:00:00 - 17/11/2024 01:00:00","BZN|IE(SEM)","Without sequence","130.0","",""
"17/11/2024 01:00:00 - 17/11/2024 02:00:00","BZN|IE(SEM)","Without sequence","118.46","",""
"17/11/2024 02:00:00 - 17/11/2024 03:00:00","BZN|IE(SEM)","Without sequence","118.01","",""
"17/11/2024 03:00:00 - 17/11/2024 04:00:00","BZN|IE(SEM)","Without sequence","118.01","",""
"17/11/2024 04:00:00 - 17/11/2024 05:00:00","BZN|IE(SEM)","Without sequence","115.0","",""
"17/11/2024 05:00:00 - 17/11/2024 06:00:00","BZN|IE(SEM)","Without sequence","113.58","",""
"17/11/2024 06:00:00 - 17/11/2024 07:00:00","BZN|IE(SEM)","Without sequence","113.03","",""
"17/11/2024 07:00:00 - 17/11/2024 08:00:00","BZN|IE(SEM)","Without sequence","112.19","",""
"17/11/2024 08:00:00 - 17/11/2024 09:00:00","BZN|IE(SEM)","Without sequence","105.0","",""
"17/11/2024 09:00:00 - 17/11/2024 10:00:00","BZN|IE(SEM)","Without sequence","113.41","",""
"17/11/2024 10:00:00 - 17/11/2024 11:00:00","BZN|IE(SEM)","Without sequence","125.24","",""
"17/11/2024 11:00:00 - 17/11/2024 12:00:00","BZN|IE(SEM)","Without sequence","125.3","",""
"17/11/2024 12:00:00 - 17/11/2024 13:00:00","BZN|IE(SEM)","Without sequence","118.7","",""
"17/11/2024 13:00:00 - 17/11/2024 14:00:00","BZN|IE(SEM)","Without sequence","124.0","",""
"17/11/2024 14:00:00 - 17/11/2024 15:00:00","BZN|IE(SEM)","Without sequence","127.89","",""
"17/11/2024 15:00:00 - 17/11/2024 16:00:00","BZN|IE(SEM)","Without sequence","125.0","",""
"17/11/2024 16:00:00 - 17/11/2024 17:00:00","BZN|IE(SEM)","Without sequence","125.0","",""
"17/11/2024 17:00:00 - 17/11/2024 18:00:00","BZN|IE(SEM)","Without sequence","155.0","",""
"17/11/2024 18:00:00 - 17/11/2024 19:00:00","BZN|IE(SEM)","Without sequence","206.4","",""
"17/11/2024 19:00:00 - 17/11/2024 20:00:00","BZN|IE(SEM)","Without sequence","190.0","",""
"17/11/2024 20:00:00 - 17/11/2024 21:00:00","BZN|IE(SEM)","Without sequence","155.0","",""
"17/11/2024 21:00:00 - 17/11/2024 22:00:00","BZN|IE(SEM)","Without sequence","145.0","",""
"17/11/2024 22:00:00 - 17/11/2024 23:00:00","BZN|IE(SEM)","Without sequence","134.85","",""
"17/11/2024 23:00:00 - 18/11/2024 00:00:00","BZN|IE(SEM)","Without sequence","122.39","",""
"18/11/2024 00:00:00 - 18/11/2024 01:00:00","BZN|IE(SEM)","Without sequence","117.0","",""
"18/11/2024 01:00:00 - 18/11/2024 02:00:00","BZN|IE(SEM)","Without sequence","112.5","",""
"18/11/2024 02:00:00 - 18/11/2024 03:00:00","BZN|IE(SEM)","Without sequence","117.89","",""
"18/11/2024 03:00:00 - 18/11/2024 04:00:00","BZN|IE(SEM)","Without sequence","117.89","",""
"18/11/2024 04:00:00 - 18/11/2024 05:00:00","BZN|IE(SEM)","Without sequence","117.89","",""
"18/11/2024 05:00:00 - 18/11/2024 06:00:00","BZN|IE(SEM)","Without sequence","117.01","",""
"18/11/2024 06:00:00 - 18/11/2024 07:00:00","BZN|IE(SEM)","Without sequence","117.64","",""
"18/11/2024 07:00:00 - 18/11/2024 08:00:00","BZN|IE(SEM)","Without sequence","141.81","",""
"18/11/2024 08:00:00 - 18/11/2024 09:00:00","BZN|IE(SEM)","Without sequence","152.42","",""
"18/11/2024 09:00:00 - 18/11/2024 10:00:00","BZN|IE(SEM)","Without sequence","166.64","",""
"18/11/2024 10:00:00 - 18/11/2024 11:00:00","BZN|IE(SEM)","Without sequence","177.74","",""
"18/11/2024 11:00:00 - 18/11/2024 12:00:00","BZN|IE(SEM)","Without sequence","185.81","",""
"18/11/2024 12:00:00 - 18/11/2024 13:00:00","BZN|IE(SEM)","Without sequence","168.11","",""
"18/11/2024 13:00:00 - 18/11/2024 14:00:00","BZN|IE(SEM)","Without sequence","168.0","",""
"18/11/2024 14:00:00 - 18/11/2024 15:00:00","BZN|IE(SEM)","Without sequence","160.44","",""
"18/11/2024 15:00:00 - 18/11/2024 16:00:00","BZN|IE(SEM)","Without sequence","156.0","",""
"18/11/2024 16:00:00 - 18/11/2024 17:00:00","BZN|IE(SEM)","Without sequence","151.79","",""
"18/11/2024 17:00:00 - 18/11/2024 18:00:00","BZN|IE(SEM)","Without sequence","166.0","",""
"18/11/2024 18:00:00 - 18/11/2024 19:00:00","BZN|IE(SEM)","Without sequence","167.66","",""
"18/11/2024 19:00:00 - 18/11/2024 20:00:00","BZN|IE(SEM)","Without sequence","155.0","",""
"18/11/2024 20:00:00 - 18/11/2024 21:00:00","BZN|IE(SEM)","Without sequence","125.0","",""
"18/11/2024 21:00:00 - 18/11/2024 22:00:00","BZN|IE(SEM)","Without sequence","121.5","",""
"18/11/2024 22:00:00 - 18/11/2024 23:00:00","BZN|IE(SEM)","Without sequence","116.07","",""
"18/11/2024 23:00:00 - 19/11/2024 00:00:00","BZN|IE(SEM)","Without sequence","111.27","",""
"19/11/2024 00:00:00 - 19/11/2024 01:00:00","BZN|IE(SEM)","Without sequence","116.0","",""
"19/11/2024 01:00:00 - 19/11/2024 02:00:00","BZN|IE(SEM)","Without sequence","113.82","",""
"19/11/2024 02:00:00 - 19/11/2024 03:00:00","BZN|IE(SEM)","Without sequence","109.67","",""
"19/11/2024 03:00:00 - 19/11/2024 04:00:00","BZN|IE(SEM)","Without sequence","105.27","",""
"19/11/2024 04:00:00 - 19/11/2024 05:00:00","BZN|IE(SEM)","Without sequence","101.0","",""
"19/11/2024 05:00:00 - 19/11/2024 06:00:00","BZN|IE(SEM)","Without sequence","101.66","",""
"19/11/2024 06:00:00 - 19/11/2024 07:00:00","BZN|IE(SEM)","Without sequence","107.1","",""
"19/11/2024 07:00:00 - 19/11/2024 08:00:00","BZN|IE(SEM)","Without sequence","118.21","",""
"19/11/2024 08:00:00 - 19/11/2024 09:00:00","BZN|IE(SEM)","Without sequence","127.53","",""
"19/11/2024 09:00:00 - 19/11/2024 10:00:00","BZN|IE(SEM)","Without sequence","140.13","",""
"19/11/2024 10:00:00 - 19/11/2024 11:00:00","BZN|IE(SEM)","Without sequence","149.0","",""
"19/11/2024 11:00:00 - 19/11/2024 12:00:00","BZN|IE(SEM)","Without sequence","150.0","",""
"19/11/2024 12:00:00 - 19/11/2024 13:00:00","BZN|IE(SEM)","Without sequence","155.0","",""
"19/11/2024 13:00:00 - 19/11/2024 14:00:00","BZN|IE(SEM)","Without sequence","188.0","",""
"19/11/2024 14:00:00 - 19/11/2024 15:00:00","BZN|IE(SEM)","Without sequence","167.0","",""
"19/11/2024 15:00:00 - 19/11/2024 16:00:00","BZN|IE(SEM)","Without sequence","168.21","",""
"19/11/2024 16:00:00 - 19/11/2024 17:00:00","BZN|IE(SEM)","Without sequence","187.46","",""
"19/11/2024 17:00:00 - 19/11/2024 18:00:00","BZN|IE(SEM)","Without sequence","215.0","",""
"19/11/2024 18:00:00 - 19/11/2024 19:00:00","BZN|IE(SEM)","Without sequence","250.23","",""
"19/11/2024 19:00:00 - 19/11/2024 20:00:00","BZN|IE(SEM)","Without sequence","224.9","",""
"19/11/2024 20:00:00 - 19/11/2024 21:00:00","BZN|IE(SEM)","Without sequence","195.0","",""
"19/11/2024 21:00:00 - 19/11/2024 22:00:00","BZN|IE(SEM)","Without sequence","171.0","",""
"19/11/2024 22:00:00 - 19/11/2024 23:00:00","BZN|IE(SEM)","Without sequence","134.99","",""
"19/11/2024 23:00:00 - 20/11/2024 00:00:00","BZN|IE(SEM)","Without sequence","119.5","",""
"20/11/2024 00:00:00 - 20/11/2024 01:00:00","BZN|IE(SEM)","Without sequence","116.0","",""
"20/11/2024 01:00:00 - 20/11/2024 02:00:00","BZN|IE(SEM)","Without sequence","115.62","",""
"20/11/2024 02:00:00 - 20/11/2024 03:00:00","BZN|IE(SEM)","Without sequence","115.62","",""
"20/11/2024 03:00:00 - 20/11/2024 04:00:00","BZN|IE(SEM)","Without sequence","115.0","",""
"20/11/2024 04:00:00 - 20/11/2024 05:00:00","BZN|IE(SEM)","Without sequence","114.53","",""
"20/11/2024 05:00:00 - 20/11/2024 06:00:00","BZN|IE(SEM)","Without sequence","113.63","",""
"20/11/2024 06:00:00 - 20/11/2024 07:00:00","BZN|IE(SEM)","Without sequence","112.36","",""
"20/11/2024 07:00:00 - 20/11/2024 08:00:00","BZN|IE(SEM)","Without sequence","124.17","",""
"20/11/2024 08:00:00 - 20/11/2024 09:00:00","BZN|IE(SEM)","Without sequence","145.0","",""
"20/11/2024 09:00:00 - 20/11/2024 10:00:00","BZN|IE(SEM)","Without sequence","155.0","",""
"20/11/2024 10:00:00 - 20/11/2024 11:00:00","BZN|IE(SEM)","Without sequence","176.5","",""
"20/11/2024 11:00:00 - 20/11/2024 12:00:00","BZN|IE(SEM)","Without sequence","167.3","",""
"20/11/2024 12:00:00 - 20/11/2024 13:00:00","BZN|IE(SEM)","Without sequence","165.0","",""
"20/11/2024 13:00:00 - 20/11/2024 14:00:00","BZN|IE(SEM)","Without sequence","180.6","",""
"20/11/2024 14:00:00 - 20/11/2024 15:00:00","BZN|IE(SEM)","Without sequence","185.0","",""
"20/11/2024 15:00:00 - 20/11/2024 16:00:00","BZN|IE(SEM)","Without sequence","190.82","",""
"20/11/2024 16:00:00 - 20/11/2024 17:00:00","BZN|IE(SEM)","Without sequence","190.77","",""
"20/11/2024 17:00:00 - 20/11/2024 18:00:00","BZN|IE(SEM)","Without sequence","252.6","",""
"20/11/2024 18:00:00 - 20/11/2024 19:00:00","BZN|IE(SEM)","Without sequence","300.0","",""
"20/11/2024 19:00:00 - 20/11/2024 20:00:00","BZN|IE(SEM)","Without sequence","275.0","",""
"20/11/2024 20:00:00 - 20/11/2024 21:00:00","BZN|IE(SEM)","Without sequence","200.0","",""
"20/11/2024 21:00:00 - 20/11/2024 22:00:00","BZN|IE(SEM)","Without sequence","171.0","",""
"20/11/2024 22:00:00 - 20/11/2024 23:00:00","BZN|IE(SEM)","Without sequence","136.75","",""
"20/11/2024 23:00:00 - 21/11/2024 00:00:00","BZN|IE(SEM)","Without sequence","126.6","",""
"21/11/2024 00:00:00 - 21/11/2024 01:00:00","BZN|IE(SEM)","Without sequence","119.85","",""
"21/11/2024 01:00:00 - 21/11/2024 02:00:00","BZN|IE(SEM)","Without sequence","117.84","",""
"21/11/2024 02:00:00 - 21/11/2024 03:00:00","BZN|IE(SEM)","Without sequence","117.78","",""
"21/11/2024 03:00:00 - 21/11/2024 04:00:00","BZN|IE(SEM)","Without sequence","115.3","",""
"21/11/2024 04:00:00 - 21/11/2024 05:00:00","BZN|IE(SEM)","Without sequence","115.3","",""
"21/11/2024 05:00:00 - 21/11/2024 06:00:00","BZN|IE(SEM)","Without sequence","111.29","",""
"21/11/2024 06:00:00 - 21/11/2024 07:00:00","BZN|IE(SEM)","Without sequence","113.97","",""
"21/11/2024 07:00:00 - 21/11/2024 08:00:00","BZN|IE(SEM)","Without sequence","118.81","",""
"21/11/2024 08:00:00 - 21/11/2024 09:00:00","BZN|IE(SEM)","Without sequence","139.0","",""
"21/11/2024 09:00:00 - 21/11/2024 10:00:00","BZN|IE(SEM)","Without sequence","153.73","",""
"21/11/2024 10:00:00 - 21/11/2024 11:00:00","BZN|IE(SEM)","Without sequence","158.0","",""
"21/11/2024 11:00:00 - 21/11/2024 12:00:00","BZN|IE(SEM)","Without sequence","151.0","",""
"21/11/2024 12:00:00 - 21/11/2024 13:00:00","BZN|IE(SEM)","Without sequence","137.12","",""
"21/11/2024 13:00:00 - 21/11/2024 14:00:00","BZN|IE(SEM)","Without sequence","127.0","",""
"21/11/2024 14:00:00 - 21/11/2024 15:00:00","BZN|IE(SEM)","Without sequence","127.04","",""
"21/11/2024 15:00:00 - 21/11/2024 16:00:00","BZN|IE(SEM)","Without sequence","133.0","",""
"21/11/2024 16:00:00 - 21/11/2024 17:00:00","BZN|IE(SEM)","Without sequence","133.0","",""
"21/11/2024 17:00:00 - 21/11/2024 18:00:00","BZN|IE(SEM)","Without sequence","146.53","",""
"21/11/2024 18:00:00 - 21/11/2024 19:00:00","BZN|IE(SEM)","Without sequence","153.9","",""
"21/11/2024 19:00:00 - 21/11/2024 20:00:00","BZN|IE(SEM)","Without sequence","146.08","",""
"21/11/2024 20:00:00 - 21/11/2024 21:00:00","BZN|IE(SEM)","Without sequence","128.05","",""
"21/11/2024 21:00:00 - 21/11/2024 22:00:00","BZN|IE(SEM)","Without sequence","125.5","",""
"21/11/2024 22:00:00 - 21/11/2024 23:00:00","BZN|IE(SEM)","Without sequence","123.41","",""
"21/11/2024 23:00:00 - 22/11/2024 00:00:00","BZN|IE(SEM)","Without sequence","110.35","",""
"22/11/2024 00:00:00 - 22/11/2024 01:00:00","BZN|IE(SEM)","Without sequence","120.0","",""
"22/11/2024 01:00:00 - 22/11/2024 02:00:00","BZN|IE(SEM)","Without sequence","115.0","",""
"22/11/2024 02:00:00 - 22/11/2024 03:00:00","BZN|IE(SEM)","Without sequence","113.17","",""
"22/11/2024 03:00:00 - 22/11/2024 04:00:00","BZN|IE(SEM)","Without sequence","111.02","",""
"22/11/2024 04:00:00 - 22/11/2024 05:00:00","BZN|IE(SEM)","Without sequence","110.67","",""
"22/11/2024 05:00:00 - 22/11/2024 06:00:00","BZN|IE(SEM)","Without sequence","112.55","",""
"22/11/2024 06:00:00 - 22/11/2024 07:00:00","BZN|IE(SEM)","Without sequence","115.15","",""
"22/11/2024 07:00:00 - 22/11/2024 08:00:00","BZN|IE(SEM)","Without sequence","127.99","",""
"22/11/2024 08:00:00 - 22/11/2024 09:00:00","BZN|IE(SEM)","Without sequence","135.53","",""
"22/11/2024 09:00:00 - 22/11/2024 10:00:00","BZN|IE(SEM)","Without sequence","157.32","",""
"22/11/2024 10:00:00 - 22/11/2024 11:00:00","BZN|IE(SEM)","Without sequence","145.34","",""
"22/11/2024 11:00:00 - 22/11/2024 12:00:00","BZN|IE(SEM)","Without sequence","150.0","",""
"22/11/2024 12:00:00 - 22/11/2024 13:00:00","BZN|IE(SEM)","Without sequence","162.25","",""
"22/11/2024 13:00:00 - 22/11/2024 14:00:00","BZN|IE(SEM)","Without sequence","175.0","",""
"22/11/2024 14:00:00 - 22/11/2024 15:00:00","BZN|IE(SEM)","Without sequence","200.0","",""
"22/11/2024 15:00:00 - 22/11/2024 16:00:00","BZN|IE(SEM)","Without sequence","191.7","",""
"22/11/2024 16:00:00 - 22/11/2024 17:00:00","BZN|IE(SEM)","Without sequence","205.83","",""
"22/11/2024 17:00:00 - 22/11/2024 18:00:00","BZN|IE(SEM)","Without sequence","231.8","",""
"22/11/2024 18:00:00 - 22/11/2024 19:00:00","BZN|IE(SEM)","Without sequence","251.01","",""
"22/11/2024 19:00:00 - 22/11/2024 20:00:00","BZN|IE(SEM)","Without sequence","202.83","",""
"22/11/2024 20:00:00 - 22/11/2024 21:00:00","BZN|IE(SEM)","Without sequence","176.58","",""
"22/11/2024 21:00:00 - 22/11/2024 22:00:00","BZN|IE(SEM)","Without sequence","133.7","",""
"22/11/2024 22:00:00 - 22/11/2024 23:00:00","BZN|IE(SEM)","Without sequence","121.88","",""
"22/11/2024 23:00:00 - 23/11/2024 00:00:00","BZN|IE(SEM)","Without sequence","114.9","",""
"23/11/2024 00:00:00 - 23/11/2024 01:00:00","BZN|IE(SEM)","Without sequence","126.0","",""
"23/11/2024 01:00:00 - 23/11/2024 02:00:00","BZN|IE(SEM)","Without sequence","119.19","",""
"23/11/2024 02:00:00 - 23/11/2024 03:00:00","BZN|IE(SEM)","Without sequence","96.71","",""
"23/11/2024 03:00:00 - 23/11/2024 04:00:00","BZN|IE(SEM)","Without sequence","87.46","",""
"23/11/2024 04:00:00 - 23/11/2024 05:00:00","BZN|IE(SEM)","Without sequence","61.0","",""
"23/11/2024 05:00:00 - 23/11/2024 06:00:00","BZN|IE(SEM)","Without sequence","52.9","",""
"23/11/2024 06:00:00 - 23/11/2024 07:00:00","BZN|IE(SEM)","Without sequence","49.0","",""
"23/11/2024 07:00:00 - 23/11/2024 08:00:00","BZN|IE(SEM)","Without sequence","40.0","",""
"23/11/2024 08:00:00 - 23/11/2024 09:00:00","BZN|IE(SEM)","Without sequence","62.03","",""
"23/11/2024 09:00:00 - 23/11/2024 10:00:00","BZN|IE(SEM)","Without sequence","85.8","",""
"23/11/2024 10:00:00 - 23/11/2024 11:00:00","BZN|IE(SEM)","Without sequence","100.0","",""
"23/11/2024 11:00:00 - 23/11/2024 12:00:00","BZN|IE(SEM)","Without sequence","108.0","",""
"23/11/2024 12:00:00 - 23/11/2024 13:00:00","BZN|IE(SEM)","Without sequence","112.01","",""
"23/11/2024 13:00:00 - 23/11/2024 14:00:00","BZN|IE(SEM)","Without sequence","127.86","",""
"23/11/2024 14:00:00 - 23/11/2024 15:00:00","BZN|IE(SEM)","Without sequence","139.81","",""
"23/11/2024 15:00:00 - 23/11/2024 16:00:00","BZN|IE(SEM)","Without sequence","136.0","",""
"23/11/2024 16:00:00 - 23/11/2024 17:00:00","BZN|IE(SEM)","Without sequence","125.0","",""
"23/11/2024 17:00:00 - 23/11/2024 18:00:00","BZN|IE(SEM)","Without sequence","138.1","",""
"23/11/2024 18:00:00 - 23/11/2024 19:00:00","BZN|IE(SEM)","Without sequence","148.85","",""
"23/11/2024 19:00:00 - 23/11/2024 20:00:00","BZN|IE(SEM)","Without sequence","137.67","",""
"23/11/2024 20:00:00 - 23/11/2024 21:00:00","BZN|IE(SEM)","Without sequence","120.8","",""
"23/11/2024 21:00:00 - 23/11/2024 22:00:00","BZN|IE(SEM)","Without sequence","95.63","",""
"23/11/2024 22:00:00 - 23/11/2024 23:00:00","BZN|IE(SEM)","Without sequence","56.59","",""
"23/11/2024 23:00:00 - 24/11/2024 00:00:00","BZN|IE(SEM)","Without sequence","14.34","",""
"24/11/2024 00:00:00 - 24/11/2024 01:00:00","BZN|IE(SEM)","Without sequence","2.64","",""
"24/11/2024 01:00:00 - 24/11/2024 02:00:00","BZN|IE(SEM)","Without sequence","0.0","",""
"24/11/2024 02:00:00 - 24/11/2024 03:00:00","BZN|IE(SEM)","Without sequence","-1.0","",""
"24/11/2024 03:00:00 - 24/11/2024 04:00:00","BZN|IE(SEM)","Without sequence","-2.4","",""
"24/11/2024 04:00:00 - 24/11/2024 05:00:00","BZN|IE(SEM)","Without sequence","-4.0","",""
"24/11/2024 05:00:00 - 24/11/2024 06:00:00","BZN|IE(SEM)","Without sequence","-4.12","",""
"24/11/2024 06:00:00 - 24/11/2024 07:00:00","BZN|IE(SEM)","Without sequence","-4.12","",""
"24/11/2024 07:00:00 - 24/11/2024 08:00:00","BZN|IE(SEM)","Without sequence","-2.89","",""
"24/11/2024 08:00:00 - 24/11/2024 09:00:00","BZN|IE(SEM)","Without sequence","-0.06","",""
"24/11/2024 09:00:00 - 24/11/2024 10:00:00","BZN|IE(SEM)","Without sequence","0.0","",""
"24/11/2024 10:00:00 - 24/11/2024 11:00:00","BZN|IE(SEM)","Without sequence","0.0","",""
"24/11/2024 11:00:00 - 24/11/2024 12:00:00","BZN|IE(SEM)","Without sequence","25.0","",""
"24/11/2024 12:00:00 - 24/11/2024 13:00:00","BZN|IE(SEM)","Without sequence","27.9","",""
"24/11/2024 13:00:00 - 24/11/2024 14:00:00","BZN|IE(SEM)","Without sequence","45.0","",""
"24/11/2024 14:00:00 - 24/11/2024 15:00:00","BZN|IE(SEM)","Without sequence","44.09","",""
"24/11/2024 15:00:00 - 24/11/2024 16:00:00","BZN|IE(SEM)","Without sequence","60.81","",""
"24/11/2024 16:00:00 - 24/11/2024 17:00:00","BZN|IE(SEM)","Without sequence","76.09","",""
"24/11/2024 17:00:00 - 24/11/2024 18:00:00","BZN|IE(SEM)","Without sequence","116.79","",""
"24/11/2024 18:00:00 - 24/11/2024 19:00:00","BZN|IE(SEM)","Without sequence","135.78","",""
"24/11/2024 19:00:00 - 24/11/2024 20:00:00","BZN|IE(SEM)","Without sequence","115.0","",""
"24/11/2024 20:00:00 - 24/11/2024 21:00:00","BZN|IE(SEM)","Without sequence","75.0","",""
"24/11/2024 21:00:00 - 24/11/2024 22:00:00","BZN|IE(SEM)","Without sequence","45.0","",""
"24/11/2024 22:00:00 - 24/11/2024 23:00:00","BZN|IE(SEM)","Without sequence","25.0","",""
"24/11/2024 23:00:00 - 25/11/2024 00:00:00","BZN|IE(SEM)","Without sequence","6.5","",""
"25/11/2024 00:00:00 - 25/11/2024 01:00:00","BZN|IE(SEM)","Without sequence","7.94","",""
"25/11/2024 01:00:00 - 25/11/2024 02:00:00","BZN|IE(SEM)","Without sequence","6.23","",""
"25/11/2024 02:00:00 - 25/11/2024 03:00:00","BZN|IE(SEM)","Without sequence","4.0","",""
"25/11/2024 03:00:00 - 25/11/2024 04:00:00","BZN|IE(SEM)","Without sequence","4.81","",""
"25/11/2024 04:00:00 - 25/11/2024 05:00:00","BZN|IE(SEM)","Without sequence","3.7","",""
"25/11/2024 05:00:00 - 25/11/2024 06:00:00","BZN|IE(SEM)","Without sequence","7.8","",""
"25/11/2024 06:00:00 - 25/11/2024 07:00:00","BZN|IE(SEM)","Without sequence","11.0","",""
"25/11/2024 07:00:00 - 25/11/2024 08:00:00","BZN|IE(SEM)","Without sequence","73.38","",""
"25/11/2024 08:00:00 - 25/11/2024 09:00:00","BZN|IE(SEM)","Without sequence","117.67","",""
"25/11/2024 09:00:00 - 25/11/2024 10:00:00","BZN|IE(SEM)","Without sequence","123.45","",""
"25/11/2024 10:00:00 - 25/11/2024 11:00:00","BZN|IE(SEM)","Without sequence","120.52","",""
"25/11/2024 11:00:00 - 25/11/2024 12:00:00","BZN|IE(SEM)","Without sequence","117.67","",""
"25/11/2024 12:00:00 - 25/11/2024 13:00:00","BZN|IE(SEM)","Without sequence","117.67","",""
"25/11/2024 13:00:00 - 25/11/2024 14:00:00","BZN|IE(SEM)","Without sequence","117.67","",""
"25/11/2024 14:00:00 - 25/11/2024 15:00:00","BZN|IE(SEM)","Without sequence","119.22","",""
"25/11/2024 15:00:00 - 25/11/2024 16:00:00","BZN|IE(SEM)","Without sequence","136.1","",""
"25/11/2024 16:00:00 - 25/11/2024 17:00:00","BZN|IE(SEM)","Without sequence","135.0","",""
"25/11/2024 17:00:00 - 25/11/2024 18:00:00","BZN|IE(SEM)","Without sequence","160.84","",""
"25/11/2024 18:00:00 - 25/11/2024 19:00:00","BZN|IE(SEM)","Without sequence","185.0","",""
"25/11/2024 19:00:00 - 25/11/2024 20:00:00","BZN|IE(SEM)","Without sequence","175.0","",""
"25/11/2024 20:00:00 - 25/11/2024 21:00:00","BZN|IE(SEM)","Without sequence","164.0","",""
"25/11/2024 21:00:00 - 25/11/2024 22:00:00","BZN|IE(SEM)","Without sequence","155.38","",""
"25/11/2024 22:00:00 - 25/11/2024 23:00:00","BZN|IE(SEM)","Without sequence","122.05","",""
"25/11/2024 23:00:00 - 26/11/2024 00:00:00","BZN|IE(SEM)","Without sequence","118.16","",""
"26/11/2024 00:00:00 - 26/11/2024 01:00:00","BZN|IE(SEM)","Without sequence","129.01","",""
"26/11/2024 01:00:00 - 26/11/2024 02:00:00","BZN|IE(SEM)","Without sequence","123.06","",""
"26/11/2024 02:00:00 - 26/11/2024 03:00:00","BZN|IE(SEM)","Without sequence","124.56","",""
"26/11/2024 03:00:00 - 26/11/2024 04:00:00","BZN|IE(SEM)","Without sequence","125.0","",""
"26/11/2024 04:00:00 - 26/11/2024 05:00:00","BZN|IE(SEM)","Without sequence","132.01","",""
"26/11/2024 05:00:00 - 26/11/2024 06:00:00","BZN|IE(SEM)","Without sequence","132.97","",""
"26/11/2024 06:00:00 - 26/11/2024 07:00:00","BZN|IE(SEM)","Without sequence","135.0","",""
"26/11/2024 07:00:00 - 26/11/2024 08:00:00","BZN|IE(SEM)","Without sequence","146.35","",""
"26/11/2024 08:00:00 - 26/11/2024 09:00:00","BZN|IE(SEM)","Without sequence","185.95","",""
"26/11/2024 09:00:00 - 26/11/2024 10:00:00","BZN|IE(SEM)","Without sequence","234.78","",""
"26/11/2024 10:00:00 - 26/11/2024 11:00:00","BZN|IE(SEM)","Without sequence","252.2","",""
"26/11/2024 11:00:00 - 26/11/2024 12:00:00","BZN|IE(SEM)","Without sequence","261.1","",""
"26/11/2024 12:00:00 - 26/11/2024 13:00:00","BZN|IE(SEM)","Without sequence","239.26","",""
"26/11/2024 13:00:00 - 26/11/2024 14:00:00","BZN|IE(SEM)","Without sequence","240.8","",""
"26/11/2024 14:00:00 - 26/11/2024 15:00:00","BZN|IE(SEM)","Without sequence","245.0","",""
"26/11/2024 15:00:00 - 26/11/2024 16:00:00","BZN|IE(SEM)","Without sequence","276.5","",""
"26/11/2024 16:00:00 - 26/11/2024 17:00:00","BZN|IE(SEM)","Without sequence","255.48","",""
"26/11/2024 17:00:00 - 26/11/2024 18:00:00","BZN|IE(SEM)","Without sequence","305.0","",""
"26/11/2024 18:00:00 - 26/11/2024 19:00:00","BZN|IE(SEM)","Without sequence","335.0","",""
"26/11/2024 19:00:00 - 26/11/2024 20:00:00","BZN|IE(SEM)","Without sequence","311.0","",""
"26/11/2024 20:00:00 - 26/11/2024 21:00:00","BZN|IE(SEM)","Without sequence","295.0","",""
"26/11/2024 21:00:00 - 26/11/2024 22:00:00","BZN|IE(SEM)","Without sequence","254.79","",""
"26/11/2024 22:00:00 - 26/11/2024 23:00:00","BZN|IE(SEM)","Without sequence","201.0","",""
"26/11/2024 23:00:00 - 27/11/2024 00:00:00","BZN|IE(SEM)","Without sequence","166.3","",""
"27/11/2024 00:00:00 - 27/11/2024 01:00:00","BZN|IE(SEM)","Without sequence","143.02","",""
"27/11/2024 01:00:00 - 27/11/2024 02:00:00","BZN|IE(SEM)","Without sequence","135.61","",""
"27/11/2024 02:00:00 - 27/11/2024 03:00:00","BZN|IE(SEM)","Without sequence","128.0","",""
"27/11/2024 03:00:00 - 27/11/2024 04:00:00","BZN|IE(SEM)","Without sequence","125.0","",""
"27/11/2024 04:00:00 - 27/11/2024 05:00:00","BZN|IE(SEM)","Without sequence","123.0","",""
"27/11/2024 05:00:00 - 27/11/2024 06:00:00","BZN|IE(SEM)","Without sequence","119.5","",""
"27/11/2024 06:00:00 - 27/11/2024 07:00:00","BZN|IE(SEM)","Without sequence","121.0","",""
"27/11/2024 07:00:00 - 27/11/2024 08:00:00","BZN|IE(SEM)","Without sequence","147.62","",""
"27/11/2024 08:00:00 - 27/11/2024 09:00:00","BZN|IE(SEM)","Without sequence","210.76","",""
"27/11/2024 09:00:00 - 27/11/2024 10:00:00","BZN|IE(SEM)","Without sequence","283.3","",""
"27/11/2024 10:00:00 - 27/11/2024 11:00:00","BZN|IE(SEM)","Without sequence","285.0","",""
"27/11/2024 11:00:00 - 27/11/2024 12:00:00","BZN|IE(SEM)","Without sequence","263.7","",""
"27/11/2024 12:00:00 - 27/11/2024 13:00:00","BZN|IE(SEM)","Without sequence","261.0","",""
"27/11/2024 13:00:00 - 27/11/2024 14:00:00","BZN|IE(SEM)","Without sequence","261.0","",""
"27/11/2024 14:00:00 - 27/11/2024 15:00:00","BZN|IE(SEM)","Without sequence","261.0","",""
"27/11/2024 15:00:00 - 27/11/2024 16:00:00","BZN|IE(SEM)","Without sequence","272.9","",""
"27/11/2024 16:00:00 - 27/11/2024 17:00:00","BZN|IE(SEM)","Without sequence","292.25","",""
"27/11/2024 17:00:00 - 27/11/2024 18:00:00","BZN|IE(SEM)","Without sequence","307.19","",""
"27/11/2024 18:00:00 - 27/11/2024 19:00:00","BZN|IE(SEM)","Without sequence","331.17","",""
"27/11/2024 19:00:00 - 27/11/2024 20:00:00","BZN|IE(SEM)","Without sequence","290.2","",""
"27/11/2024 20:00:00 - 27/11/2024 21:00:00","BZN|IE(SEM)","Without sequence","215.0","",""
"27/11/2024 21:00:00 - 27/11/2024 22:00:00","BZN|IE(SEM)","Without sequence","156.68","",""
"27/11/2024 22:00:00 - 27/11/2024 23:00:00","BZN|IE(SEM)","Without sequence","135.0","",""
"27/11/2024 23:00:00 - 28/11/2024 00:00:00","BZN|IE(SEM)","Without sequence","117.13","",""
"28/11/2024 00:00:00 - 28/11/2024 01:00:00","BZN|IE(SEM)","Without sequence","190.49","",""
"28/11/2024 01:00:00 - 28/11/2024 02:00:00","BZN|IE(SEM)","Without sequence","140.06","",""
"28/11/2024 02:00:00 - 28/11/2024 03:00:00","BZN|IE(SEM)","Without sequence","140.07","",""
"28/11/2024 03:00:00 - 28/11/2024 04:00:00","BZN|IE(SEM)","Without sequence","119.7","",""
"28/11/2024 04:00:00 - 28/11/2024 05:00:00","BZN|IE(SEM)","Without sequence","112.64","",""
"28/11/2024 05:00:00 - 28/11/2024 06:00:00","BZN|IE(SEM)","Without sequence","107.7","",""
"28/11/2024 06:00:00 - 28/11/2024 07:00:00","BZN|IE(SEM)","Without sequence","107.33","",""
"28/11/2024 07:00:00 - 28/11/2024 08:00:00","BZN|IE(SEM)","Without sequence","122.39","",""
"28/11/2024 08:00:00 - 28/11/2024 09:00:00","BZN|IE(SEM)","Without sequence","134.03","",""
"28/11/2024 09:00:00 - 28/11/2024 10:00:00","BZN|IE(SEM)","Without sequence","154.79","",""
"28/11/2024 10:00:00 - 28/11/2024 11:00:00","BZN|IE(SEM)","Without sequence","149.71","",""
"28/11/2024 11:00:00 - 28/11/2024 12:00:00","BZN|IE(SEM)","Without sequence","132.0","",""
"28/11/2024 12:00:00 - 28/11/2024 13:00:00","BZN|IE(SEM)","Without sequence","119.91","",""
"28/11/2024 13:00:00 - 28/11/2024 14:00:00","BZN|IE(SEM)","Without sequence","110.44","",""
"28/11/2024 14:00:00 - 28/11/2024 15:00:00","BZN|IE(SEM)","Without sequence","110.0","",""
"28/11/2024 15:00:00 - 28/11/2024 16:00:00","BZN|IE(SEM)","Without sequence","113.45","",""
"28/11/2024 16:00:00 - 28/11/2024 17:00:00","BZN|IE(SEM)","Without sequence","129.0","",""
"28/11/2024 17:00:00 - 28/11/2024 18:00:00","BZN|IE(SEM)","Without sequence","145.0","",""
"28/11/2024 18:00:00 - 28/11/2024 19:00:00","BZN|IE(SEM)","Without sequence","154.98","",""
"28/11/2024 19:00:00 - 28/11/2024 20:00:00","BZN|IE(SEM)","Without sequence","145.0","",""
"28/11/2024 20:00:00 - 28/11/2024 21:00:00","BZN|IE(SEM)","Without sequence","128.42","",""
"28/11/2024 21:00:00 - 28/11/2024 22:00:00","BZN|IE(SEM)","Without sequence","119.0","",""
"28/11/2024 22:00:00 - 28/11/2024 23:00:00","BZN|IE(SEM)","Without sequence","110.23","",""
"28/11/2024 23:00:00 - 29/11/2024 00:00:00","BZN|IE(SEM)","Without sequence","98.2","",""
"29/11/2024 00:00:00 - 29/11/2024 01:00:00","BZN|IE(SEM)","Without sequence","98.0","",""
"29/11/2024 01:00:00 - 29/11/2024 02:00:00","BZN|IE(SEM)","Without sequence","87.64","",""
"29/11/2024 02:00:00 - 29/11/2024 03:00:00","BZN|IE(SEM)","Without sequence","68.6","",""
"29/11/2024 03:00:00 - 29/11/2024 04:00:00","BZN|IE(SEM)","Without sequence","60.32","",""
"29/11/2024 04:00:00 - 29/11/2024 05:00:00","BZN|IE(SEM)","Without sequence","55.33","",""
"29/11/2024 05:00:00 - 29/11/2024 06:00:00","BZN|IE(SEM)","Without sequence","55.33","",""
"29/11/2024 06:00:00 - 29/11/2024 07:00:00","BZN|IE(SEM)","Without sequence","45.0","",""
"29/11/2024 07:00:00 - 29/11/2024 08:00:00","BZN|IE(SEM)","Without sequence","98.0","",""
"29/11/2024 08:00:00 - 29/11/2024 09:00:00","BZN|IE(SEM)","Without sequence","125.21","",""
"29/11/2024 09:00:00 - 29/11/2024 10:00:00","BZN|IE(SEM)","Without sequence","132.0","",""
"29/11/2024 10:00:00 - 29/11/2024 11:00:00","BZN|IE(SEM)","Without sequence","125.0","",""
"29/11/2024 11:00:00 - 29/11/2024 12:00:00","BZN|IE(SEM)","Without sequence","118.41","",""
"29/11/2024 12:00:00 - 29/11/2024 13:00:00","BZN|IE(SEM)","Without sequence","111.9","",""
"29/11/2024 13:00:00 - 29/11/2024 14:00:00","BZN|IE(SEM)","Without sequence","111.65","",""
"29/11/2024 14:00:00 - 29/11/2024 15:00:00","BZN|IE(SEM)","Without sequence","111.99","",""
"29/11/2024 15:00:00 - 29/11/2024 16:00:00","BZN|IE(SEM)","Without sequence","115.37","",""
"29/11/2024 16:00:00 - 29/11/2024 17:00:00","BZN|IE(SEM)","Without sequence","126.42","",""
"29/11/2024 17:00:00 - 29/11/2024 18:00:00","BZN|IE(SEM)","Without sequence","152.7","",""
"29/11/2024 18:00:00 - 29/11/2024 19:00:00","BZN|IE(SEM)","Without sequence","162.47","",""
"29/11/2024 19:00:00 - 29/11/2024 20:00:00","BZN|IE(SEM)","Without sequence","154.53","",""
"29/11/2024 20:00:00 - 29/11/2024 21:00:00","BZN|IE(SEM)","Without sequence","138.0","",""
"29/11/2024 21:00:00 - 29/11/2024 22:00:00","BZN|IE(SEM)","Without sequence","126.37","",""
"29/11/2024 22:00:00 - 29/11/2024 23:00:00","BZN|IE(SEM)","Without sequence","119.0","",""
"29/11/2024 23:00:00 - 30/11/2024 00:00:00","BZN|IE(SEM)","Without sequence","108.41","",""
"30/11/2024 00:00:00 - 30/11/2024 01:00:00","BZN|IE(SEM)","Without sequence","107.23","",""
"30/11/2024 01:00:00 - 30/11/2024 02:00:00","BZN|IE(SEM)","Without sequence","100.93","",""
"30/11/2024 02:00:00 - 30/11/2024 03:00:00","BZN|IE(SEM)","Without sequence","96.87","",""
"30/11/2024 03:00:00 - 30/11/2024 04:00:00","BZN|IE(SEM)","Without sequence","93.9","",""
"30/11/2024 04:00:00 - 30/11/2024 05:00:00","BZN|IE(SEM)","Without sequence","96.87","",""
"30/11/2024 05:00:00 - 30/11/2024 06:00:00","BZN|IE(SEM)","Without sequence","94.6","",""
"30/11/2024 06:00:00 - 30/11/2024 07:00:00","BZN|IE(SEM)","Without sequence","96.87","",""
"30/11/2024 07:00:00 - 30/11/2024 08:00:00","BZN|IE(SEM)","Without sequence","106.48","",""
"30/11/2024 08:00:00 - 30/11/2024 09:00:00","BZN|IE(SEM)","Without sequence","115.0","",""
"30/11/2024 09:00:00 - 30/11/2024 10:00:00","BZN|IE(SEM)","Without sequence","116.45","",""
"30/11/2024 10:00:00 - 30/11/2024 11:00:00","BZN|IE(SEM)","Without sequence","116.92","",""
"30/11/2024 11:00:00 - 30/11/2024 12:00:00","BZN|IE(SEM)","Without sequence","120.0","",""
"30/11/2024 12:00:00 - 30/11/2024 13:00:00","BZN|IE(SEM)","Without sequence","115.59","",""
"30/11/2024 13:00:00 - 30/11/2024 14:00:00","BZN|IE(SEM)","Without sequence","117.6","",""
"30/11/2024 14:00:00 - 30/11/2024 15:00:00","BZN|IE(SEM)","Without sequence","112.23","",""
"30/11/2024 15:00:00 - 30/11/2024 16:00:00","BZN|IE(SEM)","Without sequence","115.0","",""
"30/11/2024 16:00:00 - 30/11/2024 17:00:00","BZN|IE(SEM)","Without sequence","122.32","",""
"30/11/2024 17:00:00 - 30/11/2024 18:00:00","BZN|IE(SEM)","Without sequence","136.45","",""
"30/11/2024 18:00:00 - 30/11/2024 19:00:00","BZN|IE(SEM)","Without sequence","141.2","",""
"30/11/2024 19:00:00 - 30/11/2024 20:00:00","BZN|IE(SEM)","Without sequence","131.09","",""
"30/11/2024 20:00:00 - 30/11/2024 21:00:00","BZN|IE(SEM)","Without sequence","116.69","",""
"30/11/2024 21:00:00 - 30/11/2024 22:00:00","BZN|IE(SEM)","Without sequence","106.69","",""
"30/11/2024 22:00:00 - 30/11/2024 23:00:00","BZN|IE(SEM)","Without sequence","96.87","",""
"30/11/2024 23:00:00 - 01/12/2024 00:00:00","BZN|IE(SEM)","Without sequence","88.0","",""
"01/12/2024 00:00:00 - 01/12/2024 01:00:00","BZN|IE(SEM)","Without sequence","98.81","",""
"01/12/2024 01:00:00 - 01/12/2024 02:00:00","BZN|IE(SEM)","Without sequence","97.7","",""
"01/12/2024 02:00:00 - 01/12/2024 03:00:00","BZN|IE(SEM)","Without sequence","93.81","",""
"01/12/2024 03:00:00 - 01/12/2024 04:00:00","BZN|IE(SEM)","Without sequence","90.7","",""
"01/12/2024 04:00:00 - 01/12/2024 05:00:00","BZN|IE(SEM)","Without sequence","87.81","",""
"01/12/2024 05:00:00 - 01/12/2024 06:00:00","BZN|IE(SEM)","Without sequence","85.24","",""
"01/12/2024 06:00:00 - 01/12/2024 07:00:00","BZN|IE(SEM)","Without sequence","89.78","",""
"01/12/2024 07:00:00 - 01/12/2024 08:00:00","BZN|IE(SEM)","Without sequence","98.81","",""
"01/12/2024 08:00:00 - 01/12/2024 09:00:00","BZN|IE(SEM)","Without sequence","107.73","",""
"01/12/2024 09:00:00 - 01/12/2024 10:00:00","BZN|IE(SEM)","Without sequence","116.4","",""
"01/12/2024 10:00:00 - 01/12/2024 11:00:00","BZN|IE(SEM)","Without sequence","128.4","",""
"01/12/2024 11:00:00 - 01/12/2024 12:00:00","BZN|IE(SEM)","Without sequence","126.11","",""
"01/12/2024 12:00:00 - 01/12/2024 13:00:00","BZN|IE(SEM)","Without sequence","130.67","",""
"01/12/2024 13:00:00 - 01/12/2024 14:00:00","BZN|IE(SEM)","Without sequence","134.0","",""
"01/12/2024 14:00:00 - 01/12/2024 15:00:00","BZN|IE(SEM)","Without sequence","140.36","",""
"01/12/2024 15:00:00 - 01/12/2024 16:00:00","BZN|IE(SEM)","Without sequence","136.84","",""
"01/12/2024 16:00:00 - 01/12/2024 17:00:00","BZN|IE(SEM)","Without sequence","137.64","",""
"01/12/2024 17:00:00 - 01/12/2024 18:00:00","BZN|IE(SEM)","Without sequence","152.91","",""
"01/12/2024 18:00:00 - 01/12/2024 19:00:00","BZN|IE(SEM)","Without sequence","175.0","",""
"01/12/2024 19:00:00 - 01/12/2024 20:00:00","BZN|IE(SEM)","Without sequence","150.83","",""
"01/12/2024 20:00:00 - 01/12/2024 21:00:00","BZN|IE(SEM)","Without sequence","133.23","",""
"01/12/2024 21:00:00 - 01/12/2024 22:00:00","BZN|IE(SEM)","Without sequence","127.3","",""
"01/12/2024 22:00:00 - 01/12/2024 23:00:00","BZN|IE(SEM)","Without sequence","116.56","",""
"01/12/2024 23:00:00 - 02/12/2024 00:00:00","BZN|IE(SEM)","Without sequence","100.7","",""
"02/12/2024 00:00:00 - 02/12/2024 01:00:00","BZN|IE(SEM)","Without sequence","77.0","",""
"02/12/2024 01:00:00 - 02/12/2024 02:00:00","BZN|IE(SEM)","Without sequence","72.37","",""
"02/12/2024 02:00:00 - 02/12/2024 03:00:00","BZN|IE(SEM)","Without sequence","64.05","",""
"02/12/2024 03:00:00 - 02/12/2024 04:00:00","BZN|IE(SEM)","Without sequence","54.08","",""
"02/12/2024 04:00:00 - 02/12/2024 05:00:00","BZN|IE(SEM)","Without sequence","49.5","",""
"02/12/2024 05:00:00 - 02/12/2024 06:00:00","BZN|IE(SEM)","Without sequence","65.16","",""
"02/12/2024 06:00:00 - 02/12/2024 07:00:00","BZN|IE(SEM)","Without sequence","94.91","",""
"02/12/2024 07:00:00 - 02/12/2024 08:00:00","BZN|IE(SEM)","Without sequence","126.75","",""
"02/12/2024 08:00:00 - 02/12/2024 09:00:00","BZN|IE(SEM)","Without sequence","169.6","",""
"02/12/2024 09:00:00 - 02/12/2024 10:00:00","BZN|IE(SEM)","Without sequence","135.16","",""
"02/12/2024 10:00:00 - 02/12/2024 11:00:00","BZN|IE(SEM)","Without sequence","135.57","",""
"02/12/2024 11:00:00 - 02/12/2024 12:00:00","BZN|IE(SEM)","Without sequence","155.0","",""
"02/12/2024 12:00:00 - 02/12/2024 13:00:00","BZN|IE(SEM)","Without sequence","164.8","",""
"02/12/2024 13:00:00 - 02/12/2024 14:00:00","BZN|IE(SEM)","Without sequence","158.94","",""
"02/12/2024 14:00:00 - 02/12/2024 15:00:00","BZN|IE(SEM)","Without sequence","180.0","",""
"02/12/2024 15:00:00 - 02/12/2024 16:00:00","BZN|IE(SEM)","Without sequence","202.58","",""
"02/12/2024 16:00:00 - 02/12/2024 17:00:00","BZN|IE(SEM)","Without sequence","215.53","",""
"02/12/2024 17:00:00 - 02/12/2024 18:00:00","BZN|IE(SEM)","Without sequence","290.89","",""
"02/12/2024 18:00:00 - 02/12/2024 19:00:00","BZN|IE(SEM)","Without sequence","354.49","",""
"02/12/2024 19:00:00 - 02/12/2024 20:00:00","BZN|IE(SEM)","Without sequence","300.91","",""
"02/12/2024 20:00:00 - 02/12/2024 21:00:00","BZN|IE(SEM)","Without sequence","260.6","",""
"02/12/2024 21:00:00 - 02/12/2024 22:00:00","BZN|IE(SEM)","Without sequence","233.23","",""
"02/12/2024 22:00:00 - 02/12/2024 23:00:00","BZN|IE(SEM)","Without sequence","183.27","",""
"02/12/2024 23:00:00 - 03/12/2024 00:00:00","BZN|IE(SEM)","Without sequence","197.23","",""
"03/12/2024 00:00:00 - 03/12/2024 01:00:00","BZN|IE(SEM)","Without sequence","155.0","",""
"03/12/2024 01:00:00 - 03/12/2024 02:00:00","BZN|IE(SEM)","Without sequence","121.88","",""
"03/12/2024 02:00:00 - 03/12/2024 03:00:00","BZN|IE(SEM)","Without sequence","120.87","",""
"03/12/2024 03:00:00 - 03/12/2024 04:00:00","BZN|IE(SEM)","Without sequence","119.38","",""
"03/12/2024 04:00:00 - 03/12/2024 05:00:00","BZN|IE(SEM)","Without sequence","115.49","",""
"03/12/2024 05:00:00 - 03/12/2024 06:00:00","BZN|IE(SEM)","Without sequence","115.47","",""
"03/12/2024 06:00:00 - 03/12/2024 07:00:00","BZN|IE(SEM)","Without sequence","121.58","",""
"03/12/2024 07:00:00 - 03/12/2024 08:00:00","BZN|IE(SEM)","Without sequence","131.92","",""
"03/12/2024 08:00:00 - 03/12/2024 09:00:00","BZN|IE(SEM)","Without sequence","160.0","",""
"03/12/2024 09:00:00 - 03/12/2024 10:00:00","BZN|IE(SEM)","Without sequence","159.55","",""
"03/12/2024 10:00:00 - 03/12/2024 11:00:00","BZN|IE(SEM)","Without sequence","157.0","",""
"03/12/2024 11:00:00 - 03/12/2024 12:00:00","BZN|IE(SEM)","Without sequence","149.35","",""
"03/12/2024 12:00:00 - 03/12/2024 13:00:00","BZN|IE(SEM)","Without sequence","144.0","",""
"03/12/2024 13:00:00 - 03/12/2024 14:00:00","BZN|IE(SEM)","Without sequence","147.17","",""
"03/12/2024 14:00:00 - 03/12/2024 15:00:00","BZN|IE(SEM)","Without sequence","148.27","",""
"03/12/2024 15:00:00 - 03/12/2024 16:00:00","BZN|IE(SEM)","Without sequence","160.09","",""
"03/12/2024 16:00:00 - 03/12/2024 17:00:00","BZN|IE(SEM)","Without sequence","179.22","",""
"03/12/2024 17:00:00 - 03/12/2024 18:00:00","BZN|IE(SEM)","Without sequence","220.0","",""
"03/12/2024 18:00:00 - 03/12/2024 19:00:00","BZN|IE(SEM)","Without sequence","240.0","",""
"03/12/2024 19:00:00 - 03/12/2024 20:00:00","BZN|IE(SEM)","Without sequence","293.5","",""
"03/12/2024 20:00:00 - 03/12/2024 21:00:00","BZN|IE(SEM)","Without sequence","260.0","",""
"03/12/2024 21:00:00 - 03/12/2024 22:00:00","BZN|IE(SEM)","Without sequence","250.77","",""
"03/12/2024 22:00:00 - 03/12/2024 23:00:00","BZN|IE(SEM)","Without sequence","198.29","",""
"03/12/2024 23:00:00 - 04/12/2024 00:00:00","BZN|IE(SEM)","Without sequence","156.88","",""
"04/12/2024 00:00:00 - 04/12/2024 01:00:00","BZN|IE(SEM)","Without sequence","164.94","",""
"04/12/2024 01:00:00 - 04/12/2024 02:00:00","BZN|IE(SEM)","Without sequence","143.76","",""
"04/12/2024 02:00:00 - 04/12/2024 03:00:00","BZN|IE(SEM)","Without sequence","132.4","",""
"04/12/2024 03:00:00 - 04/12/2024 04:00:00","BZN|IE(SEM)","Without sequence","128.4","",""
"04/12/2024 04:00:00 - 04/12/2024 05:00:00","BZN|IE(SEM)","Without sequence","124.0","",""
"04/12/2024 05:00:00 - 04/12/2024 06:00:00","BZN|IE(SEM)","Without sequence","121.9","",""
"04/12/2024 06:00:00 - 04/12/2024 07:00:00","BZN|IE(SEM)","Without sequence","128.41","",""
"04/12/2024 07:00:00 - 04/12/2024 08:00:00","BZN|IE(SEM)","Without sequence","155.0","",""
"04/12/2024 08:00:00 - 04/12/2024 09:00:00","BZN|IE(SEM)","Without sequence","206.03","",""
"04/12/2024 09:00:00 - 04/12/2024 10:00:00","BZN|IE(SEM)","Without sequence","205.0","",""
"04/12/2024 10:00:00 - 04/12/2024 11:00:00","BZN|IE(SEM)","Without sequence","194.2","",""
"04/12/2024 11:00:00 - 04/12/2024 12:00:00","BZN|IE(SEM)","Without sequence","175.0","",""
"04/12/2024 12:00:00 - 04/12/2024 13:00:00","BZN|IE(SEM)","Without sequence","165.85","",""
"04/12/2024 13:00:00 - 04/12/2024 14:00:00","BZN|IE(SEM)","Without sequence","154.14","",""
"04/12/2024 14:00:00 - 04/12/2024 15:00:00","BZN|IE(SEM)","Without sequence","138.95","",""
"04/12/2024 15:00:00 - 04/12/2024 16:00:00","BZN|IE(SEM)","Without sequence","132.02","",""
"04/12/2024 16:00:00 - 04/12/2024 17:00:00","BZN|IE(SEM)","Without sequence","131.41","",""
"04/12/2024 17:00:00 - 04/12/2024 18:00:00","BZN|IE(SEM)","Without sequence","154.0","",""
"04/12/2024 18:00:00 - 04/12/2024 19:00:00","BZN|IE(SEM)","Without sequence","163.0","",""
"04/12/2024 19:00:00 - 04/12/2024 20:00:00","BZN|IE(SEM)","Without sequence","144.3","",""
"04/12/2024 20:00:00 - 04/12/2024 21:00:00","BZN|IE(SEM)","Without sequence","128.02","",""
"04/12/2024 21:00:00 - 04/12/2024 22:00:00","BZN|IE(SEM)","Without sequence","124.02","",""
"04/12/2024 22:00:00 - 04/12/2024 23:00:00","BZN|IE(SEM)","Without sequence","117.34","",""
"04/12/2024 23:00:00 - 05/12/2024 00:00:00","BZN|IE(SEM)","Without sequence","110.69","",""
"05/12/2024 00:00:00 - 05/12/2024 01:00:00","BZN|IE(SEM)","Without sequence","109.0","",""
"05/12/2024 01:00:00 - 05/12/2024 02:00:00","BZN|IE(SEM)","Without sequence","102.28","",""
"05/12/2024 02:00:00 - 05/12/2024 03:00:00","BZN|IE(SEM)","Without sequence","99.7","",""
"05/12/2024 03:00:00 - 05/12/2024 04:00:00","BZN|IE(SEM)","Without sequence","99.7","",""
"05/12/2024 04:00:00 - 05/12/2024 05:00:00","BZN|IE(SEM)","Without sequence","100.2","",""
"05/12/2024 05:00:00 - 05/12/2024 06:00:00","BZN|IE(SEM)","Without sequence","101.87","",""
"05/12/2024 06:00:00 - 05/12/2024 07:00:00","BZN|IE(SEM)","Without sequence","116.53","",""
"05/12/2024 07:00:00 - 05/12/2024 08:00:00","BZN|IE(SEM)","Without sequence","148.49","",""
"05/12/2024 08:00:00 - 05/12/2024 09:00:00","BZN|IE(SEM)","Without sequence","179.9","",""
"05/12/2024 09:00:00 - 05/12/2024 10:00:00","BZN|IE(SEM)","Without sequence","163.7","",""
"05/12/2024 10:00:00 - 05/12/2024 11:00:00","BZN|IE(SEM)","Without sequence","155.0","",""
"05/12/2024 11:00:00 - 05/12/2024 12:00:00","BZN|IE(SEM)","Without sequence","139.91","",""
"05/12/2024 12:00:00 - 05/12/2024 13:00:00","BZN|IE(SEM)","Without sequence","132.27","",""
"05/12/2024 13:00:00 - 05/12/2024 14:00:00","BZN|IE(SEM)","Without sequence","135.84","",""
"05/12/2024 14:00:00 - 05/12/2024 15:00:00","BZN|IE(SEM)","Without sequence","131.73","",""
"05/12/2024 15:00:00 - 05/12/2024 16:00:00","BZN|IE(SEM)","Without sequence","125.38","",""
"05/12/2024 16:00:00 - 05/12/2024 17:00:00","BZN|IE(SEM)","Without sequence","124.7","",""
"05/12/2024 17:00:00 - 05/12/2024 18:00:00","BZN|IE(SEM)","Without sequence","135.26","",""
"05/12/2024 18:00:00 - 05/12/2024 19:00:00","BZN|IE(SEM)","Without sequence","138.42","",""
"05/12/2024 19:00:00 - 05/12/2024 20:00:00","BZN|IE(SEM)","Without sequence","131.45","",""
"05/12/2024 20:00:00 - 05/12/2024 21:00:00","BZN|IE(SEM)","Without sequence","128.0","",""
"05/12/2024 21:00:00 - 05/12/2024 22:00:00","BZN|IE(SEM)","Without sequence","123.63","",""
"05/12/2024 22:00:00 - 05/12/2024 23:00:00","BZN|IE(SEM)","Without sequence","108.16","",""
"05/12/2024 23:00:00 - 06/12/2024 00:00:00","BZN|IE(SEM)","Without sequence","103.16","",""
"06/12/2024 00:00:00 - 06/12/2024 01:00:00","BZN|IE(SEM)","Without sequence","115.0","",""
"06/12/2024 01:00:00 - 06/12/2024 02:00:00","BZN|IE(SEM)","Without sequence","115.0","",""
"06/12/2024 02:00:00 - 06/12/2024 03:00:00","BZN|IE(SEM)","Without sequence","118.22","",""
"06/12/2024 03:00:00 - 06/12/2024 04:00:00","BZN|IE(SEM)","Without sequence","124.05","",""
"06/12/2024 04:00:00 - 06/12/2024 05:00:00","BZN|IE(SEM)","Without sequence","134.2","",""
"06/12/2024 05:00:00 - 06/12/2024 06:00:00","BZN|IE(SEM)","Without sequence","141.0","",""
"06/12/2024 06:00:00 - 06/12/2024 07:00:00","BZN|IE(SEM)","Without sequence","149.9","",""
"06/12/2024 07:00:00 - 06/12/2024 08:00:00","BZN|IE(SEM)","Without sequence","165.16","",""
"06/12/2024 08:00:00 - 06/12/2024 09:00:00","BZN|IE(SEM)","Without sequence","211.0","",""
"06/12/2024 09:00:00 - 06/12/2024 10:00:00","BZN|IE(SEM)","Without sequence","204.0","",""
"06/12/2024 10:00:00 - 06/12/2024 11:00:00","BZN|IE(SEM)","Without sequence","165.3","",""
"06/12/2024 11:00:00 - 06/12/2024 12:00:00","BZN|IE(SEM)","Without sequence","131.9","",""
"06/12/2024 12:00:00 - 06/12/2024 13:00:00","BZN|IE(SEM)","Without sequence","130.47","",""
"06/12/2024 13:00:00 - 06/12/2024 14:00:00","BZN|IE(SEM)","Without sequence","129.3","",""
"06/12/2024 14:00:00 - 06/12/2024 15:00:00","BZN|IE(SEM)","Without sequence","126.8","",""
"06/12/2024 15:00:00 - 06/12/2024 16:00:00","BZN|IE(SEM)","Without sequence","122.04","",""
"06/12/2024 16:00:00 - 06/12/2024 17:00:00","BZN|IE(SEM)","Without sequence","123.34","",""
"06/12/2024 17:00:00 - 06/12/2024 18:00:00","BZN|IE(SEM)","Without sequence","137.0","",""
"06/12/2024 18:00:00 - 06/12/2024 19:00:00","BZN|IE(SEM)","Without sequence","145.32","",""
"06/12/2024 19:00:00 - 06/12/2024 20:00:00","BZN|IE(SEM)","Without sequence","131.8","",""
"06/12/2024 20:00:00 - 06/12/2024 21:00:00","BZN|IE(SEM)","Without sequence","143.2","",""
"06/12/2024 21:00:00 - 06/12/2024 22:00:00","BZN|IE(SEM)","Without sequence","145.0","",""
"06/12/2024 22:00:00 - 06/12/2024 23:00:00","BZN|IE(SEM)","Without sequence","132.6","",""
"06/12/2024 23:00:00 - 07/12/2024 00:00:00","BZN|IE(SEM)","Without sequence","108.08","",""
"07/12/2024 00:00:00 - 07/12/2024 01:00:00","BZN|IE(SEM)","Without sequence","251.8","",""
"07/12/2024 01:00:00 - 07/12/2024 02:00:00","BZN|IE(SEM)","Without sequence","145.0","",""
"07/12/2024 02:00:00 - 07/12/2024 03:00:00","BZN|IE(SEM)","Without sequence","119.41","",""
"07/12/2024 03:00:00 - 07/12/2024 04:00:00","BZN|IE(SEM)","Without sequence","89.28","",""
"07/12/2024 04:00:00 - 07/12/2024 05:00:00","BZN|IE(SEM)","Without sequence","70.0","",""
"07/12/2024 05:00:00 - 07/12/2024 06:00:00","BZN|IE(SEM)","Without sequence","40.89","",""
"07/12/2024 06:00:00 - 07/12/2024 07:00:00","BZN|IE(SEM)","Without sequence","30.52","",""
"07/12/2024 07:00:00 - 07/12/2024 08:00:00","BZN|IE(SEM)","Without sequence","43.68","",""
"07/12/2024 08:00:00 - 07/12/2024 09:00:00","BZN|IE(SEM)","Without sequence","57.91","",""
"07/12/2024 09:00:00 - 07/12/2024 10:00:00","BZN|IE(SEM)","Without sequence","75.0","",""
"07/12/2024 10:00:00 - 07/12/2024 11:00:00","BZN|IE(SEM)","Without sequence","117.93","",""
"07/12/2024 11:00:00 - 07/12/2024 12:00:00","BZN|IE(SEM)","Without sequence","131.66","",""
"07/12/2024 12:00:00 - 07/12/2024 13:00:00","BZN|IE(SEM)","Without sequence","125.0","",""
"07/12/2024 13:00:00 - 07/12/2024 14:00:00","BZN|IE(SEM)","Without sequence","122.94","",""
"07/12/2024 14:00:00 - 07/12/2024 15:00:00","BZN|IE(SEM)","Without sequence","108.84","",""
"07/12/2024 15:00:00 - 07/12/2024 16:00:00","BZN|IE(SEM)","Without sequence","95.0","",""
"07/12/2024 16:00:00 - 07/12/2024 17:00:00","BZN|IE(SEM)","Without sequence","95.0","",""
"07/12/2024 17:00:00 - 07/12/2024 18:00:00","BZN|IE(SEM)","Without sequence","115.0","",""
"07/12/2024 18:00:00 - 07/12/2024 19:00:00","BZN|IE(SEM)","Without sequence","119.49","",""
"07/12/2024 19:00:00 - 07/12/2024 20:00:00","BZN|IE(SEM)","Without sequence","107.22","",""
"07/12/2024 20:00:00 - 07/12/2024 21:00:00","BZN|IE(SEM)","Without sequence","95.0","",""
"07/12/2024 21:00:00 - 07/12/2024 22:00:00","BZN|IE(SEM)","Without sequence","69.19","",""
"07/12/2024 22:00:00 - 07/12/2024 23:00:00","BZN|IE(SEM)","Without sequence","63.81","",""
"07/12/2024 23:00:00 - 08/12/2024 00:00:00","BZN|IE(SEM)","Without sequence","46.22","",""
"08/12/2024 00:00:00 - 08/12/2024 01:00:00","BZN|IE(SEM)","Without sequence","37.16","",""
"08/12/2024 01:00:00 - 08/12/2024 02:00:00","BZN|IE(SEM)","Without sequence","38.2","",""
"08/12/2024 02:00:00 - 08/12/2024 03:00:00","BZN|IE(SEM)","Without sequence","32.64","",""
"08/12/2024 03:00:00 - 08/12/2024 04:00:00","BZN|IE(SEM)","Without sequence","27.9","",""
"08/12/2024 04:00:00 - 08/12/2024 05:00:00","BZN|IE(SEM)","Without sequence","17.85","",""
"08/12/2024 05:00:00 - 08/12/2024 06:00:00","BZN|IE(SEM)","Without sequence","13.4","",""
"08/12/2024 06:00:00 - 08/12/2024 07:00:00","BZN|IE(SEM)","Without sequence","13.96","",""
"08/12/2024 07:00:00 - 08/12/2024 08:00:00","BZN|IE(SEM)","Without sequence","20.5","",""
"08/12/2024 08:00:00 - 08/12/2024 09:00:00","BZN|IE(SEM)","Without sequence","38.95","",""
"08/12/2024 09:00:00 - 08/12/2024 10:00:00","BZN|IE(SEM)","Without sequence","67.74","",""
"08/12/2024 10:00:00 - 08/12/2024 11:00:00","BZN|IE(SEM)","Without sequence","94.78","",""
"08/12/2024 11:00:00 - 08/12/2024 12:00:00","BZN|IE(SEM)","Without sequence","108.0","",""
"08/12/2024 12:00:00 - 08/12/2024 13:00:00","BZN|IE(SEM)","Without sequence","113.16","",""
"08/12/2024 13:00:00 - 08/12/2024 14:00:00","BZN|IE(SEM)","Without sequence","125.26","",""
"08/12/2024 14:00:00 - 08/12/2024 15:00:00","BZN|IE(SEM)","Without sequence","133.4","",""
"08/12/2024 15:00:00 - 08/12/2024 16:00:00","BZN|IE(SEM)","Without sequence","127.7","",""
"08/12/2024 16:00:00 - 08/12/2024 17:00:00","BZN|IE(SEM)","Without sequence","126.1","",""
"08/12/2024 17:00:00 - 08/12/2024 18:00:00","BZN|IE(SEM)","Without sequence","139.08","",""
"08/12/2024 18:00:00 - 08/12/2024 19:00:00","BZN|IE(SEM)","Without sequence","167.2","",""
"08/12/2024 19:00:00 - 08/12/2024 20:00:00","BZN|IE(SEM)","Without sequence","168.0","",""
"08/12/2024 20:00:00 - 08/12/2024 21:00:00","BZN|IE(SEM)","Without sequence","168.0","",""
"08/12/2024 21:00:00 - 08/12/2024 22:00:00","BZN|IE(SEM)","Without sequence","185.0","",""
"08/12/2024 22:00:00 - 08/12/2024 23:00:00","BZN|IE(SEM)","Without sequence","164.0","",""
"08/12/2024 23:00:00 - 09/12/2024 00:00:00","BZN|IE(SEM)","Without sequence","151.58","",""
"09/12/2024 00:00:00 - 09/12/2024 01:00:00","BZN|IE(SEM)","Without sequence","124.63","",""
"09/12/2024 01:00:00 - 09/12/2024 02:00:00","BZN|IE(SEM)","Without sequence","124.63","",""
"09/12/2024 02:00:00 - 09/12/2024 03:00:00","BZN|IE(SEM)","Without sequence","124.63","",""
"09/12/2024 03:00:00 - 09/12/2024 04:00:00","BZN|IE(SEM)","Without sequence","125.32","",""
"09/12/2024 04:00:00 - 09/12/2024 05:00:00","BZN|IE(SEM)","Without sequence","125.53","",""
"09/12/2024 05:00:00 - 09/12/2024 06:00:00","BZN|IE(SEM)","Without sequence","125.32","",""
"09/12/2024 06:00:00 - 09/12/2024 07:00:00","BZN|IE(SEM)","Without sequence","125.0","",""
"09/12/2024 07:00:00 - 09/12/2024 08:00:00","BZN|IE(SEM)","Without sequence","140.74","",""
"09/12/2024 08:00:00 - 09/12/2024 09:00:00","BZN|IE(SEM)","Without sequence","184.55","",""
"09/12/2024 09:00:00 - 09/12/2024 10:00:00","BZN|IE(SEM)","Without sequence","233.6","",""
"09/12/2024 10:00:00 - 09/12/2024 11:00:00","BZN|IE(SEM)","Without sequence","279.0","",""
"09/12/2024 11:00:00 - 09/12/2024 12:00:00","BZN|IE(SEM)","Without sequence","279.25","",""
"09/12/2024 12:00:00 - 09/12/2024 13:00:00","BZN|IE(SEM)","Without sequence","270.0","",""
"09/12/2024 13:00:00 - 09/12/2024 14:00:00","BZN|IE(SEM)","Without sequence","279.0","",""
"09/12/2024 14:00:00 - 09/12/2024 15:00:00","BZN|IE(SEM)","Without sequence","280.0","",""
"09/12/2024 15:00:00 - 09/12/2024 16:00:00","BZN|IE(SEM)","Without sequence","279.25","",""
"09/12/2024 16:00:00 - 09/12/2024 17:00:00","BZN|IE(SEM)","Without sequence","289.0","",""
"09/12/2024 17:00:00 - 09/12/2024 18:00:00","BZN|IE(SEM)","Without sequence","300.0","",""
"09/12/2024 18:00:00 - 09/12/2024 19:00:00","BZN|IE(SEM)","Without sequence","304.6","",""
"09/12/2024 19:00:00 - 09/12/2024 20:00:00","BZN|IE(SEM)","Without sequence","276.62","",""
"09/12/2024 20:00:00 - 09/12/2024 21:00:00","BZN|IE(SEM)","Without sequence","245.0","",""
"09/12/2024 21:00:00 - 09/12/2024 22:00:00","BZN|IE(SEM)","Without sequence","278.0","",""
"09/12/2024 22:00:00 - 09/12/2024 23:00:00","BZN|IE(SEM)","Without sequence","198.8","",""
"09/12/2024 23:00:00 - 10/12/2024 00:00:00","BZN|IE(SEM)","Without sequence","178.23","",""
"10/12/2024 00:00:00 - 10/12/2024 01:00:00","BZN|IE(SEM)","Without sequence","123.26","",""
"10/12/2024 01:00:00 - 10/12/2024 02:00:00","BZN|IE(SEM)","Without sequence","125.64","",""
"10/12/2024 02:00:00 - 10/12/2024 03:00:00","BZN|IE(SEM)","Without sequence","122.11","",""
"10/12/2024 03:00:00 - 10/12/2024 04:00:00","BZN|IE(SEM)","Without sequence","119.56","",""
"10/12/2024 04:00:00 - 10/12/2024 05:00:00","BZN|IE(SEM)","Without sequence","119.35","",""
"10/12/2024 05:00:00 - 10/12/2024 06:00:00","BZN|IE(SEM)","Without sequence","117.49","",""
"10/12/2024 06:00:00 - 10/12/2024 07:00:00","BZN|IE(SEM)","Without sequence","121.0","",""
"10/12/2024 07:00:00 - 10/12/2024 08:00:00","BZN|IE(SEM)","Without sequence","128.09","",""
"10/12/2024 08:00:00 - 10/12/2024 09:00:00","BZN|IE(SEM)","Without sequence","220.4","",""
"10/12/2024 09:00:00 - 10/12/2024 10:00:00","BZN|IE(SEM)","Without sequence","278.25","",""
"10/12/2024 10:00:00 - 10/12/2024 11:00:00","BZN|IE(SEM)","Without sequence","311.88","",""
"10/12/2024 11:00:00 - 10/12/2024 12:00:00","BZN|IE(SEM)","Without sequence","288.25","",""
"10/12/2024 12:00:00 - 10/12/2024 13:00:00","BZN|IE(SEM)","Without sequence","281.0","",""
"10/12/2024 13:00:00 - 10/12/2024 14:00:00","BZN|IE(SEM)","Without sequence","288.0","",""
"10/12/2024 14:00:00 - 10/12/2024 15:00:00","BZN|IE(SEM)","Without sequence","288.25","",""
"10/12/2024 15:00:00 - 10/12/2024 16:00:00","BZN|IE(SEM)","Without sequence","288.25","",""
"10/12/2024 16:00:00 - 10/12/2024 17:00:00","BZN|IE(SEM)","Without sequence","305.0","",""
"10/12/2024 17:00:00 - 10/12/2024 18:00:00","BZN|IE(SEM)","Without sequence","355.0","",""
"10/12/2024 18:00:00 - 10/12/2024 19:00:00","BZN|IE(SEM)","Without sequence","361.09","",""
"10/12/2024 19:00:00 - 10/12/2024 20:00:00","BZN|IE(SEM)","Without sequence","335.63","",""
"10/12/2024 20:00:00 - 10/12/2024 21:00:00","BZN|IE(SEM)","Without sequence","295.3","",""
"10/12/2024 21:00:00 - 10/12/2024 22:00:00","BZN|IE(SEM)","Without sequence","288.25","",""
"10/12/2024 22:00:00 - 10/12/2024 23:00:00","BZN|IE(SEM)","Without sequence","255.0","",""
"10/12/2024 23:00:00 - 11/12/2024 00:00:00","BZN|IE(SEM)","Without sequence","169.7","",""
"11/12/2024 00:00:00 - 11/12/2024 01:00:00","BZN|IE(SEM)","Without sequence","132.0","",""
"11/12/2024 01:00:00 - 11/12/2024 02:00:00","BZN|IE(SEM)","Without sequence","132.0","",""
"11/12/2024 02:00:00 - 11/12/2024 03:00:00","BZN|IE(SEM)","Without sequence","130.0","",""
"11/12/2024 03:00:00 - 11/12/2024 04:00:00","BZN|IE(SEM)","Without sequence","131.0","",""
"11/12/2024 04:00:00 - 11/12/2024 05:00:00","BZN|IE(SEM)","Without sequence","126.0","",""
"11/12/2024 05:00:00 - 11/12/2024 06:00:00","BZN|IE(SEM)","Without sequence","119.21","",""
"11/12/2024 06:00:00 - 11/12/2024 07:00:00","BZN|IE(SEM)","Without sequence","122.23","",""
"11/12/2024 07:00:00 - 11/12/2024 08:00:00","BZN|IE(SEM)","Without sequence","166.55","",""
"11/12/2024 08:00:00 - 11/12/2024 09:00:00","BZN|IE(SEM)","Without sequence","314.76","",""
"11/12/2024 09:00:00 - 11/12/2024 10:00:00","BZN|IE(SEM)","Without sequence","385.0","",""
"11/12/2024 10:00:00 - 11/12/2024 11:00:00","BZN|IE(SEM)","Without sequence","400.0","",""
"11/12/2024 11:00:00 - 11/12/2024 12:00:00","BZN|IE(SEM)","Without sequence","391.44","",""
"11/12/2024 12:00:00 - 11/12/2024 13:00:00","BZN|IE(SEM)","Without sequence","380.0","",""
"11/12/2024 13:00:00 - 11/12/2024 14:00:00","BZN|IE(SEM)","Without sequence","380.0","",""
"11/12/2024 14:00:00 - 11/12/2024 15:00:00","BZN|IE(SEM)","Without sequence","394.0","",""
"11/12/2024 15:00:00 - 11/12/2024 16:00:00","BZN|IE(SEM)","Without sequence","400.0","",""
"11/12/2024 16:00:00 - 11/12/2024 17:00:00","BZN|IE(SEM)","Without sequence","434.77","",""
"11/12/2024 17:00:00 - 11/12/2024 18:00:00","BZN|IE(SEM)","Without sequence","450.0","",""
"11/12/2024 18:00:00 - 11/12/2024 19:00:00","BZN|IE(SEM)","Without sequence","458.21","",""
"11/12/2024 19:00:00 - 11/12/2024 20:00:00","BZN|IE(SEM)","Without sequence","430.0","",""
"11/12/2024 20:00:00 - 11/12/2024 21:00:00","BZN|IE(SEM)","Without sequence","360.0","",""
"11/12/2024 21:00:00 - 11/12/2024 22:00:00","BZN|IE(SEM)","Without sequence","321.0","",""
"11/12/2024 22:00:00 - 11/12/2024 23:00:00","BZN|IE(SEM)","Without sequence","281.0","",""
"11/12/2024 23:00:00 - 12/12/2024 00:00:00","BZN|IE(SEM)","Without sequence","180.23","",""
"12/12/2024 00:00:00 - 12/12/2024 01:00:00","BZN|IE(SEM)","Without sequence","152.93","",""
"12/12/2024 01:00:00 - 12/12/2024 02:00:00","BZN|IE(SEM)","Without sequence","131.0","",""
"12/12/2024 02:00:00 - 12/12/2024 03:00:00","BZN|IE(SEM)","Without sequence","125.0","",""
"12/12/2024 03:00:00 - 12/12/2024 04:00:00","BZN|IE(SEM)","Without sequence","123.6","",""
"12/12/2024 04:00:00 - 12/12/2024 05:00:00","BZN|IE(SEM)","Without sequence","121.0","",""
"12/12/2024 05:00:00 - 12/12/2024 06:00:00","BZN|IE(SEM)","Without sequence","118.68","",""
"12/12/2024 06:00:00 - 12/12/2024 07:00:00","BZN|IE(SEM)","Without sequence","132.29","",""
"12/12/2024 07:00:00 - 12/12/2024 08:00:00","BZN|IE(SEM)","Without sequence","181.45","",""
"12/12/2024 08:00:00 - 12/12/2024 09:00:00","BZN|IE(SEM)","Without sequence","332.0","",""
"12/12/2024 09:00:00 - 12/12/2024 10:00:00","BZN|IE(SEM)","Without sequence","420.0","",""
"12/12/2024 10:00:00 - 12/12/2024 11:00:00","BZN|IE(SEM)","Without sequence","438.78","",""
"12/12/2024 11:00:00 - 12/12/2024 12:00:00","BZN|IE(SEM)","Without sequence","425.0","",""
"12/12/2024 12:00:00 - 12/12/2024 13:00:00","BZN|IE(SEM)","Without sequence","420.0","",""
"12/12/2024 13:00:00 - 12/12/2024 14:00:00","BZN|IE(SEM)","Without sequence","428.8","",""
"12/12/2024 14:00:00 - 12/12/2024 15:00:00","BZN|IE(SEM)","Without sequence","434.19","",""
"12/12/2024 15:00:00 - 12/12/2024 16:00:00","BZN|IE(SEM)","Without sequence","434.19","",""
"12/12/2024 16:00:00 - 12/12/2024 17:00:00","BZN|IE(SEM)","Without sequence","450.0","",""
"12/12/2024 17:00:00 - 12/12/2024 18:00:00","BZN|IE(SEM)","Without sequence","499.99","",""
"12/12/2024 18:00:00 - 12/12/2024 19:00:00","BZN|IE(SEM)","Without sequence","499.99","",""
"12/12/2024 19:00:00 - 12/12/2024 20:00:00","BZN|IE(SEM)","Without sequence","458.78","",""
"12/12/2024 20:00:00 - 12/12/2024 21:00:00","BZN|IE(SEM)","Without sequence","361.2","",""
"12/12/2024 21:00:00 - 12/12/2024 22:00:00","BZN|IE(SEM)","Without sequence","336.0","",""
"12/12/2024 22:00:00 - 12/12/2024 23:00:00","BZN|IE(SEM)","Without sequence","285.0","",""
"12/12/2024 23:00:00 - 13/12/2024 00:00:00","BZN|IE(SEM)","Without sequence","180.84","",""
"13/12/2024 00:00:00 - 13/12/2024 01:00:00","BZN|IE(SEM)","Without sequence","145.49","",""
"13/12/2024 01:00:00 - 13/12/2024 02:00:00","BZN|IE(SEM)","Without sequence","125.11","",""
"13/12/2024 02:00:00 - 13/12/2024 03:00:00","BZN|IE(SEM)","Without sequence","120.7","",""
"13/12/2024 03:00:00 - 13/12/2024 04:00:00","BZN|IE(SEM)","Without sequence","120.4","",""
"13/12/2024 04:00:00 - 13/12/2024 05:00:00","BZN|IE(SEM)","Without sequence","120.4","",""
"13/12/2024 05:00:00 - 13/12/2024 06:00:00","BZN|IE(SEM)","Without sequence","120.5","",""
"13/12/2024 06:00:00 - 13/12/2024 07:00:00","BZN|IE(SEM)","Without sequence","138.41","",""
"13/12/2024 07:00:00 - 13/12/2024 08:00:00","BZN|IE(SEM)","Without sequence","196.42","",""
"13/12/2024 08:00:00 - 13/12/2024 09:00:00","BZN|IE(SEM)","Without sequence","350.85","",""
"13/12/2024 09:00:00 - 13/12/2024 10:00:00","BZN|IE(SEM)","Without sequence","428.69","",""
"13/12/2024 10:00:00 - 13/12/2024 11:00:00","BZN|IE(SEM)","Without sequence","444.08","",""
"13/12/2024 11:00:00 - 13/12/2024 12:00:00","BZN|IE(SEM)","Without sequence","433.97","",""
"13/12/2024 12:00:00 - 13/12/2024 13:00:00","BZN|IE(SEM)","Without sequence","420.0","",""
"13/12/2024 13:00:00 - 13/12/2024 14:00:00","BZN|IE(SEM)","Without sequence","406.0","",""
"13/12/2024 14:00:00 - 13/12/2024 15:00:00","BZN|IE(SEM)","Without sequence","397.7","",""
"13/12/2024 15:00:00 - 13/12/2024 16:00:00","BZN|IE(SEM)","Without sequence","388.0","",""
"13/12/2024 16:00:00 - 13/12/2024 17:00:00","BZN|IE(SEM)","Without sequence","397.7","",""
"13/12/2024 17:00:00 - 13/12/2024 18:00:00","BZN|IE(SEM)","Without sequence","400.0","",""
"13/12/2024 18:00:00 - 13/12/2024 19:00:00","BZN|IE(SEM)","Without sequence","399.01","",""
"13/12/2024 19:00:00 - 13/12/2024 20:00:00","BZN|IE(SEM)","Without sequence","347.8","",""
"13/12/2024 20:00:00 - 13/12/2024 21:00:00","BZN|IE(SEM)","Without sequence","261.8","",""
"13/12/2024 21:00:00 - 13/12/2024 22:00:00","BZN|IE(SEM)","Without sequence","220.95","",""
"13/12/2024 22:00:00 - 13/12/2024 23:00:00","BZN|IE(SEM)","Without sequence","154.09","",""
"13/12/2024 23:00:00 - 14/12/2024 00:00:00","BZN|IE(SEM)","Without sequence","129.0","",""
"14/12/2024 00:00:00 - 14/12/2024 01:00:00","BZN|IE(SEM)","Without sequence","149.6","",""
"14/12/2024 01:00:00 - 14/12/2024 02:00:00","BZN|IE(SEM)","Without sequence","132.07","",""
"14/12/2024 02:00:00 - 14/12/2024 03:00:00","BZN|IE(SEM)","Without sequence","119.5","",""
"14/12/2024 03:00:00 - 14/12/2024 04:00:00","BZN|IE(SEM)","Without sequence","117.38","",""
"14/12/2024 04:00:00 - 14/12/2024 05:00:00","BZN|IE(SEM)","Without sequence","110.0","",""
"14/12/2024 05:00:00 - 14/12/2024 06:00:00","BZN|IE(SEM)","Without sequence","108.59","",""
"14/12/2024 06:00:00 - 14/12/2024 07:00:00","BZN|IE(SEM)","Without sequence","106.02","",""
"14/12/2024 07:00:00 - 14/12/2024 08:00:00","BZN|IE(SEM)","Without sequence","109.4","",""
"14/12/2024 08:00:00 - 14/12/2024 09:00:00","BZN|IE(SEM)","Without sequence","115.24","",""
"14/12/2024 09:00:00 - 14/12/2024 10:00:00","BZN|IE(SEM)","Without sequence","137.52","",""
"14/12/2024 10:00:00 - 14/12/2024 11:00:00","BZN|IE(SEM)","Without sequence","158.0","",""
"14/12/2024 11:00:00 - 14/12/2024 12:00:00","BZN|IE(SEM)","Without sequence","160.5","",""
"14/12/2024 12:00:00 - 14/12/2024 13:00:00","BZN|IE(SEM)","Without sequence","148.47","",""
"14/12/2024 13:00:00 - 14/12/2024 14:00:00","BZN|IE(SEM)","Without sequence","144.48","",""
"14/12/2024 14:00:00 - 14/12/2024 15:00:00","BZN|IE(SEM)","Without sequence","136.5","",""
"14/12/2024 15:00:00 - 14/12/2024 16:00:00","BZN|IE(SEM)","Without sequence","126.83","",""
"14/12/2024 16:00:00 - 14/12/2024 17:00:00","BZN|IE(SEM)","Without sequence","128.17","",""
"14/12/2024 17:00:00 - 14/12/2024 18:00:00","BZN|IE(SEM)","Without sequence","146.02","",""
"14/12/2024 18:00:00 - 14/12/2024 19:00:00","BZN|IE(SEM)","Without sequence","149.92","",""
"14/12/2024 19:00:00 - 14/12/2024 20:00:00","BZN|IE(SEM)","Without sequence","130.27","",""
"14/12/2024 20:00:00 - 14/12/2024 21:00:00","BZN|IE(SEM)","Without sequence","107.0","",""
"14/12/2024 21:00:00 - 14/12/2024 22:00:00","BZN|IE(SEM)","Without sequence","102.85","",""
"14/12/2024 22:00:00 - 14/12/2024 23:00:00","BZN|IE(SEM)","Without sequence","108.7","",""
"14/12/2024 23:00:00 - 15/12/2024 00:00:00","BZN|IE(SEM)","Without sequence","101.43","",""
"15/12/2024 00:00:00 - 15/12/2024 01:00:00","BZN|IE(SEM)","Without sequence","111.39","",""
"15/12/2024 01:00:00 - 15/12/2024 02:00:00","BZN|IE(SEM)","Without sequence","92.45","",""
"15/12/2024 02:00:00 - 15/12/2024 03:00:00","BZN|IE(SEM)","Without sequence","79.76","",""
"15/12/2024 03:00:00 - 15/12/2024 04:00:00","BZN|IE(SEM)","Without sequence","72.0","",""
"15/12/2024 04:00:00 - 15/12/2024 05:00:00","BZN|IE(SEM)","Without sequence","52.63","",""
"15/12/2024 05:00:00 - 15/12/2024 06:00:00","BZN|IE(SEM)","Without sequence","47.34","",""
"15/12/2024 06:00:00 - 15/12/2024 07:00:00","BZN|IE(SEM)","Without sequence","41.0","",""
"15/12/2024 07:00:00 - 15/12/2024 08:00:00","BZN|IE(SEM)","Without sequence","50.16","",""
"15/12/2024 08:00:00 - 15/12/2024 09:00:00","BZN|IE(SEM)","Without sequence","70.91","",""
"15/12/2024 09:00:00 - 15/12/2024 10:00:00","BZN|IE(SEM)","Without sequence","81.0","",""
"15/12/2024 10:00:00 - 15/12/2024 11:00:00","BZN|IE(SEM)","Without sequence","97.85","",""
"15/12/2024 11:00:00 - 15/12/2024 12:00:00","BZN|IE(SEM)","Without sequence","101.41","",""
"15/12/2024 12:00:00 - 15/12/2024 13:00:00","BZN|IE(SEM)","Without sequence","98.01","",""
"15/12/2024 13:00:00 - 15/12/2024 14:00:00","BZN|IE(SEM)","Without sequence","102.73","",""
"15/12/2024 14:00:00 - 15/12/2024 15:00:00","BZN|IE(SEM)","Without sequence","96.06","",""
"15/12/2024 15:00:00 - 15/12/2024 16:00:00","BZN|IE(SEM)","Without sequence","91.0","",""
"15/12/2024 16:00:00 - 15/12/2024 17:00:00","BZN|IE(SEM)","Without sequence","93.0","",""
"15/12/2024 17:00:00 - 15/12/2024 18:00:00","BZN|IE(SEM)","Without sequence","135.0","",""
"15/12/2024 18:00:00 - 15/12/2024 19:00:00","BZN|IE(SEM)","Without sequence","150.0","",""
"15/12/2024 19:00:00 - 15/12/2024 20:00:00","BZN|IE(SEM)","Without sequence","134.26","",""
"15/12/2024 20:00:00 - 15/12/2024 21:00:00","BZN|IE(SEM)","Without sequence","122.0","",""
"15/12/2024 21:00:00 - 15/12/2024 22:00:00","BZN|IE(SEM)","Without sequence","98.0","",""
"15/12/2024 22:00:00 - 15/12/2024 23:00:00","BZN|IE(SEM)","Without sequence","77.85","",""
"15/12/2024 23:00:00 - 16/12/2024 00:00:00","BZN|IE(SEM)","Without sequence","42.23","",""
"16/12/2024 00:00:00 - 16/12/2024 01:00:00","BZN|IE(SEM)","Without sequence","17.79","",""
"16/12/2024 01:00:00 - 16/12/2024 02:00:00","BZN|IE(SEM)","Without sequence","19.0","",""
"16/12/2024 02:00:00 - 16/12/2024 03:00:00","BZN|IE(SEM)","Without sequence","12.0","",""
"16/12/2024 03:00:00 - 16/12/2024 04:00:00","BZN|IE(SEM)","Without sequence","12.34","",""
"16/12/2024 04:00:00 - 16/12/2024 05:00:00","BZN|IE(SEM)","Without sequence","12.79","",""
"16/12/2024 05:00:00 - 16/12/2024 06:00:00","BZN|IE(SEM)","Without sequence","13.91","",""
"16/12/2024 06:00:00 - 16/12/2024 07:00:00","BZN|IE(SEM)","Without sequence","34.73","",""
"16/12/2024 07:00:00 - 16/12/2024 08:00:00","BZN|IE(SEM)","Without sequence","85.0","",""
"16/12/2024 08:00:00 - 16/12/2024 09:00:00","BZN|IE(SEM)","Without sequence","103.9","",""
"16/12/2024 09:00:00 - 16/12/2024 10:00:00","BZN|IE(SEM)","Without sequence","111.23","",""
"16/12/2024 10:00:00 - 16/12/2024 11:00:00","BZN|IE(SEM)","Without sequence","110.19","",""
"16/12/2024 11:00:00 - 16/12/2024 12:00:00","BZN|IE(SEM)","Without sequence","104.33","",""
"16/12/2024 12:00:00 - 16/12/2024 13:00:00","BZN|IE(SEM)","Without sequence","102.06","",""
"16/12/2024 13:00:00 - 16/12/2024 14:00:00","BZN|IE(SEM)","Without sequence","98.73","",""
"16/12/2024 14:00:00 - 16/12/2024 15:00:00","BZN|IE(SEM)","Without sequence","97.9","",""
"16/12/2024 15:00:00 - 16/12/2024 16:00:00","BZN|IE(SEM)","Without sequence","103.9","",""
"16/12/2024 16:00:00 - 16/12/2024 17:00:00","BZN|IE(SEM)","Without sequence","111.0","",""
"16/12/2024 17:00:00 - 16/12/2024 18:00:00","BZN|IE(SEM)","Without sequence","149.2","",""
"16/12/2024 18:00:00 - 16/12/2024 19:00:00","BZN|IE(SEM)","Without sequence","177.45","",""
"16/12/2024 19:00:00 - 16/12/2024 20:00:00","BZN|IE(SEM)","Without sequence","175.0","",""
"16/12/2024 20:00:00 - 16/12/2024 21:00:00","BZN|IE(SEM)","Without sequence","160.0","",""
"16/12/2024 21:00:00 - 16/12/2024 22:00:00","BZN|IE(SEM)","Without sequence","150.79","",""
"16/12/2024 22:00:00 - 16/12/2024 23:00:00","BZN|IE(SEM)","Without sequence","127.49","",""
"16/12/2024 23:00:00 - 17/12/2024 00:00:00","BZN|IE(SEM)","Without sequence","120.02","",""
"17/12/2024 00:00:00 - 17/12/2024 01:00:00","BZN|IE(SEM)","Without sequence","124.0","",""
"17/12/2024 01:00:00 - 17/12/2024 02:00:00","BZN|IE(SEM)","Without sequence","97.13","",""
"17/12/2024 02:00:00 - 17/12/2024 03:00:00","BZN|IE(SEM)","Without sequence","92.36","",""
"17/12/2024 03:00:00 - 17/12/2024 04:00:00","BZN|IE(SEM)","Without sequence","89.74","",""
"17/12/2024 04:00:00 - 17/12/2024 05:00:00","BZN|IE(SEM)","Without sequence","86.06","",""
"17/12/2024 05:00:00 - 17/12/2024 06:00:00","BZN|IE(SEM)","Without sequence","86.06","",""
"17/12/2024 06:00:00 - 17/12/2024 07:00:00","BZN|IE(SEM)","Without sequence","96.12","",""
"17/12/2024 07:00:00 - 17/12/2024 08:00:00","BZN|IE(SEM)","Without sequence","107.34","",""
"17/12/2024 08:00:00 - 17/12/2024 09:00:00","BZN|IE(SEM)","Without sequence","126.7","",""
"17/12/2024 09:00:00 - 17/12/2024 10:00:00","BZN|IE(SEM)","Without sequence","132.5","",""
"17/12/2024 10:00:00 - 17/12/2024 11:00:00","BZN|IE(SEM)","Without sequence","129.82","",""
"17/12/2024 11:00:00 - 17/12/2024 12:00:00","BZN|IE(SEM)","Without sequence","117.07","",""
"17/12/2024 12:00:00 - 17/12/2024 13:00:00","BZN|IE(SEM)","Without sequence","106.96","",""
"17/12/2024 13:00:00 - 17/12/2024 14:00:00","BZN|IE(SEM)","Without sequence","104.44","",""
"17/12/2024 14:00:00 - 17/12/2024 15:00:00","BZN|IE(SEM)","Without sequence","103.23","",""
"17/12/2024 15:00:00 - 17/12/2024 16:00:00","BZN|IE(SEM)","Without sequence","102.0","",""
"17/12/2024 16:00:00 - 17/12/2024 17:00:00","BZN|IE(SEM)","Without sequence","110.0","",""
"17/12/2024 17:00:00 - 17/12/2024 18:00:00","BZN|IE(SEM)","Without sequence","119.0","",""
"17/12/2024 18:00:00 - 17/12/2024 19:00:00","BZN|IE(SEM)","Without sequence","119.0","",""
"17/12/2024 19:00:00 - 17/12/2024 20:00:00","BZN|IE(SEM)","Without sequence","105.0","",""
"17/12/2024 20:00:00 - 17/12/2024 21:00:00","BZN|IE(SEM)","Without sequence","101.24","",""
"17/12/2024 21:00:00 - 17/12/2024 22:00:00","BZN|IE(SEM)","Without sequence","95.94","",""
"17/12/2024 22:00:00 - 17/12/2024 23:00:00","BZN|IE(SEM)","Without sequence","90.0","",""
"17/12/2024 23:00:00 - 18/12/2024 00:00:00","BZN|IE(SEM)","Without sequence","57.73","",""
"18/12/2024 00:00:00 - 18/12/2024 01:00:00","BZN|IE(SEM)","Without sequence","31.36","",""
"18/12/2024 01:00:00 - 18/12/2024 02:00:00","BZN|IE(SEM)","Without sequence","25.02","",""
"18/12/2024 02:00:00 - 18/12/2024 03:00:00","BZN|IE(SEM)","Without sequence","18.97","",""
"18/12/2024 03:00:00 - 18/12/2024 04:00:00","BZN|IE(SEM)","Without sequence","7.28","",""
"18/12/2024 04:00:00 - 18/12/2024 05:00:00","BZN|IE(SEM)","Without sequence","3.18","",""
"18/12/2024 05:00:00 - 18/12/2024 06:00:00","BZN|IE(SEM)","Without sequence","0.0","",""
"18/12/2024 06:00:00 - 18/12/2024 07:00:00","BZN|IE(SEM)","Without sequence","9.08","",""
"18/12/2024 07:00:00 - 18/12/2024 08:00:00","BZN|IE(SEM)","Without sequence","42.38","",""
"18/12/2024 08:00:00 - 18/12/2024 09:00:00","BZN|IE(SEM)","Without sequence","90.0","",""
"18/12/2024 09:00:00 - 18/12/2024 10:00:00","BZN|IE(SEM)","Without sequence","94.44","",""
"18/12/2024 10:00:00 - 18/12/2024 11:00:00","BZN|IE(SEM)","Without sequence","99.0","",""
"18/12/2024 11:00:00 - 18/12/2024 12:00:00","BZN|IE(SEM)","Without sequence","102.3","",""
"18/12/2024 12:00:00 - 18/12/2024 13:00:00","BZN|IE(SEM)","Without sequence","119.99","",""
"18/12/2024 13:00:00 - 18/12/2024 14:00:00","BZN|IE(SEM)","Without sequence","159.5","",""
"18/12/2024 14:00:00 - 18/12/2024 15:00:00","BZN|IE(SEM)","Without sequence","200.0","",""
"18/12/2024 15:00:00 - 18/12/2024 16:00:00","BZN|IE(SEM)","Without sequence","241.2","",""
"18/12/2024 16:00:00 - 18/12/2024 17:00:00","BZN|IE(SEM)","Without sequence","258.43","",""
"18/12/2024 17:00:00 - 18/12/2024 18:00:00","BZN|IE(SEM)","Without sequence","270.0","",""
"18/12/2024 18:00:00 - 18/12/2024 19:00:00","BZN|IE(SEM)","Without sequence","270.0","",""
"18/12/2024 19:00:00 - 18/12/2024 20:00:00","BZN|IE(SEM)","Without sequence","231.3","",""
"18/12/2024 20:00:00 - 18/12/2024 21:00:00","BZN|IE(SEM)","Without sequence","151.21","",""
"18/12/2024 21:00:00 - 18/12/2024 22:00:00","BZN|IE(SEM)","Without sequence","113.93","",""
"18/12/2024 22:00:00 - 18/12/2024 23:00:00","BZN|IE(SEM)","Without sequence","104.08","",""
"18/12/2024 23:00:00 - 19/12/2024 00:00:00","BZN|IE(SEM)","Without sequence","99.0","",""
"19/12/2024 00:00:00 - 19/12/2024 01:00:00","BZN|IE(SEM)","Without sequence","75.93","",""
"19/12/2024 01:00:00 - 19/12/2024 02:00:00","BZN|IE(SEM)","Without sequence","43.68","",""
"19/12/2024 02:00:00 - 19/12/2024 03:00:00","BZN|IE(SEM)","Without sequence","25.0","",""
"19/12/2024 03:00:00 - 19/12/2024 04:00:00","BZN|IE(SEM)","Without sequence","18.59","",""
"19/12/2024 04:00:00 - 19/12/2024 05:00:00","BZN|IE(SEM)","Without sequence","11.0","",""
"19/12/2024 05:00:00 - 19/12/2024 06:00:00","BZN|IE(SEM)","Without sequence","7.65","",""
"19/12/2024 06:00:00 - 19/12/2024 07:00:00","BZN|IE(SEM)","Without sequence","15.72","",""
"19/12/2024 07:00:00 - 19/12/2024 08:00:00","BZN|IE(SEM)","Without sequence","51.87","",""
"19/12/2024 08:00:00 - 19/12/2024 09:00:00","BZN|IE(SEM)","Without sequence","93.52","",""
"19/12/2024 09:00:00 - 19/12/2024 10:00:00","BZN|IE(SEM)","Without sequence","101.17","",""
"19/12/2024 10:00:00 - 19/12/2024 11:00:00","BZN|IE(SEM)","Without sequence","108.81","",""
"19/12/2024 11:00:00 - 19/12/2024 12:00:00","BZN|IE(SEM)","Without sequence","100.23","",""
"19/12/2024 12:00:00 - 19/12/2024 13:00:00","BZN|IE(SEM)","Without sequence","93.53","",""
"19/12/2024 13:00:00 - 19/12/2024 14:00:00","BZN|IE(SEM)","Without sequence","93.53","",""
"19/12/2024 14:00:00 - 19/12/2024 15:00:00","BZN|IE(SEM)","Without sequence","97.17","",""
"19/12/2024 15:00:00 - 19/12/2024 16:00:00","BZN|IE(SEM)","Without sequence","101.0","",""
"19/12/2024 16:00:00 - 19/12/2024 17:00:00","BZN|IE(SEM)","Without sequence","125.0","",""
"19/12/2024 17:00:00 - 19/12/2024 18:00:00","BZN|IE(SEM)","Without sequence","202.8","",""
"19/12/2024 18:00:00 - 19/12/2024 19:00:00","BZN|IE(SEM)","Without sequence","274.56","",""
"19/12/2024 19:00:00 - 19/12/2024 20:00:00","BZN|IE(SEM)","Without sequence","263.66","",""
"19/12/2024 20:00:00 - 19/12/2024 21:00:00","BZN|IE(SEM)","Without sequence","225.0","",""
"19/12/2024 21:00:00 - 19/12/2024 22:00:00","BZN|IE(SEM)","Without sequence","187.47","",""
"19/12/2024 22:00:00 - 19/12/2024 23:00:00","BZN|IE(SEM)","Without sequence","128.15","",""
"19/12/2024 23:00:00 - 20/12/2024 00:00:00","BZN|IE(SEM)","Without sequence","101.0","",""
"20/12/2024 00:00:00 - 20/12/2024 01:00:00","BZN|IE(SEM)","Without sequence","188.9","",""
"20/12/2024 01:00:00 - 20/12/2024 02:00:00","BZN|IE(SEM)","Without sequence","99.97","",""
"20/12/2024 02:00:00 - 20/12/2024 03:00:00","BZN|IE(SEM)","Without sequence","73.45","",""
"20/12/2024 03:00:00 - 20/12/2024 04:00:00","BZN|IE(SEM)","Without sequence","50.0","",""
"20/12/2024 04:00:00 - 20/12/2024 05:00:00","BZN|IE(SEM)","Without sequence","42.51","",""
"20/12/2024 05:00:00 - 20/12/2024 06:00:00","BZN|IE(SEM)","Without sequence","45.04","",""
"20/12/2024 06:00:00 - 20/12/2024 07:00:00","BZN|IE(SEM)","Without sequence","63.85","",""
"20/12/2024 07:00:00 - 20/12/2024 08:00:00","BZN|IE(SEM)","Without sequence","98.11","",""
"20/12/2024 08:00:00 - 20/12/2024 09:00:00","BZN|IE(SEM)","Without sequence","117.83","",""
"20/12/2024 09:00:00 - 20/12/2024 10:00:00","BZN|IE(SEM)","Without sequence","126.0","",""
"20/12/2024 10:00:00 - 20/12/2024 11:00:00","BZN|IE(SEM)","Without sequence","126.61","",""
"20/12/2024 11:00:00 - 20/12/2024 12:00:00","BZN|IE(SEM)","Without sequence","126.33","",""
"20/12/2024 12:00:00 - 20/12/2024 13:00:00","BZN|IE(SEM)","Without sequence","109.32","",""
"20/12/2024 13:00:00 - 20/12/2024 14:00:00","BZN|IE(SEM)","Without sequence","107.99","",""
"20/12/2024 14:00:00 - 20/12/2024 15:00:00","BZN|IE(SEM)","Without sequence","107.0","",""
"20/12/2024 15:00:00 - 20/12/2024 16:00:00","BZN|IE(SEM)","Without sequence","116.0","",""
"20/12/2024 16:00:00 - 20/12/2024 17:00:00","BZN|IE(SEM)","Without sequence","134.5","",""
"20/12/2024 17:00:00 - 20/12/2024 18:00:00","BZN|IE(SEM)","Without sequence","165.0","",""
"20/12/2024 18:00:00 - 20/12/2024 19:00:00","BZN|IE(SEM)","Without sequence","175.01","",""
"20/12/2024 19:00:00 - 20/12/2024 20:00:00","BZN|IE(SEM)","Without sequence","170.0","",""
"20/12/2024 20:00:00 - 20/12/2024 21:00:00","BZN|IE(SEM)","Without sequence","151.72","",""
"20/12/2024 21:00:00 - 20/12/2024 22:00:00","BZN|IE(SEM)","Without sequence","129.7","",""
"20/12/2024 22:00:00 - 20/12/2024 23:00:00","BZN|IE(SEM)","Without sequence","115.0","",""
"20/12/2024 23:00:00 - 21/12/2024 00:00:00","BZN|IE(SEM)","Without sequence","94.73","",""
"21/12/2024 00:00:00 - 21/12/2024 01:00:00","BZN|IE(SEM)","Without sequence","61.15","",""
"21/12/2024 01:00:00 - 21/12/2024 02:00:00","BZN|IE(SEM)","Without sequence","40.01","",""
"21/12/2024 02:00:00 - 21/12/2024 03:00:00","BZN|IE(SEM)","Without sequence","30.01","",""
"21/12/2024 03:00:00 - 21/12/2024 04:00:00","BZN|IE(SEM)","Without sequence","19.97","",""
"21/12/2024 04:00:00 - 21/12/2024 05:00:00","BZN|IE(SEM)","Without sequence","14.0","",""
"21/12/2024 05:00:00 - 21/12/2024 06:00:00","BZN|IE(SEM)","Without sequence","8.09","",""
"21/12/2024 06:00:00 - 21/12/2024 07:00:00","BZN|IE(SEM)","Without sequence","3.24","",""
"21/12/2024 07:00:00 - 21/12/2024 08:00:00","BZN|IE(SEM)","Without sequence","1.0","",""
"21/12/2024 08:00:00 - 21/12/2024 09:00:00","BZN|IE(SEM)","Without sequence","20.0","",""
"21/12/2024 09:00:00 - 21/12/2024 10:00:00","BZN|IE(SEM)","Without sequence","37.7","",""
"21/12/2024 10:00:00 - 21/12/2024 11:00:00","BZN|IE(SEM)","Without sequence","43.1","",""
"21/12/2024 11:00:00 - 21/12/2024 12:00:00","BZN|IE(SEM)","Without sequence","44.54","",""
"21/12/2024 12:00:00 - 21/12/2024 13:00:00","BZN|IE(SEM)","Without sequence","43.51","",""
"21/12/2024 13:00:00 - 21/12/2024 14:00:00","BZN|IE(SEM)","Without sequence","42.0","",""
"21/12/2024 14:00:00 - 21/12/2024 15:00:00","BZN|IE(SEM)","Without sequence","38.01","",""
"21/12/2024 15:00:00 - 21/12/2024 16:00:00","BZN|IE(SEM)","Without sequence","37.8","",""
"21/12/2024 16:00:00 - 21/12/2024 17:00:00","BZN|IE(SEM)","Without sequence","43.0","",""
"21/12/2024 17:00:00 - 21/12/2024 18:00:00","BZN|IE(SEM)","Without sequence","67.7","",""
"21/12/2024 18:00:00 - 21/12/2024 19:00:00","BZN|IE(SEM)","Without sequence","84.0","",""
"21/12/2024 19:00:00 - 21/12/2024 20:00:00","BZN|IE(SEM)","Without sequence","65.58","",""
"21/12/2024 20:00:00 - 21/12/2024 21:00:00","BZN|IE(SEM)","Without sequence","45.0","",""
"21/12/2024 21:00:00 - 21/12/2024 22:00:00","BZN|IE(SEM)","Without sequence","21.91","",""
"21/12/2024 22:00:00 - 21/12/2024 23:00:00","BZN|IE(SEM)","Without sequence","15.0","",""
"21/12/2024 23:00:00 - 22/12/2024 00:00:00","BZN|IE(SEM)","Without sequence","5.0","",""
"22/12/2024 00:00:00 - 22/12/2024 01:00:00","BZN|IE(SEM)","Without sequence","1.0","",""
"22/12/2024 01:00:00 - 22/12/2024 02:00:00","BZN|IE(SEM)","Without sequence","0.0","",""
"22/12/2024 02:00:00 - 22/12/2024 03:00:00","BZN|IE(SEM)","Without sequence","0.0","",""
"22/12/2024 03:00:00 - 22/12/2024 04:00:00","BZN|IE(SEM)","Without sequence","0.0","",""
"22/12/2024 04:00:00 - 22/12/2024 05:00:00","BZN|IE(SEM)","Without sequence","0.0","",""
"22/12/2024 05:00:00 - 22/12/2024 06:00:00","BZN|IE(SEM)","Without sequence","0.0","",""
"22/12/2024 06:00:00 - 22/12/2024 07:00:00","BZN|IE(SEM)","Without sequence","0.0","",""
"22/12/2024 07:00:00 - 22/12/2024 08:00:00","BZN|IE(SEM)","Without sequence","0.0","",""
"22/12/2024 08:00:00 - 22/12/2024 09:00:00","BZN|IE(SEM)","Without sequence","1.4","",""
"22/12/2024 09:00:00 - 22/12/2024 10:00:00","BZN|IE(SEM)","Without sequence","9.4","",""
"22/12/2024 10:00:00 - 22/12/2024 11:00:00","BZN|IE(SEM)","Without sequence","14.25","",""
"22/12/2024 11:00:00 - 22/12/2024 12:00:00","BZN|IE(SEM)","Without sequence","18.0","",""
"22/12/2024 12:00:00 - 22/12/2024 13:00:00","BZN|IE(SEM)","Without sequence","19.63","",""
"22/12/2024 13:00:00 - 22/12/2024 14:00:00","BZN|IE(SEM)","Without sequence","21.21","",""
"22/12/2024 14:00:00 - 22/12/2024 15:00:00","BZN|IE(SEM)","Without sequence","23.93","",""
"22/12/2024 15:00:00 - 22/12/2024 16:00:00","BZN|IE(SEM)","Without sequence","32.03","",""
"22/12/2024 16:00:00 - 22/12/2024 17:00:00","BZN|IE(SEM)","Without sequence","51.36","",""
"22/12/2024 17:00:00 - 22/12/2024 18:00:00","BZN|IE(SEM)","Without sequence","94.44","",""
"22/12/2024 18:00:00 - 22/12/2024 19:00:00","BZN|IE(SEM)","Without sequence","112.5","",""
"22/12/2024 19:00:00 - 22/12/2024 20:00:00","BZN|IE(SEM)","Without sequence","91.68","",""
"22/12/2024 20:00:00 - 22/12/2024 21:00:00","BZN|IE(SEM)","Without sequence","67.27","",""
"22/12/2024 21:00:00 - 22/12/2024 22:00:00","BZN|IE(SEM)","Without sequence","58.32","",""
"22/12/2024 22:00:00 - 22/12/2024 23:00:00","BZN|IE(SEM)","Without sequence","48.38","",""
"22/12/2024 23:00:00 - 23/12/2024 00:00:00","BZN|IE(SEM)","Without sequence","33.0","",""
"23/12/2024 00:00:00 - 23/12/2024 01:00:00","BZN|IE(SEM)","Without sequence","85.0","",""
"23/12/2024 01:00:00 - 23/12/2024 02:00:00","BZN|IE(SEM)","Without sequence","94.72","",""
"23/12/2024 02:00:00 - 23/12/2024 03:00:00","BZN|IE(SEM)","Without sequence","116.3","",""
"23/12/2024 03:00:00 - 23/12/2024 04:00:00","BZN|IE(SEM)","Without sequence","116.3","",""
"23/12/2024 04:00:00 - 23/12/2024 05:00:00","BZN|IE(SEM)","Without sequence","116.34","",""
"23/12/2024 05:00:00 - 23/12/2024 06:00:00","BZN|IE(SEM)","Without sequence","137.5","",""
"23/12/2024 06:00:00 - 23/12/2024 07:00:00","BZN|IE(SEM)","Without sequence","107.0","",""
"23/12/2024 07:00:00 - 23/12/2024 08:00:00","BZN|IE(SEM)","Without sequence","110.0","",""
"23/12/2024 08:00:00 - 23/12/2024 09:00:00","BZN|IE(SEM)","Without sequence","139.8","",""
"23/12/2024 09:00:00 - 23/12/2024 10:00:00","BZN|IE(SEM)","Without sequence","141.0","",""
"23/12/2024 10:00:00 - 23/12/2024 11:00:00","BZN|IE(SEM)","Without sequence","145.45","",""
"23/12/2024 11:00:00 - 23/12/2024 12:00:00","BZN|IE(SEM)","Without sequence","141.0","",""
"23/12/2024 12:00:00 - 23/12/2024 13:00:00","BZN|IE(SEM)","Without sequence","141.0","",""
"23/12/2024 13:00:00 - 23/12/2024 14:00:00","BZN|IE(SEM)","Without sequence","141.28","",""
"23/12/2024 14:00:00 - 23/12/2024 15:00:00","BZN|IE(SEM)","Without sequence","128.02","",""
"23/12/2024 15:00:00 - 23/12/2024 16:00:00","BZN|IE(SEM)","Without sequence","125.0","",""
"23/12/2024 16:00:00 - 23/12/2024 17:00:00","BZN|IE(SEM)","Without sequence","128.63","",""
"23/12/2024 17:00:00 - 23/12/2024 18:00:00","BZN|IE(SEM)","Without sequence","148.46","",""
"23/12/2024 18:00:00 - 23/12/2024 19:00:00","BZN|IE(SEM)","Without sequence","154.86","",""
"23/12/2024 19:00:00 - 23/12/2024 20:00:00","BZN|IE(SEM)","Without sequence","146.37","",""
"23/12/2024 20:00:00 - 23/12/2024 21:00:00","BZN|IE(SEM)","Without sequence","135.0","",""
"23/12/2024 21:00:00 - 23/12/2024 22:00:00","BZN|IE(SEM)","Without sequence","125.0","",""
"23/12/2024 22:00:00 - 23/12/2024 23:00:00","BZN|IE(SEM)","Without sequence","123.06","",""
"23/12/2024 23:00:00 - 24/12/2024 00:00:00","BZN|IE(SEM)","Without sequence","116.5","",""
"24/12/2024 00:00:00 - 24/12/2024 01:00:00","BZN|IE(SEM)","Without sequence","101.0","",""
"24/12/2024 01:00:00 - 24/12/2024 02:00:00","BZN|IE(SEM)","Without sequence","87.82","",""
"24/12/2024 02:00:00 - 24/12/2024 03:00:00","BZN|IE(SEM)","Without sequence","81.0","",""
"24/12/2024 03:00:00 - 24/12/2024 04:00:00","BZN|IE(SEM)","Without sequence","73.54","",""
"24/12/2024 04:00:00 - 24/12/2024 05:00:00","BZN|IE(SEM)","Without sequence","68.45","",""
"24/12/2024 05:00:00 - 24/12/2024 06:00:00","BZN|IE(SEM)","Without sequence","71.04","",""
"24/12/2024 06:00:00 - 24/12/2024 07:00:00","BZN|IE(SEM)","Without sequence","72.54","",""
"24/12/2024 07:00:00 - 24/12/2024 08:00:00","BZN|IE(SEM)","Without sequence","89.36","",""
"24/12/2024 08:00:00 - 24/12/2024 09:00:00","BZN|IE(SEM)","Without sequence","104.0","",""
"24/12/2024 09:00:00 - 24/12/2024 10:00:00","BZN|IE(SEM)","Without sequence","117.14","",""
"24/12/2024 10:00:00 - 24/12/2024 11:00:00","BZN|IE(SEM)","Without sequence","123.0","",""
"24/12/2024 11:00:00 - 24/12/2024 12:00:00","BZN|IE(SEM)","Without sequence","128.55","",""
"24/12/2024 12:00:00 - 24/12/2024 13:00:00","BZN|IE(SEM)","Without sequence","128.01","",""
"24/12/2024 13:00:00 - 24/12/2024 14:00:00","BZN|IE(SEM)","Without sequence","131.95","",""
"24/12/2024 14:00:00 - 24/12/2024 15:00:00","BZN|IE(SEM)","Without sequence","128.6","",""
"24/12/2024 15:00:00 - 24/12/2024 16:00:00","BZN|IE(SEM)","Without sequence","129.0","",""
"24/12/2024 16:00:00 - 24/12/2024 17:00:00","BZN|IE(SEM)","Without sequence","135.9","",""
"24/12/2024 17:00:00 - 24/12/2024 18:00:00","BZN|IE(SEM)","Without sequence","146.09","",""
"24/12/2024 18:00:00 - 24/12/2024 19:00:00","BZN|IE(SEM)","Without sequence","153.53","",""
"24/12/2024 19:00:00 - 24/12/2024 20:00:00","BZN|IE(SEM)","Without sequence","143.02","",""
"24/12/2024 20:00:00 - 24/12/2024 21:00:00","BZN|IE(SEM)","Without sequence","135.0","",""
"24/12/2024 21:00:00 - 24/12/2024 22:00:00","BZN|IE(SEM)","Without sequence","123.0","",""
"24/12/2024 22:00:00 - 24/12/2024 23:00:00","BZN|IE(SEM)","Without sequence","108.01","",""
"24/12/2024 23:00:00 - 25/12/2024 00:00:00","BZN|IE(SEM)","Without sequence","93.91","",""
"25/12/2024 00:00:00 - 25/12/2024 01:00:00","BZN|IE(SEM)","Without sequence","97.5","",""
"25/12/2024 01:00:00 - 25/12/2024 02:00:00","BZN|IE(SEM)","Without sequence","85.82","",""
"25/12/2024 02:00:00 - 25/12/2024 03:00:00","BZN|IE(SEM)","Without sequence","77.6","",""
"25/12/2024 03:00:00 - 25/12/2024 04:00:00","BZN|IE(SEM)","Without sequence","68.0","",""
"25/12/2024 04:00:00 - 25/12/2024 05:00:00","BZN|IE(SEM)","Without sequence","61.9","",""
"25/12/2024 05:00:00 - 25/12/2024 06:00:00","BZN|IE(SEM)","Without sequence","57.58","",""
"25/12/2024 06:00:00 - 25/12/2024 07:00:00","BZN|IE(SEM)","Without sequence","59.2","",""
"25/12/2024 07:00:00 - 25/12/2024 08:00:00","BZN|IE(SEM)","Without sequence","72.09","",""
"25/12/2024 08:00:00 - 25/12/2024 09:00:00","BZN|IE(SEM)","Without sequence","85.41","",""
"25/12/2024 09:00:00 - 25/12/2024 10:00:00","BZN|IE(SEM)","Without sequence","98.67","",""
"25/12/2024 10:00:00 - 25/12/2024 11:00:00","BZN|IE(SEM)","Without sequence","108.48","",""
"25/12/2024 11:00:00 - 25/12/2024 12:00:00","BZN|IE(SEM)","Without sequence","113.0","",""
"25/12/2024 12:00:00 - 25/12/2024 13:00:00","BZN|IE(SEM)","Without sequence","119.41","",""
"25/12/2024 13:00:00 - 25/12/2024 14:00:00","BZN|IE(SEM)","Without sequence","129.81","",""
"25/12/2024 14:00:00 - 25/12/2024 15:00:00","BZN|IE(SEM)","Without sequence","139.09","",""
"25/12/2024 15:00:00 - 25/12/2024 16:00:00","BZN|IE(SEM)","Without sequence","136.01","",""
"25/12/2024 16:00:00 - 25/12/2024 17:00:00","BZN|IE(SEM)","Without sequence","134.75","",""
"25/12/2024 17:00:00 - 25/12/2024 18:00:00","BZN|IE(SEM)","Without sequence","131.54","",""
"25/12/2024 18:00:00 - 25/12/2024 19:00:00","BZN|IE(SEM)","Without sequence","138.06","",""
"25/12/2024 19:00:00 - 25/12/2024 20:00:00","BZN|IE(SEM)","Without sequence","130.4","",""
"25/12/2024 20:00:00 - 25/12/2024 21:00:00","BZN|IE(SEM)","Without sequence","130.0","",""
"25/12/2024 21:00:00 - 25/12/2024 22:00:00","BZN|IE(SEM)","Without sequence","125.5","",""
"25/12/2024 22:00:00 - 25/12/2024 23:00:00","BZN|IE(SEM)","Without sequence","123.26","",""
"25/12/2024 23:00:00 - 26/12/2024 00:00:00","BZN|IE(SEM)","Without sequence","110.36","",""
"26/12/2024 00:00:00 - 26/12/2024 01:00:00","BZN|IE(SEM)","Without sequence","119.32","",""
"26/12/2024 01:00:00 - 26/12/2024 02:00:00","BZN|IE(SEM)","Without sequence","123.22","",""
"26/12/2024 02:00:00 - 26/12/2024 03:00:00","BZN|IE(SEM)","Without sequence","122.06","",""
"26/12/2024 03:00:00 - 26/12/2024 04:00:00","BZN|IE(SEM)","Without sequence","125.0","",""
"26/12/2024 04:00:00 - 26/12/2024 05:00:00","BZN|IE(SEM)","Without sequence","124.0","",""
"26/12/2024 05:00:00 - 26/12/2024 06:00:00","BZN|IE(SEM)","Without sequence","119.64","",""
"26/12/2024 06:00:00 - 26/12/2024 07:00:00","BZN|IE(SEM)","Without sequence","125.0","",""
"26/12/2024 07:00:00 - 26/12/2024 08:00:00","BZN|IE(SEM)","Without sequence","116.9","",""
"26/12/2024 08:00:00 - 26/12/2024 09:00:00","BZN|IE(SEM)","Without sequence","112.12","",""
"26/12/2024 09:00:00 - 26/12/2024 10:00:00","BZN|IE(SEM)","Without sequence","112.91","",""
"26/12/2024 10:00:00 - 26/12/2024 11:00:00","BZN|IE(SEM)","Without sequence","113.24","",""
"26/12/2024 11:00:00 - 26/12/2024 12:00:00","BZN|IE(SEM)","Without sequence","127.14","",""
"26/12/2024 12:00:00 - 26/12/2024 13:00:00","BZN|IE(SEM)","Without sequence","130.0","",""
"26/12/2024 13:00:00 - 26/12/2024 14:00:00","BZN|IE(SEM)","Without sequence","131.09","",""
"26/12/2024 14:00:00 - 26/12/2024 15:00:00","BZN|IE(SEM)","Without sequence","135.0","",""
"26/12/2024 15:00:00 - 26/12/2024 16:00:00","BZN|IE(SEM)","Without sequence","135.0","",""
"26/12/2024 16:00:00 - 26/12/2024 17:00:00","BZN|IE(SEM)","Without sequence","141.76","",""
"26/12/2024 17:00:00 - 26/12/2024 18:00:00","BZN|IE(SEM)","Without sequence","158.74","",""
"26/12/2024 18:00:00 - 26/12/2024 19:00:00","BZN|IE(SEM)","Without sequence","165.0","",""
"26/12/2024 19:00:00 - 26/12/2024 20:00:00","BZN|IE(SEM)","Without sequence","157.48","",""
"26/12/2024 20:00:00 - 26/12/2024 21:00:00","BZN|IE(SEM)","Without sequence","146.56","",""
"26/12/2024 21:00:00 - 26/12/2024 22:00:00","BZN|IE(SEM)","Without sequence","134.02","",""
"26/12/2024 22:00:00 - 26/12/2024 23:00:00","BZN|IE(SEM)","Without sequence","132.79","",""
"26/12/2024 23:00:00 - 27/12/2024 00:00:00","BZN|IE(SEM)","Without sequence","118.14","",""
"27/12/2024 00:00:00 - 27/12/2024 01:00:00","BZN|IE(SEM)","Without sequence","125.0","",""
"27/12/2024 01:00:00 - 27/12/2024 02:00:00","BZN|IE(SEM)","Without sequence","122.0","",""
"27/12/2024 02:00:00 - 27/12/2024 03:00:00","BZN|IE(SEM)","Without sequence","121.0","",""
"27/12/2024 03:00:00 - 27/12/2024 04:00:00","BZN|IE(SEM)","Without sequence","121.8","",""
"27/12/2024 04:00:00 - 27/12/2024 05:00:00","BZN|IE(SEM)","Without sequence","121.01","",""
"27/12/2024 05:00:00 - 27/12/2024 06:00:00","BZN|IE(SEM)","Without sequence","115.95","",""
"27/12/2024 06:00:00 - 27/12/2024 07:00:00","BZN|IE(SEM)","Without sequence","120.2","",""
"27/12/2024 07:00:00 - 27/12/2024 08:00:00","BZN|IE(SEM)","Without sequence","121.38","",""
"27/12/2024 08:00:00 - 27/12/2024 09:00:00","BZN|IE(SEM)","Without sequence","128.26","",""
"27/12/2024 09:00:00 - 27/12/2024 10:00:00","BZN|IE(SEM)","Without sequence","135.0","",""
"27/12/2024 10:00:00 - 27/12/2024 11:00:00","BZN|IE(SEM)","Without sequence","134.0","",""
"27/12/2024 11:00:00 - 27/12/2024 12:00:00","BZN|IE(SEM)","Without sequence","136.0","",""
"27/12/2024 12:00:00 - 27/12/2024 13:00:00","BZN|IE(SEM)","Without sequence","134.73","",""
"27/12/2024 13:00:00 - 27/12/2024 14:00:00","BZN|IE(SEM)","Without sequence","141.0","",""
"27/12/2024 14:00:00 - 27/12/2024 15:00:00","BZN|IE(SEM)","Without sequence","142.0","",""
"27/12/2024 15:00:00 - 27/12/2024 16:00:00","BZN|IE(SEM)","Without sequence","153.86","",""
"27/12/2024 16:00:00 - 27/12/2024 17:00:00","BZN|IE(SEM)","Without sequence","169.1","",""
"27/12/2024 17:00:00 - 27/12/2024 18:00:00","BZN|IE(SEM)","Without sequence","189.23","",""
"27/12/2024 18:00:00 - 27/12/2024 19:00:00","BZN|IE(SEM)","Without sequence","218.75","",""
"27/12/2024 19:00:00 - 27/12/2024 20:00:00","BZN|IE(SEM)","Without sequence","185.57","",""
"27/12/2024 20:00:00 - 27/12/2024 21:00:00","BZN|IE(SEM)","Without sequence","159.0","",""
"27/12/2024 21:00:00 - 27/12/2024 22:00:00","BZN|IE(SEM)","Without sequence","141.0","",""
"27/12/2024 22:00:00 - 27/12/2024 23:00:00","BZN|IE(SEM)","Without sequence","139.0","",""
"27/12/2024 23:00:00 - 28/12/2024 00:00:00","BZN|IE(SEM)","Without sequence","127.05","",""
"28/12/2024 00:00:00 - 28/12/2024 01:00:00","BZN|IE(SEM)","Without sequence","144.22","",""
"28/12/2024 01:00:00 - 28/12/2024 02:00:00","BZN|IE(SEM)","Without sequence","134.82","",""
"28/12/2024 02:00:00 - 28/12/2024 03:00:00","BZN|IE(SEM)","Without sequence","129.61","",""
"28/12/2024 03:00:00 - 28/12/2024 04:00:00","BZN|IE(SEM)","Without sequence","128.9","",""
"28/12/2024 04:00:00 - 28/12/2024 05:00:00","BZN|IE(SEM)","Without sequence","128.9","",""
"28/12/2024 05:00:00 - 28/12/2024 06:00:00","BZN|IE(SEM)","Without sequence","124.0","",""
"28/12/2024 06:00:00 - 28/12/2024 07:00:00","BZN|IE(SEM)","Without sequence","117.8","",""
"28/12/2024 07:00:00 - 28/12/2024 08:00:00","BZN|IE(SEM)","Without sequence","123.86","",""
"28/12/2024 08:00:00 - 28/12/2024 09:00:00","BZN|IE(SEM)","Without sequence","136.39","",""
"28/12/2024 09:00:00 - 28/12/2024 10:00:00","BZN|IE(SEM)","Without sequence","135.0","",""
"28/12/2024 10:00:00 - 28/12/2024 11:00:00","BZN|IE(SEM)","Without sequence","141.56","",""
"28/12/2024 11:00:00 - 28/12/2024 12:00:00","BZN|IE(SEM)","Without sequence","167.0","",""
"28/12/2024 12:00:00 - 28/12/2024 13:00:00","BZN|IE(SEM)","Without sequence","178.97","",""
"28/12/2024 13:00:00 - 28/12/2024 14:00:00","BZN|IE(SEM)","Without sequence","191.09","",""
"28/12/2024 14:00:00 - 28/12/2024 15:00:00","BZN|IE(SEM)","Without sequence","201.2","",""
"28/12/2024 15:00:00 - 28/12/2024 16:00:00","BZN|IE(SEM)","Without sequence","204.31","",""
"28/12/2024 16:00:00 - 28/12/2024 17:00:00","BZN|IE(SEM)","Without sequence","225.69","",""
"28/12/2024 17:00:00 - 28/12/2024 18:00:00","BZN|IE(SEM)","Without sequence","230.0","",""
"28/12/2024 18:00:00 - 28/12/2024 19:00:00","BZN|IE(SEM)","Without sequence","262.8","",""
"28/12/2024 19:00:00 - 28/12/2024 20:00:00","BZN|IE(SEM)","Without sequence","209.0","",""
"28/12/2024 20:00:00 - 28/12/2024 21:00:00","BZN|IE(SEM)","Without sequence","175.55","",""
"28/12/2024 21:00:00 - 28/12/2024 22:00:00","BZN|IE(SEM)","Without sequence","132.5","",""
"28/12/2024 22:00:00 - 28/12/2024 23:00:00","BZN|IE(SEM)","Without sequence","135.0","",""
"28/12/2024 23:00:00 - 29/12/2024 00:00:00","BZN|IE(SEM)","Without sequence","115.43","",""
"29/12/2024 00:00:00 - 29/12/2024 01:00:00","BZN|IE(SEM)","Without sequence","160.0","",""
"29/12/2024 01:00:00 - 29/12/2024 02:00:00","BZN|IE(SEM)","Without sequence","135.0","",""
"29/12/2024 02:00:00 - 29/12/2024 03:00:00","BZN|IE(SEM)","Without sequence","121.0","",""
"29/12/2024 03:00:00 - 29/12/2024 04:00:00","BZN|IE(SEM)","Without sequence","111.23","",""
"29/12/2024 04:00:00 - 29/12/2024 05:00:00","BZN|IE(SEM)","Without sequence","99.9","",""
"29/12/2024 05:00:00 - 29/12/2024 06:00:00","BZN|IE(SEM)","Without sequence","92.08","",""
"29/12/2024 06:00:00 - 29/12/2024 07:00:00","BZN|IE(SEM)","Without sequence","86.06","",""
"29/12/2024 07:00:00 - 29/12/2024 08:00:00","BZN|IE(SEM)","Without sequence","93.02","",""
"29/12/2024 08:00:00 - 29/12/2024 09:00:00","BZN|IE(SEM)","Without sequence","93.64","",""
"29/12/2024 09:00:00 - 29/12/2024 10:00:00","BZN|IE(SEM)","Without sequence","103.41","",""
"29/12/2024 10:00:00 - 29/12/2024 11:00:00","BZN|IE(SEM)","Without sequence","105.41","",""
"29/12/2024 11:00:00 - 29/12/2024 12:00:00","BZN|IE(SEM)","Without sequence","104.04","",""
"29/12/2024 12:00:00 - 29/12/2024 13:00:00","BZN|IE(SEM)","Without sequence","103.56","",""
"29/12/2024 13:00:00 - 29/12/2024 14:00:00","BZN|IE(SEM)","Without sequence","103.0","",""
"29/12/2024 14:00:00 - 29/12/2024 15:00:00","BZN|IE(SEM)","Without sequence","106.47","",""
"29/12/2024 15:00:00 - 29/12/2024 16:00:00","BZN|IE(SEM)","Without sequence","112.22","",""
"29/12/2024 16:00:00 - 29/12/2024 17:00:00","BZN|IE(SEM)","Without sequence","118.96","",""
"29/12/2024 17:00:00 - 29/12/2024 18:00:00","BZN|IE(SEM)","Without sequence","138.27","",""
"29/12/2024 18:00:00 - 29/12/2024 19:00:00","BZN|IE(SEM)","Without sequence","150.47","",""
"29/12/2024 19:00:00 - 29/12/2024 20:00:00","BZN|IE(SEM)","Without sequence","143.23","",""
"29/12/2024 20:00:00 - 29/12/2024 21:00:00","BZN|IE(SEM)","Without sequence","125.0","",""
"29/12/2024 21:00:00 - 29/12/2024 22:00:00","BZN|IE(SEM)","Without sequence","118.3","",""
"29/12/2024 22:00:00 - 29/12/2024 23:00:00","BZN|IE(SEM)","Without sequence","106.24","",""
"29/12/2024 23:00:00 - 30/12/2024 00:00:00","BZN|IE(SEM)","Without sequence","91.0","",""
"30/12/2024 00:00:00 - 30/12/2024 01:00:00","BZN|IE(SEM)","Without sequence","78.97","",""
"30/12/2024 01:00:00 - 30/12/2024 02:00:00","BZN|IE(SEM)","Without sequence","73.96","",""
"30/12/2024 02:00:00 - 30/12/2024 03:00:00","BZN|IE(SEM)","Without sequence","63.94","",""
"30/12/2024 03:00:00 - 30/12/2024 04:00:00","BZN|IE(SEM)","Without sequence","48.4","",""
"30/12/2024 04:00:00 - 30/12/2024 05:00:00","BZN|IE(SEM)","Without sequence","43.18","",""
"30/12/2024 05:00:00 - 30/12/2024 06:00:00","BZN|IE(SEM)","Without sequence","37.7","",""
"30/12/2024 06:00:00 - 30/12/2024 07:00:00","BZN|IE(SEM)","Without sequence","41.78","",""
"30/12/2024 07:00:00 - 30/12/2024 08:00:00","BZN|IE(SEM)","Without sequence","71.58","",""
"30/12/2024 08:00:00 - 30/12/2024 09:00:00","BZN|IE(SEM)","Without sequence","96.0","",""
"30/12/2024 09:00:00 - 30/12/2024 10:00:00","BZN|IE(SEM)","Without sequence","112.8","",""
"30/12/2024 10:00:00 - 30/12/2024 11:00:00","BZN|IE(SEM)","Without sequence","117.05","",""
"30/12/2024 11:00:00 - 30/12/2024 12:00:00","BZN|IE(SEM)","Without sequence","116.7","",""
"30/12/2024 12:00:00 - 30/12/2024 13:00:00","BZN|IE(SEM)","Without sequence","114.05","",""
"30/12/2024 13:00:00 - 30/12/2024 14:00:00","BZN|IE(SEM)","Without sequence","114.05","",""
"30/12/2024 14:00:00 - 30/12/2024 15:00:00","BZN|IE(SEM)","Without sequence","118.64","",""
"30/12/2024 15:00:00 - 30/12/2024 16:00:00","BZN|IE(SEM)","Without sequence","119.0","",""
"30/12/2024 16:00:00 - 30/12/2024 17:00:00","BZN|IE(SEM)","Without sequence","132.96","",""
"30/12/2024 17:00:00 - 30/12/2024 18:00:00","BZN|IE(SEM)","Without sequence","145.0","",""
"30/12/2024 18:00:00 - 30/12/2024 19:00:00","BZN|IE(SEM)","Without sequence","156.01","",""
"30/12/2024 19:00:00 - 30/12/2024 20:00:00","BZN|IE(SEM)","Without sequence","149.66","",""
"30/12/2024 20:00:00 - 30/12/2024 21:00:00","BZN|IE(SEM)","Without sequence","131.0","",""
"30/12/2024 21:00:00 - 30/12/2024 22:00:00","BZN|IE(SEM)","Without sequence","115.0","",""
"30/12/2024 22:00:00 - 30/12/2024 23:00:00","BZN|IE(SEM)","Without sequence","106.2","",""
"30/12/2024 23:00:00 - 31/12/2024 00:00:00","BZN|IE(SEM)","Without sequence","76.27","",""
"31/12/2024 00:00:00 - 31/12/2024 01:00:00","BZN|IE(SEM)","Without sequence","55.66","",""
"31/12/2024 01:00:00 - 31/12/2024 02:00:00","BZN|IE(SEM)","Without sequence","21.0","",""
"31/12/2024 02:00:00 - 31/12/2024 03:00:00","BZN|IE(SEM)","Without sequence","15.0","",""
"31/12/2024 03:00:00 - 31/12/2024 04:00:00","BZN|IE(SEM)","Without sequence","12.07","",""
"31/12/2024 04:00:00 - 31/12/2024 05:00:00","BZN|IE(SEM)","Without sequence","5.0","",""
"31/12/2024 05:00:00 - 31/12/2024 06:00:00","BZN|IE(SEM)","Without sequence","1.0","",""
"31/12/2024 06:00:00 - 31/12/2024 07:00:00","BZN|IE(SEM)","Without sequence","0.0","",""
"31/12/2024 07:00:00 - 31/12/2024 08:00:00","BZN|IE(SEM)","Without sequence","5.0","",""
"31/12/2024 08:00:00 - 31/12/2024 09:00:00","BZN|IE(SEM)","Without sequence","20.0","",""
"31/12/2024 09:00:00 - 31/12/2024 10:00:00","BZN|IE(SEM)","Without sequence","47.7","",""
"31/12/2024 10:00:00 - 31/12/2024 11:00:00","BZN|IE(SEM)","Without sequence","69.14","",""
"31/12/2024 11:00:00 - 31/12/2024 12:00:00","BZN|IE(SEM)","Without sequence","81.16","",""
"31/12/2024 12:00:00 - 31/12/2024 13:00:00","BZN|IE(SEM)","Without sequence","81.45","",""
"31/12/2024 13:00:00 - 31/12/2024 14:00:00","BZN|IE(SEM)","Without sequence","82.87","",""
"31/12/2024 14:00:00 - 31/12/2024 15:00:00","BZN|IE(SEM)","Without sequence","84.0","",""
"31/12/2024 15:00:00 - 31/12/2024 16:00:00","BZN|IE(SEM)","Without sequence","84.0","",""
"31/12/2024 16:00:00 - 31/12/2024 17:00:00","BZN|IE(SEM)","Without sequence","88.45","",""
"31/12/2024 17:00:00 - 31/12/2024 18:00:00","BZN|IE(SEM)","Without sequence","108.42","",""
"31/12/2024 18:00:00 - 31/12/2024 19:00:00","BZN|IE(SEM)","Without sequence","120.63","",""
"31/12/2024 19:00:00 - 31/12/2024 20:00:00","BZN|IE(SEM)","Without sequence","123.0","",""
"31/12/2024 20:00:00 - 31/12/2024 21:00:00","BZN|IE(SEM)","Without sequence","100.88","",""
"31/12/2024 21:00:00 - 31/12/2024 22:00:00","BZN|IE(SEM)","Without sequence","95.0","",""
"31/12/2024 22:00:00 - 31/12/2024 23:00:00","BZN|IE(SEM)","Without sequence","85.0","",""
"31/12/2024 23:00:00 - 01/01/2025 00:00:00","BZN|IE(SEM)","Without sequence","85.0","",""
